time,agent0_obs0,agent0_obs1,agent0_obs2,agent0_obs3,agent0_obs4,agent0_obs5,agent0_obs6,agent0_obs7,agent0_obs8,agent0_obs9,agent0_obs10,agent0_obs11,agent0_obs12,agent0_obs13,agent0_obs14,agent0_obs15,agent0_obs16,agent0_obs17,agent0_obs18,agent0_obs19,agent0_obs20,agent0_obs21,agent0_obs22,agent0_obs23,agent0_obs24,agent0_obs25,agent0_obs26,agent0_obs27,agent0_obs28,agent0_obs29,agent0_obs30,agent0_obs31,agent0_obs32,agent0_obs33,agent0_obs34,agent0_obs35,agent0_obs36,agent0_obs37,agent0_obs38,agent0_obs39,agent0_obs40,agent0_obs41,agent0_obs42,agent0_obs43,agent0_obs44,agent0_obs45,agent0_obs46,agent0_obs47,agent0_obs48,agent0_obs49,agent0_obs50,agent0_obs51,agent1_obs0,agent1_obs1,agent1_obs2,agent1_obs3,agent1_obs4,agent1_obs5,agent1_obs6,agent1_obs7,agent1_obs8,agent1_obs9,agent1_obs10,agent1_obs11,agent1_obs12,agent1_obs13,agent1_obs14,agent1_obs15,agent1_obs16,agent1_obs17,agent1_obs18,agent1_obs19,agent1_obs20,agent1_obs21,agent1_obs22,agent1_obs23,agent1_obs24,agent1_obs25,agent1_obs26,agent1_obs27,agent1_obs28,agent1_obs29,agent1_obs30,agent1_obs31,agent1_obs32,agent1_obs33,agent1_obs34,agent1_obs35,agent1_obs36,agent1_obs37,agent1_obs38,agent1_obs39,agent1_obs40,agent1_obs41,agent1_obs42,agent1_obs43,agent1_obs44,agent1_obs45,agent1_obs46,agent1_obs47,agent1_obs48,agent1_obs49,agent1_obs50,agent1_obs51,red0_pos_x,red0_pos_y,red0_pos_z,red0_vel_x,red0_vel_y,red0_vel_z,red0_roll,red0_pitch,red0_yaw,red0_active,red1_pos_x,red1_pos_y,red1_pos_z,red1_vel_x,red1_vel_y,red1_vel_z,red1_roll,red1_pitch,red1_yaw,red1_active,blue0_cmd_roll,blue0_cmd_pitch,blue0_cmd_yaw,blue0_cmd_thrust,blue1_cmd_roll,blue1_cmd_pitch,blue1_cmd_yaw,blue1_cmd_thrust,red0_cmd_roll,red0_cmd_pitch,red0_cmd_yaw,red0_cmd_thrust,red1_cmd_roll,red1_cmd_pitch,red1_cmd_yaw,red1_cmd_thrust
0.000000000000000000e+00,-4.705436155200004578e-02,-4.009639918804168701e-01,1.022490024566650391e+00,0.000000000000000000e+00,0.000000000000000000e+00,0.000000000000000000e+00,1.000000000000000000e+00,0.000000000000000000e+00,0.000000000000000000e+00,0.000000000000000000e+00,1.000000000000000000e+00,0.000000000000000000e+00,0.000000000000000000e+00,0.000000000000000000e+00,1.000000000000000000e+00,0.000000000000000000e+00,0.000000000000000000e+00,0.000000000000000000e+00,1.000000000000000000e+00,0.000000000000000000e+00,-4.705436155200004578e-02,-4.009639918804168701e-01,1.022490024566650391e+00,0.000000000000000000e+00,0.000000000000000000e+00,0.000000000000000000e+00,1.000000000000000000e+00,1.512887515127658844e-02,5.731102824211120605e-01,9.088017940521240234e-01,0.000000000000000000e+00,0.000000000000000000e+00,0.000000000000000000e+00,1.000000000000000000e+00,3.281468868255615234e+00,-6.198641061782836914e-01,1.094655513763427734e+00,0.000000000000000000e+00,0.000000000000000000e+00,0.000000000000000000e+00,1.000000000000000000e+00,2.714582443237304688e+00,4.283537864685058594e-01,1.004301548004150391e+00,0.000000000000000000e+00,0.000000000000000000e+00,0.000000000000000000e+00,1.000000000000000000e+00,0.000000000000000000e+00,1.000000000000000000e+00,1.000000000000000000e+00,0.000000000000000000e+00,1.512887515127658844e-02,5.731102824211120605e-01,9.088017940521240234e-01,0.000000000000000000e+00,0.000000000000000000e+00,0.000000000000000000e+00,1.000000000000000000e+00,0.000000000000000000e+00,0.000000000000000000e+00,0.000000000000000000e+00,1.000000000000000000e+00,0.000000000000000000e+00,0.000000000000000000e+00,0.000000000000000000e+00,1.000000000000000000e+00,0.000000000000000000e+00,0.000000000000000000e+00,0.000000000000000000e+00,0.000000000000000000e+00,1.000000000000000000e+00,-4.705436155200004578e-02,-4.009639918804168701e-01,1.022490024566650391e+00,0.000000000000000000e+00,0.000000000000000000e+00,0.000000000000000000e+00,1.000000000000000000e+00,1.512887515127658844e-02,5.731102824211120605e-01,9.088017940521240234e-01,0.000000000000000000e+00,0.000000000000000000e+00,0.000000000000000000e+00,1.000000000000000000e+00,3.281468868255615234e+00,-6.198641061782836914e-01,1.094655513763427734e+00,0.000000000000000000e+00,0.000000000000000000e+00,0.000000000000000000e+00,1.000000000000000000e+00,2.714582443237304688e+00,4.283537864685058594e-01,1.004301548004150391e+00,0.000000000000000000e+00,0.000000000000000000e+00,0.000000000000000000e+00,1.000000000000000000e+00,0.000000000000000000e+00,1.000000000000000000e+00,1.000000000000000000e+00,0.000000000000000000e+00,3.281468868255615234e+00,-6.198641061782836914e-01,1.094655513763427734e+00,0.000000000000000000e+00,0.000000000000000000e+00,0.000000000000000000e+00,0.000000000000000000e+00,0.000000000000000000e+00,0.000000000000000000e+00,1.000000000000000000e+00,2.714582443237304688e+00,4.283537864685058594e-01,1.004301548004150391e+00,0.000000000000000000e+00,0.000000000000000000e+00,0.000000000000000000e+00,0.000000000000000000e+00,0.000000000000000000e+00,0.000000000000000000e+00,1.000000000000000000e+00,8.306783437728881836e-02,1.999987959861755371e-01,-1.000000014901161194e-01,5.147908926010131836e-01,-6.404752377420663834e-03,1.999999731779098511e-01,-1.000000014901161194e-01,5.167500972747802734e-01,-8.122086524963378906e-02,-2.000000029802322388e-01,1.721429824829101562e-02,3.934106826782226562e-01,6.732654571533203125e-02,-2.000000029802322388e-01,-1.438474655151367188e-02,3.988622426986694336e-01
2.000000000000000042e-02,-4.705417528748512268e-02,-4.009639918804168701e-01,1.022503614425659180e+00,7.673684012843295932e-05,-1.148502269643358886e-05,2.685902407392859459e-03,9.999948143959045410e-01,2.438007621094584465e-03,2.110773231834173203e-03,-2.437249524518847466e-03,9.999969601631164551e-01,-3.616144531406462193e-04,-2.111648675054311752e-03,3.564680810086429119e-04,9.999977350234985352e-01,7.773383706808090210e-02,3.716889321804046631e-01,-2.647301852703094482e-01,1.000000000000000000e+00,0.000000000000000000e+00,-4.705417528748512268e-02,-4.009639918804168701e-01,1.022503614425659180e+00,7.673684012843295932e-05,-1.148502269643358886e-05,2.685902407392859459e-03,1.000000000000000000e+00,1.512910611927509308e-02,5.731103420257568359e-01,9.088189005851745605e-01,9.485751070315018296e-05,2.431122084090020508e-05,3.346847835928201675e-03,1.000000000000000000e+00,3.281468629837036133e+00,-6.198639869689941406e-01,1.094647407531738281e+00,-1.143300687544979155e-04,4.536149208433926105e-05,-1.316134468652307987e-03,1.000000000000000000e+00,2.714582204818725586e+00,4.283536970615386963e-01,1.004294991493225098e+00,-1.138349398388527334e-04,-3.765451765502803028e-05,-1.033568987622857094e-03,1.000000000000000000e+00,0.000000000000000000e+00,1.000000000000000000e+00,1.000000000000000000e+00,0.000000000000000000e+00,1.512910611927509308e-02,5.731103420257568359e-01,9.088189005851745605e-01,9.485751070315018296e-05,2.431122084090020508e-05,3.346847835928201675e-03,9.999931454658508301e-01,2.689635613933205605e-03,2.581252716481685638e-03,-2.691207686439156532e-03,9.999963045120239258e-01,6.057641585357487202e-04,-2.579613588750362396e-03,-6.127065862528979778e-04,9.999966025352478027e-01,-8.859182149171829224e-02,4.494886398315429688e-01,-2.836831510066986084e-01,0.000000000000000000e+00,1.000000000000000000e+00,-4.705417528748512268e-02,-4.009639918804168701e-01,1.022503614425659180e+00,7.673684012843295932e-05,-1.148502269643358886e-05,2.685902407392859459e-03,1.000000000000000000e+00,1.512910611927509308e-02,5.731103420257568359e-01,9.088189005851745605e-01,9.485751070315018296e-05,2.431122084090020508e-05,3.346847835928201675e-03,1.000000000000000000e+00,3.281468629837036133e+00,-6.198639869689941406e-01,1.094647407531738281e+00,-1.143300687544979155e-04,4.536149208433926105e-05,-1.316134468652307987e-03,1.000000000000000000e+00,2.714582204818725586e+00,4.283536970615386963e-01,1.004294991493225098e+00,-1.138349398388527334e-04,-3.765451765502803028e-05,-1.033568987622857094e-03,1.000000000000000000e+00,0.000000000000000000e+00,1.000000000000000000e+00,1.000000000000000000e+00,0.000000000000000000e+00,3.281468629837036133e+00,-6.198639869689941406e-01,1.094647407531738281e+00,-1.143300687544979155e-04,4.536149208433926105e-05,-1.316134468652307987e-03,-1.267613445099063409e-03,-3.198159180465287577e-03,5.608962015313524426e-04,1.000000000000000000e+00,2.714582204818725586e+00,4.283536970615386963e-01,1.004294991493225098e+00,-1.138349398388527334e-04,-3.765451765502803028e-05,-1.033568987622857094e-03,1.049873002511973697e-03,-3.177795590122656222e-03,-4.701130286851246728e-04,1.000000000000000000e+00,1.514356583356857300e-01,2.000000029802322388e-01,-1.000000014901161194e-01,5.308739542961120605e-01,1.372675597667694092e-02,1.999999880790710449e-01,-1.000000014901161194e-01,5.342203378677368164e-01,-8.119845390319824219e-02,-2.000000029802322388e-01,1.720523834228515625e-02,3.937252163887023926e-01,6.731557846069335938e-02,-2.000000029802322388e-01,-1.438021659851074219e-02,3.991670906543731689e-01
4.000000000000000083e-02,-4.704380780458450317e-02,-4.009662270545959473e-01,1.022638201713562012e+00,1.572741311974823475e-03,-3.997047024313360453e-04,1.335157733410596848e-02,9.998210668563842773e-01,9.933644905686378479e-03,1.610658690333366394e-02,-9.848013520240783691e-03,9.999371170997619629e-01,-5.387139040976762772e-03,-1.615908741950988770e-02,5.227556917816400528e-03,9.998558759689331055e-01,5.455943346023559570e-01,1.102035999298095703e+00,-4.974854588508605957e-01,1.000000000000000000e+00,0.000000000000000000e+00,-4.704380780458450317e-02,-4.009662270545959473e-01,1.022638201713562012e+00,1.572741311974823475e-03,-3.997047024313360453e-04,1.335157733410596848e-02,1.000000000000000000e+00,1.514181680977344513e-02,5.731128454208374023e-01,9.089835882186889648e-01,1.920690760016441345e-03,3.298641240689903498e-04,1.606874912977218628e-02,1.000000000000000000e+00,3.281454324722290039e+00,-6.198582053184509277e-01,1.094600677490234375e+00,-2.117682714015245438e-03,8.346168906427919865e-04,-3.690691664814949036e-03,1.000000000000000000e+00,2.714567899703979492e+00,4.283489286899566650e-01,1.004260420799255371e+00,-2.115140901878476143e-03,-6.945757195353507996e-04,-2.590493997558951378e-03,1.000000000000000000e+00,0.000000000000000000e+00,1.000000000000000000e+00,1.000000000000000000e+00,0.000000000000000000e+00,1.514181680977344513e-02,5.731128454208374023e-01,9.089835882186889648e-01,1.920690760016441345e-03,3.298641240689903498e-04,1.606874912977218628e-02,9.997606873512268066e-01,1.025589462369680405e-02,1.932861097157001495e-02,-1.030348706990480423e-02,9.999442100524902344e-01,2.364299260079860687e-03,-1.930328272283077240e-02,-2.562885172665119171e-03,9.998105168342590332e-01,-5.168539658188819885e-02,1.292914032936096191e+00,-4.823029041290283203e-01,0.000000000000000000e+00,1.000000000000000000e+00,-4.704380780458450317e-02,-4.009662270545959473e-01,1.022638201713562012e+00,1.572741311974823475e-03,-3.997047024313360453e-04,1.335157733410596848e-02,1.000000000000000000e+00,1.514181680977344513e-02,5.731128454208374023e-01,9.089835882186889648e-01,1.920690760016441345e-03,3.298641240689903498e-04,1.606874912977218628e-02,1.000000000000000000e+00,3.281454324722290039e+00,-6.198582053184509277e-01,1.094600677490234375e+00,-2.117682714015245438e-03,8.346168906427919865e-04,-3.690691664814949036e-03,1.000000000000000000e+00,2.714567899703979492e+00,4.283489286899566650e-01,1.004260420799255371e+00,-2.115140901878476143e-03,-6.945757195353507996e-04,-2.590493997558951378e-03,1.000000000000000000e+00,0.000000000000000000e+00,1.000000000000000000e+00,1.000000000000000000e+00,0.000000000000000000e+00,3.281454324722290039e+00,-6.198582053184509277e-01,1.094600677490234375e+00,-2.117682714015245438e-03,8.346168906427919865e-04,-3.690691664814949036e-03,-8.872139200088570085e-03,-2.245316254174345438e-02,1.802519285327501899e-03,1.000000000000000000e+00,2.714567899703979492e+00,4.283489286899566650e-01,1.004260420799255371e+00,-2.115140901878476143e-03,-6.945757195353507996e-04,-2.590493997558951378e-03,7.352032616404347368e-03,-2.234840025807072195e-02,-1.511147297380104060e-03,1.000000000000000000e+00,1.999996304512023926e-01,2.000000029802322388e-01,-1.000000014901161194e-01,5.636347532272338867e-01,5.420283600687980652e-02,2.000000029802322388e-01,-1.000000014901161194e-01,5.755658745765686035e-01,-8.093762397766113281e-02,-2.000000029802322388e-01,1.709914207458496094e-02,3.955353200435638428e-01,6.711840629577636719e-02,-2.000000029802322388e-01,-1.429915428161621094e-02,4.009164869785308838e-01
5.999999999999999778e-02,-4.696878045797348022e-02,-4.009917974472045898e-01,1.023075342178344727e+00,7.515644188970327377e-03,-3.053241176530718803e-03,3.425297141075134277e-02,9.988402724266052246e-01,2.202546223998069763e-02,4.281271249055862427e-02,-2.104133367538452148e-02,9.995069503784179688e-01,-2.330316416919231415e-02,-4.330486804246902466e-02,2.237530238926410675e-02,9.988113045692443848e-01,1.281753659248352051e+00,1.561915993690490723e+00,-6.581777334213256836e-01,1.000000000000000000e+00,0.000000000000000000e+00,-4.696878045797348022e-02,-4.009917974472045898e-01,1.023075342178344727e+00,7.515644188970327377e-03,-3.053241176530718803e-03,3.425297141075134277e-02,1.000000000000000000e+00,1.523269433528184891e-02,5.731240510940551758e-01,9.094958901405334473e-01,9.040419012308120728e-03,7.882585050538182259e-04,3.938138112425804138e-02,1.000000000000000000e+00,3.281359434127807617e+00,-6.198208332061767578e-01,1.094497323036193848e+00,-9.099004790186882019e-03,3.574463305994868279e-03,-7.212200667709112167e-03,1.000000000000000000e+00,2.714472770690917969e+00,4.283177256584167480e-01,1.004189610481262207e+00,-9.116584435105323792e-03,-2.980232238769531250e-03,-4.875976592302322388e-03,1.000000000000000000e+00,0.000000000000000000e+00,1.000000000000000000e+00,1.000000000000000000e+00,0.000000000000000000e+00,1.523269433528184891e-02,5.731240510940551758e-01,9.094958901405334473e-01,9.040419012308120728e-03,7.882585050538182259e-04,3.938138112425804138e-02,9.985194206237792969e-01,2.125700190663337708e-02,5.007135495543479919e-02,-2.131676673889160156e-02,9.997726082801818848e-01,6.598472245968878269e-04,-5.004594102501869202e-02,-1.726229675114154816e-03,9.987454414367675781e-01,2.388472855091094971e-01,1.723200440406799316e+00,-6.124937534332275391e-01,0.000000000000000000e+00,1.000000000000000000e+00,-4.696878045797348022e-02,-4.009917974472045898e-01,1.023075342178344727e+00,7.515644188970327377e-03,-3.053241176530718803e-03,3.425297141075134277e-02,1.000000000000000000e+00,1.523269433528184891e-02,5.731240510940551758e-01,9.094958901405334473e-01,9.040419012308120728e-03,7.882585050538182259e-04,3.938138112425804138e-02,1.000000000000000000e+00,3.281359434127807617e+00,-6.198208332061767578e-01,1.094497323036193848e+00,-9.099004790186882019e-03,3.574463305994868279e-03,-7.212200667709112167e-03,1.000000000000000000e+00,2.714472770690917969e+00,4.283177256584167480e-01,1.004189610481262207e+00,-9.116584435105323792e-03,-2.980232238769531250e-03,-4.875976592302322388e-03,1.000000000000000000e+00,0.000000000000000000e+00,1.000000000000000000e+00,1.000000000000000000e+00,0.000000000000000000e+00,3.281359434127807617e+00,-6.198208332061767578e-01,1.094497323036193848e+00,-9.099004790186882019e-03,3.574463305994868279e-03,-7.212200667709112167e-03,-2.161162678384678792e-02,-5.455017914158966086e-02,3.754249851400244878e-03,1.000000000000000000e+00,2.714472770690917969e+00,4.283177256584167480e-01,1.004189610481262207e+00,-9.116584435105323792e-03,-2.980232238769531250e-03,-4.875976592302322388e-03,1.791445678408949693e-02,-5.442579605813135935e-02,-3.145854765109910335e-03,1.000000000000000000e+00,1.999992877244949341e-01,1.999998241662979126e-01,-1.000000014901161194e-01,5.615262985229492188e-01,1.046678349375724792e-01,1.999999582767486572e-01,-1.000000014901161194e-01,5.970975756645202637e-01,-8.006834983825683594e-02,-2.000000029802322388e-01,1.674437522888183594e-02,3.982295095920562744e-01,6.644845008850097656e-02,-2.000000029802322388e-01,-1.401996612548828125e-02,4.035023748874664307e-01
8.000000000000000167e-02,-4.671546071767807007e-02,-4.011154174804687500e-01,1.024018764495849609e+00,2.029775641858577728e-02,-1.132848486304283142e-02,6.431220471858978271e-02,9.966267347335815430e-01,3.760326653718948364e-02,7.294603437185287476e-02,-3.367371857166290283e-02,9.979528188705444336e-01,-5.437110364437103271e-02,-7.484123855829238892e-02,5.173133313655853271e-02,9.958527088165283203e-01,1.681475877761840820e+00,1.438133835792541504e+00,-7.181726098060607910e-01,1.000000000000000000e+00,0.000000000000000000e+00,-4.671546071767807007e-02,-4.011154174804687500e-01,1.024018764495849609e+00,2.029775641858577728e-02,-1.132848486304283142e-02,6.431220471858978271e-02,1.000000000000000000e+00,1.553501747548580170e-02,5.731373429298400879e-01,9.105750322341918945e-01,2.408565022051334381e-02,1.181106490548700094e-04,7.377110421657562256e-02,1.000000000000000000e+00,3.281068563461303711e+00,-6.197065711021423340e-01,1.094314098358154297e+00,-2.229586802423000336e-02,8.749437518417835236e-03,-1.159868016839027405e-02,1.000000000000000000e+00,2.714180946350097656e+00,4.282224774360656738e-01,1.004066467285156250e+00,-2.239566296339035034e-02,-7.304675877094268799e-03,-7.729761768132448196e-03,1.000000000000000000e+00,0.000000000000000000e+00,1.000000000000000000e+00,1.000000000000000000e+00,0.000000000000000000e+00,1.553501747548580170e-02,5.731373429298400879e-01,9.105750322341918945e-01,2.408565022051334381e-02,1.181106490548700094e-04,7.377110421657562256e-02,9.959238767623901367e-01,3.479550778865814209e-02,8.321682363748550415e-02,-3.418617695569992065e-02,9.993773698806762695e-01,-8.736402727663516998e-03,-8.346899598836898804e-02,5.855926312506198883e-03,9.964932203292846680e-01,6.618795990943908691e-01,1.507983446121215820e+00,-6.799738407135009766e-01,0.000000000000000000e+00,1.000000000000000000e+00,-4.671546071767807007e-02,-4.011154174804687500e-01,1.024018764495849609e+00,2.029775641858577728e-02,-1.132848486304283142e-02,6.431220471858978271e-02,1.000000000000000000e+00,1.553501747548580170e-02,5.731373429298400879e-01,9.105750322341918945e-01,2.408565022051334381e-02,1.181106490548700094e-04,7.377110421657562256e-02,1.000000000000000000e+00,3.281068563461303711e+00,-6.197065711021423340e-01,1.094314098358154297e+00,-2.229586802423000336e-02,8.749437518417835236e-03,-1.159868016839027405e-02,1.000000000000000000e+00,2.714180946350097656e+00,4.282224774360656738e-01,1.004066467285156250e+00,-2.239566296339035034e-02,-7.304675877094268799e-03,-7.729761768132448196e-03,1.000000000000000000e+00,0.000000000000000000e+00,1.000000000000000000e+00,1.000000000000000000e+00,0.000000000000000000e+00,3.281068563461303711e+00,-6.197065711021423340e-01,1.094314098358154297e+00,-2.229586802423000336e-02,8.749437518417835236e-03,-1.159868016839027405e-02,-3.418113060549819726e-02,-8.569580245271368746e-02,6.221667698085740425e-03,1.000000000000000000e+00,2.714180946350097656e+00,4.282224774360656738e-01,1.004066467285156250e+00,-2.239566296339035034e-02,-7.304675877094268799e-03,-7.729761768132448196e-03,2.834143540803431977e-02,-8.565296984981762840e-02,-5.213996341661586431e-03,1.000000000000000000e+00,1.999999433755874634e-01,1.999999582767486572e-01,-1.000000014901161194e-01,5.399934053421020508e-01,1.374447792768478394e-01,1.999999582767486572e-01,-1.000000014901161194e-01,5.969682931900024414e-01,-7.846426963806152344e-02,-2.000000029802322388e-01,1.608896255493164062e-02,4.005455672740936279e-01,6.529974937438964844e-02,-2.000000029802322388e-01,-1.351571083068847656e-02,4.056709706783294678e-01
1.000000000000000056e-01,-4.614398255944252014e-02,-4.014741480350494385e-01,1.025618314743041992e+00,3.973372280597686768e-02,-2.750237658619880676e-02,9.977526962757110596e-02,9.939119219779968262e-01,5.478552356362342834e-02,9.559078514575958252e-02,-4.641253128647804260e-02,9.950634241104125977e-01,-8.771875500679016113e-02,-9.992460906505584717e-02,8.274811506271362305e-02,9.915481805801391602e-01,1.457464575767517090e+00,9.038408994674682617e-01,-7.278625369071960449e-01,1.000000000000000000e+00,0.000000000000000000e+00,-4.614398255944252014e-02,-4.014741480350494385e-01,1.025618314743041992e+00,3.973372280597686768e-02,-2.750237658619880676e-02,9.977526962757110596e-02,1.000000000000000000e+00,1.621081121265888214e-02,5.731117129325866699e-01,9.124333262443542480e-01,4.689133539795875549e-02,-3.785854205489158630e-03,1.178766861557960510e-01,1.000000000000000000e+00,3.280464649200439453e+00,-6.194695234298706055e-01,1.094043374061584473e+00,-4.063137620687484741e-02,1.594573259353637695e-02,-1.579545997083187103e-02,1.000000000000000000e+00,2.713573217391967773e+00,4.280244410037994385e-01,1.003888726234436035e+00,-4.088763147592544556e-02,-1.332623884081840515e-02,-1.017422508448362350e-02,1.000000000000000000e+00,0.000000000000000000e+00,1.000000000000000000e+00,1.000000000000000000e+00,0.000000000000000000e+00,1.621081121265888214e-02,5.731117129325866699e-01,9.124333262443542480e-01,4.689133539795875549e-02,-3.785854205489158630e-03,1.178766861557960510e-01,9.929456710815429688e-01,5.013047158718109131e-02,1.074512302875518799e-01,-4.755073040723800659e-02,9.985188245773315430e-01,-2.643921598792076111e-02,-1.086174845695495605e-01,2.114332094788551331e-02,9.938586950302124023e-01,1.018958568572998047e+00,9.166907072067260742e-01,-6.909790635108947754e-01,0.000000000000000000e+00,1.000000000000000000e+00,-4.614398255944252014e-02,-4.014741480350494385e-01,1.025618314743041992e+00,3.973372280597686768e-02,-2.750237658619880676e-02,9.977526962757110596e-02,1.000000000000000000e+00,1.621081121265888214e-02,5.731117129325866699e-01,9.124333262443542480e-01,4.689133539795875549e-02,-3.785854205489158630e-03,1.178766861557960510e-01,1.000000000000000000e+00,3.280464649200439453e+00,-6.194695234298706055e-01,1.094043374061584473e+00,-4.063137620687484741e-02,1.594573259353637695e-02,-1.579545997083187103e-02,1.000000000000000000e+00,2.713573217391967773e+00,4.280244410037994385e-01,1.003888726234436035e+00,-4.088763147592544556e-02,-1.332623884081840515e-02,-1.017422508448362350e-02,1.000000000000000000e+00,0.000000000000000000e+00,1.000000000000000000e+00,1.000000000000000000e+00,0.000000000000000000e+00,3.280464649200439453e+00,-6.194695234298706055e-01,1.094043374061584473e+00,-4.063137620687484741e-02,1.594573259353637695e-02,-1.579545997083187103e-02,-4.288692614310304213e-02,-1.068977001842881247e-01,8.435069602173529690e-03,1.000000000000000000e+00,2.713573217391967773e+00,4.280244410037994385e-01,1.003888726234436035e+00,-4.088763147592544556e-02,-1.332623884081840515e-02,-1.017422508448362350e-02,3.557510758744568402e-02,-1.069542651751471674e-01,-7.075785404831707454e-03,1.000000000000000000e+00,2.000000029802322388e-01,2.000000029802322388e-01,-1.000000014901161194e-01,5.508130192756652832e-01,1.270196735858917236e-01,2.000000029802322388e-01,-1.000000014901161194e-01,5.810768604278564453e-01,-7.625865936279296875e-02,-2.000000029802322388e-01,1.519751548767089844e-02,4.022591710090637207e-01,6.404423713684082031e-02,-2.000000029802322388e-01,-1.288366317749023438e-02,4.071473479270935059e-01
1.199999999999999956e-01,-4.513945430517196655e-02,-4.022258520126342773e-01,1.027961373329162598e+00,6.364781409502029419e-02,-5.109642446041107178e-02,1.391192227602005005e-01,9.916419982910156250e-01,7.157995551824569702e-02,1.073431372642517090e-01,-5.938417837023735046e-02,9.918417930603027344e-01,-1.127984970808029175e-01,-1.145415157079696655e-01,1.054812371730804443e-01,9.878026247024536133e-01,9.344124197959899902e-01,4.308911859989166260e-01,-6.994695663452148438e-01,1.000000000000000000e+00,0.000000000000000000e+00,-4.513945430517196655e-02,-4.022258520126342773e-01,1.027961373329162598e+00,6.364781409502029419e-02,-5.109642446041107178e-02,1.391192227602005005e-01,1.000000000000000000e+00,1.739466376602649689e-02,5.729640722274780273e-01,9.152411222457885742e-01,7.487820088863372803e-02,-1.282822061330080032e-02,1.688349992036819458e-01,1.000000000000000000e+00,3.279462337493896484e+00,-6.190762519836425781e-01,1.093692421913146973e+00,-6.208404526114463806e-02,2.434718236327171326e-02,-1.964648067951202393e-02,1.000000000000000000e+00,2.712564229965209961e+00,4.276956915855407715e-01,1.003667116165161133e+00,-6.255025416612625122e-02,-2.036583051085472107e-02,-1.212176121771335602e-02,1.000000000000000000e+00,0.000000000000000000e+00,1.000000000000000000e+00,1.000000000000000000e+00,0.000000000000000000e+00,1.739466376602649689e-02,5.729640722274780273e-01,9.152411222457885742e-01,7.487820088863372803e-02,-1.282822061330080032e-02,1.688349992036819458e-01,9.906637072563171387e-01,6.605987250804901123e-02,1.192540675401687622e-01,-6.062300130724906921e-02,9.969739317893981934e-01,-4.866053164005279541e-02,-1.221076995134353638e-01,4.097668081521987915e-02,9.916706085205078125e-01,1.079558610916137695e+00,3.885771036148071289e-01,-6.576068401336669922e-01,0.000000000000000000e+00,1.000000000000000000e+00,-4.513945430517196655e-02,-4.022258520126342773e-01,1.027961373329162598e+00,6.364781409502029419e-02,-5.109642446041107178e-02,1.391192227602005005e-01,1.000000000000000000e+00,1.739466376602649689e-02,5.729640722274780273e-01,9.152411222457885742e-01,7.487820088863372803e-02,-1.282822061330080032e-02,1.688349992036819458e-01,1.000000000000000000e+00,3.279462337493896484e+00,-6.190762519836425781e-01,1.093692421913146973e+00,-6.208404526114463806e-02,2.434718236327171326e-02,-1.964648067951202393e-02,1.000000000000000000e+00,2.712564229965209961e+00,4.276956915855407715e-01,1.003667116165161133e+00,-6.255025416612625122e-02,-2.036583051085472107e-02,-1.212176121771335602e-02,1.000000000000000000e+00,0.000000000000000000e+00,1.000000000000000000e+00,1.000000000000000000e+00,0.000000000000000000e+00,3.279462337493896484e+00,-6.190762519836425781e-01,1.093692421913146973e+00,-6.208404526114463806e-02,2.434718236327171326e-02,-1.964648067951202393e-02,-4.744744638407309700e-02,-1.184969979355920966e-01,1.004348241926062563e-02,1.000000000000000000e+00,2.712564229965209961e+00,4.276956915855407715e-01,1.003667116165161133e+00,-6.255025416612625122e-02,-2.036583051085472107e-02,-1.212176121771335602e-02,3.939961153123623661e-02,-1.185816051716195307e-01,-8.438431754436953591e-03,1.000000000000000000e+00,2.000000029802322388e-01,2.000000029802322388e-01,-1.000000014901161194e-01,5.591961741447448730e-01,9.732561558485031128e-02,1.999999880790710449e-01,-1.000000014901161194e-01,5.348159670829772949e-01,-7.360577583312988281e-02,-1.932995319366455078e-01,1.416420936584472656e-02,4.038640558719635010e-01,6.319379806518554688e-02,-1.949803829193115234e-01,-1.225924491882324219e-02,4.083849191665649414e-01
1.400000000000000133e-01,-4.363290593028068542e-02,-4.035005569458007812e-01,1.031125187873840332e+00,8.990987390279769897e-02,-7.992280274629592896e-02,1.821618080139160156e-01,9.898344874382019043e-01,8.645792305469512939e-02,1.129283905029296875e-01,-7.182604074478149414e-02,9.892002940177917480e-01,-1.277651637792587280e-01,-1.227550953626632690e-01,1.183551624417304993e-01,9.853544235229492188e-01,5.341954827308654785e-01,2.923757731914520264e-01,-6.274170279502868652e-01,1.000000000000000000e+00,0.000000000000000000e+00,-4.363290593028068542e-02,-4.035005569458007812e-01,1.031125187873840332e+00,8.990987390279769897e-02,-7.992280274629592896e-02,1.821618080139160156e-01,1.000000000000000000e+00,1.916117034852504730e-02,5.725851655006408691e-01,9.190953373908996582e-01,1.048882007598876953e-01,-2.732768468558788300e-02,2.215836644172668457e-01,1.000000000000000000e+00,3.278014421463012695e+00,-6.185092329978942871e-01,1.093267560005187988e+00,-8.523811399936676025e-02,3.331979364156723022e-02,-2.305940911173820496e-02,1.000000000000000000e+00,2.711104869842529297e+00,4.272211492061614990e-01,1.003410577774047852e+00,-8.593437820672988892e-02,-2.789909578859806061e-02,-1.357055082917213440e-02,1.000000000000000000e+00,0.000000000000000000e+00,1.000000000000000000e+00,1.000000000000000000e+00,0.000000000000000000e+00,1.916117034852504730e-02,5.725851655006408691e-01,9.190953373908996582e-01,1.048882007598876953e-01,-2.732768468558788300e-02,2.215836644172668457e-01,9.890798926353454590e-01,8.074448257684707642e-02,1.232943385839462280e-01,-7.275203615427017212e-02,9.950284957885742188e-01,-6.801191717386245728e-02,-1.281729489564895630e-01,5.829929932951927185e-02,9.900369048118591309e-01,7.306251525878906250e-01,2.089634537696838379e-01,-5.773245692253112793e-01,0.000000000000000000e+00,1.000000000000000000e+00,-4.363290593028068542e-02,-4.035005569458007812e-01,1.031125187873840332e+00,8.990987390279769897e-02,-7.992280274629592896e-02,1.821618080139160156e-01,1.000000000000000000e+00,1.916117034852504730e-02,5.725851655006408691e-01,9.190953373908996582e-01,1.048882007598876953e-01,-2.732768468558788300e-02,2.215836644172668457e-01,1.000000000000000000e+00,3.278014421463012695e+00,-6.185092329978942871e-01,1.093267560005187988e+00,-8.523811399936676025e-02,3.331979364156723022e-02,-2.305940911173820496e-02,1.000000000000000000e+00,2.711104869842529297e+00,4.272211492061614990e-01,1.003410577774047852e+00,-8.593437820672988892e-02,-2.789909578859806061e-02,-1.357055082917213440e-02,1.000000000000000000e+00,0.000000000000000000e+00,1.000000000000000000e+00,1.000000000000000000e+00,0.000000000000000000e+00,3.278014421463012695e+00,-6.185092329978942871e-01,1.093267560005187988e+00,-8.523811399936676025e-02,3.331979364156723022e-02,-2.305940911173820496e-02,-4.984375665713303150e-02,-1.259219195036720418e-01,1.119562567819777643e-02,1.000000000000000000e+00,2.711104869842529297e+00,4.272211492061614990e-01,1.003410577774047852e+00,-8.593437820672988892e-02,-2.789909578859806061e-02,-1.357055082917213440e-02,4.150387515150106427e-02,-1.259936671063208724e-01,-9.430604367519607178e-03,1.000000000000000000e+00,2.000000029802322388e-01,2.000000029802322388e-01,-1.000000014901161194e-01,5.465351939201354980e-01,7.498392462730407715e-02,1.999994069337844849e-01,-1.000000014901161194e-01,4.985701143741607666e-01,-7.053279876708984375e-02,-1.857502460479736328e-01,1.304721832275390625e-02,4.057644903659820557e-01,6.311774253845214844e-02,-1.866242885589599609e-01,-1.172614097595214844e-02,4.098786711692810059e-01
1.600000000000000033e-01,-4.158737882971763611e-02,-4.053829908370971680e-01,1.035177111625671387e+00,1.176595911383628845e-01,-1.119256615638732910e-01,2.278860807418823242e-01,9.879770874977111816e-01,9.912338852882385254e-02,1.186417788267135620e-01,-8.254642784595489502e-02,9.870843887329101562e-01,-1.372971236705780029e-01,-1.307187974452972412e-01,1.258529424667358398e-01,9.833990335464477539e-01,4.066516757011413574e-01,4.031538963317871094e-01,-5.374246239662170410e-01,1.000000000000000000e+00,0.000000000000000000e+00,-4.158737882971763611e-02,-4.053829908370971680e-01,1.035177111625671387e+00,1.176595911383628845e-01,-1.119256615638732910e-01,2.278860807418823242e-01,1.000000000000000000e+00,2.153178490698337555e-02,5.718792676925659180e-01,9.239807724952697754e-01,1.352387219667434692e-01,-4.543953761458396912e-02,2.710551917552947998e-01,1.000000000000000000e+00,3.276091814041137695e+00,-6.177594065666198730e-01,1.092781305313110352e+00,-1.097308918833732605e-01,4.265452548861503601e-02,-2.569703012704849243e-02,1.000000000000000000e+00,2.709166049957275391e+00,4.265929162502288818e-01,1.003131747245788574e+00,-1.106755957007408142e-01,-3.577095642685890198e-02,-1.424127910286188126e-02,1.000000000000000000e+00,0.000000000000000000e+00,1.000000000000000000e+00,1.000000000000000000e+00,0.000000000000000000e+00,2.153178490698337555e-02,5.718792676925659180e-01,9.239807724952697754e-01,1.352387219667434692e-01,-4.543953761458396912e-02,2.710551917552947998e-01,9.875369071960449219e-01,9.235595166683197021e-02,1.274413317441940308e-01,-8.281251788139343262e-02,9.934872388839721680e-01,-7.826381921768188477e-02,-1.338394731283187866e-01,6.673467159271240234e-02,9.887534976005554199e-01,2.075035423040390015e-01,3.409562110900878906e-01,-4.600646793842315674e-01,0.000000000000000000e+00,1.000000000000000000e+00,-4.158737882971763611e-02,-4.053829908370971680e-01,1.035177111625671387e+00,1.176595911383628845e-01,-1.119256615638732910e-01,2.278860807418823242e-01,1.000000000000000000e+00,2.153178490698337555e-02,5.718792676925659180e-01,9.239807724952697754e-01,1.352387219667434692e-01,-4.543953761458396912e-02,2.710551917552947998e-01,1.000000000000000000e+00,3.276091814041137695e+00,-6.177594065666198730e-01,1.092781305313110352e+00,-1.097308918833732605e-01,4.265452548861503601e-02,-2.569703012704849243e-02,1.000000000000000000e+00,2.709166049957275391e+00,4.265929162502288818e-01,1.003131747245788574e+00,-1.106755957007408142e-01,-3.577095642685890198e-02,-1.424127910286188126e-02,1.000000000000000000e+00,0.000000000000000000e+00,1.000000000000000000e+00,1.000000000000000000e+00,0.000000000000000000e+00,3.276091814041137695e+00,-6.177594065666198730e-01,1.092781305313110352e+00,-1.097308918833732605e-01,4.265452548861503601e-02,-2.569703012704849243e-02,-5.202528436081842178e-02,-1.332521593152704575e-01,1.203331566150368445e-02,1.000000000000000000e+00,2.709166049957275391e+00,4.265929162502288818e-01,1.003131747245788574e+00,-1.106755957007408142e-01,-3.577095642685890198e-02,-1.424127910286188126e-02,4.360312352674056147e-02,-1.334298360822978591e-01,-1.018437811161147094e-02,1.000000000000000000e+00,1.999998539686203003e-01,1.999999582767486572e-01,-1.000000014901161194e-01,5.360706448554992676e-01,6.231759116053581238e-02,1.999999880790710449e-01,-1.000000014901161194e-01,4.808610379695892334e-01,-6.703519821166992188e-02,-1.778330802917480469e-01,1.187562942504882812e-02,4.079854190349578857e-01,6.397461891174316406e-02,-1.772840023040771484e-01,-1.129722595214843750e-02,4.118505418300628662e-01
1.799999999999999933e-01,-3.897216171026229858e-02,-4.079263210296630859e-01,1.040155529975891113e+00,1.471318155527114868e-01,-1.461851149797439575e-01,2.746729254722595215e-01,9.858136177062988281e-01,1.098813042044639587e-01,1.268776953220367432e-01,-9.096903353929519653e-02,9.850512146949768066e-01,-1.462841629981994629e-01,-1.410548985004425049e-01,1.326669454574584961e-01,9.810725450515747070e-01,4.355474114418029785e-01,5.106174349784851074e-01,-4.389286935329437256e-01,1.000000000000000000e+00,0.000000000000000000e+00,-3.897216171026229858e-02,-4.079263210296630859e-01,1.040155529975891113e+00,1.471318155527114868e-01,-1.461851149797439575e-01,2.746729254722595215e-01,1.000000000000000000e+00,2.451356872916221619e-02,5.707983970642089844e-01,9.298077225685119629e-01,1.662045121192932129e-01,-6.450477987527847290e-02,3.150153160095214844e-01,1.000000000000000000e+00,3.273666620254516602e+00,-6.168194413185119629e-01,1.092249631881713867e+00,-1.356513351202011108e-01,5.239303410053253174e-02,-2.751187421381473541e-02,1.000000000000000000e+00,2.706719160079956055e+00,4.258036911487579346e-01,1.002846598625183105e+00,-1.368813812732696533e-01,-4.405967518687248230e-02,-1.413560099899768829e-02,1.000000000000000000e+00,0.000000000000000000e+00,1.000000000000000000e+00,1.000000000000000000e+00,0.000000000000000000e+00,2.451356872916221619e-02,5.707983970642089844e-01,9.298077225685119629e-01,1.662045121192932129e-01,-6.450477987527847290e-02,3.150153160095214844e-01,9.856374263763427734e-01,1.005038991570472717e-01,1.357128024101257324e-01,-9.028180688619613647e-02,9.927383065223693848e-01,-7.949830591678619385e-02,-1.427171826362609863e-01,6.610409915447235107e-02,9.875536561012268066e-01,-1.443496197462081909e-01,4.966124892234802246e-01,-3.532510399818420410e-01,0.000000000000000000e+00,1.000000000000000000e+00,-3.897216171026229858e-02,-4.079263210296630859e-01,1.040155529975891113e+00,1.471318155527114868e-01,-1.461851149797439575e-01,2.746729254722595215e-01,1.000000000000000000e+00,2.451356872916221619e-02,5.707983970642089844e-01,9.298077225685119629e-01,1.662045121192932129e-01,-6.450477987527847290e-02,3.150153160095214844e-01,1.000000000000000000e+00,3.273666620254516602e+00,-6.168194413185119629e-01,1.092249631881713867e+00,-1.356513351202011108e-01,5.239303410053253174e-02,-2.751187421381473541e-02,1.000000000000000000e+00,2.706719160079956055e+00,4.258036911487579346e-01,1.002846598625183105e+00,-1.368813812732696533e-01,-4.405967518687248230e-02,-1.413560099899768829e-02,1.000000000000000000e+00,0.000000000000000000e+00,1.000000000000000000e+00,1.000000000000000000e+00,0.000000000000000000e+00,3.273666620254516602e+00,-6.168194413185119629e-01,1.092249631881713867e+00,-1.356513351202011108e-01,5.239303410053253174e-02,-2.751187421381473541e-02,-5.457199294357836100e-02,-1.410146431601015937e-01,1.259918486586814740e-02,1.000000000000000000e+00,2.706719160079956055e+00,4.258036911487579346e-01,1.002846598625183105e+00,-1.368813812732696533e-01,-4.405967518687248230e-02,-1.413560099899768829e-02,4.632519483619976230e-02,-1.413575037462373452e-01,-1.075154358925039036e-02,1.000000000000000000e+00,1.999999880790710449e-01,2.000000029802322388e-01,-1.000000014901161194e-01,5.259241461753845215e-01,5.610498785972595215e-02,1.999999880790710449e-01,-1.000000014901161194e-01,4.748704433441162109e-01,-6.320357322692871094e-02,-1.695625782012939453e-01,1.067948341369628906e-02,4.103750288486480713e-01,6.585144996643066406e-02,-1.669156551361083984e-01,-1.095604896545410156e-02,4.143053293228149414e-01
2.000000000000000111e-01,-3.574930131435394287e-02,-4.111741483211517334e-01,1.046067476272583008e+00,1.786312758922576904e-01,-1.825952380895614624e-01,3.209895193576812744e-01,9.835950732231140137e-01,1.187825649976730347e-01,1.357623636722564697e-01,-9.716598689556121826e-02,9.829577803611755371e-01,-1.560539603233337402e-01,-1.519851684570312500e-01,1.403024196624755859e-01,9.783740639686584473e-01,4.529795348644256592e-01,4.664846360683441162e-01,-3.364643156528472900e-01,1.000000000000000000e+00,0.000000000000000000e+00,-3.574930131435394287e-02,-4.111741483211517334e-01,1.046067476272583008e+00,1.786312758922576904e-01,-1.825952380895614624e-01,3.209895193576812744e-01,1.000000000000000000e+00,2.812604978680610657e-02,5.693420767784118652e-01,9.364607334136962891e-01,1.985386312007904053e-01,-8.276093006134033203e-02,3.532247543334960938e-01,1.000000000000000000e+00,3.270709991455078125e+00,-6.156806349754333496e-01,1.091688752174377441e+00,-1.629591733217239380e-01,6.257668882608413696e-02,-2.853044494986534119e-02,1.000000000000000000e+00,2.703734874725341797e+00,4.248440861701965332e-01,1.002570271492004395e+00,-1.645021587610244751e-01,-5.287707969546318054e-02,-1.328994426876306534e-02,1.000000000000000000e+00,0.000000000000000000e+00,1.000000000000000000e+00,1.000000000000000000e+00,0.000000000000000000e+00,2.812604978680610657e-02,5.693420767784118652e-01,9.364607334136962891e-01,1.985386312007904053e-01,-8.276093006134033203e-02,3.532247543334960938e-01,9.835747480392456055e-01,1.060761064291000366e-01,1.460434794425964355e-01,-9.565149247646331787e-02,9.924585819244384766e-01,-7.666043192148208618e-02,-1.530739367008209229e-01,6.143198162317276001e-02,9.863035082817077637e-01,-1.999014168977737427e-01,4.809422492980957031e-01,-2.597650587558746338e-01,0.000000000000000000e+00,1.000000000000000000e+00,-3.574930131435394287e-02,-4.111741483211517334e-01,1.046067476272583008e+00,1.786312758922576904e-01,-1.825952380895614624e-01,3.209895193576812744e-01,1.000000000000000000e+00,2.812604978680610657e-02,5.693420767784118652e-01,9.364607334136962891e-01,1.985386312007904053e-01,-8.276093006134033203e-02,3.532247543334960938e-01,1.000000000000000000e+00,3.270709991455078125e+00,-6.156806349754333496e-01,1.091688752174377441e+00,-1.629591733217239380e-01,6.257668882608413696e-02,-2.853044494986534119e-02,1.000000000000000000e+00,2.703734874725341797e+00,4.248440861701965332e-01,1.002570271492004395e+00,-1.645021587610244751e-01,-5.287707969546318054e-02,-1.328994426876306534e-02,1.000000000000000000e+00,0.000000000000000000e+00,1.000000000000000000e+00,1.000000000000000000e+00,0.000000000000000000e+00,3.270709991455078125e+00,-6.156806349754333496e-01,1.091688752174377441e+00,-1.629591733217239380e-01,6.257668882608413696e-02,-2.853044494986534119e-02,-5.692550725679739604e-02,-1.476203414588062035e-01,1.286530268289622775e-02,1.000000000000000000e+00,2.703734874725341797e+00,4.248440861701965332e-01,1.002570271492004395e+00,-1.645021587610244751e-01,-5.287707969546318054e-02,-1.328994426876306534e-02,4.937761910254910569e-02,-1.479453306286233616e-01,-1.112876812434771337e-02,1.000000000000000000e+00,2.000000029802322388e-01,2.000000029802322388e-01,-1.000000014901161194e-01,5.161124467849731445e-01,5.009308084845542908e-02,2.000000029802322388e-01,-1.000000014901161194e-01,4.705783128738403320e-01,-5.919218063354492188e-02,-1.609385013580322266e-01,9.495973587036132812e-03,4.128029346466064453e-01,6.885099411010742188e-02,-1.555306911468505859e-01,-1.068186759948730469e-02,4.171851873397827148e-01
2.200000000000000011e-01,-3.188003599643707275e-02,-4.151690900325775146e-01,1.052893161773681641e+00,2.118399143218994141e-01,-2.210575342178344727e-01,3.657038211822509766e-01,9.817477464675903320e-01,1.257379800081253052e-01,1.426932662725448608e-01,-1.015867665410041809e-01,9.809678196907043457e-01,-1.654761135578155518e-01,-1.607841402292251587e-01,1.479600369930267334e-01,9.758362174034118652e-01,4.122350513935089111e-01,3.300445675849914551e-01,-2.399974018335342407e-01,1.000000000000000000e+00,0.000000000000000000e+00,-3.188003599643707275e-02,-4.151690900325775146e-01,1.052893161773681641e+00,2.118399143218994141e-01,-2.210575342178344727e-01,3.657038211822509766e-01,1.000000000000000000e+00,3.239908441901206970e-02,5.675311684608459473e-01,9.438338279724121094e-01,2.323558479547500610e-01,-9.988157451152801514e-02,3.867520689964294434e-01,1.000000000000000000e+00,3.267196893692016602e+00,-6.143346428871154785e-01,1.091115355491638184e+00,-1.912852078676223755e-01,7.311114668846130371e-02,-2.865563891828060150e-02,1.000000000000000000e+00,2.700188636779785156e+00,4.237030446529388428e-01,1.002318263053894043e+00,-1.931176930665969849e-01,-6.225665658712387085e-02,-1.156164053827524185e-02,1.000000000000000000e+00,0.000000000000000000e+00,1.000000000000000000e+00,1.000000000000000000e+00,0.000000000000000000e+00,3.239908441901206970e-02,5.675311684608459473e-01,9.438338279724121094e-01,2.323558479547500610e-01,-9.988157451152801514e-02,3.867520689964294434e-01,9.818259477615356445e-01,1.099363714456558228e-01,1.546994298696517944e-01,-9.939777851104736328e-02,9.922695159912109375e-01,-7.430658489465713501e-02,-1.616725176572799683e-01,5.757934972643852234e-02,9.851633310317993164e-01,-1.047407165169715881e-01,3.426905572414398193e-01,-1.769738346338272095e-01,0.000000000000000000e+00,1.000000000000000000e+00,-3.188003599643707275e-02,-4.151690900325775146e-01,1.052893161773681641e+00,2.118399143218994141e-01,-2.210575342178344727e-01,3.657038211822509766e-01,1.000000000000000000e+00,3.239908441901206970e-02,5.675311684608459473e-01,9.438338279724121094e-01,2.323558479547500610e-01,-9.988157451152801514e-02,3.867520689964294434e-01,1.000000000000000000e+00,3.267196893692016602e+00,-6.143346428871154785e-01,1.091115355491638184e+00,-1.912852078676223755e-01,7.311114668846130371e-02,-2.865563891828060150e-02,1.000000000000000000e+00,2.700188636779785156e+00,4.237030446529388428e-01,1.002318263053894043e+00,-1.931176930665969849e-01,-6.225665658712387085e-02,-1.156164053827524185e-02,1.000000000000000000e+00,0.000000000000000000e+00,1.000000000000000000e+00,1.000000000000000000e+00,0.000000000000000000e+00,3.267196893692016602e+00,-6.143346428871154785e-01,1.091115355491638184e+00,-1.912852078676223755e-01,7.311114668846130371e-02,-2.865563891828060150e-02,-5.830053080442235136e-02,-1.515371208273523784e-01,1.276460357350175934e-02,1.000000000000000000e+00,2.700188636779785156e+00,4.237030446529388428e-01,1.002318263053894043e+00,-1.931176930665969849e-01,-6.225665658712387085e-02,-1.156164053827524185e-02,5.225692401066099613e-02,-1.514624228101701942e-01,-1.127119962519422189e-02,1.000000000000000000e+00,2.000000029802322388e-01,2.000000029802322388e-01,-1.000000014901161194e-01,5.126634836196899414e-01,4.580124095082283020e-02,2.000000029802322388e-01,-1.000000014901161194e-01,4.661161601543426514e-01,-5.512261390686035156e-02,-1.520597934722900391e-01,8.358001708984375000e-03,4.152486920356750488e-01,7.304501533508300781e-02,-1.432769298553466797e-01,-1.044797897338867188e-02,4.204473793506622314e-01
2.399999999999999911e-01,-2.733635716140270233e-02,-4.199493527412414551e-01,1.060594677925109863e+00,2.460630387067794800e-01,-2.612359523773193359e-01,4.083831012248992920e-01,9.804272651672363281e-01,1.308246254920959473e-01,1.471308767795562744e-01,-1.046279519796371460e-01,9.792561531066894531e-01,-1.735239028930664062e-01,-1.667799949645996094e-01,1.547335386276245117e-01,9.737772941589355469e-01,3.413133323192596436e-01,2.237089574337005615e-01,-1.607627123594284058e-01,1.000000000000000000e+00,0.000000000000000000e+00,-2.733635716140270233e-02,-4.199493527412414551e-01,1.060594677925109863e+00,2.460630387067794800e-01,-2.612359523773193359e-01,4.083831012248992920e-01,1.000000000000000000e+00,3.735788911581039429e-02,5.653854608535766602e-01,9.518415331840515137e-01,2.670927941799163818e-01,-1.162384599447250366e-01,4.163798987865447998e-01,1.000000000000000000e+00,3.263112306594848633e+00,-6.127763390541076660e-01,1.090548515319824219e+00,-2.200578749179840088e-01,8.378671854734420776e-02,-2.777646854519844055e-02,1.000000000000000000e+00,2.696065664291381836e+00,4.223695695400238037e-01,1.002110242843627930e+00,-2.220780253410339355e-01,-7.216465473175048828e-02,-8.775932714343070984e-03,1.000000000000000000e+00,0.000000000000000000e+00,1.000000000000000000e+00,1.000000000000000000e+00,0.000000000000000000e+00,3.735788911581039429e-02,5.653854608535766602e-01,9.518415331840515137e-01,2.670927941799163818e-01,-1.162384599447250366e-01,4.163798987865447998e-01,9.806063771247863770e-01,1.125892922282218933e-01,1.604212820529937744e-01,-1.018866822123527527e-01,9.920790791511535645e-01,-7.347370684146881104e-02,-1.674229204654693604e-01,5.570398643612861633e-02,9.843103289604187012e-01,-4.558948427438735962e-02,2.245067805051803589e-01,-1.125415563583374023e-01,0.000000000000000000e+00,1.000000000000000000e+00,-2.733635716140270233e-02,-4.199493527412414551e-01,1.060594677925109863e+00,2.460630387067794800e-01,-2.612359523773193359e-01,4.083831012248992920e-01,1.000000000000000000e+00,3.735788911581039429e-02,5.653854608535766602e-01,9.518415331840515137e-01,2.670927941799163818e-01,-1.162384599447250366e-01,4.163798987865447998e-01,1.000000000000000000e+00,3.263112306594848633e+00,-6.127763390541076660e-01,1.090548515319824219e+00,-2.200578749179840088e-01,8.378671854734420776e-02,-2.777646854519844055e-02,1.000000000000000000e+00,2.696065664291381836e+00,4.223695695400238037e-01,1.002110242843627930e+00,-2.220780253410339355e-01,-7.216465473175048828e-02,-8.775932714343070984e-03,1.000000000000000000e+00,0.000000000000000000e+00,1.000000000000000000e+00,1.000000000000000000e+00,0.000000000000000000e+00,3.263112306594848633e+00,-6.127763390541076660e-01,1.090548515319824219e+00,-2.200578749179840088e-01,8.378671854734420776e-02,-2.777646854519844055e-02,-5.840156234550773762e-02,-1.524974990783114492e-01,1.231529359305859328e-02,1.000000000000000000e+00,2.696065664291381836e+00,4.223695695400238037e-01,1.002110242843627930e+00,-2.220780253410339355e-01,-7.216465473175048828e-02,-8.775932714343070984e-03,5.483251118192249141e-02,-1.515646907487291362e-01,-1.120140877892841780e-02,1.000000000000000000e+00,2.000000029802322388e-01,2.000000029802322388e-01,-1.000000014901161194e-01,5.097078084945678711e-01,4.039962962269783020e-02,2.000000029802322388e-01,-1.000000014901161194e-01,4.633108675479888916e-01,-5.106616020202636719e-02,-1.431090831756591797e-01,7.289409637451171875e-03,4.177220463752746582e-01,7.843518257141113281e-02,-1.303896903991699219e-01,-1.021885871887207031e-02,4.240745306015014648e-01
2.600000000000000089e-01,-2.210325002670288086e-02,-4.255455434322357178e-01,1.069131970405578613e+00,2.807744145393371582e-01,-3.027080893516540527e-01,4.490870237350463867e-01,9.794716835021972656e-01,1.343145370483398438e-01,1.503164470195770264e-01,-1.064744293689727783e-01,9.778884053230285645e-01,-1.799932867288589478e-01,-1.711684167385101318e-01,1.602934449911117554e-01,9.721149802207946777e-01,2.711382508277893066e-01,1.916817277669906616e-01,-9.836911410093307495e-02,1.000000000000000000e+00,0.000000000000000000e+00,-2.210325002670288086e-02,-4.255455434322357178e-01,1.069131970405578613e+00,2.807744145393371582e-01,-3.027080893516540527e-01,4.490870237350463867e-01,1.000000000000000000e+00,4.301535710692405701e-02,5.629170536994934082e-01,9.604107141494750977e-01,3.022010624408721924e-01,-1.321140974760055542e-01,4.426654577255249023e-01,1.000000000000000000e+00,3.258452177047729492e+00,-6.110050082206726074e-01,1.090008854866027832e+00,-2.487528920173645020e-01,9.438203275203704834e-02,-2.580529265105724335e-02,1.000000000000000000e+00,2.691364765167236328e+00,4.208334386348724365e-01,1.001968741416931152e+00,-2.507766187191009521e-01,-8.257962018251419067e-02,-4.757854156196117401e-03,1.000000000000000000e+00,0.000000000000000000e+00,1.000000000000000000e+00,1.000000000000000000e+00,0.000000000000000000e+00,4.301535710692405701e-02,5.629170536994934082e-01,9.604107141494750977e-01,3.022010624408721924e-01,-1.321140974760055542e-01,4.426654577255249023e-01,9.797537326812744141e-01,1.141737401485443115e-01,1.644604206085205078e-01,-1.033679991960525513e-01,9.919714331626892090e-01,-7.285584509372711182e-02,-1.714582443237304688e-01,5.438083410263061523e-02,9.836894869804382324e-01,-7.265026867389678955e-02,1.823236048221588135e-01,-6.390292197465896606e-02,0.000000000000000000e+00,1.000000000000000000e+00,-2.210325002670288086e-02,-4.255455434322357178e-01,1.069131970405578613e+00,2.807744145393371582e-01,-3.027080893516540527e-01,4.490870237350463867e-01,1.000000000000000000e+00,4.301535710692405701e-02,5.629170536994934082e-01,9.604107141494750977e-01,3.022010624408721924e-01,-1.321140974760055542e-01,4.426654577255249023e-01,1.000000000000000000e+00,3.258452177047729492e+00,-6.110050082206726074e-01,1.090008854866027832e+00,-2.487528920173645020e-01,9.438203275203704834e-02,-2.580529265105724335e-02,1.000000000000000000e+00,2.691364765167236328e+00,4.208334386348724365e-01,1.001968741416931152e+00,-2.507766187191009521e-01,-8.257962018251419067e-02,-4.757854156196117401e-03,1.000000000000000000e+00,0.000000000000000000e+00,1.000000000000000000e+00,1.000000000000000000e+00,0.000000000000000000e+00,3.258452177047729492e+00,-6.110050082206726074e-01,1.090008854866027832e+00,-2.487528920173645020e-01,9.438203275203704834e-02,-2.580529265105724335e-02,-5.748641319734229538e-02,-1.513148311527034995e-01,1.161834428169308472e-02,1.000000000000000000e+00,2.691364765167236328e+00,4.208334386348724365e-01,1.001968741416931152e+00,-2.507766187191009521e-01,-8.257962018251419067e-02,-4.757854156196117401e-03,5.738672562658224396e-02,-1.490713758207353745e-01,-1.100717200391467324e-02,1.000000000000000000e+00,2.000000029802322388e-01,2.000000029802322388e-01,-1.000000014901161194e-01,5.043602585792541504e-01,3.612405806779861450e-02,2.000000029802322388e-01,-1.000000014901161194e-01,4.608195126056671143e-01,-4.707479476928710938e-02,-1.342570781707763672e-01,6.305694580078125000e-03,4.202192723751068115e-01,8.496308326721191406e-02,-1.170899868011474609e-01,-9.949207305908203125e-03,4.280476868152618408e-01
2.800000000000000266e-01,-1.617324911057949066e-02,-4.319796860218048096e-01,1.078464865684509277e+00,3.157624304294586182e-01,-3.450488746166229248e-01,4.876811206340789795e-01,9.786852598190307617e-01,1.365628093481063843e-01,1.533819139003753662e-01,-1.072714179754257202e-01,9.768209457397460938e-01,-1.852399557828903198e-01,-1.751235425472259521e-01,1.648380905389785767e-01,9.706494212150573730e-01,2.234200388193130493e-01,1.903042048215866089e-01,-5.230518430471420288e-02,1.000000000000000000e+00,0.000000000000000000e+00,-1.617324911057949066e-02,-4.319796860218048096e-01,1.078464865684509277e+00,3.157624304294586182e-01,-3.450488746166229248e-01,4.876811206340789795e-01,1.000000000000000000e+00,4.937679320573806763e-02,5.601356029510498047e-01,9.694795012474060059e-01,3.375047445297241211e-01,-1.474589854478836060e-01,4.661415517330169678e-01,1.000000000000000000e+00,3.253221750259399414e+00,-6.090236902236938477e-01,1.089519143104553223e+00,-2.770433127880096436e-01,1.047468632459640503e-01,-2.267037145793437958e-02,1.000000000000000000e+00,2.686095476150512695e+00,4.190840423107147217e-01,1.001919984817504883e+00,-2.788091301918029785e-01,-9.355313330888748169e-02,6.607279647141695023e-04,1.000000000000000000e+00,0.000000000000000000e+00,1.000000000000000000e+00,1.000000000000000000e+00,0.000000000000000000e+00,4.937679320573806763e-02,5.601356029510498047e-01,9.694795012474060059e-01,3.375047445297241211e-01,-1.474589854478836060e-01,4.661415517330169678e-01,9.790474772453308105e-01,1.147642061114311218e-01,1.682119071483612061e-01,-1.040397211909294128e-01,9.920164346694946289e-01,-7.126814126968383789e-02,-1.750479936599731445e-01,5.227417126297950745e-02,9.831712245941162109e-01,-1.300001293420791626e-01,1.791989058256149292e-01,-2.845979854464530945e-02,0.000000000000000000e+00,1.000000000000000000e+00,-1.617324911057949066e-02,-4.319796860218048096e-01,1.078464865684509277e+00,3.157624304294586182e-01,-3.450488746166229248e-01,4.876811206340789795e-01,1.000000000000000000e+00,4.937679320573806763e-02,5.601356029510498047e-01,9.694795012474060059e-01,3.375047445297241211e-01,-1.474589854478836060e-01,4.661415517330169678e-01,1.000000000000000000e+00,3.253221750259399414e+00,-6.090236902236938477e-01,1.089519143104553223e+00,-2.770433127880096436e-01,1.047468632459640503e-01,-2.267037145793437958e-02,1.000000000000000000e+00,2.686095476150512695e+00,4.190840423107147217e-01,1.001919984817504883e+00,-2.788091301918029785e-01,-9.355313330888748169e-02,6.607279647141695023e-04,1.000000000000000000e+00,0.000000000000000000e+00,1.000000000000000000e+00,1.000000000000000000e+00,0.000000000000000000e+00,3.253221750259399414e+00,-6.090236902236938477e-01,1.089519143104553223e+00,-2.770433127880096436e-01,1.047468632459640503e-01,-2.267037145793437958e-02,-5.602970930940059935e-02,-1.490382207886187249e-01,1.078129932645684533e-02,1.000000000000000000e+00,2.686095476150512695e+00,4.190840423107147217e-01,1.001919984817504883e+00,-2.788091301918029785e-01,-9.355313330888748169e-02,6.607279647141695023e-04,6.034735090084929893e-02,-1.450619935626547008e-01,-1.077942047102201789e-02,1.000000000000000000e+00,2.000000029802322388e-01,2.000000029802322388e-01,-1.000000014901161194e-01,4.981805682182312012e-01,3.117486275732517242e-02,2.000000029802322388e-01,-1.000000014901161194e-01,4.580769538879394531e-01,-4.320502281188964844e-02,-1.255967617034912109e-01,5.415439605712890625e-03,4.227242171764373779e-01,9.251856803894042969e-02,-1.035439968109130859e-01,-9.589672088623046875e-03,4.323054552078247070e-01
2.999999999999999889e-01,-9.541537612676620483e-03,-4.392658174037933350e-01,1.088548302650451660e+00,3.509538471698760986e-01,-3.879146873950958252e-01,5.238205194473266602e-01,9.780079722404479980e-01,1.379271894693374634e-01,1.564499586820602417e-01,-1.072858348488807678e-01,9.759557247161865234e-01,-1.897375434637069702e-01,-1.788581758737564087e-01,1.687799543142318726e-01,9.692900180816650391e-01,1.955348551273345947e-01,1.776814609766006470e-01,-1.933482289314270020e-02,1.000000000000000000e+00,0.000000000000000000e+00,-9.541537612676620483e-03,-4.392658174037933350e-01,1.088548302650451660e+00,3.509538471698760986e-01,-3.879146873950958252e-01,5.238205194473266602e-01,1.000000000000000000e+00,5.644622445106506348e-02,5.570536851882934570e-01,9.789955019950866699e-01,3.730298578739166260e-01,-1.620695292949676514e-01,4.871850013732910156e-01,1.000000000000000000e+00,3.247430324554443359e+00,-6.068376302719116211e-01,1.089102745056152344e+00,-3.047761023044586182e-01,1.148107871413230896e-01,-1.832903921604156494e-02,1.000000000000000000e+00,2.680273294448852539e+00,4.171093404293060303e-01,1.001992940902709961e+00,-3.059493303298950195e-01,-1.052124723792076111e-01,7.615008391439914703e-03,1.000000000000000000e+00,0.000000000000000000e+00,1.000000000000000000e+00,1.000000000000000000e+00,0.000000000000000000e+00,5.644622445106506348e-02,5.570536851882934570e-01,9.789955019950866699e-01,3.730298578739166260e-01,-1.620695292949676514e-01,4.871850013732910156e-01,9.784086346626281738e-01,1.145831495523452759e-01,1.720098406076431274e-01,-1.041192859411239624e-01,9.921893477439880371e-01,-6.869942694902420044e-02,-1.785381287336349487e-01,4.930656775832176208e-02,9.826968908309936523e-01,-1.645501852035522461e-01,1.704007834196090698e-01,-3.635743400081992149e-03,0.000000000000000000e+00,1.000000000000000000e+00,-9.541537612676620483e-03,-4.392658174037933350e-01,1.088548302650451660e+00,3.509538471698760986e-01,-3.879146873950958252e-01,5.238205194473266602e-01,1.000000000000000000e+00,5.644622445106506348e-02,5.570536851882934570e-01,9.789955019950866699e-01,3.730298578739166260e-01,-1.620695292949676514e-01,4.871850013732910156e-01,1.000000000000000000e+00,3.247430324554443359e+00,-6.068376302719116211e-01,1.089102745056152344e+00,-3.047761023044586182e-01,1.148107871413230896e-01,-1.832903921604156494e-02,1.000000000000000000e+00,2.680273294448852539e+00,4.171093404293060303e-01,1.001992940902709961e+00,-3.059493303298950195e-01,-1.052124723792076111e-01,7.615008391439914703e-03,1.000000000000000000e+00,0.000000000000000000e+00,1.000000000000000000e+00,1.000000000000000000e+00,0.000000000000000000e+00,3.247430324554443359e+00,-6.068376302719116211e-01,1.089102745056152344e+00,-3.047761023044586182e-01,1.148107871413230896e-01,-1.832903921604156494e-02,-5.435789934756102282e-02,-1.462641174830101587e-01,9.875672687595676846e-03,1.000000000000000000e+00,2.680273294448852539e+00,4.171093404293060303e-01,1.001992940902709961e+00,-3.059493303298950195e-01,-1.052124723792076111e-01,7.615008391439914703e-03,6.401255398073922576e-02,-1.401603413274856713e-01,-1.057535399997489023e-02,1.000000000000000000e+00,1.999999731779098511e-01,2.000000029802322388e-01,-1.000000014901161194e-01,4.912225008010864258e-01,2.885094098746776581e-02,1.999999880790710449e-01,-1.000000014901161194e-01,4.561490714550018311e-01,-3.951311111450195312e-02,-1.171567440032958984e-01,4.621028900146484375e-03,4.252132475376129150e-01,1.009600162506103516e-01,-8.986687660217285156e-02,-9.091377258300781250e-03,4.367540776729583740e-01
3.200000000000000067e-01,-2.204910386353731155e-03,-4.474121630191802979e-01,1.099329710006713867e+00,3.862376213073730469e-01,-4.310571253299713135e-01,5.571698546409606934e-01,9.774615764617919922e-01,1.386774927377700806e-01,1.591779589653015137e-01,-1.068146899342536926e-01,9.752263426780700684e-01,-1.937120705842971802e-01,-1.820980310440063477e-01,1.723435372114181519e-01,9.680590033531188965e-01,1.732462644577026367e-01,1.495318114757537842e-01,3.225585445761680603e-03,1.000000000000000000e+00,0.000000000000000000e+00,-2.204910386353731155e-03,-4.474121630191802979e-01,1.099329710006713867e+00,3.862376213073730469e-01,-4.310571253299713135e-01,5.571698546409606934e-01,1.000000000000000000e+00,6.422830373048782349e-02,5.536871552467346191e-01,9.889127016067504883e-01,4.087896645069122314e-01,-1.758140921592712402e-01,5.061047077178955078e-01,1.000000000000000000e+00,3.241089820861816406e+00,-6.044532060623168945e-01,1.088784098625183105e+00,-3.318619430065155029e-01,1.245417743921279907e-01,-1.276841666549444199e-02,1.000000000000000000e+00,2.673917770385742188e+00,4.148939847946166992e-01,1.002219796180725098e+00,-3.320374190807342529e-01,-1.177262142300605774e-01,1.621847040951251984e-02,1.000000000000000000e+00,0.000000000000000000e+00,1.000000000000000000e+00,1.000000000000000000e+00,0.000000000000000000e+00,6.422830373048782349e-02,5.536871552467346191e-01,9.889127016067504883e-01,4.087896645069122314e-01,-1.758140921592712402e-01,5.061047077178955078e-01,9.778621196746826172e-01,1.139176487922668457e-01,1.755240261554718018e-01,-1.038177907466888428e-01,9.924229383468627930e-01,-6.571754068136215210e-02,-1.816804409027099609e-01,4.604016989469528198e-02,9.822793602943420410e-01,-1.644163578748703003e-01,1.454082131385803223e-01,1.270699966698884964e-02,0.000000000000000000e+00,1.000000000000000000e+00,-2.204910386353731155e-03,-4.474121630191802979e-01,1.099329710006713867e+00,3.862376213073730469e-01,-4.310571253299713135e-01,5.571698546409606934e-01,1.000000000000000000e+00,6.422830373048782349e-02,5.536871552467346191e-01,9.889127016067504883e-01,4.087896645069122314e-01,-1.758140921592712402e-01,5.061047077178955078e-01,1.000000000000000000e+00,3.241089820861816406e+00,-6.044532060623168945e-01,1.088784098625183105e+00,-3.318619430065155029e-01,1.245417743921279907e-01,-1.276841666549444199e-02,1.000000000000000000e+00,2.673917770385742188e+00,4.148939847946166992e-01,1.002219796180725098e+00,-3.320374190807342529e-01,-1.177262142300605774e-01,1.621847040951251984e-02,1.000000000000000000e+00,0.000000000000000000e+00,1.000000000000000000e+00,1.000000000000000000e+00,0.000000000000000000e+00,3.241089820861816406e+00,-6.044532060623168945e-01,1.088784098625183105e+00,-3.318619430065155029e-01,1.245417743921279907e-01,-1.276841666549444199e-02,-5.254981473487276705e-02,-1.430401096084836787e-01,8.940577929246712463e-03,1.000000000000000000e+00,2.673917770385742188e+00,4.148939847946166992e-01,1.002219796180725098e+00,-3.320374190807342529e-01,-1.177262142300605774e-01,1.621847040951251984e-02,6.845864109768767802e-02,-1.344181980020204836e-01,-1.040502808536363649e-02,1.000000000000000000e+00,1.999997794628143311e-01,2.000000029802322388e-01,-1.000000014901161194e-01,4.840207993984222412e-01,2.815815620124340057e-02,1.999999880790710449e-01,-1.000000014901161194e-01,4.554218947887420654e-01,-3.604221343994140625e-02,-1.089437007904052734e-01,3.920555114746093750e-03,4.276690483093261719e-01,1.101288795471191406e-01,-7.615113258361816406e-02,-8.412122726440429688e-03,4.412920176982879639e-01
3.400000000000000244e-01,5.836949218064546585e-03,-4.564222991466522217e-01,1.110751032829284668e+00,4.214378595352172852e-01,-4.742661714553833008e-01,5.874566435813903809e-01,9.770544171333312988e-01,1.389975100755691528e-01,1.613830775022506714e-01,-1.060822457075119019e-01,9.746122956275939941e-01,-1.971740275621414185e-01,-1.846926063299179077e-01,1.755298525094985962e-01,9.669943451881408691e-01,1.495212912559509277e-01,1.204098984599113464e-01,1.768939755856990814e-02,1.000000000000000000e+00,0.000000000000000000e+00,5.836949218064546585e-03,-4.564222991466522217e-01,1.110751032829284668e+00,4.214378595352172852e-01,-4.742661714553833008e-01,5.874566435813903809e-01,1.000000000000000000e+00,7.272733747959136963e-02,5.500535368919372559e-01,9.991919398307800293e-01,4.447314441204071045e-01,-1.887030005455017090e-01,5.232638716697692871e-01,1.000000000000000000e+00,3.234214305877685547e+00,-6.018774509429931641e-01,1.088587760925292969e+00,-3.581912815570831299e-01,1.339067071676254272e-01,-5.978342611342668533e-03,1.000000000000000000e+00,2.667051315307617188e+00,4.124194681644439697e-01,1.002634406089782715e+00,-3.568865358829498291e-01,-1.312659084796905518e-01,2.657139673829078674e-02,1.000000000000000000e+00,0.000000000000000000e+00,1.000000000000000000e+00,1.000000000000000000e+00,0.000000000000000000e+00,7.272733747959136963e-02,5.500535368919372559e-01,9.991919398307800293e-01,4.447314441204071045e-01,-1.887030005455017090e-01,5.232638716697692871e-01,9.774342179298400879e-01,1.130259782075881958e-01,1.784589886665344238e-01,-1.032984852790832520e-01,9.926583170890808105e-01,-6.292037665843963623e-02,-1.842604279518127441e-01,4.306598380208015442e-02,9.819335341453552246e-01,-1.403448134660720825e-01,1.166018843650817871e-01,2.254616655409336090e-02,0.000000000000000000e+00,1.000000000000000000e+00,5.836949218064546585e-03,-4.564222991466522217e-01,1.110751032829284668e+00,4.214378595352172852e-01,-4.742661714553833008e-01,5.874566435813903809e-01,1.000000000000000000e+00,7.272733747959136963e-02,5.500535368919372559e-01,9.991919398307800293e-01,4.447314441204071045e-01,-1.887030005455017090e-01,5.232638716697692871e-01,1.000000000000000000e+00,3.234214305877685547e+00,-6.018774509429931641e-01,1.088587760925292969e+00,-3.581912815570831299e-01,1.339067071676254272e-01,-5.978342611342668533e-03,1.000000000000000000e+00,2.667051315307617188e+00,4.124194681644439697e-01,1.002634406089782715e+00,-3.568865358829498291e-01,-1.312659084796905518e-01,2.657139673829078674e-02,1.000000000000000000e+00,0.000000000000000000e+00,1.000000000000000000e+00,1.000000000000000000e+00,0.000000000000000000e+00,3.234214305877685547e+00,-6.018774509429931641e-01,1.088587760925292969e+00,-3.581912815570831299e-01,1.339067071676254272e-01,-5.978342611342668533e-03,-5.054335918061018951e-02,-1.391684787176052929e-01,7.995850351598585842e-03,1.000000000000000000e+00,2.667051315307617188e+00,4.124194681644439697e-01,1.002634406089782715e+00,-3.568865358829498291e-01,-1.312659084796905518e-01,2.657139673829078674e-02,7.361123400192785826e-02,-1.276258836097572402e-01,-1.024595452633832171e-02,1.000000000000000000e+00,1.999979019165039062e-01,2.000000029802322388e-01,-1.000000014901161194e-01,4.772323668003082275e-01,2.851822972297668457e-02,1.999999433755874634e-01,-1.000000014901161194e-01,4.559853076934814453e-01,-3.281712532043457031e-02,-1.009747982025146484e-01,3.309249877929687500e-03,4.300881922245025635e-01,1.198554039001464844e-01,-6.249308586120605469e-02,-7.521152496337890625e-03,4.458160400390625000e-01
3.599999999999999867e-01,1.458079088479280472e-02,-4.662957191467285156e-01,1.122749328613281250e+00,4.563877582550048828e-01,-5.173536539077758789e-01,6.145284771919250488e-01,9.767569899559020996e-01,1.390204429626464844e-01,1.631533652544021606e-01,-1.052175611257553101e-01,9.741071462631225586e-01,-2.001111954450607300e-01,-1.867484003305435181e-01,1.782934218645095825e-01,9.660934209823608398e-01,1.260066032409667969e-01,9.980475157499313354e-02,2.602759748697280884e-02,1.000000000000000000e+00,0.000000000000000000e+00,1.458079088479280472e-02,-4.662957191467285156e-01,1.122749328613281250e+00,4.563877582550048828e-01,-5.173536539077758789e-01,6.145284771919250488e-01,1.000000000000000000e+00,8.194630593061447144e-02,5.461689233779907227e-01,1.009801506996154785e+00,4.807842373847961426e-01,-2.008540928363800049e-01,5.390850305557250977e-01,1.000000000000000000e+00,3.226819992065429688e+00,-5.991180539131164551e-01,1.088538408279418945e+00,-3.836162388324737549e-01,1.428574472665786743e-01,2.051789313554763794e-03,1.000000000000000000e+00,2.659700632095336914e+00,4.096637070178985596e-01,1.003272533416748047e+00,-3.802622854709625244e-01,-1.459868103265762329e-01,3.875600174069404602e-02,1.000000000000000000e+00,0.000000000000000000e+00,1.000000000000000000e+00,1.000000000000000000e+00,0.000000000000000000e+00,8.194630593061447144e-02,5.461689233779907227e-01,1.009801506996154785e+00,4.807842373847961426e-01,-2.008540928363800049e-01,5.390850305557250977e-01,9.771099686622619629e-01,1.120764166116714478e-01,1.808179914951324463e-01,-1.026657819747924805e-01,9.928670525550842285e-01,-6.062021106481552124e-02,-1.863223016262054443e-01,4.066878557205200195e-02,9.816466569900512695e-01,-1.107024252414703369e-01,9.490031749010086060e-02,2.786849997937679291e-02,0.000000000000000000e+00,1.000000000000000000e+00,1.458079088479280472e-02,-4.662957191467285156e-01,1.122749328613281250e+00,4.563877582550048828e-01,-5.173536539077758789e-01,6.145284771919250488e-01,1.000000000000000000e+00,8.194630593061447144e-02,5.461689233779907227e-01,1.009801506996154785e+00,4.807842373847961426e-01,-2.008540928363800049e-01,5.390850305557250977e-01,1.000000000000000000e+00,3.226819992065429688e+00,-5.991180539131164551e-01,1.088538408279418945e+00,-3.836162388324737549e-01,1.428574472665786743e-01,2.051789313554763794e-03,1.000000000000000000e+00,2.659700632095336914e+00,4.096637070178985596e-01,1.003272533416748047e+00,-3.802622854709625244e-01,-1.459868103265762329e-01,3.875600174069404602e-02,1.000000000000000000e+00,0.000000000000000000e+00,1.000000000000000000e+00,1.000000000000000000e+00,0.000000000000000000e+00,3.226819992065429688e+00,-5.991180539131164551e-01,1.088538408279418945e+00,-3.836162388324737549e-01,1.428574472665786743e-01,2.051789313554763794e-03,-4.828699550847213862e-02,-1.345366485401966461e-01,7.060934507643803343e-03,1.000000000000000000e+00,2.659700632095336914e+00,4.096637070178985596e-01,1.003272533416748047e+00,-3.802622854709625244e-01,-1.459868103265762329e-01,3.875600174069404602e-02,7.936901709439750374e-02,-1.196701092747238793e-01,-1.006667543327600944e-02,1.000000000000000000e+00,1.999832093715667725e-01,2.000000029802322388e-01,-1.000000014901161194e-01,4.670324623584747314e-01,2.856137417256832123e-02,1.999998241662979126e-01,-1.000000014901161194e-01,4.540703296661376953e-01,-2.984905242919921875e-02,-9.327983856201171875e-02,2.781152725219726562e-03,4.324771165847778320e-01,1.299698352813720703e-01,-4.899668693542480469e-02,-6.401538848876953125e-03,4.502255916595458984e-01
3.800000000000000044e-01,2.402030117809772491e-02,-4.770283699035644531e-01,1.135258555412292480e+00,4.909375607967376709e-01,-5.601146221160888672e-01,6.381132602691650391e-01,9.765287041664123535e-01,1.388544887304306030e-01,1.646554172039031982e-01,-1.042942255735397339e-01,9.736963510513305664e-01,-2.025794684886932373e-01,-1.884534060955047607e-01,1.806520223617553711e-01,9.653239846229553223e-01,1.060663685202598572e-01,8.670882135629653931e-02,2.988977171480655670e-02,1.000000000000000000e+00,0.000000000000000000e+00,2.402030117809772491e-02,-4.770283699035644531e-01,1.135258555412292480e+00,4.909375607967376709e-01,-5.601146221160888672e-01,6.381132602691650391e-01,1.000000000000000000e+00,9.188680350780487061e-02,5.420469045639038086e-01,1.020717263221740723e+00,5.168713927268981934e-01,-2.124059796333312988e-01,5.538099408149719238e-01,1.000000000000000000e+00,3.218926668167114258e+00,-5.961836576461791992e-01,1.088660836219787598e+00,-4.079838991165161133e-01,1.513413935899734497e-01,1.132778450846672058e-02,1.000000000000000000e+00,2.651897430419921875e+00,4.066018462181091309e-01,1.004171133041381836e+00,-4.019191861152648926e-01,-1.620289385318756104e-01,5.282342061400413513e-02,1.000000000000000000e+00,0.000000000000000000e+00,1.000000000000000000e+00,1.000000000000000000e+00,0.000000000000000000e+00,9.188680350780487061e-02,5.420469045639038086e-01,1.020717263221740723e+00,5.168713927268981934e-01,-2.124059796333312988e-01,5.538099408149719238e-01,9.768524169921875000e-01,1.111527606844902039e-01,1.827690601348876953e-01,-1.019893363118171692e-01,9.930448532104492188e-01,-5.882365256547927856e-02,-1.880362629890441895e-01,3.882153332233428955e-02,9.813945889472961426e-01,-8.782874047756195068e-02,8.193107694387435913e-02,2.935450151562690735e-02,0.000000000000000000e+00,1.000000000000000000e+00,2.402030117809772491e-02,-4.770283699035644531e-01,1.135258555412292480e+00,4.909375607967376709e-01,-5.601146221160888672e-01,6.381132602691650391e-01,1.000000000000000000e+00,9.188680350780487061e-02,5.420469045639038086e-01,1.020717263221740723e+00,5.168713927268981934e-01,-2.124059796333312988e-01,5.538099408149719238e-01,1.000000000000000000e+00,3.218926668167114258e+00,-5.961836576461791992e-01,1.088660836219787598e+00,-4.079838991165161133e-01,1.513413935899734497e-01,1.132778450846672058e-02,1.000000000000000000e+00,2.651897430419921875e+00,4.066018462181091309e-01,1.004171133041381836e+00,-4.019191861152648926e-01,-1.620289385318756104e-01,5.282342061400413513e-02,1.000000000000000000e+00,0.000000000000000000e+00,1.000000000000000000e+00,1.000000000000000000e+00,0.000000000000000000e+00,3.218926668167114258e+00,-5.961836576461791992e-01,1.088660836219787598e+00,-4.079838991165161133e-01,1.513413935899734497e-01,1.132778450846672058e-02,-4.581844625255156872e-02,-1.292467122088829523e-01,6.160845940864412285e-03,1.000000000000000000e+00,2.651897430419921875e+00,4.066018462181091309e-01,1.004171133041381836e+00,-4.019191861152648926e-01,-1.620289385318756104e-01,5.282342061400413513e-02,8.567726764843816567e-02,-1.106781929078404225e-01,-9.842106614906483142e-03,1.000000000000000000e+00,1.999011784791946411e-01,1.999999880790710449e-01,-1.000000014901161194e-01,4.574040174484252930e-01,2.978519164025783539e-02,1.999994963407516479e-01,-1.000000014901161194e-01,4.512014985084533691e-01,-2.714228630065917969e-02,-8.589577674865722656e-02,2.329111099243164062e-03,4.348283708095550537e-01,1.402981281280517578e-01,-3.577017784118652344e-02,-5.050659179687500000e-03,4.543972015380859375e-01
4.000000000000000222e-01,3.414619714021682739e-02,-4.886117577552795410e-01,1.148205041885375977e+00,5.249565839767456055e-01,-6.023460626602172852e-01,6.578398346900939941e-01,9.763419628143310547e-01,1.385864764451980591e-01,1.659822762012481689e-01,-1.033679917454719543e-01,9.733575582504272461e-01,-2.046705931425094604e-01,-1.899246871471405029e-01,1.826712340116500854e-01,9.646552801132202148e-01,9.023547172546386719e-02,7.628298550844192505e-02,3.061345033347606659e-02,1.000000000000000000e+00,0.000000000000000000e+00,3.414619714021682739e-02,-4.886117577552795410e-01,1.148205041885375977e+00,5.249565839767456055e-01,-6.023460626602172852e-01,6.578398346900939941e-01,1.000000000000000000e+00,1.025486886501312256e-01,5.376985073089599609e-01,1.031917691230773926e+00,5.529056191444396973e-01,-2.234594523906707764e-01,5.673934817314147949e-01,1.000000000000000000e+00,3.210556507110595703e+00,-5.930842161178588867e-01,1.088980078697204590e+00,-4.311756193637847900e-01,1.593195050954818726e-01,2.184503339231014252e-02,1.000000000000000000e+00,2.643678188323974609e+00,4.032062888145446777e-01,1.005367994308471680e+00,-4.216464757919311523e-01,-1.795254796743392944e-01,6.878133863210678101e-02,1.000000000000000000e+00,0.000000000000000000e+00,1.000000000000000000e+00,1.000000000000000000e+00,0.000000000000000000e+00,1.025486886501312256e-01,5.376985073089599609e-01,1.031917691230773926e+00,5.529056191444396973e-01,-2.234594523906707764e-01,5.673934817314147949e-01,9.766309857368469238e-01,1.102904230356216431e-01,1.844666004180908203e-01,-1.013208627700805664e-01,9.931969642639160156e-01,-5.739258229732513428e-02,-1.895415186882019043e-01,3.736105561256408691e-02,9.811616539955139160e-01,-7.070136815309524536e-02,7.298232614994049072e-02,2.847112528979778290e-02,0.000000000000000000e+00,1.000000000000000000e+00,3.414619714021682739e-02,-4.886117577552795410e-01,1.148205041885375977e+00,5.249565839767456055e-01,-6.023460626602172852e-01,6.578398346900939941e-01,1.000000000000000000e+00,1.025486886501312256e-01,5.376985073089599609e-01,1.031917691230773926e+00,5.529056191444396973e-01,-2.234594523906707764e-01,5.673934817314147949e-01,1.000000000000000000e+00,3.210556507110595703e+00,-5.930842161178588867e-01,1.088980078697204590e+00,-4.311756193637847900e-01,1.593195050954818726e-01,2.184503339231014252e-02,1.000000000000000000e+00,2.643678188323974609e+00,4.032062888145446777e-01,1.005367994308471680e+00,-4.216464757919311523e-01,-1.795254796743392944e-01,6.878133863210678101e-02,1.000000000000000000e+00,0.000000000000000000e+00,1.000000000000000000e+00,1.000000000000000000e+00,0.000000000000000000e+00,3.210556507110595703e+00,-5.930842161178588867e-01,1.088980078697204590e+00,-4.311756193637847900e-01,1.593195050954818726e-01,2.184503339231014252e-02,-4.324475292151787331e-02,-1.235370946817042626e-01,5.320576072965779724e-03,1.000000000000000000e+00,2.643678188323974609e+00,4.032062888145446777e-01,1.005367994308471680e+00,-4.216464757919311523e-01,-1.795254796743392944e-01,6.878133863210678101e-02,9.252364672580709604e-02,-1.009364642777981214e-01,-9.554325324564280630e-03,1.000000000000000000e+00,1.999845057725906372e-01,2.000000029802322388e-01,-1.000000014901161194e-01,4.493047297000885010e-01,3.062449209392070770e-02,1.999987661838531494e-01,-1.000000014901161194e-01,4.492630958557128906e-01,-2.469897270202636719e-02,-7.885050773620605469e-02,1.945972442626953125e-03,4.371084868907928467e-01,1.506693363189697266e-01,-2.291202545166015625e-02,-3.478050231933593750e-03,4.581889808177947998e-01
4.199999999999999845e-01,4.494712501764297485e-02,-5.010341405868530273e-01,1.161510229110717773e+00,5.583730936050415039e-01,-6.439237594604492188e-01,6.735996603965759277e-01,9.761868715286254883e-01,1.382790654897689819e-01,1.671472787857055664e-01,-1.024870052933692932e-01,9.730729460716247559e-01,-2.064595371484756470e-01,-1.911955177783966064e-01,1.844126433134078979e-01,9.640727639198303223e-01,7.765799760818481445e-02,6.588975340127944946e-02,2.924865111708641052e-02,1.000000000000000000e+00,0.000000000000000000e+00,4.494712501764297485e-02,-5.010341405868530273e-01,1.161510229110717773e+00,5.583730936050415039e-01,-6.439237594604492188e-01,6.735996603965759277e-01,1.000000000000000000e+00,1.139302998781204224e-01,5.331330895423889160e-01,1.043379068374633789e+00,5.888243913650512695e-01,-2.340903729200363159e-01,5.797945857048034668e-01,1.000000000000000000e+00,3.201733350753784180e+00,-5.898298621177673340e-01,1.089520335197448730e+00,-4.531221985816955566e-01,1.667752116918563843e-01,3.358542174100875854e-02,1.000000000000000000e+00,2.635082960128784180e+00,3.994467854499816895e-01,1.006900787353515625e+00,-4.392884671688079834e-01,-1.986057609319686890e-01,8.658567816019058228e-02,1.000000000000000000e+00,0.000000000000000000e+00,1.000000000000000000e+00,1.000000000000000000e+00,0.000000000000000000e+00,1.139302998781204224e-01,5.331330895423889160e-01,1.043379068374633789e+00,5.888243913650512695e-01,-2.340903729200363159e-01,5.797945857048034668e-01,9.764364361763000488e-01,1.095177307724952698e-01,1.859515607357025146e-01,-1.006957218050956726e-01,9.933247566223144531e-01,-5.627115070819854736e-02,-1.908729672431945801e-01,3.622066974639892578e-02,9.809463620185852051e-01,-5.473234876990318298e-02,6.371074914932250977e-02,2.619070746004581451e-02,0.000000000000000000e+00,1.000000000000000000e+00,4.494712501764297485e-02,-5.010341405868530273e-01,1.161510229110717773e+00,5.583730936050415039e-01,-6.439237594604492188e-01,6.735996603965759277e-01,1.000000000000000000e+00,1.139302998781204224e-01,5.331330895423889160e-01,1.043379068374633789e+00,5.888243913650512695e-01,-2.340903729200363159e-01,5.797945857048034668e-01,1.000000000000000000e+00,3.201733350753784180e+00,-5.898298621177673340e-01,1.089520335197448730e+00,-4.531221985816955566e-01,1.667752116918563843e-01,3.358542174100875854e-02,1.000000000000000000e+00,2.635082960128784180e+00,3.994467854499816895e-01,1.006900787353515625e+00,-4.392884671688079834e-01,-1.986057609319686890e-01,8.658567816019058228e-02,1.000000000000000000e+00,0.000000000000000000e+00,1.000000000000000000e+00,1.000000000000000000e+00,0.000000000000000000e+00,3.201733350753784180e+00,-5.898298621177673340e-01,1.089520335197448730e+00,-4.531221985816955566e-01,1.667752116918563843e-01,3.358542174100875854e-02,-4.067683833964919060e-02,-1.176348796602812996e-01,4.557493300407385733e-03,1.000000000000000000e+00,2.635082960128784180e+00,3.994467854499816895e-01,1.006900787353515625e+00,-4.392884671688079834e-01,-1.986057609319686890e-01,8.658567816019058228e-02,9.989294394001652089e-02,-9.072886285371306592e-02,-9.184753692043461093e-03,1.000000000000000000e+00,1.977381110191345215e-01,1.999999880790710449e-01,-1.000000014901161194e-01,4.424643218517303467e-01,3.265669196844100952e-02,1.999953240156173706e-01,-1.000000014901161194e-01,4.480893909931182861e-01,-2.251553535461425781e-02,-7.215690612792968750e-02,1.623630523681640625e-03,4.392840862274169922e-01,1.609470844268798828e-01,-1.048183441162109375e-02,-1.701593399047851562e-03,4.614923894405364990e-01
4.400000000000000022e-01,5.641071498394012451e-02,-5.142816305160522461e-01,1.175095796585083008e+00,5.911577939987182617e-01,-6.847898960113525391e-01,6.855140328407287598e-01,9.760591387748718262e-01,1.379661709070205688e-01,1.681485772132873535e-01,-1.016851738095283508e-01,9.728378057479858398e-01,-2.079587578773498535e-01,-1.922725439071655273e-01,1.858818233013153076e-01,9.635763168334960938e-01,5.984345450997352600e-02,5.581144243478775024e-02,2.664146199822425842e-02,1.000000000000000000e+00,0.000000000000000000e+00,5.641071498394012451e-02,-5.142816305160522461e-01,1.175095796585083008e+00,5.911577939987182617e-01,-6.847898960113525391e-01,6.855140328407287598e-01,1.000000000000000000e+00,1.260289549827575684e-01,5.283581614494323730e-01,1.055078268051147461e+00,6.245919466018676758e-01,-2.443738728761672974e-01,5.910968184471130371e-01,1.000000000000000000e+00,3.192482471466064453e+00,-5.864310264587402344e-01,1.090306162834167480e+00,-4.737916588783264160e-01,1.737109124660491943e-01,4.651754349470138550e-02,1.000000000000000000e+00,2.626154661178588867e+00,3.952905237674713135e-01,1.008805632591247559e+00,-4.547351002693176270e-01,-2.193890213966369629e-01,1.061390936374664307e-01,1.000000000000000000e+00,0.000000000000000000e+00,1.000000000000000000e+00,1.000000000000000000e+00,0.000000000000000000e+00,1.260289549827575684e-01,5.283581614494323730e-01,1.055078268051147461e+00,6.245919466018676758e-01,-2.443738728761672974e-01,5.910968184471130371e-01,9.762693643569946289e-01,1.088574305176734924e-01,1.872120499610900879e-01,-1.001357361674308777e-01,9.934270977973937988e-01,-5.545835569500923157e-02,-1.920185685157775879e-01,3.539567068219184875e-02,9.807528853416442871e-01,-3.634965419769287109e-02,5.396707728505134583e-02,2.312515303492546082e-02,0.000000000000000000e+00,1.000000000000000000e+00,5.641071498394012451e-02,-5.142816305160522461e-01,1.175095796585083008e+00,5.911577939987182617e-01,-6.847898960113525391e-01,6.855140328407287598e-01,1.000000000000000000e+00,1.260289549827575684e-01,5.283581614494323730e-01,1.055078268051147461e+00,6.245919466018676758e-01,-2.443738728761672974e-01,5.910968184471130371e-01,1.000000000000000000e+00,3.192482471466064453e+00,-5.864310264587402344e-01,1.090306162834167480e+00,-4.737916588783264160e-01,1.737109124660491943e-01,4.651754349470138550e-02,1.000000000000000000e+00,2.626154661178588867e+00,3.952905237674713135e-01,1.008805632591247559e+00,-4.547351002693176270e-01,-2.193890213966369629e-01,1.061390936374664307e-01,1.000000000000000000e+00,0.000000000000000000e+00,1.000000000000000000e+00,1.000000000000000000e+00,0.000000000000000000e+00,3.192482471466064453e+00,-5.864310264587402344e-01,1.090306162834167480e+00,-4.737916588783264160e-01,1.737109124660491943e-01,4.651754349470138550e-02,-3.818219228409747840e-02,-1.116666737696934142e-01,3.878702120108483420e-03,1.000000000000000000e+00,2.626154661178588867e+00,3.952905237674713135e-01,1.008805632591247559e+00,-4.547351002693176270e-01,-2.193890213966369629e-01,1.061390936374664307e-01,1.077304987092763400e-01,-8.023615003475326191e-02,-8.708007450771881874e-03,1.000000000000000000e+00,1.904352158308029175e-01,1.999999731779098511e-01,-1.000000014901161194e-01,4.364065527915954590e-01,3.621162846684455872e-02,1.999809145927429199e-01,-1.000000014901161194e-01,4.467606246471405029e-01,-2.058148384094238281e-02,-6.581616401672363281e-02,1.353740692138671875e-03,4.413377046585083008e-01,1.710274219512939453e-01,1.490831375122070312e-03,2.574920654296875000e-04,4.642406105995178223e-01
4.600000000000000200e-01,6.852426379919052124e-02,-5.283396840095520020e-01,1.188886761665344238e+00,6.233075857162475586e-01,-7.248962521553039551e-01,6.938215494155883789e-01,9.759542346000671387e-01,1.376200616359710693e-01,1.690389364957809448e-01,-1.009783223271369934e-01,9.727076888084411621e-01,-2.089096307754516602e-01,-1.931756287813186646e-01,1.868169605731964111e-01,9.632148146629333496e-01,1.704150997102260590e-02,4.710247740149497986e-02,2.343575656414031982e-02,1.000000000000000000e+00,0.000000000000000000e+00,6.852426379919052124e-02,-5.283396840095520020e-01,1.188886761665344238e+00,6.233075857162475586e-01,-7.248962521553039551e-01,6.938215494155883789e-01,1.000000000000000000e+00,1.388413757085800171e-01,5.233801603317260742e-01,1.066994667053222656e+00,6.601752638816833496e-01,-2.543934285640716553e-01,6.014058589935302734e-01,1.000000000000000000e+00,3.182830572128295898e+00,-5.828980803489685059e-01,1.091361284255981445e+00,-4.931682348251342773e-01,1.801384240388870239e-01,6.059945002198219299e-02,1.000000000000000000e+00,2.616937398910522461e+00,3.907025456428527832e-01,1.011116504669189453e+00,-4.679011702537536621e-01,-2.419732362031936646e-01,1.272960156202316284e-01,1.000000000000000000e+00,0.000000000000000000e+00,1.000000000000000000e+00,1.000000000000000000e+00,0.000000000000000000e+00,1.388413757085800171e-01,5.233801603317260742e-01,1.066994667053222656e+00,6.601752638816833496e-01,-2.543934285640716553e-01,6.014058589935302734e-01,9.761289358139038086e-01,1.083404347300529480e-01,1.882413923740386963e-01,-9.965141862630844116e-02,9.934982657432556152e-01,-5.505380779504776001e-02,-1.929820477962493896e-01,3.498108685016632080e-02,9.805786013603210449e-01,-1.005576644092798233e-02,4.521784931421279907e-02,1.972269639372825623e-02,0.000000000000000000e+00,1.000000000000000000e+00,6.852426379919052124e-02,-5.283396840095520020e-01,1.188886761665344238e+00,6.233075857162475586e-01,-7.248962521553039551e-01,6.938215494155883789e-01,1.000000000000000000e+00,1.388413757085800171e-01,5.233801603317260742e-01,1.066994667053222656e+00,6.601752638816833496e-01,-2.543934285640716553e-01,6.014058589935302734e-01,1.000000000000000000e+00,3.182830572128295898e+00,-5.828980803489685059e-01,1.091361284255981445e+00,-4.931682348251342773e-01,1.801384240388870239e-01,6.059945002198219299e-02,1.000000000000000000e+00,2.616937398910522461e+00,3.907025456428527832e-01,1.011116504669189453e+00,-4.679011702537536621e-01,-2.419732362031936646e-01,1.272960156202316284e-01,1.000000000000000000e+00,0.000000000000000000e+00,1.000000000000000000e+00,1.000000000000000000e+00,0.000000000000000000e+00,3.182830572128295898e+00,-5.828980803489685059e-01,1.091361284255981445e+00,-4.931682348251342773e-01,1.801384240388870239e-01,6.059945002198219299e-02,-3.578110223047022143e-02,-1.056662284725018441e-01,3.283482353256213238e-03,1.000000000000000000e+00,2.616937398910522461e+00,3.907025456428527832e-01,1.011116504669189453e+00,-4.679011702537536621e-01,-2.419732362031936646e-01,1.272960156202316284e-01,1.159404268954219164e-01,-6.953814479882058919e-02,-8.093026277549028591e-03,1.000000000000000000e+00,1.822599470615386963e-01,2.000000029802322388e-01,-1.000000014901161194e-01,4.301197230815887451e-01,4.012409225106239319e-02,1.999313831329345703e-01,-1.000000014901161194e-01,4.457373023033142090e-01,-1.888012886047363281e-02,-5.982613563537597656e-02,1.128911972045898438e-03,4.432593286037445068e-01,1.808252334594726562e-01,1.299166679382324219e-02,2.375125885009765625e-03,4.663989841938018799e-01
4.799999999999999822e-01,8.127519488334655762e-02,-5.431922078132629395e-01,1.202813029289245605e+00,6.548370122909545898e-01,-7.641072273254394531e-01,6.987619400024414062e-01,9.758660197257995605e-01,1.371520757675170898e-01,1.699265092611312866e-01,-1.003689840435981750e-01,9.728013873100280762e-01,-2.087670266628265381e-01,-1.939375549554824829e-01,1.866732835769653320e-01,9.630895256996154785e-01,-5.020508170127868652e-02,4.005990549921989441e-02,2.001774869859218597e-02,1.000000000000000000e+00,0.000000000000000000e+00,8.127519488334655762e-02,-5.431922078132629395e-01,1.202813029289245605e+00,6.548370122909545898e-01,-7.641072273254394531e-01,6.987619400024414062e-01,1.000000000000000000e+00,1.523635536432266235e-01,5.182033181190490723e-01,1.079108953475952148e+00,6.955395936965942383e-01,-2.642597258090972900e-01,6.108080744743347168e-01,1.000000000000000000e+00,3.172802448272705078e+00,-5.792410969734191895e-01,1.092707991600036621e+00,-5.112386345863342285e-01,1.860716938972473145e-01,7.578121125698089600e-02,1.000000000000000000e+00,2.607477903366088867e+00,3.856460750102996826e-01,1.013863325119018555e+00,-4.787127375602722168e-01,-2.664269506931304932e-01,1.498700231313705444e-01,1.000000000000000000e+00,0.000000000000000000e+00,1.000000000000000000e+00,1.000000000000000000e+00,0.000000000000000000e+00,1.523635536432266235e-01,5.182033181190490723e-01,1.079108953475952148e+00,6.955395936965942383e-01,-2.642597258090972900e-01,6.108080744743347168e-01,9.760101437568664551e-01,1.080014631152153015e-01,1.890505403280258179e-01,-9.924409538507461548e-02,9.935298562049865723e-01,-5.522033944725990295e-02,-1.937911957502365112e-01,3.513345494866371155e-02,9.804136157035827637e-01,2.225867100059986115e-02,3.816224262118339539e-02,1.631544902920722961e-02,0.000000000000000000e+00,1.000000000000000000e+00,8.127519488334655762e-02,-5.431922078132629395e-01,1.202813029289245605e+00,6.548370122909545898e-01,-7.641072273254394531e-01,6.987619400024414062e-01,1.000000000000000000e+00,1.523635536432266235e-01,5.182033181190490723e-01,1.079108953475952148e+00,6.955395936965942383e-01,-2.642597258090972900e-01,6.108080744743347168e-01,1.000000000000000000e+00,3.172802448272705078e+00,-5.792410969734191895e-01,1.092707991600036621e+00,-5.112386345863342285e-01,1.860716938972473145e-01,7.578121125698089600e-02,1.000000000000000000e+00,2.607477903366088867e+00,3.856460750102996826e-01,1.013863325119018555e+00,-4.787127375602722168e-01,-2.664269506931304932e-01,1.498700231313705444e-01,1.000000000000000000e+00,0.000000000000000000e+00,1.000000000000000000e+00,1.000000000000000000e+00,0.000000000000000000e+00,3.172802448272705078e+00,-5.792410969734191895e-01,1.092707991600036621e+00,-5.112386345863342285e-01,1.860716938972473145e-01,7.578121125698089600e-02,-3.347185880612454922e-02,-9.963535872930195936e-02,2.767354851168338584e-03,1.000000000000000000e+00,2.607477903366088867e+00,3.856460750102996826e-01,1.013863325119018555e+00,-4.787127375602722168e-01,-2.664269506931304932e-01,1.498700231313705444e-01,1.244102838437305958e-01,-5.867543943920638938e-02,-7.309996971345343597e-03,1.000000000000000000e+00,1.757177561521530151e-01,2.000000029802322388e-01,-1.000000014901161194e-01,4.218451380729675293e-01,4.472026228904724121e-02,1.999999731779098511e-01,-1.000000014901161194e-01,4.437297284603118896e-01,-1.738786697387695312e-02,-5.418658256530761719e-02,9.417533874511718750e-04,4.450406134128570557e-01,1.902482509613037109e-01,2.400279045104980469e-02,4.621982574462890625e-03,4.679477214813232422e-01
5.000000000000000000e-01,9.465119242668151855e-02,-5.588189959526062012e-01,1.216808795928955078e+00,6.857502460479736328e-01,-8.021622300148010254e-01,7.004076242446899414e-01,9.757891893386840820e-01,1.365207731723785400e-01,1.708732843399047852e-01,-9.985352307558059692e-02,9.731684923171997070e-01,-2.072981595993041992e-01,-1.945889890193939209e-01,1.852169930934906006e-01,9.632392525672912598e-01,-1.114522144198417664e-01,3.432315215468406677e-02,1.663743704557418823e-02,1.000000000000000000e+00,0.000000000000000000e+00,9.465119242668151855e-02,-5.588189959526062012e-01,1.216808795928955078e+00,6.857502460479736328e-01,-8.021622300148010254e-01,7.004076242446899414e-01,1.000000000000000000e+00,1.665907502174377441e-01,5.128296613693237305e-01,1.091403365135192871e+00,7.306432723999023438e-01,-2.741048336029052734e-01,6.193264126777648926e-01,1.000000000000000000e+00,3.162424564361572266e+00,-5.754697918891906738e-01,1.094367861747741699e+00,-5.279909372329711914e-01,1.915248781442642212e-01,9.200588613748550415e-02,1.000000000000000000e+00,2.597824096679687500e+00,3.800834417343139648e-01,1.017073035240173340e+00,-4.871068000793457031e-01,-2.927864491939544678e-01,1.736410260200500488e-01,1.000000000000000000e+00,0.000000000000000000e+00,1.000000000000000000e+00,1.000000000000000000e+00,0.000000000000000000e+00,1.665907502174377441e-01,5.128296613693237305e-01,1.091403365135192871e+00,7.306432723999023438e-01,-2.741048336029052734e-01,6.193264126777648926e-01,9.759072065353393555e-01,1.078511551022529602e-01,1.896665841341018677e-01,-9.890971332788467407e-02,9.935182929039001465e-01,-5.602141469717025757e-02,-1.944791823625564575e-01,3.591182827949523926e-02,9.802491068840026855e-01,5.438251793384552002e-02,3.284566104412078857e-02,1.308979187160730362e-02,0.000000000000000000e+00,1.000000000000000000e+00,9.465119242668151855e-02,-5.588189959526062012e-01,1.216808795928955078e+00,6.857502460479736328e-01,-8.021622300148010254e-01,7.004076242446899414e-01,1.000000000000000000e+00,1.665907502174377441e-01,5.128296613693237305e-01,1.091403365135192871e+00,7.306432723999023438e-01,-2.741048336029052734e-01,6.193264126777648926e-01,1.000000000000000000e+00,3.162424564361572266e+00,-5.754697918891906738e-01,1.094367861747741699e+00,-5.279909372329711914e-01,1.915248781442642212e-01,9.200588613748550415e-02,1.000000000000000000e+00,2.597824096679687500e+00,3.800834417343139648e-01,1.017073035240173340e+00,-4.871068000793457031e-01,-2.927864491939544678e-01,1.736410260200500488e-01,1.000000000000000000e+00,0.000000000000000000e+00,1.000000000000000000e+00,1.000000000000000000e+00,0.000000000000000000e+00,3.162424564361572266e+00,-5.754697918891906738e-01,1.094367861747741699e+00,-5.279909372329711914e-01,1.915248781442642212e-01,9.200588613748550415e-02,-3.125615954239358701e-02,-9.359560446248349486e-02,2.324820301197226893e-03,1.000000000000000000e+00,2.597824096679687500e+00,3.800834417343139648e-01,1.017073035240173340e+00,-4.871068000793457031e-01,-2.927864491939544678e-01,1.736410260200500488e-01,1.330372373597902003e-01,-4.770482559988287186e-02,-6.337735161918045534e-03,1.000000000000000000e+00,1.663517206907272339e-01,1.999999433755874634e-01,-1.000000014901161194e-01,4.151137173175811768e-01,4.937457293272018433e-02,1.999935060739517212e-01,-1.000000014901161194e-01,4.415551722049713135e-01,-1.607322692871093750e-02,-4.890227317810058594e-02,7.858276367187500000e-04,4.466692805290222168e-01,1.991827487945556641e-01,3.449034690856933594e-02,6.960630416870117188e-03,4.688560366630554199e-01
5.200000000000000178e-01,1.086399033665657043e-01,-5.751944780349731445e-01,1.230807900428771973e+00,7.160493135452270508e-01,-8.388143181800842285e-01,6.987946629524230957e-01,9.757207036018371582e-01,1.357702612876892090e-01,1.718596667051315308e-01,-9.942511469125747681e-02,9.737441539764404297e-01,-2.047854512929916382e-01,-1.951511055231094360e-01,1.827262192964553833e-01,9.636012315750122070e-01,-1.569630950689315796e-01,2.946430817246437073e-02,1.350369118154048920e-02,1.000000000000000000e+00,0.000000000000000000e+00,1.086399033665657043e-01,-5.751944780349731445e-01,1.230807900428771973e+00,7.160493135452270508e-01,-8.388143181800842285e-01,6.987946629524230957e-01,1.000000000000000000e+00,1.815173178911209106e-01,5.072582364082336426e-01,1.103859663009643555e+00,7.654372453689575195e-01,-2.840567827224731445e-01,6.269021630287170410e-01,1.000000000000000000e+00,3.151723623275756836e+00,-5.715936422348022461e-01,1.096361279487609863e+00,-5.434213876724243164e-01,1.965142041444778442e-01,1.092095300555229187e-01,1.000000000000000000e+00,2.588024377822875977e+00,3.739764094352722168e-01,1.020766854286193848e+00,-4.930394291877746582e-01,-3.210579454898834229e-01,1.983605325222015381e-01,1.000000000000000000e+00,0.000000000000000000e+00,1.000000000000000000e+00,1.000000000000000000e+00,0.000000000000000000e+00,1.815173178911209106e-01,5.072582364082336426e-01,1.103859663009643555e+00,7.654372453689575195e-01,-2.840567827224731445e-01,6.269021630287170410e-01,9.758150577545166016e-01,1.078772619366645813e-01,1.901247352361679077e-01,-9.864119440317153931e-02,9.934651255607604980e-01,-5.741881579160690308e-02,-1.950764805078506470e-01,3.727601468563079834e-02,9.800794124603271484e-01,8.233303576707839966e-02,2.863299660384654999e-02,1.019174419343471527e-02,0.000000000000000000e+00,1.000000000000000000e+00,1.086399033665657043e-01,-5.751944780349731445e-01,1.230807900428771973e+00,7.160493135452270508e-01,-8.388143181800842285e-01,6.987946629524230957e-01,1.000000000000000000e+00,1.815173178911209106e-01,5.072582364082336426e-01,1.103859663009643555e+00,7.654372453689575195e-01,-2.840567827224731445e-01,6.269021630287170410e-01,1.000000000000000000e+00,3.151723623275756836e+00,-5.715936422348022461e-01,1.096361279487609863e+00,-5.434213876724243164e-01,1.965142041444778442e-01,1.092095300555229187e-01,1.000000000000000000e+00,2.588024377822875977e+00,3.739764094352722168e-01,1.020766854286193848e+00,-4.930394291877746582e-01,-3.210579454898834229e-01,1.983605325222015381e-01,1.000000000000000000e+00,0.000000000000000000e+00,1.000000000000000000e+00,1.000000000000000000e+00,0.000000000000000000e+00,3.151723623275756836e+00,-5.715936422348022461e-01,1.096361279487609863e+00,-5.434213876724243164e-01,1.965142041444778442e-01,1.092095300555229187e-01,-2.914747679231267236e-02,-8.760041797118622853e-02,1.950078550236444136e-03,1.000000000000000000e+00,2.588024377822875977e+00,3.739764094352722168e-01,1.020766854286193848e+00,-4.930394291877746582e-01,-3.210579454898834229e-01,1.983605325222015381e-01,1.417370316285197496e-01,-3.671455859752703610e-02,-5.167156026093078225e-03,1.000000000000000000e+00,1.551140993833541870e-01,1.999999880790710449e-01,-1.000000014901161194e-01,4.106860756874084473e-01,5.369163677096366882e-02,1.999841183423995972e-01,-1.000000014901161194e-01,4.394870102405548096e-01,-1.490068435668945312e-02,-4.397845268249511719e-02,6.551742553710937500e-04,4.481246471405029297e-01,2.000000029802322388e-01,4.442143440246582031e-02,9.349822998046875000e-03,4.690994918346405029e-01
5.400000000000000355e-01,1.232293322682380676e-01,-5.922895073890686035e-01,1.244747042655944824e+00,7.457768321037292480e-01,-8.739404678344726562e-01,6.941964030265808105e-01,9.756589531898498535e-01,1.349214464426040649e-01,1.728756427764892578e-01,-9.907510876655578613e-02,9.744874238967895508e-01,-2.013917565345764160e-01,-1.956371665000915527e-01,1.793619692325592041e-01,9.641346335411071777e-01,-2.038728743791580200e-01,2.522092126309871674e-02,1.071909256279468536e-02,1.000000000000000000e+00,0.000000000000000000e+00,1.232293322682380676e-01,-5.922895073890686035e-01,1.244747042655944824e+00,7.457768321037292480e-01,-8.739404678344726562e-01,6.941964030265808105e-01,1.000000000000000000e+00,1.971366703510284424e-01,5.014860033988952637e-01,1.116458773612976074e+00,7.998821139335632324e-01,-2.942266464233398438e-01,6.334905624389648438e-01,1.000000000000000000e+00,3.140725851058959961e+00,-5.676217079162597656e-01,1.098706960678100586e+00,-5.575395226478576660e-01,2.010600268840789795e-01,1.273204088211059570e-01,1.000000000000000000e+00,2.578128337860107422e+00,3.672868609428405762e-01,1.024961709976196289e+00,-4.964933991432189941e-01,-3.512151539325714111e-01,2.237563580274581909e-01,1.000000000000000000e+00,0.000000000000000000e+00,1.000000000000000000e+00,1.000000000000000000e+00,0.000000000000000000e+00,1.971366703510284424e-01,5.014860033988952637e-01,1.116458773612976074e+00,7.998821139335632324e-01,-2.942266464233398438e-01,6.334905624389648438e-01,9.757324457168579102e-01,1.080525889992713928e-01,1.904492378234863281e-01,-9.843053668737411499e-02,9.933751821517944336e-01,-5.930655077099800110e-02,-1.955957710742950439e-01,3.912130370736122131e-02,9.799040555953979492e-01,1.036079302430152893e-01,2.468051575124263763e-02,7.686492521315813065e-03,0.000000000000000000e+00,1.000000000000000000e+00,1.232293322682380676e-01,-5.922895073890686035e-01,1.244747042655944824e+00,7.457768321037292480e-01,-8.739404678344726562e-01,6.941964030265808105e-01,1.000000000000000000e+00,1.971366703510284424e-01,5.014860033988952637e-01,1.116458773612976074e+00,7.998821139335632324e-01,-2.942266464233398438e-01,6.334905624389648438e-01,1.000000000000000000e+00,3.140725851058959961e+00,-5.676217079162597656e-01,1.098706960678100586e+00,-5.575395226478576660e-01,2.010600268840789795e-01,1.273204088211059570e-01,1.000000000000000000e+00,2.578128337860107422e+00,3.672868609428405762e-01,1.024961709976196289e+00,-4.964933991432189941e-01,-3.512151539325714111e-01,2.237563580274581909e-01,1.000000000000000000e+00,0.000000000000000000e+00,1.000000000000000000e+00,1.000000000000000000e+00,0.000000000000000000e+00,3.140725851058959961e+00,-5.676217079162597656e-01,1.098706960678100586e+00,-5.575395226478576660e-01,2.010600268840789795e-01,1.273204088211059570e-01,-2.716334112111663465e-02,-8.171595457545954844e-02,1.636673466994972154e-03,1.000000000000000000e+00,2.578128337860107422e+00,3.672868609428405762e-01,1.024961709976196289e+00,-4.964933991432189941e-01,-3.512151539325714111e-01,2.237563580274581909e-01,1.503268746362439456e-01,-2.580820315958298750e-02,-3.792171956726889115e-03,1.000000000000000000e+00,1.423096656799316406e-01,1.999999880790710449e-01,-1.000000014901161194e-01,4.074490368366241455e-01,5.797436460852622986e-02,1.926028132438659668e-01,-1.000000014901161194e-01,4.375062584877014160e-01,-1.383471488952636719e-02,-3.941845893859863281e-02,5.452632904052734375e-04,4.493888616561889648e-01,2.000000029802322388e-01,5.378746986389160156e-02,1.175189018249511719e-02,4.686973989009857178e-01
5.600000000000000533e-01,1.384087055921554565e-01,-6.100727915763854980e-01,1.258570551872253418e+00,7.750058770179748535e-01,-9.074624776840209961e-01,6.870416998863220215e-01,9.756031632423400879e-01,1.339400857686996460e-01,1.739495247602462769e-01,-9.879383444786071777e-02,9.754178524017333984e-01,-1.969765126705169678e-01,-1.960565298795700073e-01,1.749857664108276367e-01,9.648532271385192871e-01,-2.622609734535217285e-01,2.151177637279033661e-02,8.324632421135902405e-03,1.000000000000000000e+00,0.000000000000000000e+00,1.384087055921554565e-01,-6.100727915763854980e-01,1.258570551872253418e+00,7.750058770179748535e-01,-9.074624776840209961e-01,6.870416998863220215e-01,1.000000000000000000e+00,2.134415358304977417e-01,4.955077171325683594e-01,1.129180312156677246e+00,8.339433670043945312e-01,-3.046979904174804688e-01,6.390760540962219238e-01,1.000000000000000000e+00,3.129457950592041016e+00,-5.635628104209899902e-01,1.101422429084777832e+00,-5.703688859939575195e-01,2.051865905523300171e-01,1.462590396404266357e-01,1.000000000000000000e+00,2.568185329437255859e+00,3.599779307842254639e-01,1.029668450355529785e+00,-4.974804818630218506e-01,-3.831330835819244385e-01,2.495494931936264038e-01,1.000000000000000000e+00,0.000000000000000000e+00,1.000000000000000000e+00,1.000000000000000000e+00,0.000000000000000000e+00,2.134415358304977417e-01,4.955077171325683594e-01,1.129180312156677246e+00,8.339433670043945312e-01,-3.046979904174804688e-01,6.390760540962219238e-01,9.756879210472106934e-01,1.083299815654754639e-01,1.905197203159332275e-01,-9.826432168483734131e-02,9.932559728622436523e-01,-6.153737753629684448e-02,-1.959011852741241455e-01,4.131998121738433838e-02,9.797527790069580078e-01,1.189050301909446716e-01,-2.583055058494210243e-03,6.997406017035245895e-03,0.000000000000000000e+00,1.000000000000000000e+00,1.384087055921554565e-01,-6.100727915763854980e-01,1.258570551872253418e+00,7.750058770179748535e-01,-9.074624776840209961e-01,6.870416998863220215e-01,1.000000000000000000e+00,2.134415358304977417e-01,4.955077171325683594e-01,1.129180312156677246e+00,8.339433670043945312e-01,-3.046979904174804688e-01,6.390760540962219238e-01,1.000000000000000000e+00,3.129457950592041016e+00,-5.635628104209899902e-01,1.101422429084777832e+00,-5.703688859939575195e-01,2.051865905523300171e-01,1.462590396404266357e-01,1.000000000000000000e+00,2.568185329437255859e+00,3.599779307842254639e-01,1.029668450355529785e+00,-4.974804818630218506e-01,-3.831330835819244385e-01,2.495494931936264038e-01,1.000000000000000000e+00,0.000000000000000000e+00,1.000000000000000000e+00,1.000000000000000000e+00,0.000000000000000000e+00,3.129457950592041016e+00,-5.635628104209899902e-01,1.101422429084777832e+00,-5.703688859939575195e-01,2.051865905523300171e-01,1.462590396404266357e-01,-2.531364403050641310e-02,-7.599716492007901891e-02,1.377242882828153339e-03,1.000000000000000000e+00,2.568185329437255859e+00,3.599779307842254639e-01,1.029668450355529785e+00,-4.974804818630218506e-01,-3.831330835819244385e-01,2.495494931936264038e-01,1.581559718814816440e-01,-1.508017787734128312e-02,-2.211233353587915840e-03,1.000000000000000000e+00,1.280856430530548096e-01,1.999999731779098511e-01,-1.000000014901161194e-01,4.044801294803619385e-01,6.399781256914138794e-02,1.785438060760498047e-01,-1.000000014901161194e-01,4.360584914684295654e-01,-1.284050941467285156e-02,-3.522086143493652344e-02,4.522800445556640625e-04,4.504486322402954102e-01,2.000000029802322388e-01,6.259393692016601562e-02,1.413369178771972656e-02,4.676913917064666748e-01
5.799999999999999600e-01,1.541687697172164917e-01,-6.285112500190734863e-01,1.272230982780456543e+00,8.038150072097778320e-01,-9.392651915550231934e-01,6.777490973472595215e-01,9.755530953407287598e-01,1.327780932188034058e-01,1.751179993152618408e-01,-9.857150912284851074e-02,9.765644669532775879e-01,-1.913259774446487427e-01,-1.964178979396820068e-01,1.693869978189468384e-01,9.657785296440124512e-01,-3.289683163166046143e-01,1.833494566380977631e-02,6.323266774415969849e-03,1.000000000000000000e+00,0.000000000000000000e+00,1.541687697172164917e-01,-6.285112500190734863e-01,1.272230982780456543e+00,8.038150072097778320e-01,-9.392651915550231934e-01,6.777490973472595215e-01,1.000000000000000000e+00,2.304235249757766724e-01,4.893169403076171875e-01,1.142004966735839844e+00,8.675125837326049805e-01,-3.155221343040466309e-01,6.436902284622192383e-01,1.000000000000000000e+00,3.117944240570068359e+00,-5.594248175621032715e-01,1.104523539543151855e+00,-5.819433927536010742e-01,2.089196443557739258e-01,1.659387648105621338e-01,1.000000000000000000e+00,2.558244705200195312e+00,3.520168364048004150e-01,1.034892797470092773e+00,-4.960387945175170898e-01,-4.165238142013549805e-01,2.754829525947570801e-01,1.000000000000000000e+00,0.000000000000000000e+00,1.000000000000000000e+00,1.000000000000000000e+00,0.000000000000000000e+00,2.304235249757766724e-01,4.893169403076171875e-01,1.142004966735839844e+00,8.675125837326049805e-01,-3.155221343040466309e-01,6.436902284622192383e-01,9.758306145668029785e-01,1.086584776639938354e-01,1.895996928215026855e-01,-9.815399348735809326e-02,9.931132197380065918e-01,-6.396900117397308350e-02,-1.952447295188903809e-01,4.381293803453445435e-02,9.797754883766174316e-01,1.358084082603454590e-01,-8.156019449234008789e-02,8.626606315374374390e-03,0.000000000000000000e+00,1.000000000000000000e+00,1.541687697172164917e-01,-6.285112500190734863e-01,1.272230982780456543e+00,8.038150072097778320e-01,-9.392651915550231934e-01,6.777490973472595215e-01,1.000000000000000000e+00,2.304235249757766724e-01,4.893169403076171875e-01,1.142004966735839844e+00,8.675125837326049805e-01,-3.155221343040466309e-01,6.436902284622192383e-01,1.000000000000000000e+00,3.117944240570068359e+00,-5.594248175621032715e-01,1.104523539543151855e+00,-5.819433927536010742e-01,2.089196443557739258e-01,1.659387648105621338e-01,1.000000000000000000e+00,2.558244705200195312e+00,3.520168364048004150e-01,1.034892797470092773e+00,-4.960387945175170898e-01,-4.165238142013549805e-01,2.754829525947570801e-01,1.000000000000000000e+00,0.000000000000000000e+00,1.000000000000000000e+00,1.000000000000000000e+00,0.000000000000000000e+00,3.117944240570068359e+00,-5.594248175621032715e-01,1.104523539543151855e+00,-5.819433927536010742e-01,2.089196443557739258e-01,1.659387648105621338e-01,-2.359493976964322642e-02,-7.047727382132151774e-02,1.163832224375148730e-03,1.000000000000000000e+00,2.558244705200195312e+00,3.520168364048004150e-01,1.034892797470092773e+00,-4.960387945175170898e-01,-4.165238142013549805e-01,2.754829525947570801e-01,1.646189212232049282e-01,-4.596473132978173837e-03,-4.408499833771784004e-04,1.000000000000000000e+00,1.121947914361953735e-01,2.000000029802322388e-01,-1.000000014901161194e-01,4.019926786422729492e-01,7.216250151395797729e-02,1.582308113574981689e-01,-1.000000014901161194e-01,4.351105391979217529e-01,-1.188111305236816406e-02,-3.138375282287597656e-02,3.728866577148437500e-04,4.512959420680999756e-01,2.000000029802322388e-01,7.084703445434570312e-02,1.646780967712402344e-02,4.661370217800140381e-01
5.999999999999999778e-01,1.705017536878585815e-01,-6.475691795349121094e-01,1.285689115524291992e+00,8.322789072990417480e-01,-9.691927433013916016e-01,6.666814088821411133e-01,9.755077362060546875e-01,1.314060389995574951e-01,1.764009445905685425e-01,-9.839838743209838867e-02,9.779255390167236328e-01,-1.843353956937789917e-01,-1.967297643423080444e-01,1.624630242586135864e-01,9.669039845466613770e-01,-3.975526988506317139e-01,1.566267944872379303e-02,4.695198498666286469e-03,1.000000000000000000e+00,0.000000000000000000e+00,1.705017536878585815e-01,-6.475691795349121094e-01,1.285689115524291992e+00,8.322789072990417480e-01,-9.691927433013916016e-01,6.666814088821411133e-01,1.000000000000000000e+00,2.480705231428146362e-01,4.829062819480895996e-01,1.154914021492004395e+00,9.003022313117980957e-01,-3.267378211021423340e-01,6.474689245223999023e-01,1.000000000000000000e+00,3.106209993362426758e+00,-5.552156567573547363e-01,1.108024120330810547e+00,-5.923033356666564941e-01,2.122836560010910034e-01,1.862669289112091064e-01,1.000000000000000000e+00,2.548354148864746094e+00,3.433775305747985840e-01,1.040635347366333008e+00,-4.922268092632293701e-01,-4.510058462619781494e-01,3.013043403625488281e-01,1.000000000000000000e+00,0.000000000000000000e+00,1.000000000000000000e+00,1.000000000000000000e+00,0.000000000000000000e+00,2.480705231428146362e-01,4.829062819480895996e-01,1.154914021492004395e+00,9.003022313117980957e-01,-3.267378211021423340e-01,6.474689245223999023e-01,9.763659834861755371e-01,1.090040802955627441e-01,1.866217255592346191e-01,-9.811827540397644043e-02,9.929414987564086914e-01,-6.663384288549423218e-02,-1.925677955150604248e-01,4.674801230430603027e-02,9.801695346832275391e-01,1.656647771596908569e-01,-2.115991413593292236e-01,1.339048426598310471e-02,0.000000000000000000e+00,1.000000000000000000e+00,1.705017536878585815e-01,-6.475691795349121094e-01,1.285689115524291992e+00,8.322789072990417480e-01,-9.691927433013916016e-01,6.666814088821411133e-01,1.000000000000000000e+00,2.480705231428146362e-01,4.829062819480895996e-01,1.154914021492004395e+00,9.003022313117980957e-01,-3.267378211021423340e-01,6.474689245223999023e-01,1.000000000000000000e+00,3.106209993362426758e+00,-5.552156567573547363e-01,1.108024120330810547e+00,-5.923033356666564941e-01,2.122836560010910034e-01,1.862669289112091064e-01,1.000000000000000000e+00,2.548354148864746094e+00,3.433775305747985840e-01,1.040635347366333008e+00,-4.922268092632293701e-01,-4.510058462619781494e-01,3.013043403625488281e-01,1.000000000000000000e+00,0.000000000000000000e+00,1.000000000000000000e+00,1.000000000000000000e+00,0.000000000000000000e+00,3.106209993362426758e+00,-5.552156567573547363e-01,1.108024120330810547e+00,-5.923033356666564941e-01,2.122836560010910034e-01,1.862669289112091064e-01,-2.199302448895418954e-02,-6.517307278664574710e-02,9.885436484630069631e-04,1.000000000000000000e+00,2.548354148864746094e+00,3.433775305747985840e-01,1.040635347366333008e+00,-4.922268092632293701e-01,-4.510058462619781494e-01,3.013043403625488281e-01,1.696506610406213755e-01,5.605500004848051887e-03,1.497645446285875148e-03,1.000000000000000000e+00,9.474762529134750366e-02,2.000000029802322388e-01,-1.000000014901161194e-01,3.992601037025451660e-01,8.364514261484146118e-02,1.312736123800277710e-01,-1.000000014901161194e-01,4.346477687358856201e-01,-1.090550422668457031e-02,-2.790999412536621094e-02,3.044605255126953125e-04,4.519317448139190674e-01,2.000000029802322388e-01,7.854914665222167969e-02,1.872968673706054688e-02,4.641083478927612305e-01
6.199999999999999956e-01,1.874014139175415039e-01,-6.672074794769287109e-01,1.298912048339843750e+00,8.604626059532165527e-01,-9.970693588256835938e-01,6.541281342506408691e-01,9.754666090011596680e-01,1.298113316297531128e-01,1.778032630681991577e-01,-9.826548397541046143e-02,9.794745445251464844e-01,-1.759933978319168091e-01,-1.969996839761734009e-01,1.542037576436996460e-01,9.682006239891052246e-01,-4.654030501842498779e-01,1.341419667005538940e-02,3.403914161026477814e-03,1.000000000000000000e+00,0.000000000000000000e+00,1.874014139175415039e-01,-6.672074794769287109e-01,1.298912048339843750e+00,8.604626059532165527e-01,-9.970693588256835938e-01,6.541281342506408691e-01,1.000000000000000000e+00,2.663628160953521729e-01,4.762672781944274902e-01,1.167892694473266602e+00,9.318272471427917480e-01,-3.384138345718383789e-01,6.506243944168090820e-01,1.000000000000000000e+00,3.094279050827026367e+00,-5.509422421455383301e-01,1.111936450004577637e+00,-6.014930605888366699e-01,2.153000235557556152e-01,2.071462571620941162e-01,1.000000000000000000e+00,2.538560628890991211e+00,3.340414166450500488e-01,1.046891331672668457e+00,-4.861190319061279297e-01,-4.862319827079772949e-01,3.267517387866973877e-01,1.000000000000000000e+00,0.000000000000000000e+00,1.000000000000000000e+00,1.000000000000000000e+00,0.000000000000000000e+00,2.663628160953521729e-01,4.762672781944274902e-01,1.167892694473266602e+00,9.318272471427917480e-01,-3.384138345718383789e-01,6.506243944168090820e-01,9.774425625801086426e-01,1.093450784683227539e-01,1.806931048631668091e-01,-9.815523028373718262e-02,9.927220344543457031e-01,-6.977672874927520752e-02,-1.870077401399612427e-01,5.046676471829414368e-02,9.810613989830017090e-01,2.160992175340652466e-01,-3.755875527858734131e-01,2.223284170031547546e-02,0.000000000000000000e+00,1.000000000000000000e+00,1.874014139175415039e-01,-6.672074794769287109e-01,1.298912048339843750e+00,8.604626059532165527e-01,-9.970693588256835938e-01,6.541281342506408691e-01,1.000000000000000000e+00,2.663628160953521729e-01,4.762672781944274902e-01,1.167892694473266602e+00,9.318272471427917480e-01,-3.384138345718383789e-01,6.506243944168090820e-01,1.000000000000000000e+00,3.094279050827026367e+00,-5.509422421455383301e-01,1.111936450004577637e+00,-6.014930605888366699e-01,2.153000235557556152e-01,2.071462571620941162e-01,1.000000000000000000e+00,2.538560628890991211e+00,3.340414166450500488e-01,1.046891331672668457e+00,-4.861190319061279297e-01,-4.862319827079772949e-01,3.267517387866973877e-01,1.000000000000000000e+00,0.000000000000000000e+00,1.000000000000000000e+00,1.000000000000000000e+00,0.000000000000000000e+00,3.094279050827026367e+00,-5.509422421455383301e-01,1.111936450004577637e+00,-6.014930605888366699e-01,2.153000235557556152e-01,2.071462571620941162e-01,-2.048891369123687078e-02,-6.009654838169642410e-02,8.441107198554603092e-04,1.000000000000000000e+00,2.538560628890991211e+00,3.340414166450500488e-01,1.046891331672668457e+00,-4.861190319061279297e-01,-4.862319827079772949e-01,3.267517387866973877e-01,1.736706635917529828e-01,1.549688128408899246e-02,3.573825486907558635e-03,1.000000000000000000e+00,7.538738101720809937e-02,1.999999880790710449e-01,-1.000000014901161194e-01,3.961090445518493652e-01,1.020139604806900024e-01,1.026821136474609375e-01,-1.000000014901161194e-01,4.316170513629913330e-01,-9.835958480834960938e-03,-2.481174468994140625e-02,2.441406250000000000e-04,4.523636996746063232e-01,2.000000029802322388e-01,8.569908142089843750e-02,2.089571952819824219e-02,4.616883695125579834e-01
6.400000000000000133e-01,2.048625797033309937e-01,-6.873834729194641113e-01,1.311871886253356934e+00,8.884115219116210938e-01,-1.022704124450683594e+00,6.402651071548461914e-01,9.754294753074645996e-01,1.279838979244232178e-01,1.793252825736999512e-01,-9.816490113735198975e-02,9.811767339706420898e-01,-1.663005203008651733e-01,-1.972335875034332275e-01,1.446109861135482788e-01,9.696322083473205566e-01,-5.342947244644165039e-01,1.149315107613801956e-02,2.406095387414097786e-03,1.000000000000000000e+00,0.000000000000000000e+00,2.048625797033309937e-01,-6.873834729194641113e-01,1.311871886253356934e+00,8.884115219116210938e-01,-1.022704124450683594e+00,6.402651071548461914e-01,1.000000000000000000e+00,2.852695584297180176e-01,4.693897366523742676e-01,1.180929541587829590e+00,9.614308476448059082e-01,-3.506763875484466553e-01,6.532338261604309082e-01,1.000000000000000000e+00,3.082174539566040039e+00,-5.466114878654479980e-01,1.116270542144775391e+00,-6.095608472824096680e-01,2.179864346981048584e-01,2.284766584634780884e-01,1.000000000000000000e+00,2.528909444808959961e+00,3.239958584308624268e-01,1.053650856018066406e+00,-4.778063595294952393e-01,-5.219665765762329102e-01,3.515658676624298096e-01,1.000000000000000000e+00,0.000000000000000000e+00,1.000000000000000000e+00,1.000000000000000000e+00,0.000000000000000000e+00,2.852695584297180176e-01,4.693897366523742676e-01,1.180929541587829590e+00,9.614308476448059082e-01,-3.506763875484466553e-01,6.532338261604309082e-01,9.790974259376525879e-01,1.096575409173965454e-01,1.712997108697891235e-01,-9.822791814804077148e-02,9.924196004867553711e-01,-7.385643571615219116e-02,-1.781000941991806030e-01,5.548622459173202515e-02,9.824468493461608887e-01,3.001444041728973389e-01,-5.453335642814636230e-01,3.601573407649993896e-02,0.000000000000000000e+00,1.000000000000000000e+00,2.048625797033309937e-01,-6.873834729194641113e-01,1.311871886253356934e+00,8.884115219116210938e-01,-1.022704124450683594e+00,6.402651071548461914e-01,1.000000000000000000e+00,2.852695584297180176e-01,4.693897366523742676e-01,1.180929541587829590e+00,9.614308476448059082e-01,-3.506763875484466553e-01,6.532338261604309082e-01,1.000000000000000000e+00,3.082174539566040039e+00,-5.466114878654479980e-01,1.116270542144775391e+00,-6.095608472824096680e-01,2.179864346981048584e-01,2.284766584634780884e-01,1.000000000000000000e+00,2.528909444808959961e+00,3.239958584308624268e-01,1.053650856018066406e+00,-4.778063595294952393e-01,-5.219665765762329102e-01,3.515658676624298096e-01,1.000000000000000000e+00,0.000000000000000000e+00,1.000000000000000000e+00,1.000000000000000000e+00,0.000000000000000000e+00,3.082174539566040039e+00,-5.466114878654479980e-01,1.116270542144775391e+00,-6.095608472824096680e-01,2.179864346981048584e-01,2.284766584634780884e-01,-1.906166653658174920e-02,-5.526303085428141415e-02,7.241511083423118195e-04,1.000000000000000000e+00,2.528909444808959961e+00,3.239958584308624268e-01,1.053650856018066406e+00,-4.778063595294952393e-01,-5.219665765762329102e-01,3.515658676624298096e-01,1.771807438367961618e-01,2.503983248986818566e-02,5.752097839050548944e-03,1.000000000000000000e+00,5.458970740437507629e-02,1.999999880790710449e-01,-1.000000014901161194e-01,3.936804831027984619e-01,1.204115897417068481e-01,7.227868586778640747e-02,-1.000000014901161194e-01,4.341120123863220215e-01,-8.560419082641601562e-03,-2.211546897888183594e-02,1.893043518066406250e-04,4.525816142559051514e-01,2.000000029802322388e-01,9.228897094726562500e-02,2.294087409973144531e-02,4.589460790157318115e-01
6.600000000000000311e-01,2.228809297084808350e-01,-7.080506086349487305e-01,1.324543833732604980e+00,9.161680340766906738e-01,-1.045902967453002930e+00,6.252395510673522949e-01,9.753960371017456055e-01,1.259056478738784790e-01,1.809707283973693848e-01,-9.808994829654693604e-02,9.829994440078735352e-01,-1.552109420299530029e-01,-1.974360644817352295e-01,1.336407363414764404e-01,9.711638092994689941e-01,-6.057618260383605957e-01,9.837832301855087280e-03,1.654027029871940613e-03,1.000000000000000000e+00,0.000000000000000000e+00,2.228809297084808350e-01,-7.080506086349487305e-01,1.324543833732604980e+00,9.161680340766906738e-01,-1.045902967453002930e+00,6.252395510673522949e-01,1.000000000000000000e+00,3.047460615634918213e-01,4.622599780559539795e-01,1.194014787673950195e+00,9.884449839591979980e-01,-3.637838065624237061e-01,6.555299758911132812e-01,1.000000000000000000e+00,3.069918394088745117e+00,-5.422300696372985840e-01,1.121034622192382812e+00,-6.165601611137390137e-01,2.203559875488281250e-01,2.501559853553771973e-01,1.000000000000000000e+00,2.519443511962890625e+00,3.132321536540985107e-01,1.060899138450622559e+00,-4.673976898193359375e-01,-5.580604672431945801e-01,3.754757940769195557e-01,1.000000000000000000e+00,0.000000000000000000e+00,1.000000000000000000e+00,1.000000000000000000e+00,0.000000000000000000e+00,3.047460615634918213e-01,4.622599780559539795e-01,1.194014787673950195e+00,9.884449839591979980e-01,-3.637838065624237061e-01,6.555299758911132812e-01,9.812206029891967773e-01,1.099198237061500549e-01,1.585051417350769043e-01,-9.827702492475509644e-02,9.919759035110473633e-01,-7.953296601772308350e-02,-1.659755110740661621e-01,6.246196851134300232e-02,9.841497540473937988e-01,4.061257541179656982e-01,-6.951781511306762695e-01,5.341181159019470215e-02,0.000000000000000000e+00,1.000000000000000000e+00,2.228809297084808350e-01,-7.080506086349487305e-01,1.324543833732604980e+00,9.161680340766906738e-01,-1.045902967453002930e+00,6.252395510673522949e-01,1.000000000000000000e+00,3.047460615634918213e-01,4.622599780559539795e-01,1.194014787673950195e+00,9.884449839591979980e-01,-3.637838065624237061e-01,6.555299758911132812e-01,1.000000000000000000e+00,3.069918394088745117e+00,-5.422300696372985840e-01,1.121034622192382812e+00,-6.165601611137390137e-01,2.203559875488281250e-01,2.501559853553771973e-01,1.000000000000000000e+00,2.519443511962890625e+00,3.132321536540985107e-01,1.060899138450622559e+00,-4.673976898193359375e-01,-5.580604672431945801e-01,3.754757940769195557e-01,1.000000000000000000e+00,0.000000000000000000e+00,1.000000000000000000e+00,1.000000000000000000e+00,0.000000000000000000e+00,3.069918394088745117e+00,-5.422300696372985840e-01,1.121034622192382812e+00,-6.165601611137390137e-01,2.203559875488281250e-01,2.501559853553771973e-01,-1.768562658788538564e-02,-5.069301617779586877e-02,6.231336501936052263e-04,1.000000000000000000e+00,2.519443511962890625e+00,3.132321536540985107e-01,1.060899138450622559e+00,-4.673976898193359375e-01,-5.580604672431945801e-01,3.754757940769195557e-01,1.804015386330536930e-01,3.418826113688799850e-02,7.999011594806912373e-03,1.000000000000000000e+00,3.139230981469154358e-02,1.999999880790710449e-01,-1.000000014901161194e-01,3.921333849430084229e-01,1.376199871301651001e-01,4.452741518616676331e-02,-1.000000014901161194e-01,4.322897195816040039e-01,-6.923913955688476562e-03,-1.986193656921386719e-02,1.375675201416015625e-04,4.525988101959228516e-01,2.000000029802322388e-01,9.831070899963378906e-02,2.483820915222167969e-02,4.559398293495178223e-01
6.800000000000000488e-01,2.414530515670776367e-01,-7.291583418846130371e-01,1.336906194686889648e+00,9.437869787216186523e-01,-1.066476464271545410e+00,6.092579960823059082e-01,9.753661751747131348e-01,1.235553622245788574e-01,1.827430278062820435e-01,-9.803503751754760742e-02,9.849046468734741211e-01,-1.426603943109512329e-01,-1.976108998060226440e-01,1.212308928370475769e-01,9.727554321289062500e-01,-6.813964247703552246e-01,8.411773480474948883e-03,1.104730647057294846e-03,1.000000000000000000e+00,0.000000000000000000e+00,2.414530515670776367e-01,-7.291583418846130371e-01,1.336906194686889648e+00,9.437869787216186523e-01,-1.066476464271545410e+00,6.092579960823059082e-01,1.000000000000000000e+00,3.247351646423339844e-01,4.548577666282653809e-01,1.207145690917968750e+00,1.012275218963623047e+00,-3.780973851680755615e-01,6.577739119529724121e-01,1.000000000000000000e+00,3.057531833648681641e+00,-5.378038287162780762e-01,1.126234769821166992e+00,-6.225502490997314453e-01,2.224157154560089111e-01,2.720808386802673340e-01,1.000000000000000000e+00,2.510204076766967773e+00,3.017443120479583740e-01,1.068615555763244629e+00,-4.550180435180664062e-01,-5.943837761878967285e-01,3.982273936271667480e-01,1.000000000000000000e+00,0.000000000000000000e+00,1.000000000000000000e+00,1.000000000000000000e+00,0.000000000000000000e+00,3.247351646423339844e-01,4.548577666282653809e-01,1.207145690917968750e+00,1.012275218963623047e+00,-3.780973851680755615e-01,6.577739119529724121e-01,9.836214780807495117e-01,1.100128814578056335e-01,1.427794247865676880e-01,-9.825298935174942017e-02,9.913536310195922852e-01,-8.697276562452316284e-02,-1.511130183935165405e-01,7.151976972818374634e-02,9.859258532524108887e-01,4.979762434959411621e-01,-8.114826679229736328e-01,7.350727915763854980e-02,0.000000000000000000e+00,1.000000000000000000e+00,2.414530515670776367e-01,-7.291583418846130371e-01,1.336906194686889648e+00,9.437869787216186523e-01,-1.066476464271545410e+00,6.092579960823059082e-01,1.000000000000000000e+00,3.247351646423339844e-01,4.548577666282653809e-01,1.207145690917968750e+00,1.012275218963623047e+00,-3.780973851680755615e-01,6.577739119529724121e-01,1.000000000000000000e+00,3.057531833648681641e+00,-5.378038287162780762e-01,1.126234769821166992e+00,-6.225502490997314453e-01,2.224157154560089111e-01,2.720808386802673340e-01,1.000000000000000000e+00,2.510204076766967773e+00,3.017443120479583740e-01,1.068615555763244629e+00,-4.550180435180664062e-01,-5.943837761878967285e-01,3.982273936271667480e-01,1.000000000000000000e+00,0.000000000000000000e+00,1.000000000000000000e+00,1.000000000000000000e+00,0.000000000000000000e+00,3.057531833648681641e+00,-5.378038287162780762e-01,1.126234769821166992e+00,-6.225502490997314453e-01,2.224157154560089111e-01,2.720808386802673340e-01,-1.632360285628889351e-02,-4.641022038949071948e-02,5.362369823589258067e-04,1.000000000000000000e+00,2.510204076766967773e+00,3.017443120479583740e-01,1.068615555763244629e+00,-4.550180435180664062e-01,-5.943837761878967285e-01,3.982273936271667480e-01,1.832703186088505687e-01,4.291465540880956553e-02,1.027551760616135512e-02,1.000000000000000000e+00,6.341922562569379807e-03,2.000000029802322388e-01,-1.000000014901161194e-01,3.907279372215270996e-01,1.559856086969375610e-01,1.599831506609916687e-02,-1.000000014901161194e-01,4.248797297477722168e-01,-4.739522933959960938e-03,-1.810097694396972656e-02,8.583068847656250000e-05,4.524399340152740479e-01,2.000000029802322388e-01,1.037576198577880859e-01,2.656197547912597656e-02,4.527282714843750000e-01
7.000000000000000666e-01,2.605767548084259033e-01,-7.506523728370666504e-01,1.348942041397094727e+00,9.713271856307983398e-01,-1.084222197532653809e+00,5.925331115722656250e-01,9.753395915031433105e-01,1.209046617150306702e-01,1.846477836370468140e-01,-9.799560159444808960e-02,9.868499636650085449e-01,-1.285461783409118652e-01,-1.977614909410476685e-01,1.072815060615539551e-01,9.743618965148925781e-01,-7.620050907135009766e-01,7.179778069257736206e-03,7.074979948811233044e-04,1.000000000000000000e+00,0.000000000000000000e+00,2.605767548084259033e-01,-7.506523728370666504e-01,1.348942041397094727e+00,9.713271856307983398e-01,-1.084222197532653809e+00,5.925331115722656250e-01,1.000000000000000000e+00,3.451680839061737061e-01,4.471562206745147705e-01,1.220318436622619629e+00,1.032366037368774414e+00,-3.938924372196197510e-01,6.595297455787658691e-01,1.000000000000000000e+00,3.045033931732177734e+00,-5.333392620086669922e-01,1.131875157356262207e+00,-6.275970339775085449e-01,2.241631448268890381e-01,2.941493391990661621e-01,1.000000000000000000e+00,2.501228809356689453e+00,2.895289957523345947e-01,1.076774954795837402e+00,-4.408015906810760498e-01,-6.307935118675231934e-01,4.196157455444335938e-01,1.000000000000000000e+00,0.000000000000000000e+00,1.000000000000000000e+00,1.000000000000000000e+00,0.000000000000000000e+00,3.451680839061737061e-01,4.471562206745147705e-01,1.220318436622619629e+00,1.032366037368774414e+00,-3.938924372196197510e-01,6.595297455787658691e-01,9.860855937004089355e-01,1.097252890467643738e-01,1.248834580183029175e-01,-9.809566289186477661e-02,9.905593395233154297e-01,-9.575876593589782715e-02,-1.342116147279739380e-01,8.217580616474151611e-02,9.875397086143493652e-01,5.593922734260559082e-01,-8.929486274719238281e-01,9.754703938961029053e-02,0.000000000000000000e+00,1.000000000000000000e+00,2.605767548084259033e-01,-7.506523728370666504e-01,1.348942041397094727e+00,9.713271856307983398e-01,-1.084222197532653809e+00,5.925331115722656250e-01,1.000000000000000000e+00,3.451680839061737061e-01,4.471562206745147705e-01,1.220318436622619629e+00,1.032366037368774414e+00,-3.938924372196197510e-01,6.595297455787658691e-01,1.000000000000000000e+00,3.045033931732177734e+00,-5.333392620086669922e-01,1.131875157356262207e+00,-6.275970339775085449e-01,2.241631448268890381e-01,2.941493391990661621e-01,1.000000000000000000e+00,2.501228809356689453e+00,2.895289957523345947e-01,1.076774954795837402e+00,-4.408015906810760498e-01,-6.307935118675231934e-01,4.196157455444335938e-01,1.000000000000000000e+00,0.000000000000000000e+00,1.000000000000000000e+00,1.000000000000000000e+00,0.000000000000000000e+00,3.045033931732177734e+00,-5.333392620086669922e-01,1.131875157356262207e+00,-6.275970339775085449e-01,2.241631448268890381e-01,2.941493391990661621e-01,-1.491956306646394920e-02,-4.244005711735265862e-02,4.592112701324530324e-04,1.000000000000000000e+00,2.501228809356689453e+00,2.895289957523345947e-01,1.076774954795837402e+00,-4.408015906810760498e-01,-6.307935118675231934e-01,4.196157455444335938e-01,1.857007749222948090e-01,5.120845174778088094e-02,1.254620707138968949e-02,1.000000000000000000e+00,-1.812406256794929504e-02,2.000000029802322388e-01,-1.000000014901161194e-01,3.884254097938537598e-01,1.743258088827133179e-01,-6.175850983709096909e-03,-1.000000014901161194e-01,4.182893037796020508e-01,-1.834869384765625000e-03,-1.688814163208007812e-02,3.099441528320312500e-05,4.520421922206878662e-01,2.000000029802322388e-01,1.086215972900390625e-01,2.808785438537597656e-02,4.493674039840698242e-01
7.199999999999999734e-01,2.802508771419525146e-01,-7.724741697311401367e-01,1.360637545585632324e+00,9.988300800323486328e-01,-1.098906993865966797e+00,5.751718878746032715e-01,9.753161072731018066e-01,1.179354414343833923e-01,1.866810023784637451e-01,-9.796784073114395142e-02,9.887737035751342773e-01,-1.128226593136787415e-01,-1.978910565376281738e-01,9.174901992082595825e-02,9.759207963943481445e-01,-8.382475972175598145e-01,6.153545808047056198e-03,4.346195200923830271e-04,1.000000000000000000e+00,0.000000000000000000e+00,2.802508771419525146e-01,-7.724741697311401367e-01,1.360637545585632324e+00,9.988300800323486328e-01,-1.098906993865966797e+00,5.751718878746032715e-01,1.000000000000000000e+00,3.659661114215850830e-01,4.391242861747741699e-01,1.233516812324523926e+00,1.048324704170227051e+00,-4.113114476203918457e-01,6.601418852806091309e-01,1.000000000000000000e+00,3.032442808151245117e+00,-5.288426280021667480e-01,1.137957215309143066e+00,-6.317728757858276367e-01,2.255816906690597534e-01,3.162591755390167236e-01,1.000000000000000000e+00,2.492553234100341797e+00,2.765856981277465820e-01,1.085348844528198242e+00,-4.248873293399810791e-01,-6.671479344367980957e-01,4.394808709621429443e-01,1.000000000000000000e+00,0.000000000000000000e+00,1.000000000000000000e+00,1.000000000000000000e+00,0.000000000000000000e+00,3.659661114215850830e-01,4.391242861747741699e-01,1.233516812324523926e+00,1.048324704170227051e+00,-4.113114476203918457e-01,6.601418852806091309e-01,9.884354472160339355e-01,1.088900417089462280e-01,1.055388525128364563e-01,-9.776288270950317383e-02,9.896101355552673340e-01,-1.054246202111244202e-01,-1.159219965338706970e-01,9.388764947652816772e-02,9.888110756874084473e-01,6.013924479484558105e-01,-9.368199706077575684e-01,1.203557550907135010e-01,0.000000000000000000e+00,1.000000000000000000e+00,2.802508771419525146e-01,-7.724741697311401367e-01,1.360637545585632324e+00,9.988300800323486328e-01,-1.098906993865966797e+00,5.751718878746032715e-01,1.000000000000000000e+00,3.659661114215850830e-01,4.391242861747741699e-01,1.233516812324523926e+00,1.048324704170227051e+00,-4.113114476203918457e-01,6.601418852806091309e-01,1.000000000000000000e+00,3.032442808151245117e+00,-5.288426280021667480e-01,1.137957215309143066e+00,-6.317728757858276367e-01,2.255816906690597534e-01,3.162591755390167236e-01,1.000000000000000000e+00,2.492553234100341797e+00,2.765856981277465820e-01,1.085348844528198242e+00,-4.248873293399810791e-01,-6.671479344367980957e-01,4.394808709621429443e-01,1.000000000000000000e+00,0.000000000000000000e+00,1.000000000000000000e+00,1.000000000000000000e+00,0.000000000000000000e+00,3.032442808151245117e+00,-5.288426280021667480e-01,1.137957215309143066e+00,-6.317728757858276367e-01,2.255816906690597534e-01,3.162591755390167236e-01,-1.339503543680389819e-02,-3.881014588136033616e-02,3.882929480974574646e-04,1.000000000000000000e+00,2.492553234100341797e+00,2.765856981277465820e-01,1.085348844528198242e+00,-4.248873293399810791e-01,-6.671479344367980957e-01,4.394808709621429443e-01,1.877218254500425121e-01,5.905887274666343778e-02,1.477680062769008706e-02,1.000000000000000000e+00,-4.151331260800361633e-02,1.999986916780471802e-01,-1.000000014901161194e-01,3.869769871234893799e-01,1.916782855987548828e-01,-2.288722991943359375e-02,-1.000000014901161194e-01,4.126487076282501221e-01,1.919031143188476562e-03,-1.626634597778320312e-02,-3.123283386230468750e-05,4.513129591941833496e-01,2.000000029802322388e-01,1.128885746002197266e-01,2.939128875732421875e-02,4.458975195884704590e-01
7.399999999999999911e-01,3.004748821258544922e-01,-7.945605516433715820e-01,1.371980190277099609e+00,1.026326775550842285e+00,-1.110308051109313965e+00,5.572305321693420410e-01,9.752953052520751953e-01,1.146791875362396240e-01,1.888062655925750732e-01,-9.794883430004119873e-02,9.905788898468017578e-01,-9.570524096488952637e-02,-1.980029046535491943e-01,7.484751939773559570e-02,9.773396253585815430e-01,-8.958812952041625977e-01,5.286445841193199158e-03,2.488400496076792479e-04,1.000000000000000000e+00,0.000000000000000000e+00,3.004748821258544922e-01,-7.945605516433715820e-01,1.371980190277099609e+00,1.026326775550842285e+00,-1.110308051109313965e+00,5.572305321693420410e-01,1.000000000000000000e+00,3.870446681976318359e-01,4.307287633419036865e-01,1.246713876724243164e+00,1.059986591339111328e+00,-4.304340183734893799e-01,6.591787338256835938e-01,1.000000000000000000e+00,3.019775390625000000e+00,-5.243209004402160645e-01,1.144480943679809570e+00,-6.351568698883056641e-01,2.266357541084289551e-01,3.382946550846099854e-01,1.000000000000000000e+00,2.484210252761840820e+00,2.629167139530181885e-01,1.094305276870727539e+00,-4.074185490608215332e-01,-7.033295035362243652e-01,4.576987922191619873e-01,1.000000000000000000e+00,0.000000000000000000e+00,1.000000000000000000e+00,1.000000000000000000e+00,0.000000000000000000e+00,3.870446681976318359e-01,4.307287633419036865e-01,1.246713876724243164e+00,1.059986591339111328e+00,-4.304340183734893799e-01,6.591787338256835938e-01,9.905108809471130371e-01,1.074901968240737915e-01,8.563998341560363770e-02,-9.726038575172424316e-02,9.884999990463256836e-01,-1.157939881086349487e-01,-9.710183739662170410e-02,1.063658148050308228e-01,9.895744919776916504e-01,6.356761455535888672e-01,-9.320622086524963379e-01,1.382324993610382080e-01,0.000000000000000000e+00,1.000000000000000000e+00,3.004748821258544922e-01,-7.945605516433715820e-01,1.371980190277099609e+00,1.026326775550842285e+00,-1.110308051109313965e+00,5.572305321693420410e-01,1.000000000000000000e+00,3.870446681976318359e-01,4.307287633419036865e-01,1.246713876724243164e+00,1.059986591339111328e+00,-4.304340183734893799e-01,6.591787338256835938e-01,1.000000000000000000e+00,3.019775390625000000e+00,-5.243209004402160645e-01,1.144480943679809570e+00,-6.351568698883056641e-01,2.266357541084289551e-01,3.382946550846099854e-01,1.000000000000000000e+00,2.484210252761840820e+00,2.629167139530181885e-01,1.094305276870727539e+00,-4.074185490608215332e-01,-7.033295035362243652e-01,4.576987922191619873e-01,1.000000000000000000e+00,0.000000000000000000e+00,1.000000000000000000e+00,1.000000000000000000e+00,0.000000000000000000e+00,3.019775390625000000e+00,-5.243209004402160645e-01,1.144480943679809570e+00,-6.351568698883056641e-01,2.266357541084289551e-01,3.382946550846099854e-01,-1.164966146540457811e-02,-3.555258622941592783e-02,3.190702271384160058e-04,1.000000000000000000e+00,2.484210252761840820e+00,2.629167139530181885e-01,1.094305276870727539e+00,-4.074185490608215332e-01,-7.033295035362243652e-01,4.576987922191619873e-01,1.894330446948688240e-01,6.644809164842735427e-02,1.693366273851122650e-02,1.000000000000000000e+00,-6.541756540536880493e-02,1.996617913246154785e-01,-1.000000014901161194e-01,3.882365822792053223e-01,1.997145414352416992e-01,-3.566677868366241455e-02,-1.000000014901161194e-01,4.072712063789367676e-01,6.614208221435546875e-03,-1.626515388488769531e-02,-1.075267791748046875e-04,4.501944482326507568e-01,2.000000029802322388e-01,1.165406703948974609e-01,3.044891357421875000e-02,4.423513114452362061e-01
7.600000000000000089e-01,3.212491869926452637e-01,-8.168442249298095703e-01,1.382960438728332520e+00,1.053875446319580078e+00,-1.118280291557312012e+00,5.389350652694702148e-01,9.752780795097351074e-01,1.112048029899597168e-01,1.909610182046890259e-01,-9.793667495250701904e-02,9.921629428863525391e-01,-7.759589701890945435e-02,-1.980934888124465942e-01,5.697549134492874146e-02,9.785258173942565918e-01,-9.349891543388366699e-01,3.532032016664743423e-03,1.268174964934587479e-04,1.000000000000000000e+00,0.000000000000000000e+00,3.212491869926452637e-01,-8.168442249298095703e-01,1.382960438728332520e+00,1.053875446319580078e+00,-1.118280291557312012e+00,5.389350652694702148e-01,1.000000000000000000e+00,4.083181023597717285e-01,4.219349920749664307e-01,1.259875297546386719e+00,1.067418336868286133e+00,-4.513196945190429688e-01,6.563470959663391113e-01,1.000000000000000000e+00,3.007047176361083984e+00,-5.197817683219909668e-01,1.151443600654602051e+00,-6.378357410430908203e-01,2.272665053606033325e-01,3.601201474666595459e-01,1.000000000000000000e+00,2.476229429244995117e+00,2.485263645648956299e-01,1.103610515594482422e+00,-3.885425627231597900e-01,-7.392511963844299316e-01,4.741749465465545654e-01,1.000000000000000000e+00,0.000000000000000000e+00,1.000000000000000000e+00,1.000000000000000000e+00,0.000000000000000000e+00,4.083181023597717285e-01,4.219349920749664307e-01,1.259875297546386719e+00,1.067418336868286133e+00,-4.513196945190429688e-01,6.563470959663391113e-01,9.922048449516296387e-01,1.056045964360237122e-01,6.616203486919403076e-02,-9.662774950265884399e-02,9.872266054153442383e-01,-1.266761571168899536e-01,-7.869449257850646973e-02,1.192955970764160156e-01,9.897352457046508789e-01,6.375036239624023438e-01,-8.863753080368041992e-01,1.477388441562652588e-01,0.000000000000000000e+00,1.000000000000000000e+00,3.212491869926452637e-01,-8.168442249298095703e-01,1.382960438728332520e+00,1.053875446319580078e+00,-1.118280291557312012e+00,5.389350652694702148e-01,1.000000000000000000e+00,4.083181023597717285e-01,4.219349920749664307e-01,1.259875297546386719e+00,1.067418336868286133e+00,-4.513196945190429688e-01,6.563470959663391113e-01,1.000000000000000000e+00,3.007047176361083984e+00,-5.197817683219909668e-01,1.151443600654602051e+00,-6.378357410430908203e-01,2.272665053606033325e-01,3.601201474666595459e-01,1.000000000000000000e+00,2.476229429244995117e+00,2.485263645648956299e-01,1.103610515594482422e+00,-3.885425627231597900e-01,-7.392511963844299316e-01,4.741749465465545654e-01,1.000000000000000000e+00,0.000000000000000000e+00,1.000000000000000000e+00,1.000000000000000000e+00,0.000000000000000000e+00,3.007047176361083984e+00,-5.197817683219909668e-01,1.151443600654602051e+00,-6.378357410430908203e-01,2.272665053606033325e-01,3.601201474666595459e-01,-9.569222398475943706e-03,-3.270443510497567097e-02,2.478745569099334578e-04,1.000000000000000000e+00,2.476229429244995117e+00,2.485263645648956299e-01,1.103610515594482422e+00,-3.885425627231597900e-01,-7.392511963844299316e-01,4.741749465465545654e-01,1.909191665450380715e-01,7.335484541249170931e-02,1.898450931135928221e-02,1.000000000000000000e+00,-9.167373925447463989e-02,1.921534985303878784e-01,-1.000000014901161194e-01,3.923773765563964844e-01,1.999968588352203369e-01,-4.468468204140663147e-02,-1.000000014901161194e-01,4.011719822883605957e-01,1.231288909912109375e-02,-1.690077781677246094e-02,-2.081394195556640625e-04,4.486580193042755127e-01,2.000000029802322388e-01,1.195743083953857422e-01,3.124523162841796875e-02,4.387817382812500000e-01
7.800000000000000266e-01,3.425755798816680908e-01,-8.392559289932250977e-01,1.393574595451354980e+00,1.081564545631408691e+00,-1.122750997543334961e+00,5.207287073135375977e-01,9.752929210662841797e-01,1.075480282306671143e-01,1.929696947336196899e-01,-9.793293476104736328e-02,9.934592247009277344e-01,-5.872055515646934509e-02,-1.980227977037429810e-01,3.837164863944053650e-02,9.794461131095886230e-01,-9.722935557365417480e-01,-1.930351182818412781e-02,-1.460427738493308425e-04,1.000000000000000000e+00,0.000000000000000000e+00,3.425755798816680908e-01,-8.392559289932250977e-01,1.393574595451354980e+00,1.081564545631408691e+00,-1.122750997543334961e+00,5.207287073135375977e-01,1.000000000000000000e+00,4.297038316726684570e-01,4.127078652381896973e-01,1.272961258888244629e+00,1.070875763893127441e+00,-4.739209115505218506e-01,6.513730287551879883e-01,1.000000000000000000e+00,2.994270801544189453e+00,-5.152343511581420898e-01,1.158839941024780273e+00,-6.399037241935729980e-01,2.273916453123092651e-01,3.815726637840270996e-01,1.000000000000000000e+00,2.468637943267822266e+00,2.334203720092773438e-01,1.113229036331176758e+00,-3.684096634387969971e-01,-7.748476266860961914e-01,4.888424575328826904e-01,1.000000000000000000e+00,0.000000000000000000e+00,1.000000000000000000e+00,1.000000000000000000e+00,0.000000000000000000e+00,4.297038316726684570e-01,4.127078652381896973e-01,1.272961258888244629e+00,1.070875763893127441e+00,-4.739209115505218506e-01,6.513730287551879883e-01,9.934930205345153809e-01,1.033451259136199951e-01,4.786773398518562317e-02,-9.594693779945373535e-02,9.858935475349426270e-01,-1.371421515941619873e-01,-6.136546656489372253e-02,1.316570043563842773e-01,9.893940687179565430e-01,5.728054642677307129e-01,-8.187192082405090332e-01,1.480622738599777222e-01,0.000000000000000000e+00,1.000000000000000000e+00,3.425755798816680908e-01,-8.392559289932250977e-01,1.393574595451354980e+00,1.081564545631408691e+00,-1.122750997543334961e+00,5.207287073135375977e-01,1.000000000000000000e+00,4.297038316726684570e-01,4.127078652381896973e-01,1.272961258888244629e+00,1.070875763893127441e+00,-4.739209115505218506e-01,6.513730287551879883e-01,1.000000000000000000e+00,2.994270801544189453e+00,-5.152343511581420898e-01,1.158839941024780273e+00,-6.399037241935729980e-01,2.273916453123092651e-01,3.815726637840270996e-01,1.000000000000000000e+00,2.468637943267822266e+00,2.334203720092773438e-01,1.113229036331176758e+00,-3.684096634387969971e-01,-7.748476266860961914e-01,4.888424575328826904e-01,1.000000000000000000e+00,0.000000000000000000e+00,1.000000000000000000e+00,1.000000000000000000e+00,0.000000000000000000e+00,2.994270801544189453e+00,-5.152343511581420898e-01,1.158839941024780273e+00,-6.399037241935729980e-01,2.273916453123092651e-01,3.815726637840270996e-01,-7.050876594282081203e-03,-3.029971011614374099e-02,1.711404394218502163e-04,1.000000000000000000e+00,2.468637943267822266e+00,2.334203720092773438e-01,1.113229036331176758e+00,-3.684096634387969971e-01,-7.748476266860961914e-01,4.888424575328826904e-01,1.922187005457912656e-01,7.975906454313808069e-02,2.089904375218541721e-02,1.000000000000000000e+00,-1.201622486114501953e-01,1.773161292076110840e-01,-1.000000014901161194e-01,3.962310552597045898e-01,1.999997943639755249e-01,-5.001112446188926697e-02,-1.000000014901161194e-01,3.935824632644653320e-01,1.902318000793457031e-02,-1.817035675048828125e-02,-3.457069396972656250e-04,4.466871321201324463e-01,2.000000029802322388e-01,1.219956874847412109e-01,3.177142143249511719e-02,4.352672398090362549e-01
8.000000000000000444e-01,3.644573092460632324e-01,-8.617249131202697754e-01,1.403828859329223633e+00,1.109415173530578613e+00,-1.123629212379455566e+00,5.030689835548400879e-01,9.754749536514282227e-01,1.037128046154975891e-01,1.941452920436859131e-01,-9.799151867628097534e-02,9.944279193878173828e-01,-3.887107595801353455e-02,-1.970949172973632812e-01,1.889316737651824951e-02,9.802024364471435547e-01,-1.025415182113647461e+00,-9.295052289962768555e-02,-2.549335127696394920e-03,1.000000000000000000e+00,0.000000000000000000e+00,3.644573092460632324e-01,-8.617249131202697754e-01,1.403828859329223633e+00,1.109415173530578613e+00,-1.123629212379455566e+00,5.030689835548400879e-01,1.000000000000000000e+00,4.511257112026214600e-01,4.030151963233947754e-01,1.285926342010498047e+00,1.070737004280090332e+00,-4.979482591152191162e-01,6.439356207847595215e-01,1.000000000000000000e+00,2.981457948684692383e+00,-5.106897950172424316e-01,1.166660428047180176e+00,-6.414614915847778320e-01,2.269107997417449951e-01,4.024690389633178711e-01,1.000000000000000000e+00,2.461459159851074219e+00,2.176057696342468262e-01,1.123124122619628906e+00,-3.471711277961730957e-01,-8.100674152374267578e-01,5.016644597053527832e-01,1.000000000000000000e+00,0.000000000000000000e+00,1.000000000000000000e+00,1.000000000000000000e+00,0.000000000000000000e+00,4.511257112026214600e-01,4.030151963233947754e-01,1.285926342010498047e+00,1.070737004280090332e+00,-4.979482591152191162e-01,6.439356207847595215e-01,9.944103360176086426e-01,1.008673980832099915e-01,3.121105954051017761e-02,-9.529846161603927612e-02,9.846842288970947266e-01,-1.459980607032775879e-01,-4.545947536826133728e-02,1.422075927257537842e-01,9.887925386428833008e-01,4.651231765747070312e-01,-7.403693795204162598e-01,1.407761722803115845e-01,0.000000000000000000e+00,1.000000000000000000e+00,3.644573092460632324e-01,-8.617249131202697754e-01,1.403828859329223633e+00,1.109415173530578613e+00,-1.123629212379455566e+00,5.030689835548400879e-01,1.000000000000000000e+00,4.511257112026214600e-01,4.030151963233947754e-01,1.285926342010498047e+00,1.070737004280090332e+00,-4.979482591152191162e-01,6.439356207847595215e-01,1.000000000000000000e+00,2.981457948684692383e+00,-5.106897950172424316e-01,1.166660428047180176e+00,-6.414614915847778320e-01,2.269107997417449951e-01,4.024690389633178711e-01,1.000000000000000000e+00,2.461459159851074219e+00,2.176057696342468262e-01,1.123124122619628906e+00,-3.471711277961730957e-01,-8.100674152374267578e-01,5.016644597053527832e-01,1.000000000000000000e+00,0.000000000000000000e+00,1.000000000000000000e+00,1.000000000000000000e+00,0.000000000000000000e+00,2.981457948684692383e+00,-5.106897950172424316e-01,1.166660428047180176e+00,-6.414614915847778320e-01,2.269107997417449951e-01,4.024690389633178711e-01,-4.017858953564494746e-03,-2.836636642084244819e-02,8.628249640944048865e-05,1.000000000000000000e+00,2.461459159851074219e+00,2.176057696342468262e-01,1.123124122619628906e+00,-3.471711277961730957e-01,-8.100674152374267578e-01,5.016644597053527832e-01,1.933442402212801614e-01,8.564462514770543322e-02,2.264963846280308724e-02,1.000000000000000000e+00,-1.529606729745864868e-01,1.544034630060195923e-01,-1.000000014901161194e-01,3.990170657634735107e-01,1.999994069337844849e-01,-5.146126821637153625e-02,-1.000000014901161194e-01,3.876343667507171631e-01,2.666664123535156250e-02,-2.003979682922363281e-02,-5.345344543457031250e-04,4.442639946937561035e-01,2.000000029802322388e-01,1.238029003143310547e-01,3.201627731323242188e-02,4.318805932998657227e-01
8.200000000000000622e-01,3.868964016437530518e-01,-8.841777443885803223e-01,1.413737177848815918e+00,1.137244820594787598e+00,-1.120720744132995605e+00,4.862427711486816406e-01,9.760397672653198242e-01,9.972378611564636230e-02,1.933955550193786621e-01,-9.818568825721740723e-02,9.950135946273803711e-01,-1.754635386168956757e-02,-1.941809654235839844e-01,-1.862737815827131271e-03,9.809641242027282715e-01,-1.102467894554138184e+00,-2.284492105245590210e-01,-1.032123249024152756e-02,1.000000000000000000e+00,0.000000000000000000e+00,3.868964016437530518e-01,-8.841777443885803223e-01,1.413737177848815918e+00,1.137244820594787598e+00,-1.120720744132995605e+00,4.862427711486816406e-01,1.000000000000000000e+00,4.725157022476196289e-01,3.928323686122894287e-01,1.298718452453613281e+00,1.067447185516357422e+00,-5.229593515396118164e-01,6.338356137275695801e-01,1.000000000000000000e+00,2.968617916107177734e+00,-5.061610937118530273e-01,1.174892425537109375e+00,-6.426148414611816406e-01,2.257114648818969727e-01,4.226133227348327637e-01,1.000000000000000000e+00,2.454714059829711914e+00,2.010904997587203979e-01,1.133259296417236328e+00,-3.249770402908325195e-01,-8.448700308799743652e-01,5.126360654830932617e-01,1.000000000000000000e+00,0.000000000000000000e+00,1.000000000000000000e+00,1.000000000000000000e+00,0.000000000000000000e+00,4.725157022476196289e-01,3.928323686122894287e-01,1.298718452453613281e+00,1.067447185516357422e+00,-5.229593515396118164e-01,6.338356137275695801e-01,9.950132369995117188e-01,9.838232398033142090e-02,1.642722822725772858e-02,-9.473790228366851807e-02,9.836875796318054199e-01,-1.529173851013183594e-01,-3.120362572371959686e-02,1.505985260009765625e-01,9.881025552749633789e-01,3.688401877880096436e-01,-6.511901617050170898e-01,1.268690973520278931e-01,0.000000000000000000e+00,1.000000000000000000e+00,3.868964016437530518e-01,-8.841777443885803223e-01,1.413737177848815918e+00,1.137244820594787598e+00,-1.120720744132995605e+00,4.862427711486816406e-01,1.000000000000000000e+00,4.725157022476196289e-01,3.928323686122894287e-01,1.298718452453613281e+00,1.067447185516357422e+00,-5.229593515396118164e-01,6.338356137275695801e-01,1.000000000000000000e+00,2.968617916107177734e+00,-5.061610937118530273e-01,1.174892425537109375e+00,-6.426148414611816406e-01,2.257114648818969727e-01,4.226133227348327637e-01,1.000000000000000000e+00,2.454714059829711914e+00,2.010904997587203979e-01,1.133259296417236328e+00,-3.249770402908325195e-01,-8.448700308799743652e-01,5.126360654830932617e-01,1.000000000000000000e+00,0.000000000000000000e+00,1.000000000000000000e+00,1.000000000000000000e+00,0.000000000000000000e+00,2.968617916107177734e+00,-5.061610937118530273e-01,1.174892425537109375e+00,-6.426148414611816406e-01,2.257114648818969727e-01,4.226133227348327637e-01,-4.099259851309627564e-04,-2.692621272497253138e-02,-9.800114375284221628e-06,1.000000000000000000e+00,2.454714059829711914e+00,2.010904997587203979e-01,1.133259296417236328e+00,-3.249770402908325195e-01,-8.448700308799743652e-01,5.126360654830932617e-01,1.943086385976230956e-01,9.099955330301501277e-02,2.421162519768778332e-02,1.000000000000000000e+00,-1.905520260334014893e-01,1.185940727591514587e-01,-1.000000014901161194e-01,4.025337696075439453e-01,1.999899595975875854e-01,-5.032748728990554810e-02,-1.000000014901161194e-01,3.871932625770568848e-01,3.510189056396484375e-02,-2.245020866394042969e-02,-7.882118225097656250e-04,4.413899481296539307e-01,2.000000029802322388e-01,1.249535083770751953e-01,3.195214271545410156e-02,4.286579489707946777e-01
8.399999999999999689e-01,4.098889529705047607e-01,-9.065362215042114258e-01,1.423318028450012207e+00,1.164637207984924316e+00,-1.113705158233642578e+00,4.704702794551849365e-01,9.772002696990966797e-01,9.570261836051940918e-02,1.895281225442886353e-01,-9.859554469585418701e-02,9.951103925704956055e-01,5.872057285159826279e-03,-1.880394071340560913e-01,-2.442480064928531647e-02,9.818578958511352539e-01,-1.205083131790161133e+00,-4.290566146373748779e-01,-2.937282435595989227e-02,1.000000000000000000e+00,0.000000000000000000e+00,4.098889529705047607e-01,-9.065362215042114258e-01,1.423318028450012207e+00,1.164637207984924316e+00,-1.113705158233642578e+00,4.704702794551849365e-01,1.000000000000000000e+00,4.938150048255920410e-01,3.821430802345275879e-01,1.311286449432373047e+00,1.061486005783081055e+00,-5.486217737197875977e-01,6.213818788528442383e-01,1.000000000000000000e+00,2.955757617950439453e+00,-5.016638040542602539e-01,1.183519244194030762e+00,-6.434727907180786133e-01,2.236729711294174194e-01,4.418037831783294678e-01,1.000000000000000000e+00,2.448420286178588867e+00,1.838831156492233276e-01,1.143597364425659180e+00,-3.019744157791137695e-01,-8.792267441749572754e-01,5.217823386192321777e-01,1.000000000000000000e+00,0.000000000000000000e+00,1.000000000000000000e+00,1.000000000000000000e+00,0.000000000000000000e+00,4.938150048255920410e-01,3.821430802345275879e-01,1.311286449432373047e+00,1.061486005783081055e+00,-5.486217737197875977e-01,6.213818788528442383e-01,9.953658580780029297e-01,9.608986228704452515e-02,3.691043937578797340e-03,-9.429485350847244263e-02,9.828575253486633301e-01,-1.584286540746688843e-01,-1.885115727782249451e-02,1.573464125394821167e-01,9.873635768890380859e-01,3.078695237636566162e-01,-5.510772466659545898e-01,1.081409603357315063e-01,0.000000000000000000e+00,1.000000000000000000e+00,4.098889529705047607e-01,-9.065362215042114258e-01,1.423318028450012207e+00,1.164637207984924316e+00,-1.113705158233642578e+00,4.704702794551849365e-01,1.000000000000000000e+00,4.938150048255920410e-01,3.821430802345275879e-01,1.311286449432373047e+00,1.061486005783081055e+00,-5.486217737197875977e-01,6.213818788528442383e-01,1.000000000000000000e+00,2.955757617950439453e+00,-5.016638040542602539e-01,1.183519244194030762e+00,-6.434727907180786133e-01,2.236729711294174194e-01,4.418037831783294678e-01,1.000000000000000000e+00,2.448420286178588867e+00,1.838831156492233276e-01,1.143597364425659180e+00,-3.019744157791137695e-01,-8.792267441749572754e-01,5.217823386192321777e-01,1.000000000000000000e+00,0.000000000000000000e+00,1.000000000000000000e+00,1.000000000000000000e+00,0.000000000000000000e+00,2.955757617950439453e+00,-5.016638040542602539e-01,1.183519244194030762e+00,-6.434727907180786133e-01,2.236729711294174194e-01,4.418037831783294678e-01,3.820995898330540371e-03,-2.599290374269402903e-02,-1.218600366832893293e-04,1.000000000000000000e+00,2.448420286178588867e+00,1.838831156492233276e-01,1.143597364425659180e+00,-3.019744157791137695e-01,-8.792267441749572754e-01,5.217823386192321777e-01,1.951331611621737183e-01,9.581353400400782760e-02,2.556258089090568397e-02,1.000000000000000000e+00,-2.000000029802322388e-01,8.084012567996978760e-02,-1.000000014901161194e-01,4.081480503082275391e-01,1.999202966690063477e-01,-4.507131129503250122e-02,-1.000000014901161194e-01,3.892686367034912109e-01,4.419898986816406250e-02,-2.533555030822753906e-02,-1.120328903198242188e-03,4.381445646286010742e-01,2.000000029802322388e-01,1.253550052642822266e-01,3.153133392333984375e-02,4.256115257740020752e-01
8.599999999999999867e-01,4.334209561347961426e-01,-9.287141561508178711e-01,1.432595252990722656e+00,1.190958857536315918e+00,-1.102144598960876465e+00,4.560710787773132324e-01,9.791060090065002441e-01,9.198228269815444946e-02,1.813583374023437500e-01,-9.926643222570419312e-02,9.945626854896545410e-01,3.148581087589263916e-02,-1.774760782718658447e-01,-4.883074015378952026e-02,9.829130172729492188e-01,-1.245775222778320312e+00,-6.714293360710144043e-01,-5.805191025137901306e-02,1.000000000000000000e+00,0.000000000000000000e+00,4.334209561347961426e-01,-9.287141561508178711e-01,1.432595252990722656e+00,1.190958857536315918e+00,-1.102144598960876465e+00,4.560710787773132324e-01,1.000000000000000000e+00,5.149745941162109375e-01,3.709357678890228271e-01,1.323589444160461426e+00,1.053333163261413574e+00,-5.748125910758972168e-01,6.073032617568969727e-01,1.000000000000000000e+00,2.942882061004638672e+00,-4.972156584262847900e-01,1.192519664764404297e+00,-6.441451311111450195e-01,2.206708639860153198e-01,4.598403871059417725e-01,1.000000000000000000e+00,2.442592620849609375e+00,1.659927517175674438e-01,1.154102325439453125e+00,-2.783072292804718018e-01,-9.131209850311279297e-01,5.291522741317749023e-01,1.000000000000000000e+00,0.000000000000000000e+00,1.000000000000000000e+00,1.000000000000000000e+00,0.000000000000000000e+00,5.149745941162109375e-01,3.709357678890228271e-01,1.323589444160461426e+00,1.053333163261413574e+00,-5.748125910758972168e-01,6.073032617568969727e-01,9.955355525016784668e-01,9.413806349039077759e-02,-6.860641296952962875e-03,-9.399289637804031372e-02,9.821074604988098145e-01,-1.631881594657897949e-01,-8.624329231679439545e-03,1.631044447422027588e-01,9.865711331367492676e-01,2.715264558792114258e-01,-4.403533339500427246e-01,8.500165492296218872e-02,0.000000000000000000e+00,1.000000000000000000e+00,4.334209561347961426e-01,-9.287141561508178711e-01,1.432595252990722656e+00,1.190958857536315918e+00,-1.102144598960876465e+00,4.560710787773132324e-01,1.000000000000000000e+00,5.149745941162109375e-01,3.709357678890228271e-01,1.323589444160461426e+00,1.053333163261413574e+00,-5.748125910758972168e-01,6.073032617568969727e-01,1.000000000000000000e+00,2.942882061004638672e+00,-4.972156584262847900e-01,1.192519664764404297e+00,-6.441451311111450195e-01,2.206708639860153198e-01,4.598403871059417725e-01,1.000000000000000000e+00,2.442592620849609375e+00,1.659927517175674438e-01,1.154102325439453125e+00,-2.783072292804718018e-01,-9.131209850311279297e-01,5.291522741317749023e-01,1.000000000000000000e+00,0.000000000000000000e+00,1.000000000000000000e+00,1.000000000000000000e+00,0.000000000000000000e+00,2.942882061004638672e+00,-4.972156584262847900e-01,1.192519664764404297e+00,-6.441451311111450195e-01,2.206708639860153198e-01,4.598403871059417725e-01,8.701430608370513270e-03,-2.557055968456256601e-02,-2.561854828235536272e-04,1.000000000000000000e+00,2.442592620849609375e+00,1.659927517175674438e-01,1.154102325439453125e+00,-2.783072292804718018e-01,-9.131209850311279297e-01,5.291522741317749023e-01,1.958411364725401449e-01,1.000715905636879732e-01,2.668003054181442013e-02,1.000000000000000000e+00,-1.999980658292770386e-01,4.905218258500099182e-02,-1.000000014901161194e-01,4.183207452297210693e-01,1.996301412582397461e-01,-3.772576525807380676e-02,-1.000000014901161194e-01,3.929528295993804932e-01,5.387496948242187500e-02,-2.863240242004394531e-02,-1.543760299682617188e-03,4.346753358840942383e-01,2.000000029802322388e-01,1.248605251312255859e-01,3.068685531616210938e-02,4.227528572082519531e-01
8.800000000000000044e-01,4.574640393257141113e-01,-9.506174325942993164e-01,1.441600680351257324e+00,1.215429067611694336e+00,-1.085740804672241211e+00,4.436043202877044678e-01,9.816701412200927734e-01,8.917763084173202515e-02,1.684379279613494873e-01,-1.000203415751457214e-01,9.933510422706604004e-01,5.700787901878356934e-02,-1.622341573238372803e-01,-7.281014323234558105e-02,9.840624928474426270e-01,-1.129507184028625488e+00,-8.796277046203613281e-01,-8.652826398611068726e-02,1.000000000000000000e+00,0.000000000000000000e+00,4.574640393257141113e-01,-9.506174325942993164e-01,1.441600680351257324e+00,1.215429067611694336e+00,-1.085740804672241211e+00,4.436043202877044678e-01,1.000000000000000000e+00,5.359548926353454590e-01,3.591999411582946777e-01,1.335601925849914551e+00,1.043457269668579102e+00,-6.015319824218750000e-01,5.923700928688049316e-01,1.000000000000000000e+00,2.929993867874145508e+00,-4.928371310234069824e-01,1.201869130134582520e+00,-6.447399258613586426e-01,2.165831625461578369e-01,4.765397012233734131e-01,1.000000000000000000e+00,2.437243461608886719e+00,1.474287211894989014e-01,1.164739131927490234e+00,-2.541181743144989014e-01,-9.465467333793640137e-01,5.348141789436340332e-01,1.000000000000000000e+00,0.000000000000000000e+00,1.000000000000000000e+00,1.000000000000000000e+00,0.000000000000000000e+00,5.359548926353454590e-01,3.591999411582946777e-01,1.335601925849914551e+00,1.043457269668579102e+00,-6.015319824218750000e-01,5.923700928688049316e-01,9.955874681472778320e-01,9.262176603078842163e-02,-1.506491750478744507e-02,-9.383607655763626099e-02,9.813939332962036133e-01,-1.675138175487518311e-01,-7.308069034479558468e-04,1.681882739067077637e-01,9.857546687126159668e-01,2.398002594709396362e-01,-3.229287862777709961e-01,5.993649363517761230e-02,0.000000000000000000e+00,1.000000000000000000e+00,4.574640393257141113e-01,-9.506174325942993164e-01,1.441600680351257324e+00,1.215429067611694336e+00,-1.085740804672241211e+00,4.436043202877044678e-01,1.000000000000000000e+00,5.359548926353454590e-01,3.591999411582946777e-01,1.335601925849914551e+00,1.043457269668579102e+00,-6.015319824218750000e-01,5.923700928688049316e-01,1.000000000000000000e+00,2.929993867874145508e+00,-4.928371310234069824e-01,1.201869130134582520e+00,-6.447399258613586426e-01,2.165831625461578369e-01,4.765397012233734131e-01,1.000000000000000000e+00,2.437243461608886719e+00,1.474287211894989014e-01,1.164739131927490234e+00,-2.541181743144989014e-01,-9.465467333793640137e-01,5.348141789436340332e-01,1.000000000000000000e+00,0.000000000000000000e+00,1.000000000000000000e+00,1.000000000000000000e+00,0.000000000000000000e+00,2.929993867874145508e+00,-4.928371310234069824e-01,1.201869130134582520e+00,-6.447399258613586426e-01,2.165831625461578369e-01,4.765397012233734131e-01,1.423135661705490426e-02,-2.565245030984497632e-02,-4.203156210830340592e-04,1.000000000000000000e+00,2.437243461608886719e+00,1.474287211894989014e-01,1.164739131927490234e+00,-2.541181743144989014e-01,-9.465467333793640137e-01,5.348141789436340332e-01,1.964511531594787530e-01,1.037458886651414502e-01,2.753842150576295278e-02,1.000000000000000000e+00,-1.999995559453964233e-01,3.019645810127258301e-02,-1.000000014901161194e-01,4.325740635395050049e-01,1.987636983394622803e-01,-2.857979945838451385e-02,-1.000000014901161194e-01,3.968732953071594238e-01,6.407380104064941406e-02,-3.227877616882324219e-02,-2.070665359497070312e-03,4.311393201351165771e-01,2.000000029802322388e-01,1.233046054840087891e-01,2.935647964477539062e-02,4.201212525367736816e-01
9.000000000000000222e-01,4.819744825363159180e-01,-9.721500277519226074e-01,1.450380444526672363e+00,1.237338900566101074e+00,-1.064677238464355469e+00,4.339722692966461182e-01,9.844834804534912109e-01,8.779980987310409546e-02,1.519330590963363647e-01,-1.006928458809852600e-01,9.917487502098083496e-01,7.934480160474777222e-02,-1.437129527330398560e-01,-9.341221302747726440e-02,9.852010011672973633e-01,-9.003685712814331055e-01,-9.718184471130371094e-01,-1.102721840143203735e-01,1.000000000000000000e+00,0.000000000000000000e+00,4.819744825363159180e-01,-9.721500277519226074e-01,1.450380444526672363e+00,1.237338900566101074e+00,-1.064677238464355469e+00,4.339722692966461182e-01,1.000000000000000000e+00,5.567255616188049316e-01,3.469248116016387939e-01,1.347312927246093750e+00,1.032320857048034668e+00,-6.288012266159057617e-01,5.772378444671630859e-01,1.000000000000000000e+00,2.917093753814697266e+00,-4.885509610176086426e-01,1.211539268493652344e+00,-6.453614830970764160e-01,2.112954556941986084e-01,4.917504787445068359e-01,1.000000000000000000e+00,2.432381629943847656e+00,1.282004117965698242e-01,1.175474524497985840e+00,-2.295520156621932983e-01,-9.795063734054565430e-01,5.388531684875488281e-01,1.000000000000000000e+00,0.000000000000000000e+00,1.000000000000000000e+00,1.000000000000000000e+00,0.000000000000000000e+00,5.567255616188049316e-01,3.469248116016387939e-01,1.347312927246093750e+00,1.032320857048034668e+00,-6.288012266159057617e-01,5.772378444671630859e-01,9.955788254737854004e-01,9.158372133970260620e-02,-2.086370438337326050e-02,-9.380925446748733521e-02,9.807250499725341797e-01,-1.714011430740356445e-01,4.764001816511154175e-03,1.726005375385284424e-01,9.849804639816284180e-01,2.036746293306350708e-01,-2.068242430686950684e-01,3.470034897327423096e-02,0.000000000000000000e+00,1.000000000000000000e+00,4.819744825363159180e-01,-9.721500277519226074e-01,1.450380444526672363e+00,1.237338900566101074e+00,-1.064677238464355469e+00,4.339722692966461182e-01,1.000000000000000000e+00,5.567255616188049316e-01,3.469248116016387939e-01,1.347312927246093750e+00,1.032320857048034668e+00,-6.288012266159057617e-01,5.772378444671630859e-01,1.000000000000000000e+00,2.917093753814697266e+00,-4.885509610176086426e-01,1.211539268493652344e+00,-6.453614830970764160e-01,2.112954556941986084e-01,4.917504787445068359e-01,1.000000000000000000e+00,2.432381629943847656e+00,1.282004117965698242e-01,1.175474524497985840e+00,-2.295520156621932983e-01,-9.795063734054565430e-01,5.388531684875488281e-01,1.000000000000000000e+00,0.000000000000000000e+00,1.000000000000000000e+00,1.000000000000000000e+00,0.000000000000000000e+00,2.917093753814697266e+00,-4.885509610176086426e-01,1.211539268493652344e+00,-6.453614830970764160e-01,2.112954556941986084e-01,4.917504787445068359e-01,2.039265128122541224e-02,-2.622214082838780769e-02,-6.228456346904637231e-04,1.000000000000000000e+00,2.432381629943847656e+00,1.282004117965698242e-01,1.175474524497985840e+00,-2.295520156621932983e-01,-9.795063734054565430e-01,5.388531684875488281e-01,1.969758393556831355e-01,1.067891777241531948e-01,2.810694297732435620e-02,1.000000000000000000e+00,-1.999988108873367310e-01,1.532149966806173325e-02,-1.000000014901161194e-01,4.535076320171356201e-01,1.886242926120758057e-01,-1.706128753721714020e-02,-1.000000014901161194e-01,3.983753323554992676e-01,7.473945617675781250e-02,-3.620839118957519531e-02,-2.710580825805664062e-03,4.276757538318634033e-01,2.000000029802322388e-01,1.205775737762451172e-01,2.752566337585449219e-02,4.178153872489929199e-01
9.200000000000000400e-01,5.068969726562500000e-01,-9.932235479354858398e-01,1.459001302719116211e+00,1.256318092346191406e+00,-1.039544939994812012e+00,4.283393323421478271e-01,9.870326519012451172e-01,8.787049353122711182e-02,1.343335062265396118e-01,-1.013485938310623169e-01,9.901089668273925781e-01,9.701978415250778198e-02,-1.244796290993690491e-01,-1.093761995434761047e-01,9.861753582954406738e-01,-6.727845668792724609e-01,-9.340040087699890137e-01,-1.274287700653076172e-01,1.000000000000000000e+00,0.000000000000000000e+00,5.068969726562500000e-01,-9.932235479354858398e-01,1.459001302719116211e+00,1.256318092346191406e+00,-1.039544939994812012e+00,4.283393323421478271e-01,1.000000000000000000e+00,5.772654414176940918e-01,3.340995609760284424e-01,1.358722329139709473e+00,1.020375728607177734e+00,-6.565781831741333008e-01,5.622554421424865723e-01,1.000000000000000000e+00,2.904180049896240234e+00,-4.843820929527282715e-01,1.221499562263488770e+00,-6.461081504821777344e-01,2.047032117843627930e-01,5.053637027740478516e-01,1.000000000000000000e+00,2.428013563156127930e+00,1.083170026540756226e-01,1.186276793479919434e+00,-2.047592103481292725e-01,-1.012011051177978516e+00,5.413757562637329102e-01,1.000000000000000000e+00,0.000000000000000000e+00,1.000000000000000000e+00,1.000000000000000000e+00,0.000000000000000000e+00,5.772654414176940918e-01,3.340995609760284424e-01,1.358722329139709473e+00,1.020375728607177734e+00,-6.565781831741333008e-01,5.622554421424865723e-01,9.955478906631469727e-01,9.107010811567306519e-02,-2.430310286581516266e-02,-9.392396360635757446e-02,9.801459908485412598e-01,-1.746201217174530029e-01,7.917915470898151398e-03,1.761253476142883301e-01,9.843358993530273438e-01,1.404365301132202148e-01,-9.457175433635711670e-02,8.035863749682903290e-03,0.000000000000000000e+00,1.000000000000000000e+00,5.068969726562500000e-01,-9.932235479354858398e-01,1.459001302719116211e+00,1.256318092346191406e+00,-1.039544939994812012e+00,4.283393323421478271e-01,1.000000000000000000e+00,5.772654414176940918e-01,3.340995609760284424e-01,1.358722329139709473e+00,1.020375728607177734e+00,-6.565781831741333008e-01,5.622554421424865723e-01,1.000000000000000000e+00,2.904180049896240234e+00,-4.843820929527282715e-01,1.221499562263488770e+00,-6.461081504821777344e-01,2.047032117843627930e-01,5.053637027740478516e-01,1.000000000000000000e+00,2.428013563156127930e+00,1.083170026540756226e-01,1.186276793479919434e+00,-2.047592103481292725e-01,-1.012011051177978516e+00,5.413757562637329102e-01,1.000000000000000000e+00,0.000000000000000000e+00,1.000000000000000000e+00,1.000000000000000000e+00,0.000000000000000000e+00,2.904180049896240234e+00,-4.843820929527282715e-01,1.221499562263488770e+00,-6.461081504821777344e-01,2.047032117843627930e-01,5.053637027740478516e-01,2.716144204881974777e-02,-2.725610718018134371e-02,-8.731498115160246654e-04,1.000000000000000000e+00,2.428013563156127930e+00,1.083170026540756226e-01,1.186276793479919434e+00,-2.047592103481292725e-01,-1.012011051177978516e+00,5.413757562637329102e-01,1.974245551513341690e-01,1.091346106720481046e-01,2.835084719257686958e-02,1.000000000000000000e+00,-1.999999582767486572e-01,8.131925947964191437e-03,-1.000000014901161194e-01,4.772404730319976807e-01,1.789755225181579590e-01,-3.598645096644759178e-03,-1.000000014901161194e-01,3.969278335571289062e-01,8.579421043395996094e-02,-4.034852981567382812e-02,-3.469228744506835938e-03,4.243729114532470703e-01,2.000000029802322388e-01,1.166701316833496094e-01,2.524614334106445312e-02,4.159932434558868408e-01
9.400000000000000577e-01,5.321727991104125977e-01,-1.013762712478637695e+00,1.467555165290832520e+00,1.272430896759033203e+00,-1.010984778404235840e+00,4.279815256595611572e-01,9.890309572219848633e-01,8.896573632955551147e-02,1.179118901491165161e-01,-1.021187230944633484e-01,9.885991811752319336e-01,1.106515079736709595e-01,-1.067233830690383911e-01,-1.214787513017654419e-01,9.868401288986206055e-01,-5.237808823585510254e-01,-8.152842521667480469e-01,-1.350216567516326904e-01,1.000000000000000000e+00,0.000000000000000000e+00,5.321727991104125977e-01,-1.013762712478637695e+00,1.467555165290832520e+00,1.272430896759033203e+00,-1.010984778404235840e+00,4.279815256595611572e-01,1.000000000000000000e+00,5.975624322891235352e-01,3.207153975963592529e-01,1.369833827018737793e+00,1.008069396018981934e+00,-6.846730113029479980e-01,5.474352836608886719e-01,1.000000000000000000e+00,2.891249656677246094e+00,-4.803576171398162842e-01,1.231717109680175781e+00,-6.470710039138793945e-01,1.967113763093948364e-01,5.173158049583435059e-01,1.000000000000000000e+00,2.424142122268676758e+00,8.778743445873260498e-02,1.197116732597351074e+00,-1.798975765705108643e-01,-1.044081568717956543e+00,5.425204038619995117e-01,1.000000000000000000e+00,0.000000000000000000e+00,1.000000000000000000e+00,1.000000000000000000e+00,0.000000000000000000e+00,5.975624322891235352e-01,3.207153975963592529e-01,1.369833827018737793e+00,1.008069396018981934e+00,-6.846730113029479980e-01,5.474352836608886719e-01,9.955156445503234863e-01,9.112571179866790771e-02,-2.539315260946750641e-02,-9.418731927871704102e-02,9.797929525375366211e-01,-1.764498502016067505e-01,8.800913579761981964e-03,1.780502945184707642e-01,9.839820861816406250e-01,4.077231884002685547e-02,1.361773721873760223e-02,-1.911286078393459320e-02,0.000000000000000000e+00,1.000000000000000000e+00,5.321727991104125977e-01,-1.013762712478637695e+00,1.467555165290832520e+00,1.272430896759033203e+00,-1.010984778404235840e+00,4.279815256595611572e-01,1.000000000000000000e+00,5.975624322891235352e-01,3.207153975963592529e-01,1.369833827018737793e+00,1.008069396018981934e+00,-6.846730113029479980e-01,5.474352836608886719e-01,1.000000000000000000e+00,2.891249656677246094e+00,-4.803576171398162842e-01,1.231717109680175781e+00,-6.470710039138793945e-01,1.967113763093948364e-01,5.173158049583435059e-01,1.000000000000000000e+00,2.424142122268676758e+00,8.778743445873260498e-02,1.197116732597351074e+00,-1.798975765705108643e-01,-1.044081568717956543e+00,5.425204038619995117e-01,1.000000000000000000e+00,0.000000000000000000e+00,1.000000000000000000e+00,1.000000000000000000e+00,0.000000000000000000e+00,2.891249656677246094e+00,-4.803576171398162842e-01,1.231717109680175781e+00,-6.470710039138793945e-01,1.967113763093948364e-01,5.173158049583435059e-01,3.451315139996537912e-02,-2.872512983095432126e-02,-1.180991814022501474e-03,1.000000000000000000e+00,2.424142122268676758e+00,8.778743445873260498e-02,1.197116732597351074e+00,-1.798975765705108643e-01,-1.044081568717956543e+00,5.425204038619995117e-01,1.978055690799128408e-01,1.107065309632273564e-01,2.823757085398365119e-02,1.000000000000000000e+00,-1.999983489513397217e-01,3.117060288786888123e-03,-1.000000014901161194e-01,4.888826608657836914e-01,1.683281511068344116e-01,9.356092661619186401e-03,-1.000000014901161194e-01,3.967349231243133545e-01,9.711050987243652344e-02,-4.461622238159179688e-02,-4.344940185546875000e-03,4.212587177753448486e-01,2.000000029802322388e-01,1.116640567779541016e-01,2.262020111083984375e-02,4.148488044738769531e-01
9.599999999999999645e-01,5.577473044395446777e-01,-1.033703565597534180e+00,1.476154565811157227e+00,1.285978436470031738e+00,-9.794706702232360840e-01,4.334696233272552490e-01,9.904577136039733887e-01,9.056264162063598633e-02,1.038852408528327942e-01,-1.030448824167251587e-01,9.871837496757507324e-01,1.218616664409637451e-01,-9.151769429445266724e-02,-1.314036548137664795e-01,9.870956540107727051e-01,-4.594666063785552979e-01,-6.795242428779602051e-01,-1.341740936040878296e-01,1.000000000000000000e+00,0.000000000000000000e+00,5.577473044395446777e-01,-1.033703565597534180e+00,1.476154565811157227e+00,1.285978436470031738e+00,-9.794706702232360840e-01,4.334696233272552490e-01,1.000000000000000000e+00,6.176132559776306152e-01,3.067689239978790283e-01,1.380649805068969727e+00,9.958435893058776855e-01,-7.127539515495300293e-01,5.327313542366027832e-01,1.000000000000000000e+00,2.878297567367553711e+00,-4.765061736106872559e-01,1.242158651351928711e+00,-6.483331322669982910e-01,1.872338801622390747e-01,5.275826454162597656e-01,1.000000000000000000e+00,2.420767545700073242e+00,6.662014126777648926e-02,1.207968592643737793e+00,-1.551302373409271240e-01,-1.075750946998596191e+00,5.424707531929016113e-01,1.000000000000000000e+00,0.000000000000000000e+00,1.000000000000000000e+00,1.000000000000000000e+00,0.000000000000000000e+00,6.176132559776306152e-01,3.067689239978790283e-01,1.380649805068969727e+00,9.958435893058776855e-01,-7.127539515495300293e-01,5.327313542366027832e-01,9.954877495765686035e-01,9.174793213605880737e-02,-2.421978674829006195e-02,-9.459055215120315552e-02,9.797602891921997070e-01,-1.764158904552459717e-01,7.543792482465505600e-03,1.779108047485351562e-01,9.840177893638610840e-01,-6.496627628803253174e-02,1.107579916715621948e-01,-4.366147890686988831e-02,0.000000000000000000e+00,1.000000000000000000e+00,5.577473044395446777e-01,-1.033703565597534180e+00,1.476154565811157227e+00,1.285978436470031738e+00,-9.794706702232360840e-01,4.334696233272552490e-01,1.000000000000000000e+00,6.176132559776306152e-01,3.067689239978790283e-01,1.380649805068969727e+00,9.958435893058776855e-01,-7.127539515495300293e-01,5.327313542366027832e-01,1.000000000000000000e+00,2.878297567367553711e+00,-4.765061736106872559e-01,1.242158651351928711e+00,-6.483331322669982910e-01,1.872338801622390747e-01,5.275826454162597656e-01,1.000000000000000000e+00,2.420767545700073242e+00,6.662014126777648926e-02,1.207968592643737793e+00,-1.551302373409271240e-01,-1.075750946998596191e+00,5.424707531929016113e-01,1.000000000000000000e+00,0.000000000000000000e+00,1.000000000000000000e+00,1.000000000000000000e+00,0.000000000000000000e+00,2.878297567367553711e+00,-4.765061736106872559e-01,1.242158651351928711e+00,-6.483331322669982910e-01,1.872338801622390747e-01,5.275826454162597656e-01,4.241819238376962065e-02,-3.059404851927860491e-02,-1.555920863986124530e-03,1.000000000000000000e+00,2.420767545700073242e+00,6.662014126777648926e-02,1.207968592643737793e+00,-1.551302373409271240e-01,-1.075750946998596191e+00,5.424707531929016113e-01,1.981263278540018602e-01,1.114392271517552491e-01,2.774567031438551767e-02,1.000000000000000000e+00,-1.999999731779098511e-01,-2.693757880479097366e-03,-1.000000014901161194e-01,4.891878962516784668e-01,1.570854634046554565e-01,2.129971608519554138e-02,-1.000000014901161194e-01,3.988567590713500977e-01,1.085033416748046875e-01,-4.891180992126464844e-02,-5.325794219970703125e-03,4.183400571346282959e-01,1.853456497192382812e-01,1.056916713714599609e-01,1.977753639221191406e-02,4.144927859306335449e-01
9.799999999999999822e-01,5.835720300674438477e-01,-1.052989840507507324e+00,1.484912395477294922e+00,1.297273039817810059e+00,-9.453230500221252441e-01,4.441265761852264404e-01,9.914525747299194336e-01,9.230045974254608154e-02,9.221005439758300781e-02,-1.040491759777069092e-01,9.857726097106933594e-01,1.320089846849441528e-01,-7.871364057064056396e-02,-1.404750198125839233e-01,9.869504570960998535e-01,-4.371038377285003662e-01,-5.806195139884948730e-01,-1.278914064168930054e-01,1.000000000000000000e+00,0.000000000000000000e+00,5.835720300674438477e-01,-1.052989840507507324e+00,1.484912395477294922e+00,1.297273039817810059e+00,-9.453230500221252441e-01,4.441265761852264404e-01,1.000000000000000000e+00,6.374233961105346680e-01,2.922633886337280273e-01,1.391174077987670898e+00,9.840978980064392090e-01,-7.404887676239013672e-01,5.183078050613403320e-01,1.000000000000000000e+00,2.865316867828369141e+00,-4.728582203388214111e-01,1.252790331840515137e+00,-6.499682068824768066e-01,1.761945486068725586e-01,5.361698865890502930e-01,1.000000000000000000e+00,2.417886018753051758e+00,4.482280835509300232e-02,1.218809962272644043e+00,-1.306233704090118408e-01,-1.107049465179443359e+00,5.414397716522216797e-01,1.000000000000000000e+00,0.000000000000000000e+00,1.000000000000000000e+00,1.000000000000000000e+00,0.000000000000000000e+00,6.374233961105346680e-01,2.922633886337280273e-01,1.391174077987670898e+00,9.840978980064392090e-01,-7.404887676239013672e-01,5.183078050613403320e-01,9.954560399055480957e-01,9.285617619752883911e-02,-2.109964564442634583e-02,-9.511857479810714722e-02,9.800297617912292480e-01,-1.746261715888977051e-01,4.463161341845989227e-03,1.758396327495574951e-01,9.844087958335876465e-01,-1.512709110975265503e-01,1.879176348447799683e-01,-6.323070079088211060e-02,0.000000000000000000e+00,1.000000000000000000e+00,5.835720300674438477e-01,-1.052989840507507324e+00,1.484912395477294922e+00,1.297273039817810059e+00,-9.453230500221252441e-01,4.441265761852264404e-01,1.000000000000000000e+00,6.374233961105346680e-01,2.922633886337280273e-01,1.391174077987670898e+00,9.840978980064392090e-01,-7.404887676239013672e-01,5.183078050613403320e-01,1.000000000000000000e+00,2.865316867828369141e+00,-4.728582203388214111e-01,1.252790331840515137e+00,-6.499682068824768066e-01,1.761945486068725586e-01,5.361698865890502930e-01,1.000000000000000000e+00,2.417886018753051758e+00,4.482280835509300232e-02,1.218809962272644043e+00,-1.306233704090118408e-01,-1.107049465179443359e+00,5.414397716522216797e-01,1.000000000000000000e+00,0.000000000000000000e+00,1.000000000000000000e+00,1.000000000000000000e+00,0.000000000000000000e+00,2.865316867828369141e+00,-4.728582203388214111e-01,1.252790331840515137e+00,-6.499682068824768066e-01,1.761945486068725586e-01,5.361698865890502930e-01,5.083250128120227196e-02,-3.282052205663577027e-02,-2.006348751871011443e-03,1.000000000000000000e+00,2.417886018753051758e+00,4.482280835509300232e-02,1.218809962272644043e+00,-1.306233704090118408e-01,-1.107049465179443359e+00,5.414397716522216797e-01,1.981306925653315842e-01,1.113009214544034009e-01,2.688021289443368045e-02,1.000000000000000000e+00,-2.000000029802322388e-01,-7.456473540514707565e-03,-1.000000014901161194e-01,4.845446944236755371e-01,1.456549167633056641e-01,3.173092752695083618e-02,-1.000000014901161194e-01,4.017828106880187988e-01,1.197686195373535156e-01,-5.312824249267578125e-02,-6.390571594238281250e-03,4.156484007835388184e-01,1.690809726715087891e-01,9.889960289001464844e-02,1.685404777526855469e-02,4.148772060871124268e-01
1.000000000000000000e+00,6.096038818359375000e-01,-1.071571230888366699e+00,1.493920326232910156e+00,1.306516528129577637e+00,-9.087867736816406250e-01,4.586106240749359131e-01,9.921895861625671387e-01,9.401383996009826660e-02,8.198402076959609985e-02,-1.049686372280120850e-01,9.843472838401794434e-01,1.415705531835556030e-01,-6.739114969968795776e-02,-1.490705758333206177e-01,9.865275621414184570e-01,-4.092676639556884766e-01,-5.332606434822082520e-01,-1.177659928798675537e-01,1.000000000000000000e+00,0.000000000000000000e+00,6.096038818359375000e-01,-1.071571230888366699e+00,1.493920326232910156e+00,1.306516528129577637e+00,-9.087867736816406250e-01,4.586106240749359131e-01,1.000000000000000000e+00,6.570052504539489746e-01,2.772082984447479248e-01,1.401414394378662109e+00,9.731523990631103516e-01,-7.676235437393188477e-01,5.044522285461425781e-01,1.000000000000000000e+00,2.852299690246582031e+00,-4.694455862045288086e-01,1.263578772544860840e+00,-6.520390510559082031e-01,1.635301113128662109e-01,5.431067943572998047e-01,1.000000000000000000e+00,2.415491104125976562e+00,2.240340225398540497e-02,1.229624152183532715e+00,-1.065344586968421936e-01,-1.137872338294982910e+00,5.397263169288635254e-01,1.000000000000000000e+00,0.000000000000000000e+00,1.000000000000000000e+00,1.000000000000000000e+00,0.000000000000000000e+00,6.570052504539489746e-01,2.772082984447479248e-01,1.401414394378662109e+00,9.731523990631103516e-01,-7.676235437393188477e-01,5.044522285461425781e-01,9.954049587249755859e-01,9.432131797075271606e-02,-1.650821231305599213e-02,-9.575506299734115601e-02,9.805204272270202637e-01,-1.714955419301986694e-01,1.095318748411955312e-05,1.722882539033889771e-01,9.850466251373291016e-01,-2.130447626113891602e-01,2.416138499975204468e-01,-7.689862698316574097e-02,0.000000000000000000e+00,1.000000000000000000e+00,6.096038818359375000e-01,-1.071571230888366699e+00,1.493920326232910156e+00,1.306516528129577637e+00,-9.087867736816406250e-01,4.586106240749359131e-01,1.000000000000000000e+00,6.570052504539489746e-01,2.772082984447479248e-01,1.401414394378662109e+00,9.731523990631103516e-01,-7.676235437393188477e-01,5.044522285461425781e-01,1.000000000000000000e+00,2.852299690246582031e+00,-4.694455862045288086e-01,1.263578772544860840e+00,-6.520390510559082031e-01,1.635301113128662109e-01,5.431067943572998047e-01,1.000000000000000000e+00,2.415491104125976562e+00,2.240340225398540497e-02,1.229624152183532715e+00,-1.065344586968421936e-01,-1.137872338294982910e+00,5.397263169288635254e-01,1.000000000000000000e+00,0.000000000000000000e+00,1.000000000000000000e+00,1.000000000000000000e+00,0.000000000000000000e+00,2.852299690246582031e+00,-4.694455862045288086e-01,1.263578772544860840e+00,-6.520390510559082031e-01,1.635301113128662109e-01,5.431067943572998047e-01,5.968949422732719445e-02,-3.535341005662751002e-02,-2.538384237130510840e-03,1.000000000000000000e+00,2.415491104125976562e+00,2.240340225398540497e-02,1.229624152183532715e+00,-1.065344586968421936e-01,-1.137872338294982910e+00,5.397263169288635254e-01,1.965377360580304045e-01,1.102987493629603577e-01,2.565524768582783111e-02,1.000000000000000000e+00,-2.000000029802322388e-01,-1.132757775485515594e-02,-1.000000014901161194e-01,4.802618324756622314e-01,1.361058354377746582e-01,4.080246388912200928e-02,-1.000000014901161194e-01,4.054395258426666260e-01,1.307137012481689453e-01,-5.716252326965332031e-02,-7.510662078857421875e-03,4.132291078567504883e-01,1.518762111663818359e-01,9.141325950622558594e-02,1.397085189819335938e-02,4.158806204795837402e-01
1.020000000000000018e+00,6.358026266098022461e-01,-1.089402437210083008e+00,1.503242492675781250e+00,1.313764452934265137e+00,-8.701258897781372070e-01,4.756221175193786621e-01,9.927837848663330078e-01,9.564645588397979736e-02,7.233491539955139160e-02,-1.056524515151977539e-01,9.829799532890319824e-01,1.502939313650131226e-01,-5.672867968678474426e-02,-1.568517237901687622e-01,9.859917163848876953e-01,-3.562473058700561523e-01,-5.125865936279296875e-01,-1.050890460610389709e-01,1.000000000000000000e+00,0.000000000000000000e+00,6.358026266098022461e-01,-1.089402437210083008e+00,1.503242492675781250e+00,1.313764452934265137e+00,-8.701258897781372070e-01,4.756221175193786621e-01,1.000000000000000000e+00,6.763772368431091309e-01,2.616171538829803467e-01,1.411384701728820801e+00,9.632351398468017578e-01,-7.939870953559875488e-01,4.914550483226776123e-01,1.000000000000000000e+00,2.839236259460449219e+00,-4.663012027740478516e-01,1.274491786956787109e+00,-6.545968651771545410e-01,1.491937935352325439e-01,5.484444499015808105e-01,1.000000000000000000e+00,2.413573026657104492e+00,-6.257651839405298233e-04,1.240400791168212891e+00,-8.301033824682235718e-02,-1.167870521545410156e+00,5.377272367477416992e-01,1.000000000000000000e+00,0.000000000000000000e+00,1.000000000000000000e+00,1.000000000000000000e+00,0.000000000000000000e+00,6.763772368431091309e-01,2.616171538829803467e-01,1.411384701728820801e+00,9.632351398468017578e-01,-7.939870953559875488e-01,4.914550483226776123e-01,9.953208565711975098e-01,9.600372612476348877e-02,-1.094432361423969269e-02,-9.647811949253082275e-02,9.811529517173767090e-01,-1.674245595932006836e-01,-5.335326306521892548e-03,1.676970422267913818e-01,9.858241677284240723e-01,-2.538290321826934814e-01,2.733002305030822754e-01,-8.496121317148208618e-02,0.000000000000000000e+00,1.000000000000000000e+00,6.358026266098022461e-01,-1.089402437210083008e+00,1.503242492675781250e+00,1.313764452934265137e+00,-8.701258897781372070e-01,4.756221175193786621e-01,1.000000000000000000e+00,6.763772368431091309e-01,2.616171538829803467e-01,1.411384701728820801e+00,9.632351398468017578e-01,-7.939870953559875488e-01,4.914550483226776123e-01,1.000000000000000000e+00,2.839236259460449219e+00,-4.663012027740478516e-01,1.274491786956787109e+00,-6.545968651771545410e-01,1.491937935352325439e-01,5.484444499015808105e-01,1.000000000000000000e+00,2.413573026657104492e+00,-6.257651839405298233e-04,1.240400791168212891e+00,-8.301033824682235718e-02,-1.167870521545410156e+00,5.377272367477416992e-01,1.000000000000000000e+00,0.000000000000000000e+00,1.000000000000000000e+00,1.000000000000000000e+00,0.000000000000000000e+00,2.839236259460449219e+00,-4.663012027740478516e-01,1.274491786956787109e+00,-6.545968651771545410e-01,1.491937935352325439e-01,5.484444499015808105e-01,6.889888539367178266e-02,-3.813257554233162594e-02,-3.154687376857583103e-03,1.000000000000000000e+00,2.413573026657104492e+00,-6.257651839405298233e-04,1.240400791168212891e+00,-8.301033824682235718e-02,-1.167870521545410156e+00,5.377272367477416992e-01,1.923495374683948933e-01,1.084411350210372493e-01,2.409916470620014628e-02,1.000000000000000000e+00,-2.000000029802322388e-01,-1.617340743541717529e-02,-1.000000014901161194e-01,4.762457013130187988e-01,1.280668526887893677e-01,4.941971972584724426e-02,-1.000000014901161194e-01,4.082519710063934326e-01,1.411685943603515625e-01,-6.092524528503417969e-02,-8.652687072753906250e-03,4.111244678497314453e-01,1.340670585632324219e-01,8.332467079162597656e-02,1.122498512268066406e-02,4.173968434333801270e-01
1.040000000000000036e+00,6.621283888816833496e-01,-1.106443643569946289e+00,1.512920141220092773e+00,1.318997025489807129e+00,-8.296839594841003418e-01,4.941698014736175537e-01,9.932730793952941895e-01,9.717862308025360107e-02,6.296785920858383179e-02,-1.060542762279510498e-01,9.817646145820617676e-01,1.577680259943008423e-01,-4.648793861269950867e-02,-1.633847504854202271e-01,9.854665398597717285e-01,-2.887810468673706055e-01,-4.904786348342895508e-01,-9.194766730070114136e-02,1.000000000000000000e+00,0.000000000000000000e+00,6.621283888816833496e-01,-1.106443643569946289e+00,1.512920141220092773e+00,1.318997025489807129e+00,-8.296839594841003418e-01,4.941698014736175537e-01,1.000000000000000000e+00,6.955612897872924805e-01,2.455065846443176270e-01,1.421104550361633301e+00,9.544895291328430176e-01,-8.194661140441894531e-01,4.795243144035339355e-01,1.000000000000000000e+00,2.826117515563964844e+00,-4.634588956832885742e-01,1.285497307777404785e+00,-6.576797366142272949e-01,1.331581622362136841e-01,5.522555112838745117e-01,1.000000000000000000e+00,2.412119150161743164e+00,-2.424405515193939209e-02,1.251137852668762207e+00,-6.019688025116920471e-02,-1.196581721305847168e+00,5.358158349990844727e-01,1.000000000000000000e+00,0.000000000000000000e+00,1.000000000000000000e+00,1.000000000000000000e+00,0.000000000000000000e+00,6.955612897872924805e-01,2.455065846443176270e-01,1.421104550361633301e+00,9.544895291328430176e-01,-8.194661140441894531e-01,4.795243144035339355e-01,9.951962828636169434e-01,9.778118878602981567e-02,-4.829220473766326904e-03,-9.726060181856155396e-02,9.818590879440307617e-01,-1.627671718597412109e-01,-1.117395143955945969e-02,1.624549627304077148e-01,9.866527318954467773e-01,-2.761560380458831787e-01,2.899407744407653809e-01,-8.842274546623229980e-02,0.000000000000000000e+00,1.000000000000000000e+00,6.621283888816833496e-01,-1.106443643569946289e+00,1.512920141220092773e+00,1.318997025489807129e+00,-8.296839594841003418e-01,4.941698014736175537e-01,1.000000000000000000e+00,6.955612897872924805e-01,2.455065846443176270e-01,1.421104550361633301e+00,9.544895291328430176e-01,-8.194661140441894531e-01,4.795243144035339355e-01,1.000000000000000000e+00,2.826117515563964844e+00,-4.634588956832885742e-01,1.285497307777404785e+00,-6.576797366142272949e-01,1.331581622362136841e-01,5.522555112838745117e-01,1.000000000000000000e+00,2.412119150161743164e+00,-2.424405515193939209e-02,1.251137852668762207e+00,-6.019688025116920471e-02,-1.196581721305847168e+00,5.358158349990844727e-01,1.000000000000000000e+00,0.000000000000000000e+00,1.000000000000000000e+00,1.000000000000000000e+00,0.000000000000000000e+00,2.826117515563964844e+00,-4.634588956832885742e-01,1.285497307777404785e+00,-6.576797366142272949e-01,1.331581622362136841e-01,5.522555112838745117e-01,7.835297234489320417e-02,-4.109061048457762766e-02,-3.853576705151212645e-03,1.000000000000000000e+00,2.412119150161743164e+00,-2.424405515193939209e-02,1.251137852668762207e+00,-6.019688025116920471e-02,-1.196581721305847168e+00,5.358158349990844727e-01,1.855980043330312801e-01,1.057428712952366290e-01,2.225701377873146036e-02,1.000000000000000000e+00,-2.000000029802322388e-01,-1.945381239056587219e-02,-1.000000014901161194e-01,4.720520079135894775e-01,1.212830767035484314e-01,5.534494668245315552e-02,-1.000000014901161194e-01,4.102325141429901123e-01,1.509847640991210938e-01,-6.434082984924316406e-02,-9.781837463378906250e-03,4.093602895736694336e-01,1.159250736236572266e-01,7.470345497131347656e-02,8.690595626831054688e-03,4.193475544452667236e-01
1.060000000000000053e+00,6.885406374931335449e-01,-1.122662901878356934e+00,1.522976636886596680e+00,1.322221517562866211e+00,-7.878654003143310547e-01,5.134826302528381348e-01,9.936606884002685547e-01,9.858326613903045654e-02,5.403514578938484192e-02,-1.062139272689819336e-01,9.807446002960205078e-01,1.638859808444976807e-01,-3.683825954794883728e-02,-1.685863435268402100e-01,9.849982857704162598e-01,-2.285708039999008179e-01,-4.535745978355407715e-01,-7.852561026811599731e-02,1.000000000000000000e+00,0.000000000000000000e+00,6.885406374931335449e-01,-1.122662901878356934e+00,1.522976636886596680e+00,1.322221517562866211e+00,-7.878654003143310547e-01,5.134826302528381348e-01,1.000000000000000000e+00,7.145814895629882812e-01,2.288949489593505859e-01,1.430595874786376953e+00,9.469959139823913574e-01,-8.439865708351135254e-01,4.687253832817077637e-01,1.000000000000000000e+00,2.812931776046752930e+00,-4.609525799751281738e-01,1.296566009521484375e+00,-6.613121032714843750e-01,1.154163777828216553e-01,5.546330213546752930e-01,1.000000000000000000e+00,2.411114215850830078e+00,-4.842196777462959290e-02,1.261839747428894043e+00,-3.823379799723625183e-02,-1.223611116409301758e+00,5.343210101127624512e-01,1.000000000000000000e+00,0.000000000000000000e+00,1.000000000000000000e+00,1.000000000000000000e+00,0.000000000000000000e+00,7.145814895629882812e-01,2.288949489593505859e-01,1.430595874786376953e+00,9.469959139823913574e-01,-8.439865708351135254e-01,4.687253832817077637e-01,9.950314164161682129e-01,9.954949468374252319e-02,1.557502779178321362e-03,-9.805727750062942505e-02,9.825854897499084473e-01,-1.578307300806045532e-01,-1.724234968423843384e-02,1.568938046693801880e-01,9.874649643898010254e-01,-2.838914990425109863e-01,2.950581312179565430e-01,-8.714341372251510620e-02,0.000000000000000000e+00,1.000000000000000000e+00,6.885406374931335449e-01,-1.122662901878356934e+00,1.522976636886596680e+00,1.322221517562866211e+00,-7.878654003143310547e-01,5.134826302528381348e-01,1.000000000000000000e+00,7.145814895629882812e-01,2.288949489593505859e-01,1.430595874786376953e+00,9.469959139823913574e-01,-8.439865708351135254e-01,4.687253832817077637e-01,1.000000000000000000e+00,2.812931776046752930e+00,-4.609525799751281738e-01,1.296566009521484375e+00,-6.613121032714843750e-01,1.154163777828216553e-01,5.546330213546752930e-01,1.000000000000000000e+00,2.411114215850830078e+00,-4.842196777462959290e-02,1.261839747428894043e+00,-3.823379799723625183e-02,-1.223611116409301758e+00,5.343210101127624512e-01,1.000000000000000000e+00,0.000000000000000000e+00,1.000000000000000000e+00,1.000000000000000000e+00,0.000000000000000000e+00,2.812931776046752930e+00,-4.609525799751281738e-01,1.296566009521484375e+00,-6.613121032714843750e-01,1.154163777828216553e-01,5.546330213546752930e-01,8.793538108248896701e-02,-4.415649685260203405e-02,-4.628642994738287053e-03,1.000000000000000000e+00,2.411114215850830078e+00,-4.842196777462959290e-02,1.261839747428894043e+00,-3.823379799723625183e-02,-1.223611116409301758e+00,5.343210101127624512e-01,1.769254870099576382e-01,1.022465595819994633e-01,2.018786552606055551e-02,1.000000000000000000e+00,-2.000000029802322388e-01,-2.086778730154037476e-02,-1.000000014901161194e-01,4.666329026222229004e-01,1.154112592339515686e-01,5.987760424613952637e-02,-1.000000014901161194e-01,4.125688970088958740e-01,1.600387096405029297e-01,-6.735301017761230469e-02,-1.086354255676269531e-02,4.079355001449584961e-01,9.764432907104492188e-02,6.561350822448730469e-02,6.422519683837890625e-03,4.216533601284027100e-01
1.080000000000000071e+00,7.149998545646667480e-01,-1.138036489486694336e+00,1.533421158790588379e+00,1.323528647422790527e+00,-7.450679540634155273e-01,5.328573584556579590e-01,9.939481019973754883e-01,9.980521351099014282e-02,4.589361324906349182e-02,-1.061927750706672668e-01,9.798961877822875977e-01,1.688982993364334106e-01,-2.811404503881931305e-02,-1.727497130632400513e-01,9.845644831657409668e-01,-1.893191784620285034e-01,-3.997007012367248535e-01,-6.398387253284454346e-02,1.000000000000000000e+00,0.000000000000000000e+00,7.149998545646667480e-01,-1.138036489486694336e+00,1.533421158790588379e+00,1.323528647422790527e+00,-7.450679540634155273e-01,5.328573584556579590e-01,1.000000000000000000e+00,7.334634065628051758e-01,2.118017971515655518e-01,1.439881563186645508e+00,9.407854080200195312e-01,-8.675183057785034180e-01,4.590716660022735596e-01,1.000000000000000000e+00,2.799668788909912109e+00,-4.588164389133453369e-01,1.307670235633850098e+00,-6.655054092407226562e-01,9.598180651664733887e-02,5.556876063346862793e-01,1.000000000000000000e+00,2.410539865493774414e+00,-7.312326878309249878e-02,1.272517681121826172e+00,-1.724869012832641602e-02,-1.248689055442810059e+00,5.335298180580139160e-01,1.000000000000000000e+00,0.000000000000000000e+00,1.000000000000000000e+00,1.000000000000000000e+00,0.000000000000000000e+00,7.334634065628051758e-01,2.118017971515655518e-01,1.439881563186645508e+00,9.407854080200195312e-01,-8.675183057785034180e-01,4.590716660022735596e-01,9.948325157165527344e-01,1.012187078595161438e-01,7.947221398353576660e-03,-9.882431477308273315e-02,9.832986593246459961e-01,-1.528317034244537354e-01,-2.328391931951045990e-02,1.512565612792968750e-01,9.882203340530395508e-01,-2.823913395404815674e-01,2.874247431755065918e-01,-8.201818913221359253e-02,0.000000000000000000e+00,1.000000000000000000e+00,7.149998545646667480e-01,-1.138036489486694336e+00,1.533421158790588379e+00,1.323528647422790527e+00,-7.450679540634155273e-01,5.328573584556579590e-01,1.000000000000000000e+00,7.334634065628051758e-01,2.118017971515655518e-01,1.439881563186645508e+00,9.407854080200195312e-01,-8.675183057785034180e-01,4.590716660022735596e-01,1.000000000000000000e+00,2.799668788909912109e+00,-4.588164389133453369e-01,1.307670235633850098e+00,-6.655054092407226562e-01,9.598180651664733887e-02,5.556876063346862793e-01,1.000000000000000000e+00,2.410539865493774414e+00,-7.312326878309249878e-02,1.272517681121826172e+00,-1.724869012832641602e-02,-1.248689055442810059e+00,5.335298180580139160e-01,1.000000000000000000e+00,0.000000000000000000e+00,1.000000000000000000e+00,1.000000000000000000e+00,0.000000000000000000e+00,2.799668788909912109e+00,-4.588164389133453369e-01,1.307670235633850098e+00,-6.655054092407226562e-01,9.598180651664733887e-02,5.556876063346862793e-01,9.752748267652111558e-02,-4.725916110147454496e-02,-5.468838591227043189e-03,1.000000000000000000e+00,2.410539865493774414e+00,-7.312326878309249878e-02,1.272517681121826172e+00,-1.724869012832641602e-02,-1.248689055442810059e+00,5.335298180580139160e-01,1.669476134270629353e-01,9.801026816364943883e-02,1.795950429035454710e-02,1.000000000000000000e+00,-2.000000029802322388e-01,-2.023115754127502441e-02,-1.000000014901161194e-01,4.593395292758941650e-01,1.096107959747314453e-01,6.391833722591400146e-02,-1.000000014901161194e-01,4.136306047439575195e-01,1.682350635528564453e-01,-6.992363929748535156e-02,-1.186561584472656250e-02,4.068378806114196777e-01,7.934975624084472656e-02,5.611300468444824219e-02,4.459619522094726562e-03,4.242239594459533691e-01
1.100000000000000089e+00,7.414692640304565430e-01,-1.152547836303710938e+00,1.544248104095458984e+00,1.323104500770568848e+00,-7.016417980194091797e-01,5.514912009239196777e-01,9.941483139991760254e-01,1.007822602987289429e-01,3.888837993144989014e-02,-1.060379743576049805e-01,9.791629910469055176e-01,1.731936186552047729e-01,-2.062321454286575317e-02,-1.763037592172622681e-01,9.841198325157165527e-01,-1.690866053104400635e-01,-3.330936133861541748e-01,-4.838614165782928467e-02,1.000000000000000000e+00,0.000000000000000000e+00,7.414692640304565430e-01,-1.152547836303710938e+00,1.544248104095458984e+00,1.323104500770568848e+00,-7.016417980194091797e-01,5.514912009239196777e-01,1.000000000000000000e+00,7.522324919700622559e-01,1.942469477653503418e-01,1.448984384536743164e+00,9.358381032943725586e-01,-8.900557756423950195e-01,4.505262076854705811e-01,1.000000000000000000e+00,2.786317110061645508e+00,-4.570839703083038330e-01,1.318784594535827637e+00,-6.702579855918884277e-01,7.488717138767242432e-02,5.555424690246582031e-01,1.000000000000000000e+00,2.410375595092773438e+00,-9.830717742443084717e-02,1.283187866210937500e+00,2.638491103425621986e-03,-1.271628618240356445e+00,5.336735844612121582e-01,1.000000000000000000e+00,0.000000000000000000e+00,1.000000000000000000e+00,1.000000000000000000e+00,0.000000000000000000e+00,7.522324919700622559e-01,1.942469477653503418e-01,1.448984384536743164e+00,9.358381032943725586e-01,-8.900557756423950195e-01,4.505262076854705811e-01,9.946098923683166504e-01,1.027251034975051880e-01,1.409449707716703415e-02,-9.953224658966064453e-02,9.839850664138793945e-01,-1.478738486766815186e-01,-2.905913256108760834e-02,1.456739306449890137e-01,9.889057874679565430e-01,-2.781018614768981934e-01,2.707468271255493164e-01,-7.430006563663482666e-02,0.000000000000000000e+00,1.000000000000000000e+00,7.414692640304565430e-01,-1.152547836303710938e+00,1.544248104095458984e+00,1.323104500770568848e+00,-7.016417980194091797e-01,5.514912009239196777e-01,1.000000000000000000e+00,7.522324919700622559e-01,1.942469477653503418e-01,1.448984384536743164e+00,9.358381032943725586e-01,-8.900557756423950195e-01,4.505262076854705811e-01,1.000000000000000000e+00,2.786317110061645508e+00,-4.570839703083038330e-01,1.318784594535827637e+00,-6.702579855918884277e-01,7.488717138767242432e-02,5.555424690246582031e-01,1.000000000000000000e+00,2.410375595092773438e+00,-9.830717742443084717e-02,1.283187866210937500e+00,2.638491103425621986e-03,-1.271628618240356445e+00,5.336735844612121582e-01,1.000000000000000000e+00,0.000000000000000000e+00,1.000000000000000000e+00,1.000000000000000000e+00,0.000000000000000000e+00,2.786317110061645508e+00,-4.570839703083038330e-01,1.318784594535827637e+00,-6.702579855918884277e-01,7.488717138767242432e-02,5.555424690246582031e-01,1.070120857076744536e-01,-5.033046994498691085e-02,-6.358924318323730396e-03,1.000000000000000000e+00,2.410375595092773438e+00,-9.830717742443084717e-02,1.283187866210937500e+00,2.638491103425621986e-03,-1.271628618240356445e+00,5.336735844612121582e-01,1.559741591243304637e-01,9.307027204147777510e-02,1.563552242038218631e-02,1.000000000000000000e+00,-2.000000029802322388e-01,-1.662277430295944214e-02,-1.000000014901161194e-01,4.503699541091918945e-01,1.038132235407829285e-01,6.762804090976715088e-02,-1.000000014901161194e-01,4.137256145477294922e-01,1.755027770996093750e-01,-7.202887535095214844e-02,-1.276087760925292969e-02,4.060439765453338623e-01,6.112504005432128906e-02,4.625201225280761719e-02,2.829790115356445312e-03,4.269511997699737549e-01
1.120000000000000107e+00,7.679165601730346680e-01,-1.166187286376953125e+00,1.555434465408325195e+00,1.321212649345397949e+00,-6.578870415687561035e-01,5.684825778007507324e-01,9.942821264266967773e-01,1.014794185757637024e-01,3.324170410633087158e-02,-1.057872846722602844e-01,9.785081148147583008e-01,1.770056337118148804e-01,-1.456484664231538773e-02,-1.795100718736648560e-01,9.836483597755432129e-01,-1.533190310001373291e-01,-2.596959471702575684e-01,-3.255102410912513733e-02,1.000000000000000000e+00,0.000000000000000000e+00,7.679165601730346680e-01,-1.166187286376953125e+00,1.555434465408325195e+00,1.321212649345397949e+00,-6.578870415687561035e-01,5.684825778007507324e-01,1.000000000000000000e+00,7.709136605262756348e-01,1.762503683567047119e-01,1.457925319671630859e+00,9.320943355560302734e-01,-9.115878939628601074e-01,4.429462254047393799e-01,1.000000000000000000e+00,2.772865056991577148e+00,-4.557879567146301270e-01,1.329885959625244141e+00,-6.755567789077758789e-01,5.218340456485748291e-02,5.543290972709655762e-01,1.000000000000000000e+00,2.410598278045654297e+00,-1.239294260740280151e-01,1.293870925903320312e+00,2.131022140383720398e-02,-1.292266249656677246e+00,5.349392294883728027e-01,1.000000000000000000e+00,0.000000000000000000e+00,1.000000000000000000e+00,1.000000000000000000e+00,0.000000000000000000e+00,7.709136605262756348e-01,1.762503683567047119e-01,1.457925319671630859e+00,9.320943355560302734e-01,-9.115878939628601074e-01,4.429462254047393799e-01,9.943754673004150391e-01,1.040301918983459473e-01,1.988292858004570007e-02,-1.001544147729873657e-01,9.846498370170593262e-01,-1.429475098848342896e-01,-3.444857522845268250e-02,1.401521116495132446e-01,9.895306229591369629e-01,-2.763660252094268799e-01,2.523883879184722900e-01,-6.511586159467697144e-02,0.000000000000000000e+00,1.000000000000000000e+00,7.679165601730346680e-01,-1.166187286376953125e+00,1.555434465408325195e+00,1.321212649345397949e+00,-6.578870415687561035e-01,5.684825778007507324e-01,1.000000000000000000e+00,7.709136605262756348e-01,1.762503683567047119e-01,1.457925319671630859e+00,9.320943355560302734e-01,-9.115878939628601074e-01,4.429462254047393799e-01,1.000000000000000000e+00,2.772865056991577148e+00,-4.557879567146301270e-01,1.329885959625244141e+00,-6.755567789077758789e-01,5.218340456485748291e-02,5.543290972709655762e-01,1.000000000000000000e+00,2.410598278045654297e+00,-1.239294260740280151e-01,1.293870925903320312e+00,2.131022140383720398e-02,-1.292266249656677246e+00,5.349392294883728027e-01,1.000000000000000000e+00,0.000000000000000000e+00,1.000000000000000000e+00,1.000000000000000000e+00,0.000000000000000000e+00,2.772865056991577148e+00,-4.557879567146301270e-01,1.329885959625244141e+00,-6.755567789077758789e-01,5.218340456485748291e-02,5.543290972709655762e-01,1.162762772480727680e-01,-5.330754682755411977e-02,-7.280280470300617979e-03,1.000000000000000000e+00,2.410598278045654297e+00,-1.239294260740280151e-01,1.293870925903320312e+00,2.131022140383720398e-02,-1.292266249656677246e+00,5.349392294883728027e-01,1.440693573471464872e-01,8.745161421723102180e-02,1.327991512834660048e-02,1.000000000000000000e+00,-2.000000029802322388e-01,-9.122422896325588226e-03,-1.000000014901161194e-01,4.404639899730682373e-01,9.791193157434463501e-02,7.077755779027938843e-02,-1.000000014901161194e-01,4.138939082622528076e-01,1.817901134490966797e-01,-7.366108894348144531e-02,-1.352715492248535156e-02,4.055098891258239746e-01,4.303669929504394531e-02,3.607201576232910156e-02,1.553058624267578125e-03,4.297081530094146729e-01
1.140000000000000124e+00,7.943150401115417480e-01,-1.178950548171997070e+00,1.566939473152160645e+00,1.318164944648742676e+00,-6.140763759613037109e-01,5.829935669898986816e-01,9.943726062774658203e-01,1.018680557608604431e-01,2.908733114600181580e-02,-1.054590269923210144e-01,9.779403805732727051e-01,1.803084760904312134e-01,-1.007800176739692688e-02,-1.823613196611404419e-01,9.831799864768981934e-01,-1.332958042621612549e-01,-1.771183311939239502e-01,-1.489678956568241119e-02,1.000000000000000000e+00,0.000000000000000000e+00,7.943150401115417480e-01,-1.178950548171997070e+00,1.566939473152160645e+00,1.318164944648742676e+00,-6.140763759613037109e-01,5.829935669898986816e-01,1.000000000000000000e+00,7.895301580429077148e-01,1.578323245048522949e-01,1.466722130775451660e+00,9.294818043708801270e-01,-9.320944547653198242e-01,4.361713528633117676e-01,1.000000000000000000e+00,2.759302139282226562e+00,-4.549600183963775635e-01,1.340954422950744629e+00,-6.813775897026062012e-01,2.793839573860168457e-02,5.521816015243530273e-01,1.000000000000000000e+00,2.411182880401611328e+00,-1.499424427747726440e-01,1.304590225219726562e+00,3.865096718072891235e-02,-1.310429334640502930e+00,5.374747514724731445e-01,1.000000000000000000e+00,0.000000000000000000e+00,1.000000000000000000e+00,1.000000000000000000e+00,0.000000000000000000e+00,7.895301580429077148e-01,1.578323245048522949e-01,1.466722130775451660e+00,9.294818043708801270e-01,-9.320944547653198242e-01,4.361713528633117676e-01,9.941375255584716797e-01,1.051135659217834473e-01,2.533502131700515747e-02,-1.006633341312408447e-01,9.853058457374572754e-01,-1.379833370447158813e-01,-3.946666419506072998e-02,1.346241086721420288e-01,9.901105165481567383e-01,-2.787267863750457764e-01,2.368822693824768066e-01,-5.527706816792488098e-02,0.000000000000000000e+00,1.000000000000000000e+00,7.943150401115417480e-01,-1.178950548171997070e+00,1.566939473152160645e+00,1.318164944648742676e+00,-6.140763759613037109e-01,5.829935669898986816e-01,1.000000000000000000e+00,7.895301580429077148e-01,1.578323245048522949e-01,1.466722130775451660e+00,9.294818043708801270e-01,-9.320944547653198242e-01,4.361713528633117676e-01,1.000000000000000000e+00,2.759302139282226562e+00,-4.549600183963775635e-01,1.340954422950744629e+00,-6.813775897026062012e-01,2.793839573860168457e-02,5.521816015243530273e-01,1.000000000000000000e+00,2.411182880401611328e+00,-1.499424427747726440e-01,1.304590225219726562e+00,3.865096718072891235e-02,-1.310429334640502930e+00,5.374747514724731445e-01,1.000000000000000000e+00,0.000000000000000000e+00,1.000000000000000000e+00,1.000000000000000000e+00,0.000000000000000000e+00,2.759302139282226562e+00,-4.549600183963775635e-01,1.340954422950744629e+00,-6.813775897026062012e-01,2.793839573860168457e-02,5.521816015243530273e-01,1.252137715415530539e-01,-5.613426363683315934e-02,-8.211916091113734273e-03,1.000000000000000000e+00,2.411182880401611328e+00,-1.499424427747726440e-01,1.304590225219726562e+00,3.865096718072891235e-02,-1.310429334640502930e+00,5.374747514724731445e-01,1.312419275485143810e-01,8.119125013398353907e-02,1.096003187696474590e-02,1.000000000000000000e+00,-1.999999880790710449e-01,-1.346611883491277695e-03,-1.000000014901161194e-01,4.314755201339721680e-01,9.204196929931640625e-02,7.260727137327194214e-02,-1.000000014901161194e-01,4.157127141952514648e-01,1.870543956756591797e-01,-7.482171058654785156e-02,-1.414704322814941406e-02,4.051860868930816650e-01,2.514553070068359375e-02,2.560997009277343750e-02,6.439685821533203125e-04,4.323623776435852051e-01
1.159999999999999920e+00,8.206446170806884766e-01,-1.190839052200317383e+00,1.578707933425903320e+00,1.314315199851989746e+00,-5.704587697982788086e-01,5.944386720657348633e-01,9.944366216659545898e-01,1.019243001937866211e-01,2.659653499722480774e-02,-1.050809323787689209e-01,9.774786233901977539e-01,1.830126196146011353e-01,-7.344111334532499313e-03,-1.847892254590988159e-01,9.827507734298706055e-01,-1.116046309471130371e-01,-8.998176455497741699e-02,2.741921227425336838e-03,1.000000000000000000e+00,0.000000000000000000e+00,8.206446170806884766e-01,-1.190839052200317383e+00,1.578707933425903320e+00,1.314315199851989746e+00,-5.704587697982788086e-01,5.944386720657348633e-01,1.000000000000000000e+00,8.081040978431701660e-01,1.390135437250137329e-01,1.475390195846557617e+00,9.279385209083557129e-01,-9.515582919120788574e-01,4.301531314849853516e-01,1.000000000000000000e+00,2.745618581771850586e+00,-4.546302556991577148e-01,1.351972818374633789e+00,-6.876866817474365234e-01,2.235855208709836006e-03,5.492317080497741699e-01,1.000000000000000000e+00,2.412101507186889648e+00,-1.762951314449310303e-01,1.315372467041015625e+00,5.454961210489273071e-02,-1.325939178466796875e+00,5.413824319839477539e-01,1.000000000000000000e+00,0.000000000000000000e+00,1.000000000000000000e+00,1.000000000000000000e+00,0.000000000000000000e+00,8.081040978431701660e-01,1.390135437250137329e-01,1.475390195846557617e+00,9.279385209083557129e-01,-9.515582919120788574e-01,4.301531314849853516e-01,9.939019083976745605e-01,1.059656590223312378e-01,3.050367534160614014e-02,-1.010399907827377319e-01,9.859636425971984863e-01,-1.329167336225509644e-01,-4.416012018918991089e-02,1.290241032838821411e-01,9.906578063964843750e-01,-2.832910418510437012e-01,2.216534763574600220e-01,-4.516832903027534485e-02,0.000000000000000000e+00,1.000000000000000000e+00,8.206446170806884766e-01,-1.190839052200317383e+00,1.578707933425903320e+00,1.314315199851989746e+00,-5.704587697982788086e-01,5.944386720657348633e-01,1.000000000000000000e+00,8.081040978431701660e-01,1.390135437250137329e-01,1.475390195846557617e+00,9.279385209083557129e-01,-9.515582919120788574e-01,4.301531314849853516e-01,1.000000000000000000e+00,2.745618581771850586e+00,-4.546302556991577148e-01,1.351972818374633789e+00,-6.876866817474365234e-01,2.235855208709836006e-03,5.492317080497741699e-01,1.000000000000000000e+00,2.412101507186889648e+00,-1.762951314449310303e-01,1.315372467041015625e+00,5.454961210489273071e-02,-1.325939178466796875e+00,5.413824319839477539e-01,1.000000000000000000e+00,0.000000000000000000e+00,1.000000000000000000e+00,1.000000000000000000e+00,0.000000000000000000e+00,2.745618581771850586e+00,-4.546302556991577148e-01,1.351972818374633789e+00,-6.876866817474365234e-01,2.235855208709836006e-03,5.492317080497741699e-01,1.337269222037507366e-01,-5.876231450048119420e-02,-9.131572050704202248e-03,1.000000000000000000e+00,2.412101507186889648e+00,-1.762951314449310303e-01,1.315372467041015625e+00,5.454961210489273071e-02,-1.325939178466796875e+00,5.413824319839477539e-01,1.175772043423872759e-01,7.434012620737306953e-02,8.742513766626415495e-03,1.000000000000000000e+00,-2.000000029802322388e-01,7.684734649956226349e-03,-1.000000014901161194e-01,4.229902327060699463e-01,8.589053899049758911e-02,7.448577135801315308e-02,-1.000000014901161194e-01,4.154197275638580322e-01,1.912577152252197266e-01,-7.551407814025878906e-02,-1.460647583007812500e-02,4.050431847572326660e-01,7.510662078857421875e-03,1.490855216979980469e-02,1.120567321777343750e-04,4.347981214523315430e-01
1.179999999999999938e+00,8.468927741050720215e-01,-1.201858520507812500e+00,1.590674996376037598e+00,1.310034632682800293e+00,-5.272416472434997559e-01,6.025133132934570312e-01,9.944875240325927734e-01,1.016454920172691345e-01,2.574742957949638367e-02,-1.046639308333396912e-01,9.771234989166259766e-01,1.851357817649841309e-01,-6.340198218822479248e-03,-1.868100464344024658e-01,9.823756814002990723e-01,-9.316434711217880249e-02,-9.394113905727863312e-03,1.999935880303382874e-02,1.000000000000000000e+00,0.000000000000000000e+00,8.468927741050720215e-01,-1.201858520507812500e+00,1.590674996376037598e+00,1.310034632682800293e+00,-5.272416472434997559e-01,6.025133132934570312e-01,1.000000000000000000e+00,8.266564011573791504e-01,1.198150366544723511e-01,1.483944416046142578e+00,9.274044036865234375e-01,-9.699531793594360352e-01,4.248412847518920898e-01,1.000000000000000000e+00,2.731804609298706055e+00,-4.548269808292388916e-01,1.362925648689270020e+00,-6.944420337677001953e-01,-2.482604421675205231e-02,5.456054806709289551e-01,1.000000000000000000e+00,2.413324117660522461e+00,-2.029329091310501099e-01,1.326245903968811035e+00,6.890087574720382690e-02,-1.338631153106689453e+00,5.467112660408020020e-01,1.000000000000000000e+00,0.000000000000000000e+00,1.000000000000000000e+00,1.000000000000000000e+00,0.000000000000000000e+00,8.266564011573791504e-01,1.198150366544723511e-01,1.483944416046142578e+00,9.274044036865234375e-01,-9.699531793594360352e-01,4.248412847518920898e-01,9.936743974685668945e-01,1.065886691212654114e-01,3.535714372992515564e-02,-1.012877747416496277e-01,9.866244196891784668e-01,-1.277228593826293945e-01,-4.849803075194358826e-02,1.233336851000785828e-01,9.911795258522033691e-01,-2.878332138061523438e-01,2.036084383726119995e-01,-3.554225340485572815e-02,0.000000000000000000e+00,1.000000000000000000e+00,8.468927741050720215e-01,-1.201858520507812500e+00,1.590674996376037598e+00,1.310034632682800293e+00,-5.272416472434997559e-01,6.025133132934570312e-01,1.000000000000000000e+00,8.266564011573791504e-01,1.198150366544723511e-01,1.483944416046142578e+00,9.274044036865234375e-01,-9.699531793594360352e-01,4.248412847518920898e-01,1.000000000000000000e+00,2.731804609298706055e+00,-4.548269808292388916e-01,1.362925648689270020e+00,-6.944420337677001953e-01,-2.482604421675205231e-02,5.456054806709289551e-01,1.000000000000000000e+00,2.413324117660522461e+00,-2.029329091310501099e-01,1.326245903968811035e+00,6.890087574720382690e-02,-1.338631153106689453e+00,5.467112660408020020e-01,1.000000000000000000e+00,0.000000000000000000e+00,1.000000000000000000e+00,1.000000000000000000e+00,0.000000000000000000e+00,2.731804609298706055e+00,-4.548269808292388916e-01,1.362925648689270020e+00,-6.944420337677001953e-01,-2.482604421675205231e-02,5.456054806709289551e-01,1.417268694442839205e-01,-6.115146164131868289e-02,-1.001672696735124435e-02,1.000000000000000000e+00,2.413324117660522461e+00,-2.029329091310501099e-01,1.326245903968811035e+00,6.890087574720382690e-02,-1.338631153106689453e+00,5.467112660408020020e-01,1.032487168049598392e-01,6.694951218947520211e-02,6.687953186504135006e-03,1.000000000000000000e+00,-1.999999880790710449e-01,1.600189879536628723e-02,-1.000000014901161194e-01,4.116137623786926270e-01,7.921563833951950073e-02,8.071608841419219971e-02,-1.000000014901161194e-01,4.138286113739013672e-01,1.943655014038085938e-01,-7.574582099914550781e-02,-1.489520072937011719e-02,4.050531089305877686e-01,-9.814500808715820312e-03,4.015922546386718750e-03,-3.933906555175781250e-05,4.369234144687652588e-01
1.199999999999999956e+00,8.730539679527282715e-01,-1.212018847465515137e+00,1.602771162986755371e+00,1.305655002593994141e+00,-4.846220612525939941e-01,6.068748235702514648e-01,9.945322275161743164e-01,1.010494679212570190e-01,2.635473571717739105e-02,-1.042034775018692017e-01,9.768589735031127930e-01,1.867835223674774170e-01,-6.870484910905361176e-03,-1.885084807872772217e-01,9.820474982261657715e-01,-7.946878671646118164e-02,5.720435827970504761e-02,3.521426767110824585e-02,1.000000000000000000e+00,0.000000000000000000e+00,8.730539679527282715e-01,-1.212018847465515137e+00,1.602771162986755371e+00,1.305655002593994141e+00,-4.846220612525939941e-01,6.068748235702514648e-01,1.000000000000000000e+00,8.452066183090209961e-01,1.002585887908935547e-01,1.492397189140319824e+00,9.278059005737304688e-01,-9.872299432754516602e-01,4.200182259082794189e-01,1.000000000000000000e+00,2.717852354049682617e+00,-4.555763304233551025e-01,1.373800992965698242e+00,-7.015947103500366211e-01,-5.313594639301300049e-02,5.414224863052368164e-01,1.000000000000000000e+00,2.414819002151489258e+00,-2.297981530427932739e-01,1.337238550186157227e+00,8.160448819398880005e-02,-1.348371505737304688e+00,5.534548759460449219e-01,1.000000000000000000e+00,0.000000000000000000e+00,1.000000000000000000e+00,1.000000000000000000e+00,0.000000000000000000e+00,8.452066183090209961e-01,1.002585887908935547e-01,1.492397189140319824e+00,9.278059005737304688e-01,-9.872299432754516602e-01,4.200182259082794189e-01,9.934560656547546387e-01,1.070132255554199219e-01,3.991848975419998169e-02,-1.014300882816314697e-01,9.872840642929077148e-01,-1.224023997783660889e-01,-5.250956118106842041e-02,1.175524592399597168e-01,9.916775822639465332e-01,-2.929869890213012695e-01,1.962389945983886719e-01,-2.824947237968444824e-02,0.000000000000000000e+00,1.000000000000000000e+00,8.730539679527282715e-01,-1.212018847465515137e+00,1.602771162986755371e+00,1.305655002593994141e+00,-4.846220612525939941e-01,6.068748235702514648e-01,1.000000000000000000e+00,8.452066183090209961e-01,1.002585887908935547e-01,1.492397189140319824e+00,9.278059005737304688e-01,-9.872299432754516602e-01,4.200182259082794189e-01,1.000000000000000000e+00,2.717852354049682617e+00,-4.555763304233551025e-01,1.373800992965698242e+00,-7.015947103500366211e-01,-5.313594639301300049e-02,5.414224863052368164e-01,1.000000000000000000e+00,2.414819002151489258e+00,-2.297981530427932739e-01,1.337238550186157227e+00,8.160448819398880005e-02,-1.348371505737304688e+00,5.534548759460449219e-01,1.000000000000000000e+00,0.000000000000000000e+00,1.000000000000000000e+00,1.000000000000000000e+00,0.000000000000000000e+00,2.717852354049682617e+00,-4.555763304233551025e-01,1.373800992965698242e+00,-7.015947103500366211e-01,-5.313594639301300049e-02,5.414224863052368164e-01,1.491327504638743084e-01,-6.326876301645456557e-02,-1.084539629312790410e-02,1.000000000000000000e+00,2.414819002151489258e+00,-2.297981530427932739e-01,1.337238550186157227e+00,8.160448819398880005e-02,-1.348371505737304688e+00,5.534548759460449219e-01,8.845400553891655249e-02,5.906130739160797560e-02,4.847751651901398284e-03,1.000000000000000000e+00,-2.000000029802322388e-01,2.245773375034332275e-02,-1.000000014901161194e-01,3.972135186195373535e-01,7.219030708074569702e-02,8.849142491817474365e-02,-1.000000014901161194e-01,4.114659428596496582e-01,1.963574886322021484e-01,-7.553887367248535156e-02,-1.501083374023437500e-02,4.051562249660491943e-01,-2.677559852600097656e-02,-7.024049758911132812e-03,1.881122589111328125e-04,4.386259913444519043e-01
1.219999999999999973e+00,8.991286754608154297e-01,-1.221333622932434082e+00,1.614916920661926270e+00,1.301429748535156250e+00,-4.428177475929260254e-01,6.069207191467285156e-01,9.945719838142395020e-01,1.001899093389511108e-01,2.807996794581413269e-02,-1.036960035562515259e-01,9.766651391983032227e-01,1.880754083395004272e-01,-8.581469766795635223e-03,-1.899663060903549194e-01,9.817531108856201172e-01,-6.893792748451232910e-02,1.022767648100852966e-01,4.667940363287925720e-02,1.000000000000000000e+00,0.000000000000000000e+00,8.991286754608154297e-01,-1.221333622932434082e+00,1.614916920661926270e+00,1.301429748535156250e+00,-4.428177475929260254e-01,6.069207191467285156e-01,1.000000000000000000e+00,8.637728691101074219e-01,8.036707341670989990e-02,1.500755786895751953e+00,9.290987849235534668e-01,-1.003334403038024902e+00,4.153835475444793701e-01,1.000000000000000000e+00,2.703753471374511719e+00,-4.569022357463836670e-01,1.384588599205017090e+00,-7.090893983840942383e-01,-8.257003128528594971e-02,5.367933511734008789e-01,1.000000000000000000e+00,2.416552543640136719e+00,-2.568308711051940918e-01,1.348378300666809082e+00,9.256390482187271118e-02,-1.355057597160339355e+00,5.615511536598205566e-01,1.000000000000000000e+00,0.000000000000000000e+00,1.000000000000000000e+00,1.000000000000000000e+00,0.000000000000000000e+00,8.637728691101074219e-01,8.036707341670989990e-02,1.500755786895751953e+00,9.290987849235534668e-01,-1.003334403038024902e+00,4.153835475444793701e-01,9.932281970977783203e-01,1.072873845696449280e-01,4.458026587963104248e-02,-1.014659926295280457e-01,9.879388809204101562e-01,-1.169686913490295410e-01,-5.659183859825134277e-02,1.116532087326049805e-01,9.921346306800842285e-01,-3.003334105014801025e-01,2.162380218505859375e-01,-2.375547029078006744e-02,0.000000000000000000e+00,1.000000000000000000e+00,8.991286754608154297e-01,-1.221333622932434082e+00,1.614916920661926270e+00,1.301429748535156250e+00,-4.428177475929260254e-01,6.069207191467285156e-01,1.000000000000000000e+00,8.637728691101074219e-01,8.036707341670989990e-02,1.500755786895751953e+00,9.290987849235534668e-01,-1.003334403038024902e+00,4.153835475444793701e-01,1.000000000000000000e+00,2.703753471374511719e+00,-4.569022357463836670e-01,1.384588599205017090e+00,-7.090893983840942383e-01,-8.257003128528594971e-02,5.367933511734008789e-01,1.000000000000000000e+00,2.416552543640136719e+00,-2.568308711051940918e-01,1.348378300666809082e+00,9.256390482187271118e-02,-1.355057597160339355e+00,5.615511536598205566e-01,1.000000000000000000e+00,0.000000000000000000e+00,1.000000000000000000e+00,1.000000000000000000e+00,0.000000000000000000e+00,2.703753471374511719e+00,-4.569022357463836670e-01,1.384588599205017090e+00,-7.090893983840942383e-01,-8.257003128528594971e-02,5.367933511734008789e-01,1.558705353657199033e-01,-6.508795129181033090e-02,-1.159685723842932004e-02,1.000000000000000000e+00,2.416552543640136719e+00,-2.568308711051940918e-01,1.348378300666809082e+00,9.256390482187271118e-02,-1.355057597160339355e+00,5.615511536598205566e-01,7.335285634855485959e-02,5.071115888306110264e-02,3.264530783710792305e-03,1.000000000000000000e+00,-1.999999433755874634e-01,2.829745411872863770e-02,-1.000000014901161194e-01,3.844314515590667725e-01,6.454394757747650146e-02,1.003847718238830566e-01,-1.000000014901161194e-01,4.087029695510864258e-01,1.972253322601318359e-01,-7.492351531982421875e-02,-1.495623588562011719e-02,4.052763283252716064e-01,-4.330921173095703125e-02,-1.818704605102539062e-02,7.882118225097656250e-04,4.397372305393218994e-01
1.239999999999999991e+00,9.251215457916259766e-01,-1.229820847511291504e+00,1.627020478248596191e+00,1.297515153884887695e+00,-4.020029008388519287e-01,6.021420955657958984e-01,9.946065545082092285e-01,9.913823008537292480e-02,3.048945404589176178e-02,-1.031329780817031860e-01,9.765264987945556641e-01,1.891025751829147339e-01,-1.102646533399820328e-02,-1.912271231412887573e-01,9.814839959144592285e-01,-5.972735211253166199e-02,1.274328827857971191e-01,5.457940325140953064e-02,1.000000000000000000e+00,0.000000000000000000e+00,9.251215457916259766e-01,-1.229820847511291504e+00,1.627020478248596191e+00,1.297515153884887695e+00,-4.020029008388519287e-01,6.021420955657958984e-01,1.000000000000000000e+00,8.823732137680053711e-01,6.016437709331512451e-02,1.509021162986755371e+00,9.313325285911560059e-01,-1.018218398094177246e+00,4.106241166591644287e-01,1.000000000000000000e+00,2.689502000808715820e+00,-4.588259458541870117e-01,1.395280122756958008e+00,-7.168657779693603516e-01,-1.129920631647109985e-01,5.318148136138916016e-01,1.000000000000000000e+00,2.418488979339599609e+00,-2.839692234992980957e-01,1.359691262245178223e+00,1.016865447163581848e-01,-1.358612895011901855e+00,5.708796381950378418e-01,1.000000000000000000e+00,0.000000000000000000e+00,1.000000000000000000e+00,1.000000000000000000e+00,0.000000000000000000e+00,8.823732137680053711e-01,6.016437709331512451e-02,1.509021162986755371e+00,9.313325285911560059e-01,-1.018218398094177246e+00,4.106241166591644287e-01,9.929545521736145020e-01,1.074661239981651306e-01,4.992280900478363037e-02,-1.013911142945289612e-01,9.885866641998291016e-01,-1.114281564950942993e-01,-6.132777780294418335e-02,1.055813729763031006e-01,9.925177097320556641e-01,-3.107466697692871094e-01,2.659905552864074707e-01,-2.264291420578956604e-02,0.000000000000000000e+00,1.000000000000000000e+00,9.251215457916259766e-01,-1.229820847511291504e+00,1.627020478248596191e+00,1.297515153884887695e+00,-4.020029008388519287e-01,6.021420955657958984e-01,1.000000000000000000e+00,8.823732137680053711e-01,6.016437709331512451e-02,1.509021162986755371e+00,9.313325285911560059e-01,-1.018218398094177246e+00,4.106241166591644287e-01,1.000000000000000000e+00,2.689502000808715820e+00,-4.588259458541870117e-01,1.395280122756958008e+00,-7.168657779693603516e-01,-1.129920631647109985e-01,5.318148136138916016e-01,1.000000000000000000e+00,2.418488979339599609e+00,-2.839692234992980957e-01,1.359691262245178223e+00,1.016865447163581848e-01,-1.358612895011901855e+00,5.708796381950378418e-01,1.000000000000000000e+00,0.000000000000000000e+00,1.000000000000000000e+00,1.000000000000000000e+00,0.000000000000000000e+00,2.689502000808715820e+00,-4.588259458541870117e-01,1.395280122756958008e+00,-7.168657779693603516e-01,-1.129920631647109985e-01,5.318148136138916016e-01,1.618734463014319669e-01,-6.658960088269494371e-02,-1.225250488678589211e-02,1.000000000000000000e+00,2.418488979339599609e+00,-2.839692234992980957e-01,1.359691262245178223e+00,1.016865447163581848e-01,-1.358612895011901855e+00,5.708796381950378418e-01,5.804989878037682127e-02,4.193676035571924920e-02,1.973685774433939916e-03,1.000000000000000000e+00,-1.999999582767486572e-01,3.226715326309204102e-02,-1.000000014901161194e-01,3.745336830615997314e-01,5.596608668565750122e-02,1.181857511401176453e-01,-1.000000014901161194e-01,4.053098261356353760e-01,1.969671249389648438e-01,-7.393574714660644531e-02,-1.473975181579589844e-02,4.053342938423156738e-01,-5.937385559082031250e-02,-2.947139739990234375e-02,1.751661300659179688e-03,4.400888681411743164e-01
1.260000000000000009e+00,9.510394334793090820e-01,-1.237501263618469238e+00,1.638984322547912598e+00,1.293988227844238281e+00,-3.622483313083648682e-01,5.924760103225708008e-01,9.946337342262268066e-01,9.797140955924987793e-02,3.325023874640464783e-02,-1.025274395942687988e-01,9.764319062232971191e-01,1.899185925722122192e-01,-1.386000216007232666e-02,-1.923084706068038940e-01,9.812367558479309082e-01,-5.116052180528640747e-02,1.384301036596298218e-01,5.832622945308685303e-02,1.000000000000000000e+00,0.000000000000000000e+00,9.510394334793090820e-01,-1.237501263618469238e+00,1.638984322547912598e+00,1.293988227844238281e+00,-3.622483313083648682e-01,5.924760103225708008e-01,1.000000000000000000e+00,9.010278582572937012e-01,3.967530280351638794e-02,1.517187833786010742e+00,9.346665143966674805e-01,-1.031839013099670410e+00,4.054175913333892822e-01,1.000000000000000000e+00,2.675092935562133789e+00,-4.613658785820007324e-01,1.405869483947753906e+00,-7.248588204383850098e-01,-1.442531645298004150e-01,5.265633463859558105e-01,1.000000000000000000e+00,2.420590639114379883e+00,-3.111501038074493408e-01,1.371200561523437500e+00,1.088859736919403076e-01,-1.358979821205139160e+00,5.812564492225646973e-01,1.000000000000000000e+00,0.000000000000000000e+00,1.000000000000000000e+00,1.000000000000000000e+00,0.000000000000000000e+00,9.010278582572937012e-01,3.967530280351638794e-02,1.517187833786010742e+00,9.346665143966674805e-01,-1.031839013099670410e+00,4.054175913333892822e-01,9.925842285156250000e-01,1.076061874628067017e-01,5.654596164822578430e-02,-1.012165397405624390e-01,9.892258644104003906e-01,-1.057703346014022827e-01,-6.731826812028884888e-02,9.926258027553558350e-02,9.927815198898315430e-01,-3.254961073398590088e-01,3.465612232685089111e-01,-2.486659213900566101e-02,0.000000000000000000e+00,1.000000000000000000e+00,9.510394334793090820e-01,-1.237501263618469238e+00,1.638984322547912598e+00,1.293988227844238281e+00,-3.622483313083648682e-01,5.924760103225708008e-01,1.000000000000000000e+00,9.010278582572937012e-01,3.967530280351638794e-02,1.517187833786010742e+00,9.346665143966674805e-01,-1.031839013099670410e+00,4.054175913333892822e-01,1.000000000000000000e+00,2.675092935562133789e+00,-4.613658785820007324e-01,1.405869483947753906e+00,-7.248588204383850098e-01,-1.442531645298004150e-01,5.265633463859558105e-01,1.000000000000000000e+00,2.420590639114379883e+00,-3.111501038074493408e-01,1.371200561523437500e+00,1.088859736919403076e-01,-1.358979821205139160e+00,5.812564492225646973e-01,1.000000000000000000e+00,0.000000000000000000e+00,1.000000000000000000e+00,1.000000000000000000e+00,0.000000000000000000e+00,2.675092935562133789e+00,-4.613658785820007324e-01,1.405869483947753906e+00,-7.248588204383850098e-01,-1.442531645298004150e-01,5.265633463859558105e-01,1.670837411242840909e-01,-6.776261060740584874e-02,-1.279746445728999205e-02,1.000000000000000000e+00,2.420590639114379883e+00,-3.111501038074493408e-01,1.371200561523437500e+00,1.088859736919403076e-01,-1.358979821205139160e+00,5.812564492225646973e-01,4.261660634329027253e-02,3.278113579072527983e-02,1.003826227301770485e-03,1.000000000000000000e+00,-1.999999582767486572e-01,3.471124917268753052e-02,-1.000000014901161194e-01,3.668859004974365234e-01,4.591006413102149963e-02,1.427395641803741455e-01,-1.000000014901161194e-01,4.007061719894409180e-01,1.955835819244384766e-01,-7.261490821838378906e-02,-1.437258720397949219e-02,4.052493572235107422e-01,-7.496786117553710938e-02,-4.088830947875976562e-02,3.070116043090820312e-03,4.395824670791625977e-01
1.280000000000000027e+00,9.768904447555541992e-01,-1.244396328926086426e+00,1.650712609291076660e+00,1.290872216224670410e+00,-3.235435783863067627e-01,5.782136321067810059e-01,9.946517348289489746e-01,9.677086025476455688e-02,3.610319271683692932e-02,-1.019092574715614319e-01,9.763707518577575684e-01,1.905644088983535767e-01,-1.680901832878589630e-02,-1.932244449853897095e-01,9.810106754302978516e-01,-4.343825578689575195e-02,1.374041289091110229e-01,5.813269317150115967e-02,1.000000000000000000e+00,0.000000000000000000e+00,9.768904447555541992e-01,-1.244396328926086426e+00,1.650712609291076660e+00,1.290872216224670410e+00,-3.235435783863067627e-01,5.782136321067810059e-01,1.000000000000000000e+00,9.197610020637512207e-01,1.892551220953464508e-02,1.525243639945983887e+00,9.393695592880249023e-01,-1.044150114059448242e+00,3.993909657001495361e-01,1.000000000000000000e+00,2.660522699356079102e+00,-4.645373821258544922e-01,1.416351795196533203e+00,-7.330006957054138184e-01,-1.761925220489501953e-01,5.210916399955749512e-01,1.000000000000000000e+00,2.422818422317504883e+00,-3.383093476295471191e-01,1.382925152778625488e+00,1.140846014022827148e-01,-1.356120586395263672e+00,5.924332737922668457e-01,1.000000000000000000e+00,0.000000000000000000e+00,1.000000000000000000e+00,1.000000000000000000e+00,0.000000000000000000e+00,9.197610020637512207e-01,1.892551220953464508e-02,1.525243639945983887e+00,9.393695592880249023e-01,-1.044150114059448242e+00,3.993909657001495361e-01,9.920441508293151855e-01,1.077498123049736023e-01,6.510333716869354248e-02,-1.009528711438179016e-01,9.898576140403747559e-01,-9.995277971029281616e-02,-7.521292567253112793e-02,9.258519858121871948e-02,9.928600788116455078e-01,-3.471558690071105957e-01,4.618213772773742676e-01,-2.993633598089218140e-02,0.000000000000000000e+00,1.000000000000000000e+00,9.768904447555541992e-01,-1.244396328926086426e+00,1.650712609291076660e+00,1.290872216224670410e+00,-3.235435783863067627e-01,5.782136321067810059e-01,1.000000000000000000e+00,9.197610020637512207e-01,1.892551220953464508e-02,1.525243639945983887e+00,9.393695592880249023e-01,-1.044150114059448242e+00,3.993909657001495361e-01,1.000000000000000000e+00,2.660522699356079102e+00,-4.645373821258544922e-01,1.416351795196533203e+00,-7.330006957054138184e-01,-1.761925220489501953e-01,5.210916399955749512e-01,1.000000000000000000e+00,2.422818422317504883e+00,-3.383093476295471191e-01,1.382925152778625488e+00,1.140846014022827148e-01,-1.356120586395263672e+00,5.924332737922668457e-01,1.000000000000000000e+00,0.000000000000000000e+00,1.000000000000000000e+00,1.000000000000000000e+00,0.000000000000000000e+00,2.660522699356079102e+00,-4.645373821258544922e-01,1.416351795196533203e+00,-7.330006957054138184e-01,-1.761925220489501953e-01,5.210916399955749512e-01,1.714529036032949039e-01,-6.860397433436782322e-02,-1.322060371895877884e-02,1.000000000000000000e+00,2.422818422317504883e+00,-3.383093476295471191e-01,1.382925152778625488e+00,1.140846014022827148e-01,-1.356120586395263672e+00,5.924332737922668457e-01,2.712048584838600701e-02,2.328810652902912892e-02,3.770687427719094514e-04,1.000000000000000000e+00,-1.999999582767486572e-01,3.587282821536064148e-02,-1.000000014901161194e-01,3.618008792400360107e-01,3.676052019000053406e-02,1.662261933088302612e-01,-1.000000014901161194e-01,3.957312405109405518e-01,1.930725574493408203e-01,-7.100272178649902344e-02,-1.386904716491699219e-02,4.049305021762847900e-01,-9.011816978454589844e-02,-5.245137214660644531e-02,4.737377166748046875e-03,4.381860196590423584e-01
1.300000000000000044e+00,1.002682685852050781e+00,-1.250526309013366699e+00,1.662118196487426758e+00,1.288153767585754395e+00,-2.858235538005828857e-01,5.598692297935485840e-01,9.946613907814025879e-01,9.560990333557128906e-02,3.882908076047897339e-02,-1.013074219226837158e-01,9.763321876525878906e-01,1.910824626684188843e-01,-1.964070461690425873e-02,-1.939959973096847534e-01,9.808058142662048340e-01,-3.687577694654464722e-02,1.265033781528472900e-01,5.459815636277198792e-02,1.000000000000000000e+00,0.000000000000000000e+00,1.002682685852050781e+00,-1.250526309013366699e+00,1.662118196487426758e+00,1.288153767585754395e+00,-2.858235538005828857e-01,5.598692297935485840e-01,1.000000000000000000e+00,9.386032819747924805e-01,-2.058335812762379646e-03,1.533168673515319824e+00,9.458238482475280762e-01,-1.055100321769714355e+00,3.921564519405364990e-01,1.000000000000000000e+00,2.645788669586181641e+00,-4.683525264263153076e-01,1.426722884178161621e+00,-7.412212491035461426e-01,-2.086376994848251343e-01,5.154261589050292969e-01,1.000000000000000000e+00,2.425131559371948242e+00,-3.653822243213653564e-01,1.394878387451171875e+00,1.172156408429145813e-01,-1.350021362304687500e+00,6.041037440299987793e-01,1.000000000000000000e+00,0.000000000000000000e+00,1.000000000000000000e+00,1.000000000000000000e+00,0.000000000000000000e+00,9.386032819747924805e-01,-2.058335812762379646e-03,1.533168673515319824e+00,9.458238482475280762e-01,-1.055100321769714355e+00,3.921564519405364990e-01,9.912400841712951660e-01,1.078939214348793030e-01,7.617105543613433838e-02,-1.005949452519416809e-01,9.904850721359252930e-01,-9.391468763351440430e-02,-8.557911217212677002e-02,8.542957901954650879e-02,9.926620721817016602e-01,-3.705038428306579590e-01,5.889559984207153320e-01,-3.507189825177192688e-02,0.000000000000000000e+00,1.000000000000000000e+00,1.002682685852050781e+00,-1.250526309013366699e+00,1.662118196487426758e+00,1.288153767585754395e+00,-2.858235538005828857e-01,5.598692297935485840e-01,1.000000000000000000e+00,9.386032819747924805e-01,-2.058335812762379646e-03,1.533168673515319824e+00,9.458238482475280762e-01,-1.055100321769714355e+00,3.921564519405364990e-01,1.000000000000000000e+00,2.645788669586181641e+00,-4.683525264263153076e-01,1.426722884178161621e+00,-7.412212491035461426e-01,-2.086376994848251343e-01,5.154261589050292969e-01,1.000000000000000000e+00,2.425131559371948242e+00,-3.653822243213653564e-01,1.394878387451171875e+00,1.172156408429145813e-01,-1.350021362304687500e+00,6.041037440299987793e-01,1.000000000000000000e+00,0.000000000000000000e+00,1.000000000000000000e+00,1.000000000000000000e+00,0.000000000000000000e+00,2.645788669586181641e+00,-4.683525264263153076e-01,1.426722884178161621e+00,-7.412212491035461426e-01,-2.086376994848251343e-01,5.154261589050292969e-01,1.749382589029748192e-01,-6.911569704460696073e-02,-1.351352200159008921e-02,1.000000000000000000e+00,2.425131559371948242e+00,-3.653822243213653564e-01,1.394878387451171875e+00,1.172156408429145813e-01,-1.350021362304687500e+00,6.041037440299987793e-01,1.163515361429034306e-02,1.349382999292192409e-02,1.091596870644038000e-04,1.000000000000000000e+00,-1.999999284744262695e-01,3.575243055820465088e-02,-1.000000014901161194e-01,3.591828048229217529e-01,2.688913047313690186e-02,1.888779848814010620e-01,-1.000000014901161194e-01,3.928250372409820557e-01,1.894197463989257812e-01,-6.914162635803222656e-02,-1.324439048767089844e-02,4.042817652225494385e-01,-1.048715114593505859e-01,-6.417155265808105469e-02,6.749868392944335938e-03,4.359206855297088623e-01
1.320000000000000062e+00,1.028423905372619629e+00,-1.255909800529479980e+00,1.673124790191650391e+00,1.285795331001281738e+00,-2.489793151617050171e-01,5.381262898445129395e-01,9.946650266647338867e-01,9.454954415559768677e-02,4.125564172863960266e-02,-1.007477417588233948e-01,9.763056039810180664e-01,1.915134787559509277e-01,-2.217060141265392303e-02,-1.946481466293334961e-01,9.806226491928100586e-01,-3.147079050540924072e-02,1.080397218465805054e-01,4.832771047949790955e-02,1.000000000000000000e+00,0.000000000000000000e+00,1.028423905372619629e+00,-1.255909800529479980e+00,1.673124790191650391e+00,1.285795331001281738e+00,-2.489793151617050171e-01,5.381262898445129395e-01,1.000000000000000000e+00,9.575935602188110352e-01,-2.324866503477096558e-02,1.540936231613159180e+00,9.544585347175598145e-01,-1.064657688140869141e+00,3.834909498691558838e-01,1.000000000000000000e+00,2.630890130996704102e+00,-4.728197753429412842e-01,1.436979055404663086e+00,-7.494492530822753906e-01,-2.414047718048095703e-01,5.095642805099487305e-01,1.000000000000000000e+00,2.427488565444946289e+00,-3.923040330410003662e-01,1.407066941261291504e+00,1.182233989238739014e-01,-1.340697765350341797e+00,6.159140467643737793e-01,1.000000000000000000e+00,0.000000000000000000e+00,1.000000000000000000e+00,1.000000000000000000e+00,0.000000000000000000e+00,9.575935602188110352e-01,-2.324866503477096558e-02,1.540936231613159180e+00,9.544585347175598145e-01,-1.064657688140869141e+00,3.834909498691558838e-01,9.901049137115478516e-01,1.080016195774078369e-01,8.959908783435821533e-02,-1.001752018928527832e-01,9.910987615585327148e-01,-8.768287301063537598e-02,-9.827142953872680664e-02,7.783962786197662354e-02,9.921107888221740723e-01,-3.890779316425323486e-01,6.888936758041381836e-01,-3.875533118844032288e-02,0.000000000000000000e+00,1.000000000000000000e+00,1.028423905372619629e+00,-1.255909800529479980e+00,1.673124790191650391e+00,1.285795331001281738e+00,-2.489793151617050171e-01,5.381262898445129395e-01,1.000000000000000000e+00,9.575935602188110352e-01,-2.324866503477096558e-02,1.540936231613159180e+00,9.544585347175598145e-01,-1.064657688140869141e+00,3.834909498691558838e-01,1.000000000000000000e+00,2.630890130996704102e+00,-4.728197753429412842e-01,1.436979055404663086e+00,-7.494492530822753906e-01,-2.414047718048095703e-01,5.095642805099487305e-01,1.000000000000000000e+00,2.427488565444946289e+00,-3.923040330410003662e-01,1.407066941261291504e+00,1.182233989238739014e-01,-1.340697765350341797e+00,6.159140467643737793e-01,1.000000000000000000e+00,0.000000000000000000e+00,1.000000000000000000e+00,1.000000000000000000e+00,0.000000000000000000e+00,2.630890130996704102e+00,-4.728197753429412842e-01,1.436979055404663086e+00,-7.494492530822753906e-01,-2.414047718048095703e-01,5.095642805099487305e-01,1.775020372684868453e-01,-6.930486046953321377e-02,-1.367044427202705748e-02,1.000000000000000000e+00,2.427488565444946289e+00,-3.923040330410003662e-01,1.407066941261291504e+00,1.182233989238739014e-01,-1.340697765350341797e+00,6.159140467643737793e-01,-3.768241157600269071e-03,3.423316272775700497e-03,2.104925011258116947e-04,1.000000000000000000e+00,0.000000000000000000e+00,0.000000000000000000e+00,0.000000000000000000e+00,0.000000000000000000e+00,0.000000000000000000e+00,0.000000000000000000e+00,0.000000000000000000e+00,0.000000000000000000e+00,0.000000000000000000e+00,0.000000000000000000e+00,0.000000000000000000e+00,0.000000000000000000e+00,0.000000000000000000e+00,0.000000000000000000e+00,0.000000000000000000e+00,0.000000000000000000e+00
