time,agent0_obs0,agent0_obs1,agent0_obs2,agent0_obs3,agent0_obs4,agent0_obs5,agent0_obs6,agent0_obs7,agent0_obs8,agent0_obs9,agent0_obs10,agent0_obs11,agent0_obs12,agent0_obs13,agent0_obs14,agent0_obs15,agent0_obs16,agent0_obs17,agent0_obs18,agent0_obs19,agent0_obs20,agent0_obs21,agent0_obs22,agent0_obs23,agent0_obs24,agent0_obs25,agent0_obs26,agent0_obs27,agent0_obs28,agent0_obs29,agent0_obs30,agent0_obs31,agent0_obs32,agent0_obs33,agent0_obs34,agent0_obs35,agent0_obs36,agent0_obs37,agent0_obs38,agent0_obs39,agent0_obs40,agent0_obs41,agent0_obs42,agent0_obs43,agent0_obs44,agent0_obs45,agent0_obs46,agent0_obs47,agent0_obs48,agent0_obs49,agent0_obs50,agent0_obs51,agent1_obs0,agent1_obs1,agent1_obs2,agent1_obs3,agent1_obs4,agent1_obs5,agent1_obs6,agent1_obs7,agent1_obs8,agent1_obs9,agent1_obs10,agent1_obs11,agent1_obs12,agent1_obs13,agent1_obs14,agent1_obs15,agent1_obs16,agent1_obs17,agent1_obs18,agent1_obs19,agent1_obs20,agent1_obs21,agent1_obs22,agent1_obs23,agent1_obs24,agent1_obs25,agent1_obs26,agent1_obs27,agent1_obs28,agent1_obs29,agent1_obs30,agent1_obs31,agent1_obs32,agent1_obs33,agent1_obs34,agent1_obs35,agent1_obs36,agent1_obs37,agent1_obs38,agent1_obs39,agent1_obs40,agent1_obs41,agent1_obs42,agent1_obs43,agent1_obs44,agent1_obs45,agent1_obs46,agent1_obs47,agent1_obs48,agent1_obs49,agent1_obs50,agent1_obs51,red0_pos_x,red0_pos_y,red0_pos_z,red0_vel_x,red0_vel_y,red0_vel_z,red0_roll,red0_pitch,red0_yaw,red0_active,red1_pos_x,red1_pos_y,red1_pos_z,red1_vel_x,red1_vel_y,red1_vel_z,red1_roll,red1_pitch,red1_yaw,red1_active,blue0_cmd_roll,blue0_cmd_pitch,blue0_cmd_yaw,blue0_cmd_thrust,blue1_cmd_roll,blue1_cmd_pitch,blue1_cmd_yaw,blue1_cmd_thrust,red0_cmd_roll,red0_cmd_pitch,red0_cmd_yaw,red0_cmd_thrust,red1_cmd_roll,red1_cmd_pitch,red1_cmd_yaw,red1_cmd_thrust
0.000000000000000000e+00,-1.052348595112562180e-02,-4.649824500083923340e-01,9.299980401992797852e-01,0.000000000000000000e+00,0.000000000000000000e+00,0.000000000000000000e+00,1.000000000000000000e+00,0.000000000000000000e+00,0.000000000000000000e+00,0.000000000000000000e+00,1.000000000000000000e+00,0.000000000000000000e+00,0.000000000000000000e+00,0.000000000000000000e+00,1.000000000000000000e+00,0.000000000000000000e+00,0.000000000000000000e+00,0.000000000000000000e+00,1.000000000000000000e+00,0.000000000000000000e+00,-1.052348595112562180e-02,-4.649824500083923340e-01,9.299980401992797852e-01,0.000000000000000000e+00,0.000000000000000000e+00,0.000000000000000000e+00,1.000000000000000000e+00,-9.009394794702529907e-02,5.795354843139648438e-01,1.058133482933044434e+00,0.000000000000000000e+00,0.000000000000000000e+00,0.000000000000000000e+00,1.000000000000000000e+00,2.944469928741455078e+00,-2.801892757415771484e-01,7.858484983444213867e-01,0.000000000000000000e+00,0.000000000000000000e+00,0.000000000000000000e+00,1.000000000000000000e+00,3.238070011138916016e+00,2.920866012573242188e-01,1.328107357025146484e+00,0.000000000000000000e+00,0.000000000000000000e+00,0.000000000000000000e+00,1.000000000000000000e+00,1.000000000000000000e+00,0.000000000000000000e+00,0.000000000000000000e+00,1.000000000000000000e+00,-9.009394794702529907e-02,5.795354843139648438e-01,1.058133482933044434e+00,0.000000000000000000e+00,0.000000000000000000e+00,0.000000000000000000e+00,1.000000000000000000e+00,0.000000000000000000e+00,0.000000000000000000e+00,0.000000000000000000e+00,1.000000000000000000e+00,0.000000000000000000e+00,0.000000000000000000e+00,0.000000000000000000e+00,1.000000000000000000e+00,0.000000000000000000e+00,0.000000000000000000e+00,0.000000000000000000e+00,0.000000000000000000e+00,1.000000000000000000e+00,-1.052348595112562180e-02,-4.649824500083923340e-01,9.299980401992797852e-01,0.000000000000000000e+00,0.000000000000000000e+00,0.000000000000000000e+00,1.000000000000000000e+00,-9.009394794702529907e-02,5.795354843139648438e-01,1.058133482933044434e+00,0.000000000000000000e+00,0.000000000000000000e+00,0.000000000000000000e+00,1.000000000000000000e+00,2.944469928741455078e+00,-2.801892757415771484e-01,7.858484983444213867e-01,0.000000000000000000e+00,0.000000000000000000e+00,0.000000000000000000e+00,1.000000000000000000e+00,3.238070011138916016e+00,2.920866012573242188e-01,1.328107357025146484e+00,0.000000000000000000e+00,0.000000000000000000e+00,0.000000000000000000e+00,1.000000000000000000e+00,1.000000000000000000e+00,0.000000000000000000e+00,0.000000000000000000e+00,1.000000000000000000e+00,2.944469928741455078e+00,-2.801892757415771484e-01,7.858484983444213867e-01,0.000000000000000000e+00,0.000000000000000000e+00,0.000000000000000000e+00,0.000000000000000000e+00,0.000000000000000000e+00,0.000000000000000000e+00,1.000000000000000000e+00,3.238070011138916016e+00,2.920866012573242188e-01,1.328107357025146484e+00,0.000000000000000000e+00,0.000000000000000000e+00,0.000000000000000000e+00,0.000000000000000000e+00,0.000000000000000000e+00,0.000000000000000000e+00,1.000000000000000000e+00,-1.184632778167724609e-01,1.999557465314865112e-01,-1.000000014901161194e-01,3.884671330451965332e-01,1.980077773332595825e-01,1.519863903522491455e-01,-1.000000014901161194e-01,2.221135646104812622e-01,1.449632644653320312e-02,-2.000000029802322388e-01,-3.196716308593750000e-03,4.027282893657684326e-01,-2.057147026062011719e-02,-2.000000029802322388e-01,4.648923873901367188e-03,3.909273743629455566e-01
2.000000000000000042e-02,-1.052320469170808792e-02,-4.649822711944580078e-01,9.299873709678649902e-01,1.142498003900982440e-04,6.842562288511544466e-05,-1.887250575236976147e-03,9.999900460243225098e-01,3.100014757364988327e-03,3.239251207560300827e-03,-3.106269519776105881e-03,9.999934434890747070e-01,1.927705830894410610e-03,-3.233253490179777145e-03,-1.937748515047132969e-03,9.999930262565612793e-01,-3.274741470813751221e-01,5.544781684875488281e-01,-3.164224922657012939e-01,1.000000000000000000e+00,0.000000000000000000e+00,-1.052320469170808792e-02,-4.649822711944580078e-01,9.299873709678649902e-01,1.142498003900982440e-04,6.842562288511544466e-05,-1.887250575236976147e-03,1.000000000000000000e+00,-9.009373933076858521e-02,5.795352458953857422e-01,1.058070778846740723e+00,8.111945498967543244e-05,-1.029120685416273773e-04,-1.129298750311136246e-02,1.000000000000000000e+00,2.944469690322875977e+00,-2.801892757415771484e-01,7.858431935310363770e-01,-1.134893464040942490e-04,-8.128023182507604361e-06,-8.271656115539371967e-04,1.000000000000000000e+00,3.238069772720336914e+00,2.920866012573242188e-01,1.328098773956298828e+00,-1.145921414718031883e-04,1.152505410573212430e-05,-1.427399693056941032e-03,1.000000000000000000e+00,1.000000000000000000e+00,0.000000000000000000e+00,0.000000000000000000e+00,1.000000000000000000e+00,-9.009373933076858521e-02,5.795352458953857422e-01,1.058070778846740723e+00,8.111945498967543244e-05,-1.029120685416273773e-04,-1.129298750311136246e-02,9.999897480010986328e-01,3.823876380920410156e-03,2.462637843564152718e-03,-3.816033713519573212e-03,9.999877214431762695e-01,-3.181432606652379036e-03,-2.474772976711392403e-03,3.172002034261822701e-03,9.999919533729553223e-01,5.475771427154541016e-01,4.140758514404296875e-01,-4.086668193340301514e-01,0.000000000000000000e+00,1.000000000000000000e+00,-1.052320469170808792e-02,-4.649822711944580078e-01,9.299873709678649902e-01,1.142498003900982440e-04,6.842562288511544466e-05,-1.887250575236976147e-03,1.000000000000000000e+00,-9.009373933076858521e-02,5.795352458953857422e-01,1.058070778846740723e+00,8.111945498967543244e-05,-1.029120685416273773e-04,-1.129298750311136246e-02,1.000000000000000000e+00,2.944469690322875977e+00,-2.801892757415771484e-01,7.858431935310363770e-01,-1.134893464040942490e-04,-8.128023182507604361e-06,-8.271656115539371967e-04,1.000000000000000000e+00,3.238069772720336914e+00,2.920866012573242188e-01,1.328098773956298828e+00,-1.145921414718031883e-04,1.152505410573212430e-05,-1.427399693056941032e-03,1.000000000000000000e+00,1.000000000000000000e+00,0.000000000000000000e+00,0.000000000000000000e+00,1.000000000000000000e+00,2.944469690322875977e+00,-2.801892757415771484e-01,7.858431935310363770e-01,-1.134893464040942490e-04,-8.128023182507604361e-06,-8.271656115539371967e-04,2.262412441922455168e-04,-3.163918805934029521e-03,-1.047132609208892360e-04,1.000000000000000000e+00,3.238069772720336914e+00,2.920866012573242188e-01,1.328098773956298828e+00,-1.145921414718031883e-04,1.152505410573212430e-05,-1.427399693056941032e-03,-3.223140832253997478e-04,-3.209323296512467394e-03,1.514409094415534779e-04,1.000000000000000000e+00,-1.643833369016647339e-01,1.999990195035934448e-01,-1.000000014901161194e-01,4.271225631237030029e-01,1.999999582767486572e-01,1.659557372331619263e-01,-1.000000014901161194e-01,2.316731959581375122e-01,1.449489593505859375e-02,-2.000000029802322388e-01,-3.196239471435546875e-03,4.030149877071380615e-01,-2.056479454040527344e-02,-2.000000029802322388e-01,4.646062850952148438e-03,3.912138640880584717e-01
4.000000000000000083e-02,-1.050854101777076721e-02,-4.649735987186431885e-01,9.299228787422180176e-01,2.164879580959677696e-03,1.276199007406830788e-03,-4.477259702980518341e-03,9.996752142906188965e-01,1.078855339437723160e-02,2.309181168675422668e-02,-1.110641937702894211e-02,9.998447895050048828e-01,1.368160732090473175e-02,-2.294062077999114990e-02,-1.393363066017627716e-02,9.996398091316223145e-01,-9.168654680252075195e-01,1.467039942741394043e+00,-4.718928337097167969e-01,1.000000000000000000e+00,0.000000000000000000e+00,-1.050854101777076721e-02,-4.649735987186431885e-01,9.299228787422180176e-01,2.164879580959677696e-03,1.276199007406830788e-03,-4.477259702980518341e-03,1.000000000000000000e+00,-9.008415788412094116e-02,5.795226097106933594e-01,1.057597517967224121e+00,1.358886365778744221e-03,-1.816639560274779797e-03,-4.155058041214942932e-02,1.000000000000000000e+00,2.944455385208129883e+00,-2.801902890205383301e-01,7.858175039291381836e-01,-2.113295719027519226e-03,-1.501422375440597534e-04,-1.799335470423102379e-03,1.000000000000000000e+00,3.238055467605590820e+00,2.920880615711212158e-01,1.328047156333923340e+00,-2.119257347658276558e-03,2.115979295922443271e-04,-4.156978335231542587e-03,1.000000000000000000e+00,1.000000000000000000e+00,0.000000000000000000e+00,0.000000000000000000e+00,1.000000000000000000e+00,-9.008415788412094116e-02,5.795226097106933594e-01,1.057597517967224121e+00,1.358886365778744221e-03,-1.816639560274779797e-03,-4.155058041214942932e-02,9.997496604919433594e-01,1.475067343562841415e-02,1.682242378592491150e-02,-1.436263229697942734e-02,9.996331930160522461e-01,-2.295900695025920868e-02,-1.715491339564323425e-02,2.271164394915103912e-02,9.995948672294616699e-01,1.452842473983764648e+00,1.069563150405883789e+00,-6.582365632057189941e-01,0.000000000000000000e+00,1.000000000000000000e+00,-1.050854101777076721e-02,-4.649735987186431885e-01,9.299228787422180176e-01,2.164879580959677696e-03,1.276199007406830788e-03,-4.477259702980518341e-03,1.000000000000000000e+00,-9.008415788412094116e-02,5.795226097106933594e-01,1.057597517967224121e+00,1.358886365778744221e-03,-1.816639560274779797e-03,-4.155058041214942932e-02,1.000000000000000000e+00,2.944455385208129883e+00,-2.801902890205383301e-01,7.858175039291381836e-01,-2.113295719027519226e-03,-1.501422375440597534e-04,-1.799335470423102379e-03,1.000000000000000000e+00,3.238055467605590820e+00,2.920880615711212158e-01,1.328047156333923340e+00,-2.119257347658276558e-03,2.115979295922443271e-04,-4.156978335231542587e-03,1.000000000000000000e+00,1.000000000000000000e+00,0.000000000000000000e+00,0.000000000000000000e+00,1.000000000000000000e+00,2.944455385208129883e+00,-2.801902890205383301e-01,7.858175039291381836e-01,-2.113295719027519226e-03,-1.501422375440597534e-04,-1.799335470423102379e-03,1.584225677442878573e-03,-2.227797976955248060e-02,-3.379905668477919392e-04,1.000000000000000000e+00,3.238055467605590820e+00,2.920880615711212158e-01,1.328047156333923340e+00,-2.119257347658276558e-03,2.115979295922443271e-04,-4.156978335231542587e-03,-2.252798389384168438e-03,-2.251303203891197313e-02,4.915486570407676765e-04,1.000000000000000000e+00,-1.999998539686203003e-01,1.943291872739791870e-01,-1.000000014901161194e-01,5.202038288116455078e-01,2.000000029802322388e-01,1.999999731779098511e-01,-1.000000014901161194e-01,2.573818862438201904e-01,1.445412635803222656e-02,-2.000000029802322388e-01,-3.179311752319335938e-03,4.046457111835479736e-01,-2.049160003662109375e-02,-2.000000029802322388e-01,4.616975784301757812e-03,3.928061127662658691e-01
5.999999999999999778e-02,-1.040929462760686874e-02,-4.649145007133483887e-01,9.298444390296936035e-01,9.678602218627929688e-03,5.831193178892135620e-03,-1.408693031407892704e-03,9.981723427772521973e-01,1.997558958828449249e-02,5.703567713499069214e-02,-2.202593348920345306e-02,9.991252422332763672e-01,3.554902598261833191e-02,-5.627566576004028320e-02,-3.674031421542167664e-02,9.977390766143798828e-01,-1.327023386955261230e+00,1.810058236122131348e+00,-5.403889417648315430e-01,1.000000000000000000e+00,0.000000000000000000e+00,-1.040929462760686874e-02,-4.649145007133483887e-01,9.298444390296936035e-01,9.678602218627929688e-03,5.831193178892135620e-03,-1.408693031407892704e-03,1.000000000000000000e+00,-9.002539515495300293e-02,5.794427990913391113e-01,1.056401252746582031e+00,5.489541217684745789e-03,-7.513185031712055206e-03,-8.368989080190658569e-02,1.000000000000000000e+00,2.944360256195068359e+00,-2.801969945430755615e-01,7.857701778411865234e-01,-9.126770310103893280e-03,-6.447882042266428471e-04,-3.190263640135526657e-03,1.000000000000000000e+00,3.237960577011108398e+00,2.920974791049957275e-01,1.327930092811584473e+00,-9.087120182812213898e-03,9.044510079547762871e-04,-8.195539005100727081e-03,1.000000000000000000e+00,1.000000000000000000e+00,0.000000000000000000e+00,0.000000000000000000e+00,1.000000000000000000e+00,-9.002539515495300293e-02,5.794427990913391113e-01,1.056401252746582031e+00,5.489541217684745789e-03,-7.513185031712055206e-03,-8.368989080190658569e-02,9.987211227416992188e-01,3.000054880976676941e-02,4.069629684090614319e-02,-2.768865972757339478e-02,9.980339407920837402e-01,-5.622909590601921082e-02,-4.230318590998649597e-02,5.503035709261894226e-02,9.975882172584533691e-01,1.722864270210266113e+00,1.353723645210266113e+00,-7.639265060424804688e-01,0.000000000000000000e+00,1.000000000000000000e+00,-1.040929462760686874e-02,-4.649145007133483887e-01,9.298444390296936035e-01,9.678602218627929688e-03,5.831193178892135620e-03,-1.408693031407892704e-03,1.000000000000000000e+00,-9.002539515495300293e-02,5.794427990913391113e-01,1.056401252746582031e+00,5.489541217684745789e-03,-7.513185031712055206e-03,-8.368989080190658569e-02,1.000000000000000000e+00,2.944360256195068359e+00,-2.801969945430755615e-01,7.857701778411865234e-01,-9.126770310103893280e-03,-6.447882042266428471e-04,-3.190263640135526657e-03,1.000000000000000000e+00,3.237960577011108398e+00,2.920974791049957275e-01,1.327930092811584473e+00,-9.087120182812213898e-03,9.044510079547762871e-04,-8.195539005100727081e-03,1.000000000000000000e+00,1.000000000000000000e+00,0.000000000000000000e+00,0.000000000000000000e+00,1.000000000000000000e+00,2.944360256195068359e+00,-2.801969945430755615e-01,7.857701778411865234e-01,-9.126770310103893280e-03,-6.447882042266428471e-04,-3.190263640135526657e-03,3.859283484134520912e-03,-5.433809817634394079e-02,-7.024555905985785560e-04,1.000000000000000000e+00,3.237960577011108398e+00,2.920974791049957275e-01,1.327930092811584473e+00,-9.087120182812213898e-03,9.044510079547762871e-04,-8.195539005100727081e-03,-5.480400115821151136e-03,-5.460954086338909441e-02,1.020403980790333519e-03,1.000000000000000000e+00,-2.000000029802322388e-01,1.838399171829223633e-01,-1.000000014901161194e-01,5.589879155158996582e-01,1.999999880790710449e-01,1.999948173761367798e-01,-1.000000014901161194e-01,2.790120840072631836e-01,1.429319381713867188e-02,-2.000000029802322388e-01,-3.116369247436523438e-03,4.069877862930297852e-01,-2.020549774169921875e-02,-2.000000029802322388e-01,4.511594772338867188e-03,3.949635326862335205e-01
8.000000000000000167e-02,-1.009141560643911362e-02,-4.647185206413269043e-01,9.299186468124389648e-01,2.498779818415641785e-02,1.577674970030784607e-02,1.202077604830265045e-02,9.953678250312805176e-01,2.898193523287773132e-02,9.166753292083740234e-02,-3.477893397212028503e-02,9.974521398544311523e-01,6.228748708963394165e-02,-8.962875604629516602e-02,-6.518705934286117554e-02,9.938397407531738281e-01,-1.387812733650207520e+00,1.467091083526611328e+00,-5.670566558837890625e-01,1.000000000000000000e+00,0.000000000000000000e+00,-1.009141560643911362e-02,-4.647185206413269043e-01,9.299186468124389648e-01,2.498779818415641785e-02,1.577674970030784607e-02,1.202077604830265045e-02,1.000000000000000000e+00,-8.985261619091033936e-02,5.792059898376464844e-01,1.054298400878906250e+00,1.313177123665809631e-02,-1.796718873083591461e-02,-1.320663690567016602e-01,1.000000000000000000e+00,2.944067716598510742e+00,-2.802175879478454590e-01,7.856904268264770508e-01,-2.245320007205009460e-02,-1.581285265274345875e-03,-4.922905471175909042e-03,1.000000000000000000e+00,3.237670898437500000e+00,2.921264171600341797e-01,1.327721714973449707e+00,-2.221996150910854340e-02,2.210293198004364967e-03,-1.321067102253437042e-02,1.000000000000000000e+00,1.000000000000000000e+00,0.000000000000000000e+00,0.000000000000000000e+00,1.000000000000000000e+00,-8.985261619091033936e-02,5.792059898376464844e-01,1.054298400878906250e+00,1.313177123665809631e-02,-1.796718873083591461e-02,-1.320663690567016602e-01,9.967125058174133301e-01,4.714471101760864258e-02,6.589133292436599731e-02,-4.120044410228729248e-02,9.951943755149841309e-01,-8.883033692836761475e-02,-6.976256519556045532e-02,8.582355082035064697e-02,9.938650131225585938e-01,1.345636606216430664e+00,1.219226479530334473e+00,-7.761620879173278809e-01,0.000000000000000000e+00,1.000000000000000000e+00,-1.009141560643911362e-02,-4.647185206413269043e-01,9.299186468124389648e-01,2.498779818415641785e-02,1.577674970030784607e-02,1.202077604830265045e-02,1.000000000000000000e+00,-8.985261619091033936e-02,5.792059898376464844e-01,1.054298400878906250e+00,1.313177123665809631e-02,-1.796718873083591461e-02,-1.320663690567016602e-01,1.000000000000000000e+00,2.944067716598510742e+00,-2.802175879478454590e-01,7.856904268264770508e-01,-2.245320007205009460e-02,-1.581285265274345875e-03,-4.922905471175909042e-03,1.000000000000000000e+00,3.237670898437500000e+00,2.921264171600341797e-01,1.327721714973449707e+00,-2.221996150910854340e-02,2.210293198004364967e-03,-1.321067102253437042e-02,1.000000000000000000e+00,1.000000000000000000e+00,0.000000000000000000e+00,0.000000000000000000e+00,1.000000000000000000e+00,2.944067716598510742e+00,-2.802175879478454590e-01,7.856904268264770508e-01,-2.245320007205009460e-02,-1.581285265274345875e-03,-4.922905471175909042e-03,6.104695054748960834e-03,-8.560207542762565680e-02,-1.161858033041905571e-03,1.000000000000000000e+00,3.237670898437500000e+00,2.921264171600341797e-01,1.327721714973449707e+00,-2.221996150910854340e-02,2.210293198004364967e-03,-1.321067102253437042e-02,-8.660141183249172453e-03,-8.565969016689090054e-02,1.681658112193449781e-03,1.000000000000000000e+00,-2.000000029802322388e-01,1.801025122404098511e-01,-1.000000014901161194e-01,5.505557060241699219e-01,1.999998688697814941e-01,1.999882757663726807e-01,-1.000000014901161194e-01,2.992855310440063477e-01,1.389694213867187500e-02,-2.000000029802322388e-01,-2.978324890136718750e-03,4.087767601013183594e-01,-1.956152915954589844e-02,-2.000000029802322388e-01,4.294872283935546875e-03,3.962759971618652344e-01
1.000000000000000056e-01,-9.397842921316623688e-03,-4.642674326896667480e-01,9.303532242774963379e-01,4.767537862062454224e-02,3.195112198591232300e-02,3.508382290601730347e-02,9.925667047500610352e-01,3.750054910778999329e-02,1.157805621623992920e-01,-4.772793874144554138e-02,9.950761795043945312e-01,8.686485886573791504e-02,-1.119529902935028076e-01,-9.174512326717376709e-02,9.894692897796630859e-01,-1.102618455886840820e+00,7.924758791923522949e-01,-5.508920550346374512e-01,1.000000000000000000e+00,0.000000000000000000e+00,-9.397842921316623688e-03,-4.642674326896667480e-01,9.303532242774963379e-01,4.767537862062454224e-02,3.195112198591232300e-02,3.508382290601730347e-02,1.000000000000000000e+00,-8.949703723192214966e-02,5.787227153778076172e-01,1.051202416419982910e+00,2.398034185171127319e-02,-3.233255073428153992e-02,-1.827373802661895752e-01,1.000000000000000000e+00,2.943458557128906250e+00,-2.802604436874389648e-01,7.855801582336425781e-01,-4.102794826030731201e-02,-2.885618014261126518e-03,-6.094625219702720642e-03,1.000000000000000000e+00,3.237069845199584961e+00,2.921862900257110596e-01,1.327412128448486328e+00,-4.041080176830291748e-02,4.022020380944013596e-03,-1.818634942173957825e-02,1.000000000000000000e+00,1.000000000000000000e+00,0.000000000000000000e+00,0.000000000000000000e+00,1.000000000000000000e+00,-8.949703723192214966e-02,5.787227153778076172e-01,1.051202416419982910e+00,2.398034185171127319e-02,-3.233255073428153992e-02,-1.827373802661895752e-01,9.942448139190673828e-01,6.396402418613433838e-02,8.594080805778503418e-02,-5.420113354921340942e-02,9.922865033149719238e-01,-1.114888116717338562e-01,-9.240917861461639404e-02,1.061890795826911926e-01,9.900426268577575684e-01,7.893469333648681641e-01,8.725206255912780762e-01,-7.358849644660949707e-01,0.000000000000000000e+00,1.000000000000000000e+00,-9.397842921316623688e-03,-4.642674326896667480e-01,9.303532242774963379e-01,4.767537862062454224e-02,3.195112198591232300e-02,3.508382290601730347e-02,1.000000000000000000e+00,-8.949703723192214966e-02,5.787227153778076172e-01,1.051202416419982910e+00,2.398034185171127319e-02,-3.233255073428153992e-02,-1.827373802661895752e-01,1.000000000000000000e+00,2.943458557128906250e+00,-2.802604436874389648e-01,7.855801582336425781e-01,-4.102794826030731201e-02,-2.885618014261126518e-03,-6.094625219702720642e-03,1.000000000000000000e+00,3.237069845199584961e+00,2.921862900257110596e-01,1.327412128448486328e+00,-4.041080176830291748e-02,4.022020380944013596e-03,-1.818634942173957825e-02,1.000000000000000000e+00,1.000000000000000000e+00,0.000000000000000000e+00,0.000000000000000000e+00,1.000000000000000000e+00,2.943458557128906250e+00,-2.802604436874389648e-01,7.855801582336425781e-01,-4.102794826030731201e-02,-2.885618014261126518e-03,-6.094625219702720642e-03,7.659439463231137134e-03,-1.069438102147779457e-01,-1.576115936942404198e-03,1.000000000000000000e+00,3.237069845199584961e+00,2.921862900257110596e-01,1.327412128448486328e+00,-4.041080176830291748e-02,4.022020380944013596e-03,-1.818634942173957825e-02,-1.085243921290525090e-02,-1.067313543643511053e-01,2.275027319940167020e-03,1.000000000000000000e+00,-1.999996602535247803e-01,1.996446549892425537e-01,-1.000000014901161194e-01,4.957996010780334473e-01,1.999987959861755371e-01,1.999515593051910400e-01,-1.000000014901161194e-01,3.199776113033294678e-01,1.309132575988769531e-02,-2.000000029802322388e-01,-2.736330032348632812e-03,4.097493588924407959e-01,-1.848006248474121094e-02,-2.000000029802322388e-01,3.963232040405273438e-03,3.962759375572204590e-01
1.199999999999999956e-01,-8.204058744013309479e-03,-4.634430706501007080e-01,9.313021302223205566e-01,7.486797124147415161e-02,5.329558253288269043e-02,6.267626583576202393e-02,9.908058643341064453e-01,4.557967931032180786e-02,1.273829787969589233e-01,-5.908513069152832031e-02,9.927852153778076172e-01,1.043393760919570923e-01,-1.217081695795059204e-01,-1.109064966440200806e-01,9.863503575325012207e-01,-6.644877791404724121e-01,3.323628008365631104e-01,-4.796862304210662842e-01,1.000000000000000000e+00,0.000000000000000000e+00,-8.204058744013309479e-03,-4.634430706501007080e-01,9.313021302223205566e-01,7.486797124147415161e-02,5.329558253288269043e-02,6.267626583576202393e-02,1.000000000000000000e+00,-8.890128880739212036e-02,5.779271125793457031e-01,1.047091603279113770e+00,3.726681694388389587e-02,-4.924701526761054993e-02,-2.331259846687316895e-01,1.000000000000000000e+00,2.942445755004882812e+00,-2.803316116333007812e-01,7.854521870613098145e-01,-6.279119104146957397e-02,-4.408650565892457962e-03,-6.702040322124958038e-03,1.000000000000000000e+00,3.236074209213256836e+00,2.922853827476501465e-01,1.327004432678222656e+00,-6.163166090846061707e-02,6.128437817096710205e-03,-2.309482544660568237e-02,1.000000000000000000e+00,1.000000000000000000e+00,0.000000000000000000e+00,0.000000000000000000e+00,1.000000000000000000e+00,-8.890128880739212036e-02,5.779271125793457031e-01,1.047091603279113770e+00,3.726681694388389587e-02,-4.924701526761054993e-02,-2.331259846687316895e-01,9.918732047080993652e-01,7.908312976360321045e-02,9.966828674077987671e-02,-6.642223894596099854e-02,9.899932146072387695e-01,-1.245062276721000671e-01,-1.085172519087791443e-01,1.168741807341575623e-01,9.872004389762878418e-01,4.526643157005310059e-01,5.943424701690673828e-01,-6.598007678985595703e-01,0.000000000000000000e+00,1.000000000000000000e+00,-8.204058744013309479e-03,-4.634430706501007080e-01,9.313021302223205566e-01,7.486797124147415161e-02,5.329558253288269043e-02,6.267626583576202393e-02,1.000000000000000000e+00,-8.890128880739212036e-02,5.779271125793457031e-01,1.047091603279113770e+00,3.726681694388389587e-02,-4.924701526761054993e-02,-2.331259846687316895e-01,1.000000000000000000e+00,2.942445755004882812e+00,-2.803316116333007812e-01,7.854521870613098145e-01,-6.279119104146957397e-02,-4.408650565892457962e-03,-6.702040322124958038e-03,1.000000000000000000e+00,3.236074209213256836e+00,2.922853827476501465e-01,1.327004432678222656e+00,-6.163166090846061707e-02,6.128437817096710205e-03,-2.309482544660568237e-02,1.000000000000000000e+00,1.000000000000000000e+00,0.000000000000000000e+00,0.000000000000000000e+00,1.000000000000000000e+00,2.942445755004882812e+00,-2.803316116333007812e-01,7.854521870613098145e-01,-6.279119104146957397e-02,-4.408650565892457962e-03,-6.702040322124958038e-03,8.458134284246994830e-03,-1.185857708777779962e-01,-1.875967224591707297e-03,1.000000000000000000e+00,3.236074209213256836e+00,2.922853827476501465e-01,1.327004432678222656e+00,-6.163166090846061707e-02,6.128437817096710205e-03,-2.309482544660568237e-02,-1.196284118493946315e-02,-1.183035545346993178e-01,2.705982993759554686e-03,1.000000000000000000e+00,-2.000000029802322388e-01,1.999948769807815552e-01,-1.000000014901161194e-01,4.369228184223175049e-01,2.000000029802322388e-01,2.000000029802322388e-01,-1.000000014901161194e-01,3.338216245174407959e-01,1.171016693115234375e-02,-2.000000029802322388e-01,-2.372980117797851562e-03,4.103384017944335938e-01,-1.694846153259277344e-02,-2.000000029802322388e-01,3.535032272338867188e-03,3.952653110027313232e-01
1.400000000000000133e-01,-6.449530366808176041e-03,-4.621627032756805420e-01,9.327905774116516113e-01,1.035213619470596313e-01,7.738379389047622681e-02,8.760824054479598999e-02,9.896019697189331055e-01,5.297596007585525513e-02,1.337223351001739502e-01,-6.847228109836578369e-02,9.911089539527893066e-01,1.140823662281036377e-01,-1.264897584915161133e-01,-1.220524013042449951e-01,9.844306707382202148e-01,-3.750870227813720703e-01,3.167437613010406494e-01,-3.918939530849456787e-01,1.000000000000000000e+00,0.000000000000000000e+00,-6.449530366808176041e-03,-4.621627032756805420e-01,9.327905774116516113e-01,1.035213619470596313e-01,7.738379389047622681e-02,8.760824054479598999e-02,1.000000000000000000e+00,-8.802267163991928101e-02,5.767772793769836426e-01,1.041989684104919434e+00,5.237328633666038513e-02,-6.785375624895095825e-02,-2.814560830593109131e-01,1.000000000000000000e+00,2.940980672836303711e+00,-2.804343104362487793e-01,7.853158712387084961e-01,-8.627557754516601562e-02,-6.027794908732175827e-03,-6.857901811599731445e-03,1.000000000000000000e+00,3.234638452529907227e+00,2.924279272556304932e-01,1.326498031616210938e+00,-8.448278903961181641e-02,8.357917889952659607e-03,-2.804207243025302887e-02,1.000000000000000000e+00,1.000000000000000000e+00,0.000000000000000000e+00,0.000000000000000000e+00,1.000000000000000000e+00,-8.802267163991928101e-02,5.767772793769836426e-01,1.041989684104919434e+00,5.237328633666038513e-02,-6.785375624895095825e-02,-2.814560830593109131e-01,9.897071719169616699e-01,9.220906347036361694e-02,1.094405055046081543e-01,-7.730277627706527710e-02,9.880428910255432129e-01,-1.334002465009689331e-01,-1.204326152801513672e-01,1.235671192407608032e-01,9.850011467933654785e-01,4.030676484107971191e-01,4.751555025577545166e-01,-5.672045350074768066e-01,0.000000000000000000e+00,1.000000000000000000e+00,-6.449530366808176041e-03,-4.621627032756805420e-01,9.327905774116516113e-01,1.035213619470596313e-01,7.738379389047622681e-02,8.760824054479598999e-02,1.000000000000000000e+00,-8.802267163991928101e-02,5.767772793769836426e-01,1.041989684104919434e+00,5.237328633666038513e-02,-6.785375624895095825e-02,-2.814560830593109131e-01,1.000000000000000000e+00,2.940980672836303711e+00,-2.804343104362487793e-01,7.853158712387084961e-01,-8.627557754516601562e-02,-6.027794908732175827e-03,-6.857901811599731445e-03,1.000000000000000000e+00,3.234638452529907227e+00,2.924279272556304932e-01,1.326498031616210938e+00,-8.448278903961181641e-02,8.357917889952659607e-03,-2.804207243025302887e-02,1.000000000000000000e+00,1.000000000000000000e+00,0.000000000000000000e+00,0.000000000000000000e+00,1.000000000000000000e+00,2.940980672836303711e+00,-2.804343104362487793e-01,7.853158712387084961e-01,-8.627557754516601562e-02,-6.027794908732175827e-03,-6.857901811599731445e-03,8.810948150925217506e-03,-1.260917573050981400e-01,-2.078690319884416490e-03,1.000000000000000000e+00,3.234638452529907227e+00,2.924279272556304932e-01,1.326498031616210938e+00,-8.448278903961181641e-02,8.357917889952659607e-03,-2.804207243025302887e-02,-1.245298304471445169e-02,-1.259883010609561538e-01,3.004530904136568613e-03,1.000000000000000000e+00,-1.999998986721038818e-01,1.999516487121582031e-01,-1.000000014901161194e-01,4.228983521461486816e-01,2.000000029802322388e-01,2.000000029802322388e-01,-1.000000014901161194e-01,3.507298827171325684e-01,9.713888168334960938e-03,-1.969401836395263672e-01,-1.900672912597656250e-03,4.108935296535491943e-01,-1.497101783752441406e-02,-2.000000029802322388e-01,3.027915954589843750e-03,3.936683833599090576e-01
1.600000000000000033e-01,-4.117549862712621689e-03,-4.603908360004425049e-01,9.347224235534667969e-01,1.327249258756637573e-01,1.023902893066406250e-01,1.064918637275695801e-01,9.881327748298645020e-01,5.892073363065719604e-02,1.418520063161849976e-01,-7.631023973226547241e-02,9.897821545600891113e-01,1.204492002725601196e-01,-1.333056241273880005e-01,-1.298445612192153931e-01,9.825324416160583496e-01,-3.589032292366027832e-01,4.838226735591888428e-01,-2.983060777187347412e-01,1.000000000000000000e+00,0.000000000000000000e+00,-4.117549862712621689e-03,-4.603908360004425049e-01,9.347224235534667969e-01,1.327249258756637573e-01,1.023902893066406250e-01,1.064918637275695801e-01,1.000000000000000000e+00,-8.682759106159210205e-02,5.752410292625427246e-01,1.035948753356933594e+00,6.906607747077941895e-02,-8.809223026037216187e-02,-3.264594078063964844e-01,1.000000000000000000e+00,2.939033508300781250e+00,-2.805697917938232422e-01,7.851819992065429688e-01,-1.111580133438110352e-01,-7.686959113925695419e-03,-6.354606244713068008e-03,1.000000000000000000e+00,3.232733726501464844e+00,2.926155328750610352e-01,1.325893282890319824e+00,-1.086669415235519409e-01,1.063722558319568634e-02,-3.290236368775367737e-02,1.000000000000000000e+00,1.000000000000000000e+00,0.000000000000000000e+00,0.000000000000000000e+00,1.000000000000000000e+00,-8.682759106159210205e-02,5.752410292625427246e-01,1.035948753356933594e+00,6.906607747077941895e-02,-8.809223026037216187e-02,-3.264594078063964844e-01,9.876292943954467773e-01,1.035914719104766846e-01,1.177169382572174072e-01,-8.639739453792572021e-02,9.859736561775207520e-01,-1.427990496158599854e-01,-1.308585554361343384e-01,1.308620870113372803e-01,9.827264547348022461e-01,4.860766828060150146e-01,4.549656212329864502e-01,-4.734301567077636719e-01,0.000000000000000000e+00,1.000000000000000000e+00,-4.117549862712621689e-03,-4.603908360004425049e-01,9.347224235534667969e-01,1.327249258756637573e-01,1.023902893066406250e-01,1.064918637275695801e-01,1.000000000000000000e+00,-8.682759106159210205e-02,5.752410292625427246e-01,1.035948753356933594e+00,6.906607747077941895e-02,-8.809223026037216187e-02,-3.264594078063964844e-01,1.000000000000000000e+00,2.939033508300781250e+00,-2.805697917938232422e-01,7.851819992065429688e-01,-1.111580133438110352e-01,-7.686959113925695419e-03,-6.354606244713068008e-03,1.000000000000000000e+00,3.232733726501464844e+00,2.926155328750610352e-01,1.325893282890319824e+00,-1.086669415235519409e-01,1.063722558319568634e-02,-3.290236368775367737e-02,1.000000000000000000e+00,1.000000000000000000e+00,0.000000000000000000e+00,0.000000000000000000e+00,1.000000000000000000e+00,2.939033508300781250e+00,-2.805697917938232422e-01,7.851819992065429688e-01,-1.111580133438110352e-01,-7.686959113925695419e-03,-6.354606244713068008e-03,9.000562375801914039e-03,-1.341245064843801238e-01,-2.204408315444053405e-03,1.000000000000000000e+00,3.232733726501464844e+00,2.926155328750610352e-01,1.325893282890319824e+00,-1.086669415235519409e-01,1.063722558319568634e-02,-3.290236368775367737e-02,-1.276914656842209270e-02,-1.343293374808358642e-01,3.199311541524581942e-03,1.000000000000000000e+00,-1.999869495630264282e-01,1.999758183956146240e-01,-1.000000014901161194e-01,4.167585968971252441e-01,2.000000029802322388e-01,1.999999880790710449e-01,-1.000000014901161194e-01,3.726252615451812744e-01,7.143735885620117188e-03,-1.893780231475830078e-01,-1.344919204711914062e-03,4.114773273468017578e-01,-1.251244544982910156e-02,-1.968207359313964844e-01,2.446889877319335938e-03,3.917240202426910400e-01
1.799999999999999933e-01,-1.192343421280384064e-03,-4.581136405467987061e-01,9.369813799858093262e-01,1.630630642175674438e-01,1.280082762241363525e-01,1.198759526014328003e-01,9.862620830535888672e-01,6.291324645280838013e-02,1.527386307716369629e-01,-8.278108388185501099e-02,9.883890748023986816e-01,1.274142414331436157e-01,-1.429491341114044189e-01,-1.383077055215835571e-01,9.800186753273010254e-01,-4.340704381465911865e-01,5.471838712692260742e-01,-2.188406288623809814e-01,1.000000000000000000e+00,0.000000000000000000e+00,-1.192343421280384064e-03,-4.581136405467987061e-01,9.369813799858093262e-01,1.630630642175674438e-01,1.280082762241363525e-01,1.198759526014328003e-01,1.000000000000000000e+00,-8.528403937816619873e-02,5.732823014259338379e-01,1.029046654701232910e+00,8.741053938865661621e-02,-1.103974506258964539e-01,-3.669418990612030029e-01,1.000000000000000000e+00,2.936574459075927734e+00,-2.807386219501495361e-01,7.850637435913085938e-01,-1.376612782478332520e-01,-9.361918084323406219e-03,-5.304201971739530563e-03,1.000000000000000000e+00,3.230331420898437500e+00,2.928490340709686279e-01,1.325191020965576172e+00,-1.344008147716522217e-01,1.294696237891912460e-02,-3.789350762963294983e-02,1.000000000000000000e+00,1.000000000000000000e+00,0.000000000000000000e+00,0.000000000000000000e+00,1.000000000000000000e+00,-8.528403937816619873e-02,5.732823014259338379e-01,1.029046654701232910e+00,8.741053938865661621e-02,-1.103974506258964539e-01,-3.669418990612030029e-01,9.855911135673522949e-01,1.133647188544273376e-01,1.255345493555068970e-01,-9.356083720922470093e-02,9.836706519126892090e-01,-1.537489742040634155e-01,-1.409143358469009399e-01,1.397884935140609741e-01,9.801033735275268555e-01,5.327642560005187988e-01,4.469645023345947266e-01,-3.811146020889282227e-01,0.000000000000000000e+00,1.000000000000000000e+00,-1.192343421280384064e-03,-4.581136405467987061e-01,9.369813799858093262e-01,1.630630642175674438e-01,1.280082762241363525e-01,1.198759526014328003e-01,1.000000000000000000e+00,-8.528403937816619873e-02,5.732823014259338379e-01,1.029046654701232910e+00,8.741053938865661621e-02,-1.103974506258964539e-01,-3.669418990612030029e-01,1.000000000000000000e+00,2.936574459075927734e+00,-2.807386219501495361e-01,7.850637435913085938e-01,-1.376612782478332520e-01,-9.361918084323406219e-03,-5.304201971739530563e-03,1.000000000000000000e+00,3.230331420898437500e+00,2.928490340709686279e-01,1.325191020965576172e+00,-1.344008147716522217e-01,1.294696237891912460e-02,-3.789350762963294983e-02,1.000000000000000000e+00,1.000000000000000000e+00,0.000000000000000000e+00,0.000000000000000000e+00,1.000000000000000000e+00,2.936574459075927734e+00,-2.807386219501495361e-01,7.850637435913085938e-01,-1.376612782478332520e-01,-9.361918084323406219e-03,-5.304201971739530563e-03,9.065095002370848754e-03,-1.434044778501437634e-01,-2.254907108099409203e-03,1.000000000000000000e+00,3.230331420898437500e+00,2.928490340709686279e-01,1.325191020965576172e+00,-1.344008147716522217e-01,1.294696237891912460e-02,-3.789350762963294983e-02,-1.302537587674547359e-02,-1.440811875124594632e-01,3.296228970873462359e-03,1.000000000000000000e+00,-1.999841332435607910e-01,1.999379694461822510e-01,-1.000000014901161194e-01,4.142011702060699463e-01,2.000000029802322388e-01,2.000000029802322388e-01,-1.000000014901161194e-01,4.033192694187164307e-01,3.978013992309570312e-03,-1.813437938690185547e-01,-7.174015045166015625e-04,4.120216071605682373e-01,-9.496212005615234375e-03,-1.894938945770263672e-01,1.788854598999023438e-03,3.895094096660614014e-01
2.000000000000000111e-01,2.352929906919598579e-03,-4.553167819976806641e-01,9.394636154174804688e-01,1.948870122432708740e-01,1.544858515262603760e-01,1.285087615251541138e-01,9.843910932540893555e-01,6.522958725690841675e-02,1.634607613086700439e-01,-8.785951882600784302e-02,9.869045019149780273e-01,1.352786719799041748e-01,-1.524959802627563477e-01,-1.475286781787872314e-01,9.772309660911560059e-01,-4.340048730373382568e-01,4.557674229145050049e-01,-1.542142480611801147e-01,1.000000000000000000e+00,0.000000000000000000e+00,2.352929906919598579e-03,-4.553167819976806641e-01,9.394636154174804688e-01,1.948870122432708740e-01,1.544858515262603760e-01,1.285087615251541138e-01,1.000000000000000000e+00,-8.335740119218826294e-02,5.708551406860351562e-01,1.021385312080383301e+00,1.075984761118888855e-01,-1.352495104074478149e-01,-4.015057086944580078e-01,1.000000000000000000e+00,2.933570146560668945e+00,-2.809407711029052734e-01,7.849695086479187012e-01,-1.658382713794708252e-01,-1.101595908403396606e-02,-3.915522713214159012e-03,1.000000000000000000e+00,3.227399587631225586e+00,2.931288480758666992e-01,1.324384927749633789e+00,-1.617425531148910522e-01,1.526175439357757568e-02,-4.337189719080924988e-02,1.000000000000000000e+00,1.000000000000000000e+00,0.000000000000000000e+00,0.000000000000000000e+00,1.000000000000000000e+00,-8.335740119218826294e-02,5.708551406860351562e-01,1.021385312080383301e+00,1.075984761118888855e-01,-1.352495104074478149e-01,-4.015057086944580078e-01,9.836694598197937012e-01,1.214389875531196594e-01,1.328431516885757446e-01,-9.890697151422500610e-02,9.813659191131591797e-01,-1.647380441427230835e-01,-1.503733545541763306e-01,1.489086300134658813e-01,9.773507118225097656e-01,4.797515869140625000e-01,4.089843630790710449e-01,-2.955831587314605713e-01,0.000000000000000000e+00,1.000000000000000000e+00,2.352929906919598579e-03,-4.553167819976806641e-01,9.394636154174804688e-01,1.948870122432708740e-01,1.544858515262603760e-01,1.285087615251541138e-01,1.000000000000000000e+00,-8.335740119218826294e-02,5.708551406860351562e-01,1.021385312080383301e+00,1.075984761118888855e-01,-1.352495104074478149e-01,-4.015057086944580078e-01,1.000000000000000000e+00,2.933570146560668945e+00,-2.809407711029052734e-01,7.849695086479187012e-01,-1.658382713794708252e-01,-1.101595908403396606e-02,-3.915522713214159012e-03,1.000000000000000000e+00,3.227399587631225586e+00,2.931288480758666992e-01,1.324384927749633789e+00,-1.617425531148910522e-01,1.526175439357757568e-02,-4.337189719080924988e-02,1.000000000000000000e+00,1.000000000000000000e+00,0.000000000000000000e+00,0.000000000000000000e+00,1.000000000000000000e+00,2.933570146560668945e+00,-2.809407711029052734e-01,7.849695086479187012e-01,-1.658382713794708252e-01,-1.101595908403396606e-02,-3.915522713214159012e-03,8.845957716167737739e-03,-1.517921077967361310e-01,-2.210235417679611014e-03,1.000000000000000000e+00,3.227399587631225586e+00,2.931288480758666992e-01,1.324384927749633789e+00,-1.617425531148910522e-01,1.526175439357757568e-02,-4.337189719080924988e-02,-1.305036567566114462e-02,-1.532227610821248476e-01,3.282289995210777370e-03,1.000000000000000000e+00,-1.999998837709426880e-01,1.973514109849929810e-01,-1.000000014901161194e-01,4.137600362300872803e-01,1.999994665384292603e-01,1.999998986721038818e-01,-1.000000014901161194e-01,4.243280887603759766e-01,1.509189605712890625e-04,-1.728470325469970703e-01,-2.598762512207031250e-05,4.124415516853332520e-01,-5.838394165039062500e-03,-1.815867424011230469e-01,1.054286956787109375e-03,3.870843350887298584e-01
2.200000000000000011e-01,6.546731572598218918e-03,-4.519815444946289062e-01,9.420831799507141113e-01,2.279701828956604004e-01,1.819357126951217651e-01,1.333895027637481689e-01,9.829090237617492676e-01,6.646045297384262085e-02,1.716772615909576416e-01,-9.152803570032119751e-02,9.855545163154602051e-01,1.424960345029830933e-01,-1.597269177436828613e-01,-1.557738929986953735e-01,9.747933149337768555e-01,-3.530543446540832520e-01,3.120606541633605957e-01,-1.047732979059219360e-01,1.000000000000000000e+00,0.000000000000000000e+00,6.546731572598218918e-03,-4.519815444946289062e-01,9.420831799507141113e-01,2.279701828956604004e-01,1.819357126951217651e-01,1.333895027637481689e-01,1.000000000000000000e+00,-8.100924640893936157e-02,5.679063200950622559e-01,1.013095378875732422e+00,1.297629624605178833e-01,-1.628316044807434082e-01,-4.290105104446411133e-01,1.000000000000000000e+00,2.929990291595458984e+00,-2.811753749847412109e-01,7.849065065383911133e-01,-1.952984482049942017e-01,-1.257848367094993591e-02,-2.144355094060301781e-03,1.000000000000000000e+00,3.223908901214599609e+00,2.934545874595642090e-01,1.323464155197143555e+00,-1.903314292430877686e-01,1.751790940761566162e-02,-4.941528290510177612e-02,1.000000000000000000e+00,1.000000000000000000e+00,0.000000000000000000e+00,0.000000000000000000e+00,1.000000000000000000e+00,-8.100924640893936157e-02,5.679063200950622559e-01,1.013095378875732422e+00,1.297629624605178833e-01,-1.628316044807434082e-01,-4.290105104446411133e-01,9.819849729537963867e-01,1.277226507663726807e-01,1.392568796873092651e-01,-1.027222797274589539e-01,9.793890118598937988e-01,-1.739119291305541992e-01,-1.585991531610488892e-01,1.564741134643554688e-01,9.748652577400207520e-01,3.604961633682250977e-01,3.426358699798583984e-01,-2.187119126319885254e-01,0.000000000000000000e+00,1.000000000000000000e+00,6.546731572598218918e-03,-4.519815444946289062e-01,9.420831799507141113e-01,2.279701828956604004e-01,1.819357126951217651e-01,1.333895027637481689e-01,1.000000000000000000e+00,-8.100924640893936157e-02,5.679063200950622559e-01,1.013095378875732422e+00,1.297629624605178833e-01,-1.628316044807434082e-01,-4.290105104446411133e-01,1.000000000000000000e+00,2.929990291595458984e+00,-2.811753749847412109e-01,7.849065065383911133e-01,-1.952984482049942017e-01,-1.257848367094993591e-02,-2.144355094060301781e-03,1.000000000000000000e+00,3.223908901214599609e+00,2.934545874595642090e-01,1.323464155197143555e+00,-1.903314292430877686e-01,1.751790940761566162e-02,-4.941528290510177612e-02,1.000000000000000000e+00,1.000000000000000000e+00,0.000000000000000000e+00,0.000000000000000000e+00,1.000000000000000000e+00,2.929990291595458984e+00,-2.811753749847412109e-01,7.849065065383911133e-01,-1.952984482049942017e-01,-1.257848367094993591e-02,-2.144355094060301781e-03,8.150242265784916895e-03,-1.571573592598793923e-01,-2.046074692519449061e-03,1.000000000000000000e+00,3.223908901214599609e+00,2.934545874595642090e-01,1.323464155197143555e+00,-1.903314292430877686e-01,1.751790940761566162e-02,-4.941528290510177612e-02,-1.259285987584635863e-02,-1.595260210649898092e-01,3.128044563438399199e-03,1.000000000000000000e+00,-1.999414116144180298e-01,1.742265075445175171e-01,-1.000000014901161194e-01,4.150083959102630615e-01,1.999985575675964355e-01,1.999998688697814941e-01,-1.000000014901161194e-01,4.367930591106414795e-01,-4.390478134155273438e-03,-1.640133857727050781e-01,7.169246673583984375e-04,4.127287268638610840e-01,-1.480579376220703125e-03,-1.731641292572021484e-01,2.551078796386718750e-04,3.845681250095367432e-01
2.399999999999999911e-01,1.140997372567653656e-02,-4.480896890163421631e-01,9.447739720344543457e-01,2.618245482444763184e-01,2.101948857307434082e-01,1.355458199977874756e-01,9.819416403770446777e-01,6.723425537347793579e-02,1.768339574337005615e-01,-9.408909827470779419e-02,9.844777584075927734e-01,1.481580883264541626e-01,-1.641277968883514404e-01,-1.621207445859909058e-01,9.730256795883178711e-01,-2.617748379707336426e-01,1.450634598731994629e-01,-8.225663006305694580e-02,1.000000000000000000e+00,0.000000000000000000e+00,1.140997372567653656e-02,-4.480896890163421631e-01,9.447739720344543457e-01,2.618245482444763184e-01,2.101948857307434082e-01,1.355458199977874756e-01,1.000000000000000000e+00,-7.820039242506027222e-02,5.643828511238098145e-01,1.004320502281188965e+00,1.538324952125549316e-01,-1.929019242525100708e-01,-4.493289291858673096e-01,1.000000000000000000e+00,2.925814151763916016e+00,-2.814396619796752930e-01,7.848826050758361816e-01,-2.253621369600296021e-01,-1.394842937588691711e-02,3.012455090356525034e-05,1.000000000000000000e+00,3.219840049743652344e+00,2.938241958618164062e-01,1.322417020797729492e+00,-2.195131331682205200e-01,1.961449906229972839e-02,-5.608239397406578064e-02,1.000000000000000000e+00,1.000000000000000000e+00,0.000000000000000000e+00,0.000000000000000000e+00,1.000000000000000000e+00,-7.820039242506027222e-02,5.643828511238098145e-01,1.004320502281188965e+00,1.538324952125549316e-01,-1.929019242525100708e-01,-4.493289291858673096e-01,9.806178212165832520e-01,1.322724521160125732e-01,1.445436626672744751e-01,-1.052972450852394104e-01,9.779162406921386719e-01,-1.805339008569717407e-01,-1.652312427759170532e-01,1.618147045373916626e-01,9.728899002075195312e-01,2.443299293518066406e-01,2.710913419723510742e-01,-1.514772474765777588e-01,0.000000000000000000e+00,1.000000000000000000e+00,1.140997372567653656e-02,-4.480896890163421631e-01,9.447739720344543457e-01,2.618245482444763184e-01,2.101948857307434082e-01,1.355458199977874756e-01,1.000000000000000000e+00,-7.820039242506027222e-02,5.643828511238098145e-01,1.004320502281188965e+00,1.538324952125549316e-01,-1.929019242525100708e-01,-4.493289291858673096e-01,1.000000000000000000e+00,2.925814151763916016e+00,-2.814396619796752930e-01,7.848826050758361816e-01,-2.253621369600296021e-01,-1.394842937588691711e-02,3.012455090356525034e-05,1.000000000000000000e+00,3.219840049743652344e+00,2.938241958618164062e-01,1.322417020797729492e+00,-2.195131331682205200e-01,1.961449906229972839e-02,-5.608239397406578064e-02,1.000000000000000000e+00,1.000000000000000000e+00,0.000000000000000000e+00,0.000000000000000000e+00,1.000000000000000000e+00,2.925814151763916016e+00,-2.814396619796752930e-01,7.848826050758361816e-01,-2.253621369600296021e-01,-1.394842937588691711e-02,3.012455090356525034e-05,6.880094003385729858e-03,-1.590743822985656308e-01,-1.757580893921883471e-03,1.000000000000000000e+00,3.219840049743652344e+00,2.938241958618164062e-01,1.322417020797729492e+00,-2.195131331682205200e-01,1.961449906229972839e-02,-5.608239397406578064e-02,-1.151710636136459368e-02,-1.624591811404414443e-01,2.826119774663634655e-03,1.000000000000000000e+00,-1.905396729707717896e-01,1.536922454833984375e-01,-1.000000014901161194e-01,4.222429394721984863e-01,1.999995708465576172e-01,1.999998688697814941e-01,-1.000000014901161194e-01,4.447094798088073730e-01,-9.654045104980468750e-03,-1.550447940826416016e-01,1.490831375122070312e-03,4.129331707954406738e-01,3.597259521484375000e-03,-1.644032001495361328e-01,-5.886554718017578125e-04,3.821016848087310791e-01
2.600000000000000089e-01,1.695347018539905548e-02,-4.436267614364624023e-01,9.474923014640808105e-01,2.959352433681488037e-01,2.390892952680587769e-01,1.362264603376388550e-01,9.816216826438903809e-01,6.798423826694488525e-02,1.783176511526107788e-01,-9.582035243511199951e-02,9.836536049842834473e-01,1.524604707956314087e-01,-1.650378853082656860e-01,-1.667449623346328735e-01,9.720898866653442383e-01,-1.769631654024124146e-01,-4.524168372154235840e-02,-7.401445508003234863e-02,1.000000000000000000e+00,0.000000000000000000e+00,1.695347018539905548e-02,-4.436267614364624023e-01,9.474923014640808105e-01,2.959352433681488037e-01,2.390892952680587769e-01,1.362264603376388550e-01,1.000000000000000000e+00,-7.489442825317382812e-02,5.602387785911560059e-01,9.952009916305541992e-01,1.796025782823562622e-01,-2.250321507453918457e-01,-4.629408419132232666e-01,1.000000000000000000e+00,2.921036243438720703e+00,-2.817288339138031006e-01,7.849054336547851562e-01,-2.553984224796295166e-01,-1.501435134559869766e-02,2.569572534412145615e-03,1.000000000000000000e+00,3.215187072753906250e+00,2.942333817481994629e-01,1.321230053901672363e+00,-2.486840039491653442e-01,2.143918350338935852e-02,-6.345931440591812134e-02,1.000000000000000000e+00,1.000000000000000000e+00,0.000000000000000000e+00,0.000000000000000000e+00,1.000000000000000000e+00,-7.489442825317382812e-02,5.602387785911560059e-01,9.952009916305541992e-01,1.796025782823562622e-01,-2.250321507453918457e-01,-4.629408419132232666e-01,9.795668721199035645e-01,1.353387832641601562e-01,1.487698853015899658e-01,-1.068484932184219360e-01,9.768840670585632324e-01,-1.851520389318466187e-01,-1.703891456127166748e-01,1.654729396104812622e-01,9.713838100433349609e-01,1.782190948724746704e-01,2.155077159404754639e-01,-9.465227276086807251e-02,0.000000000000000000e+00,1.000000000000000000e+00,1.695347018539905548e-02,-4.436267614364624023e-01,9.474923014640808105e-01,2.959352433681488037e-01,2.390892952680587769e-01,1.362264603376388550e-01,1.000000000000000000e+00,-7.489442825317382812e-02,5.602387785911560059e-01,9.952009916305541992e-01,1.796025782823562622e-01,-2.250321507453918457e-01,-4.629408419132232666e-01,1.000000000000000000e+00,2.921036243438720703e+00,-2.817288339138031006e-01,7.849054336547851562e-01,-2.553984224796295166e-01,-1.501435134559869766e-02,2.569572534412145615e-03,1.000000000000000000e+00,3.215187072753906250e+00,2.942333817481994629e-01,1.321230053901672363e+00,-2.486840039491653442e-01,2.143918350338935852e-02,-6.345931440591812134e-02,1.000000000000000000e+00,1.000000000000000000e+00,0.000000000000000000e+00,0.000000000000000000e+00,1.000000000000000000e+00,2.921036243438720703e+00,-2.817288339138031006e-01,7.849054336547851562e-01,-2.553984224796295166e-01,-1.501435134559869766e-02,2.569572534412145615e-03,5.036454120893778599e-03,-1.585474036971079581e-01,-1.358218799334167445e-03,1.000000000000000000e+00,3.215187072753906250e+00,2.942333817481994629e-01,1.321230053901672363e+00,-2.486840039491653442e-01,2.143918350338935852e-02,-6.345931440591812134e-02,-9.834766323734081203e-03,-1.630057071748076680e-01,2.401176762064841010e-03,1.000000000000000000e+00,-1.835497319698333740e-01,1.246680617332458496e-01,-1.000000014901161194e-01,4.266648888587951660e-01,1.999999135732650757e-01,2.000000029802322388e-01,-1.000000014901161194e-01,4.479699134826660156e-01,-1.562833786010742188e-02,-1.461150646209716797e-01,2.275705337524414062e-03,4.131193161010742188e-01,9.392023086547851562e-03,-1.554830074310302734e-01,-1.454591751098632812e-03,3.797928988933563232e-01
2.800000000000000266e-01,2.317715063691139221e-02,-4.385811090469360352e-01,9.502196311950683594e-01,3.296961486339569092e-01,2.684814333915710449e-01,1.365521401166915894e-01,9.819793701171875000e-01,6.901028007268905640e-02,1.759381443262100220e-01,-9.693665057420730591e-02,9.830781817436218262e-01,1.554369926452636719e-01,-1.622342020273208618e-01,-1.696907579898834229e-01,9.720520973205566406e-01,-9.206444025039672852e-02,-2.377488613128662109e-01,-7.991429418325424194e-02,1.000000000000000000e+00,0.000000000000000000e+00,2.317715063691139221e-02,-4.385811090469360352e-01,9.502196311950683594e-01,3.296961486339569092e-01,2.684814333915710449e-01,1.365521401166915894e-01,1.000000000000000000e+00,-7.105959206819534302e-02,5.554363131523132324e-01,9.858637452125549316e-01,2.068214267492294312e-01,-2.588415443897247314e-01,-4.706625044345855713e-01,1.000000000000000000e+00,2.915661334991455078e+00,-2.820357978343963623e-01,7.849823236465454102e-01,-2.850356698036193848e-01,-1.566867344081401825e-02,5.480488296598196030e-03,1.000000000000000000e+00,3.209953308105468750e+00,2.946759462356567383e-01,1.319888830184936523e+00,-2.774843573570251465e-01,2.289051376283168793e-02,-7.157435268163681030e-02,1.000000000000000000e+00,1.000000000000000000e+00,0.000000000000000000e+00,0.000000000000000000e+00,1.000000000000000000e+00,-7.105959206819534302e-02,5.554363131523132324e-01,9.858637452125549316e-01,2.068214267492294312e-01,-2.588415443897247314e-01,-4.706625044345855713e-01,9.787690043449401855e-01,1.372758895158767700e-01,1.522061973810195923e-01,-1.075311750173568726e-01,9.760978817939758301e-01,-1.888655871152877808e-01,-1.744948178529739380e-01,1.684888452291488647e-01,9.701356887817382812e-01,1.633795350790023804e-01,1.824375092983245850e-01,-4.860461875796318054e-02,0.000000000000000000e+00,1.000000000000000000e+00,2.317715063691139221e-02,-4.385811090469360352e-01,9.502196311950683594e-01,3.296961486339569092e-01,2.684814333915710449e-01,1.365521401166915894e-01,1.000000000000000000e+00,-7.105959206819534302e-02,5.554363131523132324e-01,9.858637452125549316e-01,2.068214267492294312e-01,-2.588415443897247314e-01,-4.706625044345855713e-01,1.000000000000000000e+00,2.915661334991455078e+00,-2.820357978343963623e-01,7.849823236465454102e-01,-2.850356698036193848e-01,-1.566867344081401825e-02,5.480488296598196030e-03,1.000000000000000000e+00,3.209953308105468750e+00,2.946759462356567383e-01,1.319888830184936523e+00,-2.774843573570251465e-01,2.289051376283168793e-02,-7.157435268163681030e-02,1.000000000000000000e+00,1.000000000000000000e+00,0.000000000000000000e+00,0.000000000000000000e+00,1.000000000000000000e+00,2.915661334991455078e+00,-2.820357978343963623e-01,7.849823236465454102e-01,-2.850356698036193848e-01,-1.566867344081401825e-02,5.480488296598196030e-03,2.654410851753431951e-03,-1.568639223809344951e-01,-8.677052480336340783e-04,1.000000000000000000e+00,3.209953308105468750e+00,2.946759462356567383e-01,1.319888830184936523e+00,-2.774843573570251465e-01,2.289051376283168793e-02,-7.157435268163681030e-02,-7.613094840695333598e-03,-1.623222769464893744e-01,1.875531388870645914e-03,1.000000000000000000e+00,-1.707599014043807983e-01,9.859073162078857422e-02,-1.000000014901161194e-01,4.191773235797882080e-01,1.995794922113418579e-01,1.999997794628143311e-01,-1.000000014901161194e-01,4.466767311096191406e-01,-2.228832244873046875e-02,-1.373150348663330078e-01,3.051519393920898438e-03,4.133339822292327881e-01,1.590871810913085938e-02,-1.465227603912353516e-01,-2.322912216186523438e-03,3.776927292346954346e-01
2.999999999999999889e-01,3.006724640727043152e-02,-4.329450726509094238e-01,9.529522061347961426e-01,3.623094856739044189e-01,2.980855703353881836e-01,1.366091817617416382e-01,9.829631447792053223e-01,7.055194675922393799e-02,1.697229295969009399e-01,-9.766533970832824707e-02,9.827379584312438965e-01,1.571228355169296265e-01,-1.557078510522842407e-01,-1.710220128297805786e-01,9.728856682777404785e-01,-5.121827591210603714e-03,-4.167689979076385498e-01,-9.504728019237518311e-02,1.000000000000000000e+00,0.000000000000000000e+00,3.006724640727043152e-02,-4.329450726509094238e-01,9.529522061347961426e-01,3.623094856739044189e-01,2.980855703353881836e-01,1.366091817617416382e-01,1.000000000000000000e+00,-6.666926294565200806e-02,5.499446988105773926e-01,9.764171242713928223e-01,2.352266907691955566e-01,-2.940593957901000977e-01,-4.736068248748779297e-01,1.000000000000000000e+00,2.909697771072387695e+00,-2.823513746261596680e-01,7.851207852363586426e-01,-3.141140043735504150e-01,-1.580933667719364166e-02,8.756426163017749786e-03,1.000000000000000000e+00,3.204148054122924805e+00,2.951434850692749023e-01,1.318378567695617676e+00,-3.057317435741424561e-01,2.387867867946624756e-02,-8.044504374265670776e-02,1.000000000000000000e+00,1.000000000000000000e+00,0.000000000000000000e+00,0.000000000000000000e+00,1.000000000000000000e+00,-6.666926294565200806e-02,5.499446988105773926e-01,9.764171242713928223e-01,2.352266907691955566e-01,-2.940593957901000977e-01,-4.736068248748779297e-01,9.781473875045776367e-01,1.384075582027435303e-01,1.551487594842910767e-01,-1.074891835451126099e-01,9.753973484039306641e-01,-1.924739629030227661e-01,-1.779715269804000854e-01,1.715910881757736206e-01,9.689596295356750488e-01,1.689822673797607422e-01,1.648391336202621460e-01,-1.315994467586278915e-02,0.000000000000000000e+00,1.000000000000000000e+00,3.006724640727043152e-02,-4.329450726509094238e-01,9.529522061347961426e-01,3.623094856739044189e-01,2.980855703353881836e-01,1.366091817617416382e-01,1.000000000000000000e+00,-6.666926294565200806e-02,5.499446988105773926e-01,9.764171242713928223e-01,2.352266907691955566e-01,-2.940593957901000977e-01,-4.736068248748779297e-01,1.000000000000000000e+00,2.909697771072387695e+00,-2.823513746261596680e-01,7.851207852363586426e-01,-3.141140043735504150e-01,-1.580933667719364166e-02,8.756426163017749786e-03,1.000000000000000000e+00,3.204148054122924805e+00,2.951434850692749023e-01,1.318378567695617676e+00,-3.057317435741424561e-01,2.387867867946624756e-02,-8.044504374265670776e-02,1.000000000000000000e+00,1.000000000000000000e+00,0.000000000000000000e+00,0.000000000000000000e+00,1.000000000000000000e+00,2.909697771072387695e+00,-2.823513746261596680e-01,7.851207852363586426e-01,-3.141140043735504150e-01,-1.580933667719364166e-02,8.756426163017749786e-03,-2.520998075048288319e-04,-1.546821114886367532e-01,-2.965296395344720580e-04,1.000000000000000000e+00,3.204148054122924805e+00,2.951434850692749023e-01,1.318378567695617676e+00,-3.057317435741424561e-01,2.387867867946624756e-02,-8.044504374265670776e-02,-4.878244350358251422e-03,-1.608867849671820061e-01,1.259216269382809963e-03,1.000000000000000000e+00,-1.551508307456970215e-01,7.045802474021911621e-02,-1.000000014901161194e-01,4.092526733875274658e-01,1.911540031433105469e-01,1.999978870153427124e-01,-1.000000014901161194e-01,4.434331655502319336e-01,-2.955985069274902344e-02,-1.286895275115966797e-01,3.794670104980468750e-03,4.135694801807403564e-01,2.317190170288085938e-02,-1.375954151153564453e-01,-3.178834915161132812e-03,3.758094608783721924e-01
3.200000000000000067e-01,3.759274631738662720e-02,-4.267180860042572021e-01,9.556784629821777344e-01,3.928996324539184570e-01,3.274818062782287598e-01,1.356873810291290283e-01,9.844079613685607910e-01,7.275597006082534790e-02,1.601492762565612793e-01,-9.821643680334091187e-02,9.826552867889404297e-01,1.572969555854797363e-01,-1.459272205829620361e-01,-1.705736517906188965e-01,9.744793772697448730e-01,9.867951273918151855e-02,-5.606719255447387695e-01,-1.143000125885009766e-01,1.000000000000000000e+00,0.000000000000000000e+00,3.759274631738662720e-02,-4.267180860042572021e-01,9.556784629821777344e-01,3.928996324539184570e-01,3.274818062782287598e-01,1.356873810291290283e-01,1.000000000000000000e+00,-6.170198693871498108e-02,5.437375903129577637e-01,9.669455289840698242e-01,2.645710110664367676e-01,-3.304699063301086426e-01,-4.730059206485748291e-01,1.000000000000000000e+00,2.903158426284790039e+00,-2.826643884181976318e-01,7.853277921676635742e-01,-3.425366282463073730e-01,-1.533248648047447205e-02,1.235782075673341751e-02,1.000000000000000000e+00,3.197784185409545898e+00,2.956259250640869141e-01,1.316684246063232422e+00,-3.332863748073577881e-01,2.431498840451240540e-02,-9.006544202566146851e-02,1.000000000000000000e+00,1.000000000000000000e+00,0.000000000000000000e+00,0.000000000000000000e+00,1.000000000000000000e+00,-6.170198693871498108e-02,5.437375903129577637e-01,9.669455289840698242e-01,2.645710110664367676e-01,-3.304699063301086426e-01,-4.730059206485748291e-01,9.776483774185180664e-01,1.389318853616714478e-01,1.578028649091720581e-01,-1.068874672055244446e-01,9.747636318206787109e-01,-1.959875077009201050e-01,-1.810493916273117065e-01,1.747397035360336304e-01,9.678260684013366699e-01,1.443899869918823242e-01,1.511958390474319458e-01,1.257781498134136200e-02,0.000000000000000000e+00,1.000000000000000000e+00,3.759274631738662720e-02,-4.267180860042572021e-01,9.556784629821777344e-01,3.928996324539184570e-01,3.274818062782287598e-01,1.356873810291290283e-01,1.000000000000000000e+00,-6.170198693871498108e-02,5.437375903129577637e-01,9.669455289840698242e-01,2.645710110664367676e-01,-3.304699063301086426e-01,-4.730059206485748291e-01,1.000000000000000000e+00,2.903158426284790039e+00,-2.826643884181976318e-01,7.853277921676635742e-01,-3.425366282463073730e-01,-1.533248648047447205e-02,1.235782075673341751e-02,1.000000000000000000e+00,3.197784185409545898e+00,2.956259250640869141e-01,1.316684246063232422e+00,-3.332863748073577881e-01,2.431498840451240540e-02,-9.006544202566146851e-02,1.000000000000000000e+00,1.000000000000000000e+00,0.000000000000000000e+00,0.000000000000000000e+00,1.000000000000000000e+00,2.903158426284790039e+00,-2.826643884181976318e-01,7.853277921676635742e-01,-3.425366282463073730e-01,-1.533248648047447205e-02,1.235782075673341751e-02,-3.717671757116714458e-03,-1.519863860604180328e-01,3.463772111100104755e-04,1.000000000000000000e+00,3.197784185409545898e+00,2.956259250640869141e-01,1.316684246063232422e+00,-3.332863748073577881e-01,2.431498840451240540e-02,-9.006544202566146851e-02,-1.592384745688984809e-03,-1.586033942371802841e-01,5.631839770748158901e-04,1.000000000000000000e+00,-1.347109973430633545e-01,4.029515758156776428e-02,-1.000000014901161194e-01,3.905637264251708984e-01,1.785422563552856445e-01,1.999998837709426880e-01,-1.000000014901161194e-01,4.379772543907165527e-01,-3.731107711791992188e-02,-1.202838420867919922e-01,4.479169845581054688e-03,4.137720763683319092e-01,3.121495246887207031e-02,-1.287615299224853516e-01,-4.009485244750976562e-03,3.741342723369598389e-01
3.400000000000000244e-01,4.570598527789115906e-02,-4.199089705944061279e-01,9.583693146705627441e-01,4.206724464893341064e-01,3.561088442802429199e-01,1.325697749853134155e-01,9.861171245574951172e-01,7.566989958286285400e-02,1.478088945150375366e-01,-9.872891008853912354e-02,9.828913807868957520e-01,1.554911583662033081e-01,-1.335140615701675415e-01,-1.679254621267318726e-01,9.767166376113891602e-01,2.255690842866897583e-01,-6.805889606475830078e-01,-1.318344324827194214e-01,1.000000000000000000e+00,0.000000000000000000e+00,4.570598527789115906e-02,-4.199089705944061279e-01,9.583693146705627441e-01,4.206724464893341064e-01,3.561088442802429199e-01,1.325697749853134155e-01,1.000000000000000000e+00,-5.614101514220237732e-02,5.367935895919799805e-01,9.575092792510986328e-01,2.946337759494781494e-01,-3.677595257759094238e-01,-4.700337946414947510e-01,1.000000000000000000e+00,2.896058082580566406e+00,-2.829614579677581787e-01,7.856096029281616211e-01,-3.701746463775634766e-01,-1.412563864141702652e-02,1.625693961977958679e-02,1.000000000000000000e+00,3.190876483917236328e+00,2.961114645004272461e-01,1.314791083335876465e+00,-3.599868714809417725e-01,2.410236559808254242e-02,-1.003925725817680359e-01,1.000000000000000000e+00,1.000000000000000000e+00,0.000000000000000000e+00,0.000000000000000000e+00,1.000000000000000000e+00,-5.614101514220237732e-02,5.367935895919799805e-01,9.575092792510986328e-01,2.946337759494781494e-01,-3.677595257759094238e-01,-4.700337946414947510e-01,9.772490262985229492e-01,1.388699561357498169e-01,1.603115350008010864e-01,-1.059106364846229553e-01,9.743762612342834473e-01,-1.984293460845947266e-01,-1.837595850229263306e-01,1.769361495971679688e-01,9.669159054756164551e-01,5.423621088266372681e-02,1.340807527303695679e-01,2.966126427054405212e-02,0.000000000000000000e+00,1.000000000000000000e+00,4.570598527789115906e-02,-4.199089705944061279e-01,9.583693146705627441e-01,4.206724464893341064e-01,3.561088442802429199e-01,1.325697749853134155e-01,1.000000000000000000e+00,-5.614101514220237732e-02,5.367935895919799805e-01,9.575092792510986328e-01,2.946337759494781494e-01,-3.677595257759094238e-01,-4.700337946414947510e-01,1.000000000000000000e+00,2.896058082580566406e+00,-2.829614579677581787e-01,7.856096029281616211e-01,-3.701746463775634766e-01,-1.412563864141702652e-02,1.625693961977958679e-02,1.000000000000000000e+00,3.190876483917236328e+00,2.961114645004272461e-01,1.314791083335876465e+00,-3.599868714809417725e-01,2.410236559808254242e-02,-1.003925725817680359e-01,1.000000000000000000e+00,1.000000000000000000e+00,0.000000000000000000e+00,0.000000000000000000e+00,1.000000000000000000e+00,2.896058082580566406e+00,-2.829614579677581787e-01,7.856096029281616211e-01,-3.701746463775634766e-01,-1.412563864141702652e-02,1.625693961977958679e-02,-7.782421511012785342e-03,-1.485077925519027175e-01,1.047314094094129334e-03,1.000000000000000000e+00,3.190876483917236328e+00,2.961114645004272461e-01,1.314791083335876465e+00,-3.599868714809417725e-01,2.410236559808254242e-02,-1.003925725817680359e-01,2.306276902863775395e-03,-1.553095199179450603e-01,-2.008038344179859276e-04,1.000000000000000000e+00,-1.163372024893760681e-01,1.569579541683197021e-02,-1.000000014901161194e-01,3.722150921821594238e-01,1.601027548313140869e-01,1.999998837709426880e-01,-1.000000014901161194e-01,4.314014017581939697e-01,-4.535102844238281250e-02,-1.121644973754882812e-01,5.079507827758789062e-03,4.138456284999847412e-01,4.004359245300292969e-02,-1.200869083404541016e-01,-4.799604415893554688e-03,3.726547956466674805e-01
3.599999999999999867e-01,5.434428527951240540e-02,-4.125391542911529541e-01,9.609669446945190430e-01,4.449687600135803223e-01,3.833045661449432373e-01,1.258115172386169434e-01,9.879412651062011719e-01,7.918972522020339966e-02,1.330454200506210327e-01,-9.921649843454360962e-02,9.834864139556884766e-01,1.513622552156448364e-01,-1.188620254397392273e-01,-1.627373248338699341e-01,9.794837236404418945e-01,3.505341410636901855e-01,-7.763052582740783691e-01,-1.423184275627136230e-01,1.000000000000000000e+00,0.000000000000000000e+00,5.434428527951240540e-02,-4.125391542911529541e-01,9.609669446945190430e-01,4.449687600135803223e-01,3.833045661449432373e-01,1.258115172386169434e-01,1.000000000000000000e+00,-4.997380077838897705e-02,5.290998220443725586e-01,9.481456875801086426e-01,3.252170085906982422e-01,-4.053697586059570312e-01,-4.657642543315887451e-01,1.000000000000000000e+00,2.888412714004516602e+00,-2.832270264625549316e-01,7.859718203544616699e-01,-3.968560993671417236e-01,-1.207240577787160873e-02,2.043068595230579376e-02,1.000000000000000000e+00,3.183443546295166016e+00,2.965861558914184570e-01,1.312685489654541016e+00,-3.856658935546875000e-01,2.313452586531639099e-02,-1.113621890544891357e-01,1.000000000000000000e+00,1.000000000000000000e+00,0.000000000000000000e+00,0.000000000000000000e+00,1.000000000000000000e+00,-4.997380077838897705e-02,5.290998220443725586e-01,9.481456875801086426e-01,3.252170085906982422e-01,-4.053697586059570312e-01,-4.657642543315887451e-01,9.769376516342163086e-01,1.381759941577911377e-01,1.627888679504394531e-01,-1.047501489520072937e-01,9.744841456413269043e-01,-1.985145509243011475e-01,-1.860651075839996338e-01,1.768841743469238281e-01,9.664842486381530762e-01,-9.602832049131393433e-02,1.147654950618743896e-01,3.836477920413017273e-02,0.000000000000000000e+00,1.000000000000000000e+00,5.434428527951240540e-02,-4.125391542911529541e-01,9.609669446945190430e-01,4.449687600135803223e-01,3.833045661449432373e-01,1.258115172386169434e-01,1.000000000000000000e+00,-4.997380077838897705e-02,5.290998220443725586e-01,9.481456875801086426e-01,3.252170085906982422e-01,-4.053697586059570312e-01,-4.657642543315887451e-01,1.000000000000000000e+00,2.888412714004516602e+00,-2.832270264625549316e-01,7.859718203544616699e-01,-3.968560993671417236e-01,-1.207240577787160873e-02,2.043068595230579376e-02,1.000000000000000000e+00,3.183443546295166016e+00,2.965861558914184570e-01,1.312685489654541016e+00,-3.856658935546875000e-01,2.313452586531639099e-02,-1.113621890544891357e-01,1.000000000000000000e+00,1.000000000000000000e+00,0.000000000000000000e+00,0.000000000000000000e+00,1.000000000000000000e+00,2.888412714004516602e+00,-2.832270264625549316e-01,7.859718203544616699e-01,-3.968560993671417236e-01,-1.207240577787160873e-02,2.043068595230579376e-02,-1.243515560371502224e-02,-1.441354807924051240e-01,1.786661811824553046e-03,1.000000000000000000e+00,3.183443546295166016e+00,2.965861558914184570e-01,1.312685489654541016e+00,-3.856658935546875000e-01,2.313452586531639099e-02,-1.113621890544891357e-01,6.861145612885131452e-03,-1.510650534762487673e-01,-1.017815979694748109e-03,1.000000000000000000e+00,-1.020234376192092896e-01,-1.125183072872459888e-03,-1.000000014901161194e-01,3.588525950908660889e-01,1.332102119922637939e-01,1.999999284744262695e-01,-1.000000014901161194e-01,4.244485199451446533e-01,-5.343794822692871094e-02,-1.044187545776367188e-01,5.574941635131835938e-03,4.136559069156646729e-01,4.959607124328613281e-02,-1.116311550140380859e-01,-5.529403686523437500e-03,3.713556826114654541e-01
3.800000000000000044e-01,6.343419104814529419e-02,-4.046422839164733887e-01,9.633906483650207520e-01,4.654160141944885254e-01,4.085565507411956787e-01,1.146866008639335632e-01,9.897041320800781250e-01,8.301391452550888062e-02,1.165953651070594788e-01,-9.967712312936782837e-02,9.843615889549255371e-01,1.452471464872360229e-01,-1.027144715189933777e-01,-1.553735882043838501e-01,9.825013279914855957e-01,4.326099753379821777e-01,-8.173080086708068848e-01,-1.433863639831542969e-01,1.000000000000000000e+00,0.000000000000000000e+00,6.343419104814529419e-02,-4.046422839164733887e-01,9.633906483650207520e-01,4.654160141944885254e-01,4.085565507411956787e-01,1.146866008639335632e-01,1.000000000000000000e+00,-4.319145157933235168e-02,5.206565856933593750e-01,9.388725161552429199e-01,3.561594188213348389e-01,-4.425191581249237061e-01,-4.610932767391204834e-01,1.000000000000000000e+00,2.880243778228759766e+00,-2.834430634975433350e-01,7.864197492599487305e-01,-4.224115014076232910e-01,-9.064137935638427734e-03,2.483933418989181519e-02,1.000000000000000000e+00,3.175507545471191406e+00,2.970339059829711914e-01,1.310355424880981445e+00,-4.101892113685607910e-01,2.130039595067501068e-02,-1.229039058089256287e-01,1.000000000000000000e+00,1.000000000000000000e+00,0.000000000000000000e+00,0.000000000000000000e+00,1.000000000000000000e+00,-4.319145157933235168e-02,5.206565856933593750e-01,9.388725161552429199e-01,3.561594188213348389e-01,-4.425191581249237061e-01,-4.610932767391204834e-01,9.766978025436401367e-01,1.368225812911987305e-01,1.653514653444290161e-01,-1.035650074481964111e-01,9.752676486968994141e-01,-1.952624022960662842e-01,-1.879782229661941528e-01,1.735877096652984619e-01,9.667117595672607422e-01,-2.845315039157867432e-01,9.569206088781356812e-02,3.972254320979118347e-02,0.000000000000000000e+00,1.000000000000000000e+00,6.343419104814529419e-02,-4.046422839164733887e-01,9.633906483650207520e-01,4.654160141944885254e-01,4.085565507411956787e-01,1.146866008639335632e-01,1.000000000000000000e+00,-4.319145157933235168e-02,5.206565856933593750e-01,9.388725161552429199e-01,3.561594188213348389e-01,-4.425191581249237061e-01,-4.610932767391204834e-01,1.000000000000000000e+00,2.880243778228759766e+00,-2.834430634975433350e-01,7.864197492599487305e-01,-4.224115014076232910e-01,-9.064137935638427734e-03,2.483933418989181519e-02,1.000000000000000000e+00,3.175507545471191406e+00,2.970339059829711914e-01,1.310355424880981445e+00,-4.101892113685607910e-01,2.130039595067501068e-02,-1.229039058089256287e-01,1.000000000000000000e+00,1.000000000000000000e+00,0.000000000000000000e+00,0.000000000000000000e+00,1.000000000000000000e+00,2.880243778228759766e+00,-2.834430634975433350e-01,7.864197492599487305e-01,-4.224115014076232910e-01,-9.064137935638427734e-03,2.483933418989181519e-02,-1.761041693782548073e-02,-1.390330275037143792e-01,2.541782223268345894e-03,1.000000000000000000e+00,3.175507545471191406e+00,2.970339059829711914e-01,1.310355424880981445e+00,-4.101892113685607910e-01,2.130039595067501068e-02,-1.229039058089256287e-01,1.208811061789053995e-02,-1.461042901785380987e-01,-1.871954177312987536e-03,1.000000000000000000e+00,-8.337313681840896606e-02,-1.338994037359952927e-02,-1.000000014901161194e-01,3.491568565368652344e-01,9.819094836711883545e-02,1.999999582767486572e-01,-1.000000014901161194e-01,4.152205884456634521e-01,-6.134581565856933594e-02,-9.711408615112304688e-02,5.955696105957031250e-03,4.130978882312774658e-01,5.972456932067871094e-02,-1.034348011016845703e-01,-6.173849105834960938e-03,3.702191114425659180e-01
4.000000000000000222e-01,7.289792597293853760e-02,-3.962598443031311035e-01,9.655519127845764160e-01,4.819899797439575195e-01,4.316249191761016846e-01,9.917439520359039307e-02,9.912204742431640625e-01,8.677741140127182007e-02,9.975901246070861816e-02,-1.001446172595024109e-01,9.853692054748535156e-01,1.379083842039108276e-01,-8.633211255073547363e-02,-1.466879397630691528e-01,9.854083061218261719e-01,4.813457727432250977e-01,-7.940591573715209961e-01,-1.350326389074325562e-01,1.000000000000000000e+00,0.000000000000000000e+00,7.289792597293853760e-02,-3.962598443031311035e-01,9.655519127845764160e-01,4.819899797439575195e-01,4.316249191761016846e-01,9.917439520359039307e-02,1.000000000000000000e+00,-3.578807041049003601e-02,5.114813446998596191e-01,9.296901822090148926e-01,3.873170018196105957e-01,-4.782737493515014648e-01,-4.568632841110229492e-01,1.000000000000000000e+00,2.871575117111206055e+00,-2.835896015167236328e-01,7.869574427604675293e-01,-4.467187225818634033e-01,-5.009179934859275818e-03,2.941267192363739014e-02,1.000000000000000000e+00,3.167092084884643555e+00,2.974363267421722412e-01,1.307789564132690430e+00,-4.334715008735656738e-01,1.848855242133140564e-02,-1.349493414163589478e-01,1.000000000000000000e+00,1.000000000000000000e+00,0.000000000000000000e+00,0.000000000000000000e+00,1.000000000000000000e+00,-3.578807041049003601e-02,5.114813446998596191e-01,9.296901822090148926e-01,3.873170018196105957e-01,-4.782737493515014648e-01,-4.568632841110229492e-01,9.765130281448364258e-01,1.348076164722442627e-01,1.680758446455001831e-01,-1.024766415357589722e-01,9.767953753471374512e-01,-1.880679726600646973e-01,-1.895286887884140015e-01,1.664269566535949707e-01,9.676679372787475586e-01,-4.965013861656188965e-01,7.707599550485610962e-02,3.692556545138359070e-02,0.000000000000000000e+00,1.000000000000000000e+00,7.289792597293853760e-02,-3.962598443031311035e-01,9.655519127845764160e-01,4.819899797439575195e-01,4.316249191761016846e-01,9.917439520359039307e-02,1.000000000000000000e+00,-3.578807041049003601e-02,5.114813446998596191e-01,9.296901822090148926e-01,3.873170018196105957e-01,-4.782737493515014648e-01,-4.568632841110229492e-01,1.000000000000000000e+00,2.871575117111206055e+00,-2.835896015167236328e-01,7.869574427604675293e-01,-4.467187225818634033e-01,-5.009179934859275818e-03,2.941267192363739014e-02,1.000000000000000000e+00,3.167092084884643555e+00,2.974363267421722412e-01,1.307789564132690430e+00,-4.334715008735656738e-01,1.848855242133140564e-02,-1.349493414163589478e-01,1.000000000000000000e+00,1.000000000000000000e+00,0.000000000000000000e+00,0.000000000000000000e+00,1.000000000000000000e+00,2.871575117111206055e+00,-2.835896015167236328e-01,7.869574427604675293e-01,-4.467187225818634033e-01,-5.009179934859275818e-03,2.941267192363739014e-02,-2.321712756232792441e-02,-1.335027034943998547e-01,3.292203736051270771e-03,1.000000000000000000e+00,3.167092084884643555e+00,2.974363267421722412e-01,1.307789564132690430e+00,-4.334715008735656738e-01,1.848855242133140564e-02,-1.349493414163589478e-01,1.798265174829149007e-02,-1.406641243060435809e-01,-2.747556343635188837e-03,1.000000000000000000e+00,-6.447265297174453735e-02,-2.305445633828639984e-02,-1.000000014901161194e-01,3.451793491840362549e-01,6.897582858800888062e-02,1.999993324279785156e-01,-1.000000014901161194e-01,4.146547317504882812e-01,-6.890988349914550781e-02,-9.028220176696777344e-02,6.222724914550781250e-03,4.121172726154327393e-01,7.020020484924316406e-02,-9.551835060119628906e-02,-6.706237792968750000e-03,3.692165613174438477e-01
4.199999999999999845e-01,8.266013115644454956e-02,-3.874360620975494385e-01,9.673665761947631836e-01,4.949676096439361572e-01,4.524738788604736328e-01,7.977820187807083130e-02,9.924015402793884277e-01,9.025175124406814575e-02,8.363042771816253662e-02,-1.006269082427024841e-01,9.864560961723327637e-01,1.295331269502639771e-01,-7.080714404582977295e-02,-1.369643360376358032e-01,9.880421757698059082e-01,5.328720808029174805e-01,-7.340171337127685547e-01,-1.202614456415176392e-01,1.000000000000000000e+00,0.000000000000000000e+00,8.266013115644454956e-02,-3.874360620975494385e-01,9.673665761947631836e-01,4.949676096439361572e-01,4.524738788604736328e-01,7.977820187807083130e-02,1.000000000000000000e+00,-2.776009775698184967e-02,5.016102790832519531e-01,9.205853939056396484e-01,4.186475872993469238e-01,-5.117393732070922852e-01,-4.533573091030120850e-01,1.000000000000000000e+00,2.862431764602661133e+00,-2.836451232433319092e-01,7.875874042510986328e-01,-4.697130918502807617e-01,1.632692292332649231e-04,3.404654935002326965e-02,1.000000000000000000e+00,3.158222436904907227e+00,2.977728843688964844e-01,1.304978966712951660e+00,-4.554650783538818359e-01,1.459055859595537186e-02,-1.474357694387435913e-01,1.000000000000000000e+00,1.000000000000000000e+00,0.000000000000000000e+00,0.000000000000000000e+00,1.000000000000000000e+00,-2.776009775698184967e-02,5.016102790832519531e-01,9.205853939056396484e-01,4.186475872993469238e-01,-5.117393732070922852e-01,-4.533573091030120850e-01,9.763709306716918945e-01,1.321357488632202148e-01,1.709973663091659546e-01,-1.015331149101257324e-01,9.790014028549194336e-01,-1.767694205045700073e-01,-1.907642036676406860e-01,1.552306264638900757e-01,9.692845940589904785e-01,-6.850109696388244629e-01,6.128366291522979736e-02,3.338751941919326782e-02,0.000000000000000000e+00,1.000000000000000000e+00,8.266013115644454956e-02,-3.874360620975494385e-01,9.673665761947631836e-01,4.949676096439361572e-01,4.524738788604736328e-01,7.977820187807083130e-02,1.000000000000000000e+00,-2.776009775698184967e-02,5.016102790832519531e-01,9.205853939056396484e-01,4.186475872993469238e-01,-5.117393732070922852e-01,-4.533573091030120850e-01,1.000000000000000000e+00,2.862431764602661133e+00,-2.836451232433319092e-01,7.875874042510986328e-01,-4.697130918502807617e-01,1.632692292332649231e-04,3.404654935002326965e-02,1.000000000000000000e+00,3.158222436904907227e+00,2.977728843688964844e-01,1.304978966712951660e+00,-4.554650783538818359e-01,1.459055859595537186e-02,-1.474357694387435913e-01,1.000000000000000000e+00,1.000000000000000000e+00,0.000000000000000000e+00,0.000000000000000000e+00,1.000000000000000000e+00,2.862431764602661133e+00,-2.836451232433319092e-01,7.875874042510986328e-01,-4.697130918502807617e-01,1.632692292332649231e-04,3.404654935002326965e-02,-2.915923285116359467e-02,-1.277988807850864994e-01,4.018074479395655069e-03,1.000000000000000000e+00,3.158222436904907227e+00,2.977728843688964844e-01,1.304978966712951660e+00,-4.554650783538818359e-01,1.459055859595537186e-02,-1.474357694387435913e-01,2.452165112010947987e-02,-1.348884531476517434e-01,-3.627287278195889808e-03,1.000000000000000000e+00,-4.461425542831420898e-02,-3.060936741530895233e-02,-1.000000014901161194e-01,3.482609093189239502e-01,4.355992749333381653e-02,1.999840289354324341e-01,-1.000000014901161194e-01,4.140983819961547852e-01,-7.602667808532714844e-02,-8.392167091369628906e-02,6.385087966918945312e-03,4.107140302658081055e-01,8.073043823242187500e-02,-8.788585662841796875e-02,-7.101297378540039062e-03,3.683426678180694580e-01
4.400000000000000022e-01,9.265267103910446167e-02,-3.782150447368621826e-01,9.687660336494445801e-01,5.047816038131713867e-01,4.711392819881439209e-01,5.760247632861137390e-02,9.932683110237121582e-01,9.332479536533355713e-02,6.862002611160278320e-02,-1.010775864124298096e-01,9.876282215118408203e-01,1.198915168642997742e-01,-5.658221617341041565e-02,-1.260203868150711060e-01,9.904127717018127441e-01,5.972549915313720703e-01,-6.692351698875427246e-01,-1.015809327363967896e-01,1.000000000000000000e+00,0.000000000000000000e+00,9.265267103910446167e-02,-3.782150447368621826e-01,9.687660336494445801e-01,5.047816038131713867e-01,4.711392819881439209e-01,5.760247632861137390e-02,1.000000000000000000e+00,-1.910352334380149841e-02,4.910957813262939453e-01,9.115464091300964355e-01,4.502072930335998535e-01,-5.422243475914001465e-01,-4.502946138381958008e-01,1.000000000000000000e+00,2.852840662002563477e+00,-2.835867404937744141e-01,7.883095145225524902e-01,-4.913673698902130127e-01,6.501388736069202423e-03,3.859943151473999023e-02,1.000000000000000000e+00,3.148925065994262695e+00,2.980209589004516602e-01,1.301914930343627930e+00,-4.761411547660827637e-01,9.504672139883041382e-03,-1.603059619665145874e-01,1.000000000000000000e+00,1.000000000000000000e+00,0.000000000000000000e+00,0.000000000000000000e+00,1.000000000000000000e+00,-1.910352334380149841e-02,4.910957813262939453e-01,9.115464091300964355e-01,4.502072930335998535e-01,-5.422243475914001465e-01,-4.502946138381958008e-01,9.762613773345947266e-01,1.289592236280441284e-01,1.740212738513946533e-01,-1.007283627986907959e-01,9.815835952758789062e-01,-1.623194664716720581e-01,-1.917490065097808838e-01,1.409373432397842407e-01,9.712719321250915527e-01,-8.000784516334533691e-01,4.946612566709518433e-02,2.941278554499149323e-02,0.000000000000000000e+00,1.000000000000000000e+00,9.265267103910446167e-02,-3.782150447368621826e-01,9.687660336494445801e-01,5.047816038131713867e-01,4.711392819881439209e-01,5.760247632861137390e-02,1.000000000000000000e+00,-1.910352334380149841e-02,4.910957813262939453e-01,9.115464091300964355e-01,4.502072930335998535e-01,-5.422243475914001465e-01,-4.502946138381958008e-01,1.000000000000000000e+00,2.852840662002563477e+00,-2.835867404937744141e-01,7.883095145225524902e-01,-4.913673698902130127e-01,6.501388736069202423e-03,3.859943151473999023e-02,1.000000000000000000e+00,3.148925065994262695e+00,2.980209589004516602e-01,1.301914930343627930e+00,-4.761411547660827637e-01,9.504672139883041382e-03,-1.603059619665145874e-01,1.000000000000000000e+00,1.000000000000000000e+00,0.000000000000000000e+00,0.000000000000000000e+00,1.000000000000000000e+00,2.852840662002563477e+00,-2.835867404937744141e-01,7.883095145225524902e-01,-4.913673698902130127e-01,6.501388736069202423e-03,3.859943151473999023e-02,-3.533554137087747959e-02,-1.220422955414499633e-01,4.701231993014387892e-03,1.000000000000000000e+00,3.148925065994262695e+00,2.980209589004516602e-01,1.301914930343627930e+00,-4.761411547660827637e-01,9.504672139883041382e-03,-1.603059619665145874e-01,3.165602705470341172e-02,-1.288433562536950294e-01,-4.490615918538300860e-03,1.000000000000000000e+00,-2.646111324429512024e-02,-3.674962744116783142e-02,-1.000000014901161194e-01,3.595852851867675781e-01,2.055374346673488617e-02,1.996531635522842407e-01,-1.000000014901161194e-01,4.132672846317291260e-01,-8.261847496032714844e-02,-7.800173759460449219e-02,6.452560424804687500e-03,4.089555740356445312e-01,9.100532531738281250e-02,-8.054280281066894531e-02,-7.342100143432617188e-03,3.676202595233917236e-01
4.600000000000000200e-01,1.028162091970443726e-01,-3.686400353908538818e-01,9.697089195251464844e-01,5.118619203567504883e-01,4.876637458801269531e-01,3.434324264526367188e-02,9.938855171203613281e-01,9.593664109706878662e-02,5.466055497527122498e-02,-1.014379560947418213e-01,9.888712763786315918e-01,1.088303178548812866e-01,-4.361143335700035095e-02,-1.137095242738723755e-01,9.925563931465148926e-01,6.587997674942016602e-01,-6.130850911140441895e-01,-8.221083879470825195e-02,1.000000000000000000e+00,0.000000000000000000e+00,1.028162091970443726e-01,-3.686400353908538818e-01,9.697089195251464844e-01,5.118619203567504883e-01,4.876637458801269531e-01,3.434324264526367188e-02,1.000000000000000000e+00,-9.813478216528892517e-03,4.800018072128295898e-01,9.025659561157226562e-01,4.820215702056884766e-01,-5.692965984344482422e-01,-4.474988877773284912e-01,1.000000000000000000e+00,2.842828750610351562e+00,-2.833909690380096436e-01,7.891207933425903320e-01,-5.116674304008483887e-01,1.402825396507978439e-02,4.290499165654182434e-02,1.000000000000000000e+00,3.139225721359252930e+00,2.981559336185455322e-01,1.298590660095214844e+00,-4.954804480075836182e-01,3.141028340905904770e-03,-1.735056936740875244e-01,1.000000000000000000e+00,1.000000000000000000e+00,0.000000000000000000e+00,0.000000000000000000e+00,1.000000000000000000e+00,-9.813478216528892517e-03,4.800018072128295898e-01,9.025659561157226562e-01,4.820215702056884766e-01,-5.692965984344482422e-01,-4.474988877773284912e-01,9.761700034141540527e-01,1.255344897508621216e-01,1.770120114088058472e-01,-1.000504270195960999e-01,9.841799736022949219e-01,-1.462177932262420654e-01,-1.925670653581619263e-01,1.250233054161071777e-01,9.732867479324340820e-01,-8.441883921623229980e-01,4.194696992635726929e-02,2.506894059479236603e-02,0.000000000000000000e+00,1.000000000000000000e+00,1.028162091970443726e-01,-3.686400353908538818e-01,9.697089195251464844e-01,5.118619203567504883e-01,4.876637458801269531e-01,3.434324264526367188e-02,1.000000000000000000e+00,-9.813478216528892517e-03,4.800018072128295898e-01,9.025659561157226562e-01,4.820215702056884766e-01,-5.692965984344482422e-01,-4.474988877773284912e-01,1.000000000000000000e+00,2.842828750610351562e+00,-2.833909690380096436e-01,7.891207933425903320e-01,-5.116674304008483887e-01,1.402825396507978439e-02,4.290499165654182434e-02,1.000000000000000000e+00,3.139225721359252930e+00,2.981559336185455322e-01,1.298590660095214844e+00,-4.954804480075836182e-01,3.141028340905904770e-03,-1.735056936740875244e-01,1.000000000000000000e+00,1.000000000000000000e+00,0.000000000000000000e+00,0.000000000000000000e+00,1.000000000000000000e+00,2.842828750610351562e+00,-2.833909690380096436e-01,7.891207933425903320e-01,-5.116674304008483887e-01,1.402825396507978439e-02,4.290499165654182434e-02,-4.163228926197948959e-02,-1.162528044018227291e-01,5.324898670373605369e-03,1.000000000000000000e+00,3.139225721359252930e+00,2.981559336185455322e-01,1.298590660095214844e+00,-4.954804480075836182e-01,3.141028340905904770e-03,-1.735056936740875244e-01,3.930108980323408080e-02,-1.225744135517723432e-01,-5.314273585231489572e-03,1.000000000000000000e+00,-1.136190071702003479e-02,-4.156899452209472656e-02,-1.000000014901161194e-01,3.783801198005676270e-01,4.298013634979724884e-03,1.984285712242126465e-01,-1.000000014901161194e-01,4.144402742385864258e-01,-8.860039710998535156e-02,-7.247090339660644531e-02,6.432056427001953125e-03,4.069786369800567627e-01,1.007492542266845703e-01,-7.349753379821777344e-02,-7.423162460327148438e-03,3.670572340488433838e-01
4.799999999999999822e-01,1.130993366241455078e-01,-3.587535321712493896e-01,9.701914191246032715e-01,5.165475606918334961e-01,5.020818710327148438e-01,1.202211156487464905e-02,9.943106174468994141e-01,9.805925935506820679e-02,4.160573706030845642e-02,-1.016886457800865173e-01,9.901120662689208984e-01,9.663198143243789673e-02,-3.171867504715919495e-02,-1.003130301833152771e-01,9.944503307342529297e-01,6.948363780975341797e-01,-5.637776851654052734e-01,-6.434326618909835815e-02,1.000000000000000000e+00,0.000000000000000000e+00,1.130993366241455078e-01,-3.587535321712493896e-01,9.701914191246032715e-01,5.165475606918334961e-01,5.020818710327148438e-01,1.202211156487464905e-02,1.000000000000000000e+00,1.152553450083360076e-04,4.683983325958251953e-01,8.936403393745422363e-01,5.141071677207946777e-01,-5.928159356117248535e-01,-4.447729885578155518e-01,1.000000000000000000e+00,2.832422494888305664e+00,-2.830339372158050537e-01,7.900148034095764160e-01,-5.306035280227661133e-01,2.274100668728351593e-02,4.679610952734947205e-02,1.000000000000000000e+00,3.129152297973632812e+00,2.981516122817993164e-01,1.294999837875366211e+00,-5.134724378585815430e-01,-4.571938421577215195e-03,-1.869814246892929077e-01,1.000000000000000000e+00,1.000000000000000000e+00,0.000000000000000000e+00,0.000000000000000000e+00,1.000000000000000000e+00,1.152553450083360076e-04,4.683983325958251953e-01,8.936403393745422363e-01,5.141071677207946777e-01,-5.928159356117248535e-01,-4.447729885578155518e-01,9.760901927947998047e-01,1.220669001340866089e-01,1.798550188541412354e-01,-9.948685765266418457e-02,9.865567088127136230e-01,-1.296475529670715332e-01,-1.932628154754638672e-01,1.086544841527938843e-01,9.751122593879699707e-01,-8.393061757087707520e-01,3.340608999133110046e-02,2.105963230133056641e-02,0.000000000000000000e+00,1.000000000000000000e+00,1.130993366241455078e-01,-3.587535321712493896e-01,9.701914191246032715e-01,5.165475606918334961e-01,5.020818710327148438e-01,1.202211156487464905e-02,1.000000000000000000e+00,1.152553450083360076e-04,4.683983325958251953e-01,8.936403393745422363e-01,5.141071677207946777e-01,-5.928159356117248535e-01,-4.447729885578155518e-01,1.000000000000000000e+00,2.832422494888305664e+00,-2.830339372158050537e-01,7.900148034095764160e-01,-5.306035280227661133e-01,2.274100668728351593e-02,4.679610952734947205e-02,1.000000000000000000e+00,3.129152297973632812e+00,2.981516122817993164e-01,1.294999837875366211e+00,-5.134724378585815430e-01,-4.571938421577215195e-03,-1.869814246892929077e-01,1.000000000000000000e+00,1.000000000000000000e+00,0.000000000000000000e+00,0.000000000000000000e+00,1.000000000000000000e+00,2.832422494888305664e+00,-2.830339372158050537e-01,7.900148034095764160e-01,-5.306035280227661133e-01,2.274100668728351593e-02,4.679610952734947205e-02,-4.794017073156234265e-02,-1.104439942548391951e-01,5.873426492710179248e-03,1.000000000000000000e+00,3.129152297973632812e+00,2.981516122817993164e-01,1.294999837875366211e+00,-5.134724378585815430e-01,-4.571938421577215195e-03,-1.869814246892929077e-01,4.733421987782297780e-02,-1.161417700219649074e-01,-6.074317040772828774e-03,1.000000000000000000e+00,3.882508492097258568e-03,-4.820320382714271545e-02,-1.000000014901161194e-01,4.002951383590698242e-01,-8.617766201496124268e-03,1.893042773008346558e-01,-1.000000014901161194e-01,4.150941371917724609e-01,-9.386253356933593750e-02,-6.726789474487304688e-02,6.327629089355468750e-03,4.049674570560455322e-01,1.097507476806640625e-01,-6.676173210144042969e-02,-7.351160049438476562e-03,3.666547536849975586e-01
5.000000000000000000e-01,1.234564185142517090e-01,-3.485974371433258057e-01,9.702503681182861328e-01,5.190711617469787598e-01,5.144241452217102051e-01,-7.450454868376255035e-03,9.945847988128662109e-01,9.968137741088867188e-02,2.940657548606395721e-02,-1.018277704715728760e-01,9.912610054016113281e-01,8.386202901601791382e-02,-2.079010941088199615e-02,-8.640230447053909302e-02,9.960434436798095703e-01,7.038390636444091797e-01,-5.215113759040832520e-01,-4.751614853739738464e-02,1.000000000000000000e+00,0.000000000000000000e+00,1.234564185142517090e-01,-3.485974371433258057e-01,9.702503681182861328e-01,5.190711617469787598e-01,5.144241452217102051e-01,-7.450454868376255035e-03,1.000000000000000000e+00,1.068811956793069839e-02,4.563561677932739258e-01,8.847700357437133789e-01,5.464507937431335449e-01,-6.128354668617248535e-01,-4.419488012790679932e-01,1.000000000000000000e+00,2.821650505065917969e+00,-2.824921309947967529e-01,7.909817695617675781e-01,-5.481767654418945312e-01,3.261420130729675293e-02,5.012856423854827881e-02,1.000000000000000000e+00,3.118731021881103516e+00,2.979804873466491699e-01,1.291136860847473145e+00,-5.301176309585571289e-01,-1.368165295571088791e-02,-2.006799876689910889e-01,1.000000000000000000e+00,1.000000000000000000e+00,0.000000000000000000e+00,0.000000000000000000e+00,1.000000000000000000e+00,1.068811956793069839e-02,4.563561677932739258e-01,8.847700357437133789e-01,5.464507937431335449e-01,-6.128354668617248535e-01,-4.419488012790679932e-01,9.760614037513732910e-01,1.186872348189353943e-01,1.822575479745864868e-01,-9.903658181428909302e-02,9.886009693145751953e-01,-1.134028881788253784e-01,-1.936394423246383667e-01,9.263800084590911865e-02,9.766894578933715820e-01,-8.038132190704345703e-01,-1.504880841821432114e-03,1.847424358129501343e-02,0.000000000000000000e+00,1.000000000000000000e+00,1.234564185142517090e-01,-3.485974371433258057e-01,9.702503681182861328e-01,5.190711617469787598e-01,5.144241452217102051e-01,-7.450454868376255035e-03,1.000000000000000000e+00,1.068811956793069839e-02,4.563561677932739258e-01,8.847700357437133789e-01,5.464507937431335449e-01,-6.128354668617248535e-01,-4.419488012790679932e-01,1.000000000000000000e+00,2.821650505065917969e+00,-2.824921309947967529e-01,7.909817695617675781e-01,-5.481767654418945312e-01,3.261420130729675293e-02,5.012856423854827881e-02,1.000000000000000000e+00,3.118731021881103516e+00,2.979804873466491699e-01,1.291136860847473145e+00,-5.301176309585571289e-01,-1.368165295571088791e-02,-2.006799876689910889e-01,1.000000000000000000e+00,1.000000000000000000e+00,0.000000000000000000e+00,0.000000000000000000e+00,1.000000000000000000e+00,2.821650505065917969e+00,-2.824921309947967529e-01,7.909817695617675781e-01,-5.481767654418945312e-01,3.261420130729675293e-02,5.012856423854827881e-02,-5.416339825955142351e-02,-1.046651619348297757e-01,6.335043330125324917e-03,1.000000000000000000e+00,3.118731021881103516e+00,2.979804873466491699e-01,1.291136860847473145e+00,-5.301176309585571289e-01,-1.368165295571088791e-02,-2.006799876689910889e-01,5.560469308600635152e-02,-1.096185879359115045e-01,-6.748511520259074109e-03,1.000000000000000000e+00,1.846953853964805603e-02,-5.614150688052177429e-02,-1.000000014901161194e-01,4.222549796104431152e-01,-1.945089362561702728e-02,1.790290772914886475e-01,-1.000000014901161194e-01,4.152085483074188232e-01,-9.827494621276855469e-02,-6.233429908752441406e-02,6.141662597656250000e-03,4.031147956848144531e-01,1.178591251373291016e-01,-6.034827232360839844e-02,-7.141351699829101562e-03,3.664066195487976074e-01
5.200000000000000178e-01,1.338456124067306519e-01,-3.382129967212677002e-01,9.699571728706359863e-01,5.195716023445129395e-01,5.247121453285217285e-01,-2.252065017819404602e-02,9.947438836097717285e-01,1.008182168006896973e-01,1.790310814976692200e-02,-1.018445342779159546e-01,9.922644495964050293e-01,7.098700106143951416e-02,-1.060783397406339645e-02,-7.243721187114715576e-02,9.973166584968566895e-01,6.973661184310913086e-01,-4.941438138484954834e-01,-3.234929218888282776e-02,1.000000000000000000e+00,0.000000000000000000e+00,1.338456124067306519e-01,-3.382129967212677002e-01,9.699571728706359863e-01,5.195716023445129395e-01,5.247121453285217285e-01,-2.252065017819404602e-02,1.000000000000000000e+00,2.190933190286159515e-02,4.439440965652465820e-01,8.759576082229614258e-01,5.789177417755126953e-01,-6.295056939125061035e-01,-4.389583170413970947e-01,1.000000000000000000e+00,2.810539007186889648e+00,-2.817427814006805420e-01,7.920095920562744141e-01,-5.644061565399169922e-01,4.360389336943626404e-02,5.280142277479171753e-02,1.000000000000000000e+00,3.107988357543945312e+00,2.976144254207611084e-01,1.286998748779296875e+00,-5.454286336898803711e-01,-2.420808747410774231e-02,-2.145485430955886841e-01,1.000000000000000000e+00,1.000000000000000000e+00,0.000000000000000000e+00,0.000000000000000000e+00,1.000000000000000000e+00,2.190933190286159515e-02,4.439440965652465820e-01,8.759576082229614258e-01,5.789177417755126953e-01,-6.295056939125061035e-01,-4.389583170413970947e-01,9.762209057807922363e-01,1.154693663120269775e-01,1.834656596183776855e-01,-9.874436259269714355e-02,9.902904629707336426e-01,-9.784884005784988403e-02,-1.929828226566314697e-01,7.740587741136550903e-02,9.781441688537597656e-01,-7.573041915893554688e-01,-7.544661313295364380e-02,1.718029752373695374e-02,0.000000000000000000e+00,1.000000000000000000e+00,1.338456124067306519e-01,-3.382129967212677002e-01,9.699571728706359863e-01,5.195716023445129395e-01,5.247121453285217285e-01,-2.252065017819404602e-02,1.000000000000000000e+00,2.190933190286159515e-02,4.439440965652465820e-01,8.759576082229614258e-01,5.789177417755126953e-01,-6.295056939125061035e-01,-4.389583170413970947e-01,1.000000000000000000e+00,2.810539007186889648e+00,-2.817427814006805420e-01,7.920095920562744141e-01,-5.644061565399169922e-01,4.360389336943626404e-02,5.280142277479171753e-02,1.000000000000000000e+00,3.107988357543945312e+00,2.976144254207611084e-01,1.286998748779296875e+00,-5.454286336898803711e-01,-2.420808747410774231e-02,-2.145485430955886841e-01,1.000000000000000000e+00,1.000000000000000000e+00,0.000000000000000000e+00,0.000000000000000000e+00,1.000000000000000000e+00,2.810539007186889648e+00,-2.817427814006805420e-01,7.920095920562744141e-01,-5.644061565399169922e-01,4.360389336943626404e-02,5.280142277479171753e-02,-6.021157043175502654e-02,-9.897686743484701566e-02,6.701949967052048263e-03,1.000000000000000000e+00,3.107988357543945312e+00,2.976144254207611084e-01,1.286998748779296875e+00,-5.454286336898803711e-01,-2.420808747410774231e-02,-2.145485430955886841e-01,6.395135220389185082e-02,-1.030742526793062552e-01,-7.317892151724816191e-03,1.000000000000000000e+00,3.261661529541015625e-02,-6.372651457786560059e-02,-1.000000014901161194e-01,4.369361996650695801e-01,-2.895634807646274567e-02,1.646353751420974731e-01,-1.000000014901161194e-01,4.164484441280364990e-01,-1.017024517059326172e-01,-5.762100219726562500e-02,5.877256393432617188e-03,4.015941321849822998e-01,1.249642372131347656e-01,-5.426669120788574219e-02,-6.813526153564453125e-03,3.662985861301422119e-01
5.400000000000000355e-01,1.442269831895828247e-01,-3.276413977146148682e-01,9.694095253944396973e-01,5.180873274803161621e-01,5.329248905181884766e-01,-3.230468928813934326e-02,9.948116540908813477e-01,1.015073508024215698e-01,6.804115604609251022e-03,-1.017316132783889771e-01,9.931069016456604004e-01,5.822115764021873474e-02,-8.473382331430912018e-04,-5.861127004027366638e-02,9.982807040214538574e-01,6.889795660972595215e-01,-4.814689457416534424e-01,-1.883855462074279785e-02,1.000000000000000000e+00,0.000000000000000000e+00,1.442269831895828247e-01,-3.276413977146148682e-01,9.694095253944396973e-01,5.180873274803161621e-01,5.329248905181884766e-01,-3.230468928813934326e-02,1.000000000000000000e+00,3.377901390194892883e-02,4.312274158000946045e-01,8.672071695327758789e-01,6.112270951271057129e-01,-6.430108547210693359e-01,-4.356981813907623291e-01,1.000000000000000000e+00,2.799114227294921875e+00,-2.807639837265014648e-01,7.930844426155090332e-01,-5.793272256851196289e-01,5.564980953931808472e-02,5.477091297507286072e-02,1.000000000000000000e+00,3.096951484680175781e+00,2.970251739025115967e-01,1.282581925392150879e+00,-5.594273805618286133e-01,-3.614356368780136108e-02,-2.285348474979400635e-01,1.000000000000000000e+00,1.000000000000000000e+00,0.000000000000000000e+00,0.000000000000000000e+00,1.000000000000000000e+00,3.377901390194892883e-02,4.312274158000946045e-01,8.672071695327758789e-01,6.112270951271057129e-01,-6.430108547210693359e-01,-4.356981813907623291e-01,9.766908884048461914e-01,1.124394163489341736e-01,1.828454136848449707e-01,-9.861982613801956177e-02,9.916560053825378418e-01,-8.302168548107147217e-02,-1.906546652317047119e-01,6.305433809757232666e-02,9.796301126480102539e-01,-7.123671770095825195e-01,-1.728512793779373169e-01,1.612499170005321503e-02,0.000000000000000000e+00,1.000000000000000000e+00,1.442269831895828247e-01,-3.276413977146148682e-01,9.694095253944396973e-01,5.180873274803161621e-01,5.329248905181884766e-01,-3.230468928813934326e-02,1.000000000000000000e+00,3.377901390194892883e-02,4.312274158000946045e-01,8.672071695327758789e-01,6.112270951271057129e-01,-6.430108547210693359e-01,-4.356981813907623291e-01,1.000000000000000000e+00,2.799114227294921875e+00,-2.807639837265014648e-01,7.930844426155090332e-01,-5.793272256851196289e-01,5.564980953931808472e-02,5.477091297507286072e-02,1.000000000000000000e+00,3.096951484680175781e+00,2.970251739025115967e-01,1.282581925392150879e+00,-5.594273805618286133e-01,-3.614356368780136108e-02,-2.285348474979400635e-01,1.000000000000000000e+00,1.000000000000000000e+00,0.000000000000000000e+00,0.000000000000000000e+00,1.000000000000000000e+00,2.799114227294921875e+00,-2.807639837265014648e-01,7.930844426155090332e-01,-5.793272256851196289e-01,5.564980953931808472e-02,5.477091297507286072e-02,-6.598759483444147089e-02,-9.341825563986128067e-02,6.969133644992988458e-03,1.000000000000000000e+00,3.096951484680175781e+00,2.970251739025115967e-01,1.282581925392150879e+00,-5.594273805618286133e-01,-3.614356368780136108e-02,-2.285348474979400635e-01,7.221878765901615371e-02,-9.656365732807015156e-02,-7.767569145197258940e-03,1.000000000000000000e+00,4.568380862474441528e-02,-7.070165872573852539e-02,-1.000000014901161194e-01,4.407509267330169678e-01,-3.707199171185493469e-02,1.460615843534469604e-01,-1.000000014901161194e-01,4.193578660488128662e-01,-1.040196418762207031e-01,-5.309844017028808594e-02,5.540609359741210938e-03,4.005222320556640625e-01,1.309740543365478516e-01,-4.852652549743652344e-02,-6.389617919921875000e-03,3.663229346275329590e-01
5.600000000000000533e-01,1.545605361461639404e-01,-3.169248104095458984e-01,9.687136411666870117e-01,5.145777463912963867e-01,5.389697551727294922e-01,-3.696066513657569885e-02,9.947975873947143555e-01,1.017897725105285645e-01,-4.096464719623327255e-03,-1.014992892742156982e-01,9.937920570373535156e-01,4.555686935782432556e-02,8.708256296813488007e-03,-4.490407183766365051e-02,9.989534616470336914e-01,6.841865181922912598e-01,-4.732772409915924072e-01,-7.048609666526317596e-03,1.000000000000000000e+00,0.000000000000000000e+00,1.545605361461639404e-01,-3.169248104095458984e-01,9.687136411666870117e-01,5.145777463912963867e-01,5.389697551727294922e-01,-3.696066513657569885e-02,1.000000000000000000e+00,4.629086330533027649e-02,4.182677268981933594e-01,8.585259318351745605e-01,6.430218219757080078e-01,-6.535286307334899902e-01,-4.319367408752441406e-01,1.000000000000000000e+00,2.787402629852294922e+00,-2.795352637767791748e-01,7.941924929618835449e-01,-5.929864048957824707e-01,6.867549568414688110e-02,5.605535581707954407e-02,1.000000000000000000e+00,3.085646390914916992e+00,2.961847186088562012e-01,1.277884840965270996e+00,-5.721424818038940430e-01,-4.945475235581398010e-02,-2.425876408815383911e-01,1.000000000000000000e+00,1.000000000000000000e+00,0.000000000000000000e+00,0.000000000000000000e+00,1.000000000000000000e+00,4.629086330533027649e-02,4.182677268981933594e-01,8.585259318351745605e-01,6.430218219757080078e-01,-6.535286307334899902e-01,-4.319367408752441406e-01,9.775265455245971680e-01,1.096179187297821045e-01,1.800719797611236572e-01,-9.864510595798492432e-02,9.927397370338439941e-01,-6.882718950510025024e-02,-1.863092780113220215e-01,4.951718077063560486e-02,9.812426567077636719e-01,-6.709856390953063965e-01,-2.817937135696411133e-01,1.441843714565038681e-02,0.000000000000000000e+00,1.000000000000000000e+00,1.545605361461639404e-01,-3.169248104095458984e-01,9.687136411666870117e-01,5.145777463912963867e-01,5.389697551727294922e-01,-3.696066513657569885e-02,1.000000000000000000e+00,4.629086330533027649e-02,4.182677268981933594e-01,8.585259318351745605e-01,6.430218219757080078e-01,-6.535286307334899902e-01,-4.319367408752441406e-01,1.000000000000000000e+00,2.787402629852294922e+00,-2.795352637767791748e-01,7.941924929618835449e-01,-5.929864048957824707e-01,6.867549568414688110e-02,5.605535581707954407e-02,1.000000000000000000e+00,3.085646390914916992e+00,2.961847186088562012e-01,1.277884840965270996e+00,-5.721424818038940430e-01,-4.945475235581398010e-02,-2.425876408815383911e-01,1.000000000000000000e+00,1.000000000000000000e+00,0.000000000000000000e+00,0.000000000000000000e+00,1.000000000000000000e+00,2.787402629852294922e+00,-2.795352637767791748e-01,7.941924929618835449e-01,-5.929864048957824707e-01,6.867549568414688110e-02,5.605535581707954407e-02,-7.138330919832393262e-02,-8.800111991738357453e-02,7.133318377532227306e-03,1.000000000000000000e+00,3.085646390914916992e+00,2.961847186088562012e-01,1.277884840965270996e+00,-5.721424818038940430e-01,-4.945475235581398010e-02,-2.425876408815383911e-01,8.026504611460330563e-02,-9.012869230974329682e-02,-8.087331433567913896e-03,1.000000000000000000e+00,5.818167328834533691e-02,-7.783206552267074585e-02,-1.000000014901161194e-01,4.428105056285858154e-01,-4.234020411968231201e-02,1.281294971704483032e-01,-1.000000014901161194e-01,4.247958064079284668e-01,-1.051335334777832031e-01,-4.876828193664550781e-02,5.144119262695312500e-03,3.999139070510864258e-01,1.358027458190917969e-01,-4.314041137695312500e-02,-5.892992019653320312e-03,3.664872646331787109e-01
5.799999999999999600e-01,1.648052483797073364e-01,-3.061076998710632324e-01,9.679652452468872070e-01,5.089920759201049805e-01,5.427258610725402832e-01,-3.725721687078475952e-02,9.947044849395751953e-01,1.017057821154594421e-01,-1.479672174900770187e-02,-1.011767163872718811e-01,9.943228960037231445e-01,3.294305130839347839e-02,1.806321740150451660e-02,-3.127151355147361755e-02,9.993476867675781250e-01,6.801159381866455078e-01,-4.609884321689605713e-01,2.931914757937192917e-03,1.000000000000000000e+00,0.000000000000000000e+00,1.648052483797073364e-01,-3.061076998710632324e-01,9.679652452468872070e-01,5.089920759201049805e-01,5.427258610725402832e-01,-3.725721687078475952e-02,1.000000000000000000e+00,5.943120643496513367e-02,4.051233828067779541e-01,8.499272465705871582e-01,6.739266514778137207e-01,-6.612204909324645996e-01,-4.272739291191101074e-01,1.000000000000000000e+00,2.775429010391235352e+00,-2.780379056930541992e-01,7.953206300735473633e-01,-6.054338812828063965e-01,8.258768916130065918e-02,5.672829225659370422e-02,1.000000000000000000e+00,3.074098587036132812e+00,2.950660884380340576e-01,1.272906422615051270e+00,-5.836073160171508789e-01,-6.408523768186569214e-02,-2.566559016704559326e-01,1.000000000000000000e+00,1.000000000000000000e+00,0.000000000000000000e+00,0.000000000000000000e+00,1.000000000000000000e+00,5.943120643496513367e-02,4.051233828067779541e-01,8.499272465705871582e-01,6.739266514778137207e-01,-6.612204909324645996e-01,-4.272739291191101074e-01,9.787271618843078613e-01,1.070472076535224915e-01,1.750256717205047607e-01,-9.879048913717269897e-02,9.935732483863830566e-01,-5.525081232190132141e-02,-1.798152625560760498e-01,3.678460046648979187e-02,9.830123782157897949e-01,-6.244081854820251465e-01,-3.877031207084655762e-01,1.167502161115407944e-02,0.000000000000000000e+00,1.000000000000000000e+00,1.648052483797073364e-01,-3.061076998710632324e-01,9.679652452468872070e-01,5.089920759201049805e-01,5.427258610725402832e-01,-3.725721687078475952e-02,1.000000000000000000e+00,5.943120643496513367e-02,4.051233828067779541e-01,8.499272465705871582e-01,6.739266514778137207e-01,-6.612204909324645996e-01,-4.272739291191101074e-01,1.000000000000000000e+00,2.775429010391235352e+00,-2.780379056930541992e-01,7.953206300735473633e-01,-6.054338812828063965e-01,8.258768916130065918e-02,5.672829225659370422e-02,1.000000000000000000e+00,3.074098587036132812e+00,2.950660884380340576e-01,1.272906422615051270e+00,-5.836073160171508789e-01,-6.408523768186569214e-02,-2.566559016704559326e-01,1.000000000000000000e+00,1.000000000000000000e+00,0.000000000000000000e+00,0.000000000000000000e+00,1.000000000000000000e+00,2.775429010391235352e+00,-2.780379056930541992e-01,7.953206300735473633e-01,-6.054338812828063965e-01,8.258768916130065918e-02,5.672829225659370422e-02,-7.628472215585888061e-02,-8.272427372795654321e-02,7.193303890028104886e-03,1.000000000000000000e+00,3.074098587036132812e+00,2.950660884380340576e-01,1.272906422615051270e+00,-5.836073160171508789e-01,-6.408523768186569214e-02,-2.566559016704559326e-01,8.796121302786778784e-02,-8.380523633509318060e-02,-8.272631127331994683e-03,1.000000000000000000e+00,7.008504867553710938e-02,-8.415226638317108154e-02,-9.999999403953552246e-02,4.435708522796630859e-01,-4.289953038096427917e-02,1.131516620516777039e-01,-1.000000014901161194e-01,4.327983558177947998e-01,-1.049978733062744141e-01,-4.465293884277343750e-02,4.704236984252929688e-03,3.997132182121276855e-01,1.393678188323974609e-01,-3.812718391418457031e-02,-5.347013473510742188e-03,3.668192028999328613e-01
5.999999999999999778e-01,1.749194413423538208e-01,-2.952368855476379395e-01,9.672443270683288574e-01,5.013177394866943359e-01,5.440943241119384766e-01,-3.397760167717933655e-02,9.945374727249145508e-01,1.012974604964256287e-01,-2.518001943826675415e-02,-1.007973775267601013e-01,9.946978688240051270e-01,2.039698325097560883e-02,2.711267396807670593e-02,-1.774748601019382477e-02,9.994748234748840332e-01,6.723253726959228516e-01,-4.421626031398773193e-01,1.111554354429244995e-02,1.000000000000000000e+00,0.000000000000000000e+00,1.749194413423538208e-01,-2.952368855476379395e-01,9.672443270683288574e-01,5.013177394866943359e-01,5.440943241119384766e-01,-3.397760167717933655e-02,1.000000000000000000e+00,7.317901402711868286e-02,3.918494284152984619e-01,8.414337635040283203e-01,7.035922408103942871e-01,-6.662590503692626953e-01,-4.211601912975311279e-01,1.000000000000000000e+00,2.763216972351074219e+00,-2.762551605701446533e-01,7.964574694633483887e-01,-6.167206168174743652e-01,9.727606177330017090e-02,5.690197274088859558e-02,1.000000000000000000e+00,3.062331914901733398e+00,2.936435043811798096e-01,1.267646908760070801e+00,-5.938594937324523926e-01,-7.995782792568206787e-02,-2.706865072250366211e-01,1.000000000000000000e+00,1.000000000000000000e+00,0.000000000000000000e+00,0.000000000000000000e+00,1.000000000000000000e+00,7.317901402711868286e-02,3.918494284152984619e-01,8.414337635040283203e-01,7.035922408103942871e-01,-6.662590503692626953e-01,-4.211601912975311279e-01,9.802102446556091309e-01,1.047980263829231262e-01,1.679448485374450684e-01,-9.900126606225967407e-02,9.941773414611816406e-01,-4.254832491278648376e-02,-1.714259386062622070e-01,2.507954649627208710e-02,9.848778247833251953e-01,-5.581155419349670410e-01,-4.667954146862030029e-01,8.509591221809387207e-03,0.000000000000000000e+00,1.000000000000000000e+00,1.749194413423538208e-01,-2.952368855476379395e-01,9.672443270683288574e-01,5.013177394866943359e-01,5.440943241119384766e-01,-3.397760167717933655e-02,1.000000000000000000e+00,7.317901402711868286e-02,3.918494284152984619e-01,8.414337635040283203e-01,7.035922408103942871e-01,-6.662590503692626953e-01,-4.211601912975311279e-01,1.000000000000000000e+00,2.763216972351074219e+00,-2.762551605701446533e-01,7.964574694633483887e-01,-6.167206168174743652e-01,9.727606177330017090e-02,5.690197274088859558e-02,1.000000000000000000e+00,3.062331914901733398e+00,2.936435043811798096e-01,1.267646908760070801e+00,-5.938594937324523926e-01,-7.995782792568206787e-02,-2.706865072250366211e-01,1.000000000000000000e+00,1.000000000000000000e+00,0.000000000000000000e+00,0.000000000000000000e+00,1.000000000000000000e+00,2.763216972351074219e+00,-2.762551605701446533e-01,7.964574694633483887e-01,-6.167206168174743652e-01,9.727606177330017090e-02,5.690197274088859558e-02,-8.058129402338110037e-02,-7.758939273085285748e-02,7.150938370144611922e-03,1.000000000000000000e+00,3.062331914901733398e+00,2.936435043811798096e-01,1.267646908760070801e+00,-5.938594937324523926e-01,-7.995782792568206787e-02,-2.706865072250366211e-01,9.518777962718541485e-02,-7.762966789082370589e-02,-8.325065596664127376e-03,1.000000000000000000e+00,8.064132928848266602e-02,-8.994679898023605347e-02,-9.999998658895492554e-02,4.439176917076110840e-01,-4.276083409786224365e-02,9.576267749071121216e-02,-1.000000014901161194e-01,4.401592612266540527e-01,-1.036126613616943359e-01,-4.077458381652832031e-02,4.238843917846679688e-03,3.998486697673797607e-01,1.416046619415283203e-01,-3.351330757141113281e-02,-4.776716232299804688e-03,3.673648238182067871e-01
6.199999999999999956e-01,1.848615854978561401e-01,-2.843606472015380859e-01,9.666157960891723633e-01,4.915920794010162354e-01,5.430159568786621094e-01,-2.785086818039417267e-02,9.943063855171203613e-01,1.006115898489952087e-01,-3.510691225528717041e-02,-1.003901883959770203e-01,9.949160218238830566e-01,8.017554879188537598e-03,3.573508560657501221e-02,-4.447515122592449188e-03,9.993515610694885254e-01,6.568301320075988770e-01,-4.182603061199188232e-01,1.751743815839290619e-02,1.000000000000000000e+00,0.000000000000000000e+00,1.848615854978561401e-01,-2.843606472015380859e-01,9.666157960891723633e-01,4.915920794010162354e-01,5.430159568786621094e-01,-2.785086818039417267e-02,1.000000000000000000e+00,8.750685304403305054e-02,3.784968852996826172e-01,8.330796360969543457e-01,7.317388653755187988e-01,-6.688774228096008301e-01,-4.130792021751403809e-01,1.000000000000000000e+00,2.750789403915405273e+00,-2.741725444793701172e-01,7.975942492485046387e-01,-6.268975734710693359e-01,1.126139536499977112e-01,5.670906230807304382e-02,1.000000000000000000e+00,3.050370693206787109e+00,2.918929457664489746e-01,1.262107491493225098e+00,-6.029419302940368652e-01,-9.697622060775756836e-02,-2.846195697784423828e-01,1.000000000000000000e+00,1.000000000000000000e+00,0.000000000000000000e+00,0.000000000000000000e+00,1.000000000000000000e+00,8.750685304403305054e-02,3.784968852996826172e-01,8.330796360969543457e-01,7.317388653755187988e-01,-6.688774228096008301e-01,-4.130792021751403809e-01,9.818286299705505371e-01,1.029579862952232361e-01,1.594124883413314819e-01,-9.922299534082412720e-02,9.945749044418334961e-01,-3.123630955815315247e-02,-1.617636829614639282e-01,1.485131680965423584e-02,9.867178201675415039e-01,-4.708302617073059082e-01,-5.151513814926147461e-01,5.059876479208469391e-03,0.000000000000000000e+00,1.000000000000000000e+00,1.848615854978561401e-01,-2.843606472015380859e-01,9.666157960891723633e-01,4.915920794010162354e-01,5.430159568786621094e-01,-2.785086818039417267e-02,1.000000000000000000e+00,8.750685304403305054e-02,3.784968852996826172e-01,8.330796360969543457e-01,7.317388653755187988e-01,-6.688774228096008301e-01,-4.130792021751403809e-01,1.000000000000000000e+00,2.750789403915405273e+00,-2.741725444793701172e-01,7.975942492485046387e-01,-6.268975734710693359e-01,1.126139536499977112e-01,5.670906230807304382e-02,1.000000000000000000e+00,3.050370693206787109e+00,2.918929457664489746e-01,1.262107491493225098e+00,-6.029419302940368652e-01,-9.697622060775756836e-02,-2.846195697784423828e-01,1.000000000000000000e+00,1.000000000000000000e+00,0.000000000000000000e+00,0.000000000000000000e+00,1.000000000000000000e+00,2.750789403915405273e+00,-2.741725444793701172e-01,7.975942492485046387e-01,-6.268975734710693359e-01,1.126139536499977112e-01,5.670906230807304382e-02,-8.417469084506512544e-02,-7.260739592256837405e-02,7.011817491987162865e-03,1.000000000000000000e+00,3.050370693206787109e+00,2.918929457664489746e-01,1.262107491493225098e+00,-6.029419302940368652e-01,-9.697622060775756836e-02,-2.846195697784423828e-01,1.018296491804968062e-01,-7.163835894244185987e-02,-8.251758730234252937e-03,1.000000000000000000e+00,9.095920622348785400e-02,-9.470798820257186890e-02,-1.000000014901161194e-01,4.434275925159454346e-01,-4.165048152208328247e-02,7.717566937208175659e-02,-1.000000014901161194e-01,4.443415403366088867e-01,-1.010212898254394531e-01,-3.715491294860839844e-02,3.765344619750976562e-03,4.002443552017211914e-01,1.424977779388427734e-01,-2.932953834533691406e-02,-4.207372665405273438e-03,3.681711256504058838e-01
6.400000000000000133e-01,1.945913285017013550e-01,-2.735280990600585938e-01,9.661303758621215820e-01,4.798977375030517578e-01,5.394843220710754395e-01,-1.953215338289737701e-02,9.940226674079895020e-01,9.970027953386306763e-02,-4.448285698890686035e-02,-9.997712820768356323e-02,9.949815273284912109e-01,-4.037474282085895538e-03,4.385708272457122803e-02,8.460609242320060730e-03,9.990019202232360840e-01,6.341049075126647949e-01,-3.918412923812866211e-01,2.226164005696773529e-02,1.000000000000000000e+00,0.000000000000000000e+00,1.945913285017013550e-01,-2.735280990600585938e-01,9.661303758621215820e-01,4.798977375030517578e-01,5.394843220710754395e-01,-1.953215338289737701e-02,1.000000000000000000e+00,1.023822575807571411e-01,3.651115596294403076e-01,8.249067068099975586e-01,7.581342458724975586e-01,-6.693814992904663086e-01,-4.028232395648956299e-01,1.000000000000000000e+00,2.738167524337768555e+00,-2.717784047126770020e-01,7.987248301506042480e-01,-6.360161900520324707e-01,1.284601241350173950e-01,5.628661811351776123e-02,1.000000000000000000e+00,3.038238286972045898e+00,2.897925972938537598e-01,1.256290912628173828e+00,-6.109025478363037109e-01,-1.150261983275413513e-01,-2.983837127685546875e-01,1.000000000000000000e+00,1.000000000000000000e+00,0.000000000000000000e+00,0.000000000000000000e+00,1.000000000000000000e+00,1.023822575807571411e-01,3.651115596294403076e-01,8.249067068099975586e-01,7.581342458724975586e-01,-6.693814992904663086e-01,-4.028232395648956299e-01,9.834811091423034668e-01,1.015623807907104492e-01,1.498331725597381592e-01,-9.943535923957824707e-02,9.948086738586425781e-01,-2.163971774280071259e-02,-1.512531340122222900e-01,6.383538246154785156e-03,9.884744286537170410e-01,-3.794078826904296875e-01,-5.541615486145019531e-01,1.426052884198725224e-03,0.000000000000000000e+00,1.000000000000000000e+00,1.945913285017013550e-01,-2.735280990600585938e-01,9.661303758621215820e-01,4.798977375030517578e-01,5.394843220710754395e-01,-1.953215338289737701e-02,1.000000000000000000e+00,1.023822575807571411e-01,3.651115596294403076e-01,8.249067068099975586e-01,7.581342458724975586e-01,-6.693814992904663086e-01,-4.028232395648956299e-01,1.000000000000000000e+00,2.738167524337768555e+00,-2.717784047126770020e-01,7.987248301506042480e-01,-6.360161900520324707e-01,1.284601241350173950e-01,5.628661811351776123e-02,1.000000000000000000e+00,3.038238286972045898e+00,2.897925972938537598e-01,1.256290912628173828e+00,-6.109025478363037109e-01,-1.150261983275413513e-01,-2.983837127685546875e-01,1.000000000000000000e+00,1.000000000000000000e+00,0.000000000000000000e+00,0.000000000000000000e+00,1.000000000000000000e+00,2.738167524337768555e+00,-2.717784047126770020e-01,7.987248301506042480e-01,-6.360161900520324707e-01,1.284601241350173950e-01,5.628661811351776123e-02,-8.698534411776409625e-02,-6.779620086478121976e-02,6.785686168293676712e-03,1.000000000000000000e+00,3.038238286972045898e+00,2.897925972938537598e-01,1.256290912628173828e+00,-6.109025478363037109e-01,-1.150261983275413513e-01,-2.983837127685546875e-01,1.077755990551796939e-01,-6.586474014594845272e-02,-8.063808185691870301e-03,1.000000000000000000e+00,1.028760671615600586e-01,-9.832551330327987671e-02,-1.000000014901161194e-01,4.414230287075042725e-01,-3.851301968097686768e-02,5.871000513434410095e-02,-1.000000014901161194e-01,4.479567110538482666e-01,-9.730839729309082031e-02,-3.381180763244628906e-02,3.299951553344726562e-03,4.008267521858215332e-01,1.420974731445312500e-01,-2.559828758239746094e-02,-3.661632537841796875e-03,3.692585229873657227e-01
6.600000000000000311e-01,2.040703147649765015e-01,-2.627879381179809570e-01,9.658265113830566406e-01,4.663524627685546875e-01,5.335436463356018066e-01,-9.665049612522125244e-03,9.936999678611755371e-01,9.861247241497039795e-02,-5.325516313314437866e-02,-9.957370162010192871e-02,9.949063658714294434e-01,-1.570187509059906006e-02,5.143549293279647827e-02,2.090576663613319397e-02,9.984575510025024414e-01,6.145896315574645996e-01,-3.631528615951538086e-01,2.556897886097431183e-02,1.000000000000000000e+00,0.000000000000000000e+00,2.040703147649765015e-01,-2.627879381179809570e-01,9.658265113830566406e-01,4.663524627685546875e-01,5.335436463356018066e-01,-9.665049612522125244e-03,1.000000000000000000e+00,1.177681237459182739e-01,3.517327904701232910e-01,8.169583678245544434e-01,7.825472354888916016e-01,-6.681029200553894043e-01,-3.904256522655487061e-01,1.000000000000000000e+00,2.725372791290283203e+00,-2.690638303756713867e-01,7.998459935188293457e-01,-6.441283822059631348e-01,1.446615010499954224e-01,5.576482415199279785e-02,1.000000000000000000e+00,3.025956153869628906e+00,2.873229086399078369e-01,1.250201106071472168e+00,-6.177936196327209473e-01,-1.339769363403320312e-01,-3.118960261344909668e-01,1.000000000000000000e+00,1.000000000000000000e+00,0.000000000000000000e+00,0.000000000000000000e+00,1.000000000000000000e+00,1.177681237459182739e-01,3.517327904701232910e-01,8.169583678245544434e-01,7.825472354888916016e-01,-6.681029200553894043e-01,-3.904256522655487061e-01,9.851387143135070801e-01,1.005772426724433899e-01,1.392340064048767090e-01,-9.963975101709365845e-02,9.949292540550231934e-01,-1.370545569807291031e-02,-1.399064362049102783e-01,-3.714670310728251934e-04,9.901647567749023438e-01,-2.968172430992126465e-01,-5.996651649475097656e-01,-1.982413232326507568e-03,0.000000000000000000e+00,1.000000000000000000e+00,2.040703147649765015e-01,-2.627879381179809570e-01,9.658265113830566406e-01,4.663524627685546875e-01,5.335436463356018066e-01,-9.665049612522125244e-03,1.000000000000000000e+00,1.177681237459182739e-01,3.517327904701232910e-01,8.169583678245544434e-01,7.825472354888916016e-01,-6.681029200553894043e-01,-3.904256522655487061e-01,1.000000000000000000e+00,2.725372791290283203e+00,-2.690638303756713867e-01,7.998459935188293457e-01,-6.441283822059631348e-01,1.446615010499954224e-01,5.576482415199279785e-02,1.000000000000000000e+00,3.025956153869628906e+00,2.873229086399078369e-01,1.250201106071472168e+00,-6.177936196327209473e-01,-1.339769363403320312e-01,-3.118960261344909668e-01,1.000000000000000000e+00,1.000000000000000000e+00,0.000000000000000000e+00,0.000000000000000000e+00,1.000000000000000000e+00,2.725372791290283203e+00,-2.690638303756713867e-01,7.998459935188293457e-01,-6.441283822059631348e-01,1.446615010499954224e-01,5.576482415199279785e-02,-8.895441111075144680e-02,-6.317392347702299737e-02,6.485492740036312431e-03,1.000000000000000000e+00,3.025956153869628906e+00,2.873229086399078369e-01,1.250201106071472168e+00,-6.177936196327209473e-01,-1.339769363403320312e-01,-3.118960261344909668e-01,1.129267573332385644e-01,-6.033863154921825789e-02,-7.774549498629809707e-03,1.000000000000000000e+00,1.151408478617668152e-01,-9.903714060783386230e-02,-1.000000014901161194e-01,4.387879967689514160e-01,-3.652430698275566101e-02,4.099112376570701599e-02,-1.000000014901161194e-01,4.529131054878234863e-01,-9.259247779846191406e-02,-3.075909614562988281e-02,2.855777740478515625e-03,4.015230536460876465e-01,1.404979228973388672e-01,-2.233314514160156250e-02,-3.158330917358398438e-03,3.706265985965728760e-01
6.800000000000000488e-01,2.132627964019775391e-01,-2.521878182888031006e-01,9.657292962074279785e-01,4.511013627052307129e-01,5.252515077590942383e-01,1.125766080804169178e-03,9.933534860610961914e-01,9.738595783710479736e-02,-6.135956197977066040e-02,-9.919497370719909668e-02,9.946975708007812500e-01,-2.715295180678367615e-02,5.838988721370697021e-02,3.305903822183609009e-02,9.977464079856872559e-01,6.083376407623291016e-01,-3.266351521015167236e-01,2.708326652646064758e-02,1.000000000000000000e+00,0.000000000000000000e+00,2.132627964019775391e-01,-2.521878182888031006e-01,9.657292962074279785e-01,4.511013627052307129e-01,5.252515077590942383e-01,1.125766080804169178e-03,1.000000000000000000e+00,1.336226165294647217e-01,3.383933007717132568e-01,8.092769980430603027e-01,8.047338128089904785e-01,-6.653482913970947266e-01,-3.758823573589324951e-01,1.000000000000000000e+00,2.712424516677856445e+00,-2.660232484340667725e-01,8.009566068649291992e-01,-6.512861251831054688e-01,1.610557883977890015e-01,5.525766313076019287e-02,1.000000000000000000e+00,3.013545751571655273e+00,2.844671308994293213e-01,1.243844032287597656e+00,-6.236714720726013184e-01,-1.536840945482254028e-01,-3.250623941421508789e-01,1.000000000000000000e+00,1.000000000000000000e+00,0.000000000000000000e+00,0.000000000000000000e+00,1.000000000000000000e+00,1.336226165294647217e-01,3.383933007717132568e-01,8.092769980430603027e-01,8.047338128089904785e-01,-6.653482913970947266e-01,-3.758823573589324951e-01,9.867900609970092773e-01,9.993708133697509766e-02,1.275077909231185913e-01,-9.983766078948974609e-02,9.949779510498046875e-01,-7.186803966760635376e-03,-1.275856345891952515e-01,-5.638211965560913086e-03,9.918116927146911621e-01,-2.301393449306488037e-01,-6.491758823394775391e-01,-5.162562709301710129e-03,0.000000000000000000e+00,1.000000000000000000e+00,2.132627964019775391e-01,-2.521878182888031006e-01,9.657292962074279785e-01,4.511013627052307129e-01,5.252515077590942383e-01,1.125766080804169178e-03,1.000000000000000000e+00,1.336226165294647217e-01,3.383933007717132568e-01,8.092769980430603027e-01,8.047338128089904785e-01,-6.653482913970947266e-01,-3.758823573589324951e-01,1.000000000000000000e+00,2.712424516677856445e+00,-2.660232484340667725e-01,8.009566068649291992e-01,-6.512861251831054688e-01,1.610557883977890015e-01,5.525766313076019287e-02,1.000000000000000000e+00,3.013545751571655273e+00,2.844671308994293213e-01,1.243844032287597656e+00,-6.236714720726013184e-01,-1.536840945482254028e-01,-3.250623941421508789e-01,1.000000000000000000e+00,1.000000000000000000e+00,0.000000000000000000e+00,0.000000000000000000e+00,1.000000000000000000e+00,2.712424516677856445e+00,-2.660232484340667725e-01,8.009566068649291992e-01,-6.512861251831054688e-01,1.610557883977890015e-01,5.525766313076019287e-02,-9.004433479096431159e-02,-5.875333724828601945e-02,6.123919706863864554e-03,1.000000000000000000e+00,3.013545751571655273e+00,2.844671308994293213e-01,1.243844032287597656e+00,-6.236714720726013184e-01,-1.536840945482254028e-01,-3.250623941421508789e-01,1.172061981801385405e-01,-5.508846045736737196e-02,-7.399514312967384044e-03,1.000000000000000000e+00,1.272380948066711426e-01,-9.664514660835266113e-02,-1.000000014901161194e-01,4.356655478477478027e-01,-3.392600268125534058e-02,2.501353994011878967e-02,-1.000000014901161194e-01,4.579215347766876221e-01,-8.700656890869140625e-02,-2.800679206848144531e-02,2.442598342895507812e-03,4.022645354270935059e-01,1.378040313720703125e-01,-1.954436302185058594e-02,-2.710342407226562500e-03,3.722804486751556396e-01
7.000000000000000666e-01,2.221361994743347168e-01,-2.417745143175125122e-01,9.658520221710205078e-01,4.343273341655731201e-01,5.146334171295166016e-01,1.227867417037487030e-02,9.930104613304138184e-01,9.605731815099716187e-02,-6.858076900243759155e-02,-9.885817021131515503e-02,9.943495392799377441e-01,-3.867920115590095520e-02,6.447783857583999634e-02,4.518861696124076843e-02,9.968954920768737793e-01,6.132820844650268555e-01,-2.729048132896423340e-01,2.605987153947353363e-02,1.000000000000000000e+00,0.000000000000000000e+00,2.221361994743347168e-01,-2.417745143175125122e-01,9.658520221710205078e-01,4.343273341655731201e-01,5.146334171295166016e-01,1.227867417037487030e-02,1.000000000000000000e+00,1.498989611864089966e-01,3.251202702522277832e-01,8.019063472747802734e-01,8.244436383247375488e-01,-6.613672375679016113e-01,-3.591228723526000977e-01,1.000000000000000000e+00,2.699341058731079102e+00,-2.626542747020721436e-01,8.020579218864440918e-01,-6.575407385826110840e-01,1.774749159812927246e-01,5.485743656754493713e-02,1.000000000000000000e+00,3.001026868820190430e+00,2.812115252017974854e-01,1.237227439880371094e+00,-6.285964250564575195e-01,-1.739938259124755859e-01,-3.377793133258819580e-01,1.000000000000000000e+00,1.000000000000000000e+00,0.000000000000000000e+00,0.000000000000000000e+00,1.000000000000000000e+00,1.498989611864089966e-01,3.251202702522277832e-01,8.019063472747802734e-01,8.244436383247375488e-01,-6.613672375679016113e-01,-3.591228723526000977e-01,9.883948564529418945e-01,9.956226497888565063e-02,1.147310435771942139e-01,-1.000242903828620911e-01,9.949835538864135742e-01,-1.737365149892866611e-03,-1.143284738063812256e-01,-9.758687578141689301e-03,9.933951497077941895e-01,-1.806731373071670532e-01,-6.879510879516601562e-01,-7.799387909471988678e-03,0.000000000000000000e+00,1.000000000000000000e+00,2.221361994743347168e-01,-2.417745143175125122e-01,9.658520221710205078e-01,4.343273341655731201e-01,5.146334171295166016e-01,1.227867417037487030e-02,1.000000000000000000e+00,1.498989611864089966e-01,3.251202702522277832e-01,8.019063472747802734e-01,8.244436383247375488e-01,-6.613672375679016113e-01,-3.591228723526000977e-01,1.000000000000000000e+00,2.699341058731079102e+00,-2.626542747020721436e-01,8.020579218864440918e-01,-6.575407385826110840e-01,1.774749159812927246e-01,5.485743656754493713e-02,1.000000000000000000e+00,3.001026868820190430e+00,2.812115252017974854e-01,1.237227439880371094e+00,-6.285964250564575195e-01,-1.739938259124755859e-01,-3.377793133258819580e-01,1.000000000000000000e+00,1.000000000000000000e+00,0.000000000000000000e+00,0.000000000000000000e+00,1.000000000000000000e+00,2.699341058731079102e+00,-2.626542747020721436e-01,8.020579218864440918e-01,-6.575407385826110840e-01,1.774749159812927246e-01,5.485743656754493713e-02,-9.023967453932438265e-02,-5.454482893644496677e-02,5.712211672564020126e-03,1.000000000000000000e+00,3.001026868820190430e+00,2.812115252017974854e-01,1.237227439880371094e+00,-6.285964250564575195e-01,-1.739938259124755859e-01,-3.377793133258819580e-01,1.205637281912557146e-01,-5.014526776119532236e-02,-6.956239242938533351e-03,1.000000000000000000e+00,1.452605724334716797e-01,-9.191808849573135376e-02,-1.000000014901161194e-01,4.323823153972625732e-01,-3.133616223931312561e-02,1.069148629903793335e-02,-1.000000014901161194e-01,4.614848792552947998e-01,-8.068108558654785156e-02,-2.556109428405761719e-02,2.066612243652343750e-03,4.029920697212219238e-01,1.341171264648437500e-01,-1.724171638488769531e-02,-2.326250076293945312e-03,3.742339909076690674e-01
7.199999999999999734e-01,2.306621819734573364e-01,-2.315945774316787720e-01,9.661971926689147949e-01,4.162842929363250732e-01,5.016757249832153320e-01,2.326933853328227997e-02,9.927123785018920898e-01,9.467456489801406860e-02,-7.455921173095703125e-02,-9.857947379350662231e-02,9.938443303108215332e-01,-5.055427923798561096e-02,6.931403279304504395e-02,5.753586068749427795e-02,9.959344267845153809e-01,6.367906332015991211e-01,-1.999184191226959229e-01,2.259620651602745056e-02,1.000000000000000000e+00,0.000000000000000000e+00,2.306621819734573364e-01,-2.315945774316787720e-01,9.661971926689147949e-01,4.162842929363250732e-01,5.016757249832153320e-01,2.326933853328227997e-02,1.000000000000000000e+00,1.665455400943756104e-01,3.119365572929382324e-01,7.948909401893615723e-01,8.414548635482788086e-01,-6.563458442687988281e-01,-3.401674926280975342e-01,1.000000000000000000e+00,2.686140298843383789e+00,-2.589579522609710693e-01,8.031527996063232422e-01,-6.629432439804077148e-01,1.937489658594131470e-01,5.463679879903793335e-02,1.000000000000000000e+00,2.988417148590087891e+00,2.775454223155975342e-01,1.230361342430114746e+00,-6.326335072517395020e-01,-1.947476565837860107e-01,-3.499325513839721680e-01,1.000000000000000000e+00,1.000000000000000000e+00,0.000000000000000000e+00,0.000000000000000000e+00,1.000000000000000000e+00,1.665455400943756104e-01,3.119365572929382324e-01,7.948909401893615723e-01,8.414548635482788086e-01,-6.563458442687988281e-01,-3.401674926280975342e-01,9.898821711540222168e-01,9.938405454158782959e-02,1.012742817401885986e-01,-1.001901924610137939e-01,9.949643015861511230e-01,2.892147516831755638e-03,-1.004768460988998413e-01,-1.300957240164279938e-02,9.948545098304748535e-01,-1.414694339036941528e-01,-7.031413912773132324e-01,-9.772488847374916077e-03,0.000000000000000000e+00,1.000000000000000000e+00,2.306621819734573364e-01,-2.315945774316787720e-01,9.661971926689147949e-01,4.162842929363250732e-01,5.016757249832153320e-01,2.326933853328227997e-02,1.000000000000000000e+00,1.665455400943756104e-01,3.119365572929382324e-01,7.948909401893615723e-01,8.414548635482788086e-01,-6.563458442687988281e-01,-3.401674926280975342e-01,1.000000000000000000e+00,2.686140298843383789e+00,-2.589579522609710693e-01,8.031527996063232422e-01,-6.629432439804077148e-01,1.937489658594131470e-01,5.463679879903793335e-02,1.000000000000000000e+00,2.988417148590087891e+00,2.775454223155975342e-01,1.230361342430114746e+00,-6.326335072517395020e-01,-1.947476565837860107e-01,-3.499325513839721680e-01,1.000000000000000000e+00,1.000000000000000000e+00,0.000000000000000000e+00,0.000000000000000000e+00,1.000000000000000000e+00,2.686140298843383789e+00,-2.589579522609710693e-01,8.031527996063232422e-01,-6.629432439804077148e-01,1.937489658594131470e-01,5.463679879903793335e-02,-8.954590713148255499e-02,-5.056162466254399135e-02,5.262631210276966232e-03,1.000000000000000000e+00,2.988417148590087891e+00,2.775454223155975342e-01,1.230361342430114746e+00,-6.326335072517395020e-01,-1.947476565837860107e-01,-3.499325513839721680e-01,1.229767635319269636e-01,-4.553994686289541960e-02,-6.464425337501418511e-03,1.000000000000000000e+00,1.752134114503860474e-01,-8.190143108367919922e-02,-1.000000014901161194e-01,4.310096502304077148e-01,-2.944940142333507538e-02,-1.639737747609615326e-03,-1.000000014901161194e-01,4.630740284919738770e-01,-7.373857498168945312e-02,-2.342343330383300781e-02,1.730203628540039062e-03,4.036548733711242676e-01,1.295392513275146484e-01,-1.542448997497558594e-02,-2.009153366088867188e-03,3.764909505844116211e-01
7.399999999999999911e-01,2.388182431459426880e-01,-2.216953933238983154e-01,9.667578339576721191e-01,3.972937464714050293e-01,4.862889647483825684e-01,3.373488038778305054e-02,9.925034046173095703e-01,9.325756132602691650e-02,-7.899374514818191528e-02,-9.836627542972564697e-02,9.931252002716064453e-01,-6.345348805189132690e-02,7.253316789865493774e-02,7.074812799692153931e-02,9.948535561561584473e-01,7.148391604423522949e-01,-1.084090322256088257e-01,1.583959162235260010e-02,1.000000000000000000e+00,0.000000000000000000e+00,2.388182431459426880e-01,-2.216953933238983154e-01,9.667578339576721191e-01,3.972937464714050293e-01,4.862889647483825684e-01,3.373488038778305054e-02,1.000000000000000000e+00,1.835068911314010620e-01,2.988614737987518311e-01,7.882730960845947266e-01,8.556233644485473633e-01,-6.504369378089904785e-01,-3.192171752452850342e-01,1.000000000000000000e+00,2.672839164733886719e+00,-2.549386620521545410e-01,8.042452335357666016e-01,-6.675460338592529297e-01,2.097099721431732178e-01,5.464950203895568848e-02,1.000000000000000000e+00,2.975733995437622070e+00,2.734614908695220947e-01,1.223258137702941895e+00,-6.358521580696105957e-01,-2.157866805791854858e-01,-3.613991141319274902e-01,1.000000000000000000e+00,1.000000000000000000e+00,0.000000000000000000e+00,0.000000000000000000e+00,1.000000000000000000e+00,1.835068911314010620e-01,2.988614737987518311e-01,7.882730960845947266e-01,8.556233644485473633e-01,-6.504369378089904785e-01,-3.192171752452850342e-01,9.911838173866271973e-01,9.935286641120910645e-02,8.765655755996704102e-02,-1.003301143646240234e-01,9.949309825897216797e-01,6.803185213357210159e-03,-8.653630316257476807e-02,-1.553779933601617813e-02,9.961275458335876465e-01,-1.079209521412849426e-01,-6.927415728569030762e-01,-1.112915109843015671e-02,0.000000000000000000e+00,1.000000000000000000e+00,2.388182431459426880e-01,-2.216953933238983154e-01,9.667578339576721191e-01,3.972937464714050293e-01,4.862889647483825684e-01,3.373488038778305054e-02,1.000000000000000000e+00,1.835068911314010620e-01,2.988614737987518311e-01,7.882730960845947266e-01,8.556233644485473633e-01,-6.504369378089904785e-01,-3.192171752452850342e-01,1.000000000000000000e+00,2.672839164733886719e+00,-2.549386620521545410e-01,8.042452335357666016e-01,-6.675460338592529297e-01,2.097099721431732178e-01,5.464950203895568848e-02,1.000000000000000000e+00,2.975733995437622070e+00,2.734614908695220947e-01,1.223258137702941895e+00,-6.358521580696105957e-01,-2.157866805791854858e-01,-3.613991141319274902e-01,1.000000000000000000e+00,1.000000000000000000e+00,0.000000000000000000e+00,0.000000000000000000e+00,1.000000000000000000e+00,2.672839164733886719e+00,-2.549386620521545410e-01,8.042452335357666016e-01,-6.675460338592529297e-01,2.097099721431732178e-01,5.464950203895568848e-02,-8.798910380385964458e-02,-4.681805119746251798e-02,4.788572681754157956e-03,1.000000000000000000e+00,2.975733995437622070e+00,2.734614908695220947e-01,1.223258137702941895e+00,-6.358521580696105957e-01,-2.157866805791854858e-01,-3.613991141319274902e-01,1.244468045323468691e-01,-4.129830028080472282e-02,-5.944030612883191567e-03,1.000000000000000000e+00,1.998903900384902954e-01,-6.882020831108093262e-02,-1.000000014901161194e-01,4.293813407421112061e-01,-2.833677642047405243e-02,-1.215724553912878036e-02,-1.000000014901161194e-01,4.632440507411956787e-01,-6.627988815307617188e-02,-2.158880233764648438e-02,1.432895660400390625e-03,4.042221307754516602e-01,1.241865158081054688e-01,-1.407980918884277344e-02,-1.757383346557617188e-03,3.790326416492462158e-01
7.600000000000000089e-01,2.465885728597640991e-01,-2.121277600526809692e-01,9.675219655036926270e-01,3.777182102203369141e-01,4.681794941425323486e-01,4.353570565581321716e-02,9.924253225326538086e-01,9.181844443082809448e-02,-8.161795884370803833e-02,-9.824458509683609009e-02,9.920573234558105469e-01,-7.855206727981567383e-02,7.375716418027877808e-02,8.597557246685028076e-02,9.935634136199951172e-01,8.317703604698181152e-01,1.001834636554121971e-03,4.071587231010198593e-03,1.000000000000000000e+00,0.000000000000000000e+00,2.465885728597640991e-01,-2.121277600526809692e-01,9.675219655036926270e-01,3.777182102203369141e-01,4.681794941425323486e-01,4.353570565581321716e-02,1.000000000000000000e+00,2.007256746292114258e-01,2.859115004539489746e-01,7.820897102355957031e-01,8.669095635414123535e-01,-6.437835693359375000e-01,-2.966193854808807373e-01,1.000000000000000000e+00,2.659452438354492188e+00,-2.506042122840881348e-01,8.053402900695800781e-01,-6.714026927947998047e-01,2.251956909894943237e-01,5.493010580539703369e-02,1.000000000000000000e+00,2.962993383407592773e+00,2.689553499221801758e-01,1.215932965278625488e+00,-6.383251547813415527e-01,-2.369545102119445801e-01,-3.720502853393554688e-01,1.000000000000000000e+00,1.000000000000000000e+00,0.000000000000000000e+00,0.000000000000000000e+00,1.000000000000000000e+00,2.007256746292114258e-01,2.859115004539489746e-01,7.820897102355957031e-01,8.669095635414123535e-01,-6.437835693359375000e-01,-2.966193854808807373e-01,9.922633767127990723e-01,9.942817687988281250e-02,7.434776425361633301e-02,-1.004455387592315674e-01,9.948917627334594727e-01,1.006296835839748383e-02,-7.296742498874664307e-02,-1.745301485061645508e-02,9.971817135810852051e-01,-8.090168237686157227e-02,-6.638208627700805664e-01,-1.195523142814636230e-02,0.000000000000000000e+00,1.000000000000000000e+00,2.465885728597640991e-01,-2.121277600526809692e-01,9.675219655036926270e-01,3.777182102203369141e-01,4.681794941425323486e-01,4.353570565581321716e-02,1.000000000000000000e+00,2.007256746292114258e-01,2.859115004539489746e-01,7.820897102355957031e-01,8.669095635414123535e-01,-6.437835693359375000e-01,-2.966193854808807373e-01,1.000000000000000000e+00,2.659452438354492188e+00,-2.506042122840881348e-01,8.053402900695800781e-01,-6.714026927947998047e-01,2.251956909894943237e-01,5.493010580539703369e-02,1.000000000000000000e+00,2.962993383407592773e+00,2.689553499221801758e-01,1.215932965278625488e+00,-6.383251547813415527e-01,-2.369545102119445801e-01,-3.720502853393554688e-01,1.000000000000000000e+00,1.000000000000000000e+00,0.000000000000000000e+00,0.000000000000000000e+00,1.000000000000000000e+00,2.659452438354492188e+00,-2.506042122840881348e-01,8.053402900695800781e-01,-6.714026927947998047e-01,2.251956909894943237e-01,5.493010580539703369e-02,-8.561246254257021127e-02,-4.332617712963293677e-02,4.303435774461371321e-03,1.000000000000000000e+00,2.962993383407592773e+00,2.689553499221801758e-01,1.215932965278625488e+00,-6.383251547813415527e-01,-2.369545102119445801e-01,-3.720502853393554688e-01,1.249919888382585442e-01,-3.743883585152985027e-02,-5.413788118197683519e-03,1.000000000000000000e+00,2.000000029802322388e-01,-5.122431740164756775e-02,-1.000000014901161194e-01,4.304891228675842285e-01,-2.787121944129467010e-02,-2.082585729658603668e-02,-1.000000014901161194e-01,4.615092575550079346e-01,-5.834913253784179688e-02,-2.004742622375488281e-02,1.171112060546875000e-03,4.046865701675415039e-01,1.181886196136474609e-01,-1.318025588989257812e-02,-1.564979553222656250e-03,3.818192780017852783e-01
7.800000000000000266e-01,2.539651095867156982e-01,-2.029501497745513916e-01,9.684754610061645508e-01,3.579712212085723877e-01,4.469011723995208740e-01,5.259915441274642944e-02,9.925082325935363770e-01,9.051980823278427124e-02,-8.205886930227279663e-02,-9.824866801500320435e-02,9.905560016632080078e-01,-9.563470631837844849e-02,7.262707501649856567e-02,1.029803976416587830e-01,9.920284152030944824e-01,8.558584451675415039e-01,1.275955140590667725e-01,-1.384450029581785202e-02,1.000000000000000000e+00,0.000000000000000000e+00,2.539651095867156982e-01,-2.029501497745513916e-01,9.684754610061645508e-01,3.579712212085723877e-01,4.469011723995208740e-01,5.259915441274642944e-02,1.000000000000000000e+00,2.181445658206939697e-01,2.731003463268280029e-01,7.763698101043701172e-01,8.753660917282104492e-01,-6.365153193473815918e-01,-2.728273272514343262e-01,1.000000000000000000e+00,2.645994901657104492e+00,-2.459654361009597778e-01,8.064435124397277832e-01,-6.745679378509521484e-01,2.400523424148559570e-01,5.549557507038116455e-02,1.000000000000000000e+00,2.950209856033325195e+00,2.640257775783538818e-01,1.208402752876281738e+00,-6.401271224021911621e-01,-2.580987811088562012e-01,-3.817562758922576904e-01,1.000000000000000000e+00,1.000000000000000000e+00,0.000000000000000000e+00,0.000000000000000000e+00,1.000000000000000000e+00,2.181445658206939697e-01,2.731003463268280029e-01,7.763698101043701172e-01,8.753660917282104492e-01,-6.365153193473815918e-01,-2.728273272514343262e-01,9.931188225746154785e-01,9.957216680049896240e-02,6.164753809571266174e-02,-1.005401015281677246e-01,9.948507547378540039e-01,1.279570814222097397e-02,-6.005600467324256897e-02,-1.890570856630802155e-02,9.980159997940063477e-01,-6.281551718711853027e-02,-6.258360147476196289e-01,-1.230920199304819107e-02,0.000000000000000000e+00,1.000000000000000000e+00,2.539651095867156982e-01,-2.029501497745513916e-01,9.684754610061645508e-01,3.579712212085723877e-01,4.469011723995208740e-01,5.259915441274642944e-02,1.000000000000000000e+00,2.181445658206939697e-01,2.731003463268280029e-01,7.763698101043701172e-01,8.753660917282104492e-01,-6.365153193473815918e-01,-2.728273272514343262e-01,1.000000000000000000e+00,2.645994901657104492e+00,-2.459654361009597778e-01,8.064435124397277832e-01,-6.745679378509521484e-01,2.400523424148559570e-01,5.549557507038116455e-02,1.000000000000000000e+00,2.950209856033325195e+00,2.640257775783538818e-01,1.208402752876281738e+00,-6.401271224021911621e-01,-2.580987811088562012e-01,-3.817562758922576904e-01,1.000000000000000000e+00,1.000000000000000000e+00,0.000000000000000000e+00,0.000000000000000000e+00,1.000000000000000000e+00,2.645994901657104492e+00,-2.459654361009597778e-01,8.064435124397277832e-01,-6.745679378509521484e-01,2.400523424148559570e-01,5.549557507038116455e-02,-8.246891312557373677e-02,-4.009342096837076319e-02,3.819459237164354870e-03,1.000000000000000000e+00,2.950209856033325195e+00,2.640257775783538818e-01,1.208402752876281738e+00,-6.401271224021911621e-01,-2.580987811088562012e-01,-3.817562758922576904e-01,1.246421828760917172e-01,-3.397307140730765340e-02,-4.890294562000414846e-03,1.000000000000000000e+00,1.999996304512023926e-01,-3.206714987754821777e-02,-1.000000014901161194e-01,4.346430897712707520e-01,-2.970834076404571533e-02,-2.798904478549957275e-02,-1.000000014901161194e-01,4.581699669361114502e-01,-4.995203018188476562e-02,-1.878666877746582031e-02,9.391307830810546875e-04,4.050502479076385498e-01,1.116805076599121094e-01,-1.268649101257324219e-02,-1.422643661499023438e-03,3.847944140434265137e-01
8.000000000000000444e-01,2.609486579895019531e-01,-1.942283660173416138e-01,9.696050882339477539e-01,3.385289609432220459e-01,4.222753942012786865e-01,6.120553240180015564e-02,9.927654862403869629e-01,8.969533443450927734e-02,-7.982286810874938965e-02,-9.834609925746917725e-02,9.888280630111694336e-01,-1.120148375630378723e-01,6.888388097286224365e-02,1.190547123551368713e-01,9.904954433441162109e-01,7.308751344680786133e-01,2.574655711650848389e-01,-3.447480127215385437e-02,1.000000000000000000e+00,0.000000000000000000e+00,2.609486579895019531e-01,-1.942283660173416138e-01,9.696050882339477539e-01,3.385289609432220459e-01,4.222753942012786865e-01,6.120553240180015564e-02,1.000000000000000000e+00,2.357079088687896729e-01,2.604392468929290771e-01,7.711325883865356445e-01,8.811053633689880371e-01,-6.287341713905334473e-01,-2.483849078416824341e-01,1.000000000000000000e+00,2.632479667663574219e+00,-2.410362511873245239e-01,8.075605630874633789e-01,-6.770968437194824219e-01,2.541361451148986816e-01,5.634799599647521973e-02,1.000000000000000000e+00,2.937396049499511719e+00,2.586746513843536377e-01,1.200688123703002930e+00,-6.413338780403137207e-01,-2.790720164775848389e-01,-3.903918266296386719e-01,1.000000000000000000e+00,1.000000000000000000e+00,0.000000000000000000e+00,0.000000000000000000e+00,1.000000000000000000e+00,2.357079088687896729e-01,2.604392468929290771e-01,7.711325883865356445e-01,8.811053633689880371e-01,-6.287341713905334473e-01,-2.483849078416824341e-01,9.937703013420104980e-01,9.975337982177734375e-02,4.969786852598190308e-02,-1.006177812814712524e-01,9.948090910911560059e-01,1.519979536533355713e-02,-4.792365431785583496e-02,-2.010559290647506714e-02,9.986486434936523438e-01,-5.831640586256980896e-02,-5.851162075996398926e-01,-1.246650144457817078e-02,0.000000000000000000e+00,1.000000000000000000e+00,2.609486579895019531e-01,-1.942283660173416138e-01,9.696050882339477539e-01,3.385289609432220459e-01,4.222753942012786865e-01,6.120553240180015564e-02,1.000000000000000000e+00,2.357079088687896729e-01,2.604392468929290771e-01,7.711325883865356445e-01,8.811053633689880371e-01,-6.287341713905334473e-01,-2.483849078416824341e-01,1.000000000000000000e+00,2.632479667663574219e+00,-2.410362511873245239e-01,8.075605630874633789e-01,-6.770968437194824219e-01,2.541361451148986816e-01,5.634799599647521973e-02,1.000000000000000000e+00,2.937396049499511719e+00,2.586746513843536377e-01,1.200688123703002930e+00,-6.413338780403137207e-01,-2.790720164775848389e-01,-3.903918266296386719e-01,1.000000000000000000e+00,1.000000000000000000e+00,0.000000000000000000e+00,0.000000000000000000e+00,1.000000000000000000e+00,2.632479667663574219e+00,-2.410362511873245239e-01,8.075605630874633789e-01,-6.770968437194824219e-01,2.541361451148986816e-01,5.634799599647521973e-02,-7.861063771571591419e-02,-3.712275963546907143e-02,3.347009969408426544e-03,1.000000000000000000e+00,2.937396049499511719e+00,2.586746513843536377e-01,1.200688123703002930e+00,-6.413338780403137207e-01,-2.790720164775848389e-01,-3.903918266296386719e-01,1.234383468810899831e-01,-3.090619855752763101e-02,-4.387406633863083494e-03,1.000000000000000000e+00,1.999999731779098511e-01,-1.320393290370702744e-02,-1.000000014901161194e-01,4.413971006870269775e-01,-3.081764280796051025e-02,-3.256986662745475769e-02,-1.000000014901161194e-01,4.574547410011291504e-01,-4.114651679992675781e-02,-1.778554916381835938e-02,7.321834564208984375e-04,4.053534865379333496e-01,1.047890186309814453e-01,-1.254940032958984375e-02,-1.319885253906250000e-03,3.878868222236633301e-01
8.200000000000000622e-01,2.675498425960540771e-01,-1.860271543264389038e-01,9.709079861640930176e-01,3.199035823345184326e-01,3.946311771869659424e-01,7.007685303688049316e-02,9.931629300117492676e-01,8.958095312118530273e-02,-7.485268265008926392e-02,-9.849767386913299561e-02,9.871988892555236816e-01,-1.254466325044631958e-01,6.265684217214584351e-02,1.319617480039596558e-01,9.892727136611938477e-01,5.488339662551879883e-01,3.679637312889099121e-01,-5.618121847510337830e-02,1.000000000000000000e+00,0.000000000000000000e+00,2.675498425960540771e-01,-1.860271543264389038e-01,9.709079861640930176e-01,3.199035823345184326e-01,3.946311771869659424e-01,7.007685303688049316e-02,1.000000000000000000e+00,2.533627450466156006e-01,2.479379922151565552e-01,7.663868665695190430e-01,8.842870593070983887e-01,-6.204906105995178223e-01,-2.236906439065933228e-01,1.000000000000000000e+00,2.618919134140014648e+00,-2.358333319425582886e-01,8.086972236633300781e-01,-6.790446043014526367e-01,2.673127651214599609e-01,5.747937038540840149e-02,1.000000000000000000e+00,2.924562454223632812e+00,2.529066205024719238e-01,1.192811369895935059e+00,-6.420210599899291992e-01,-2.997325062751770020e-01,-3.978423476219177246e-01,1.000000000000000000e+00,1.000000000000000000e+00,0.000000000000000000e+00,0.000000000000000000e+00,1.000000000000000000e+00,2.533627450466156006e-01,2.479379922151565552e-01,7.663868665695190430e-01,8.842870593070983887e-01,-6.204906105995178223e-01,-2.236906439065933228e-01,9.942446351051330566e-01,9.994696080684661865e-02,3.857865929603576660e-02,-1.006801426410675049e-01,9.947640895843505859e-01,1.754956133663654327e-02,-3.662263602018356323e-02,-2.133266068994998932e-02,9.991015195846557617e-01,-6.516531109809875488e-02,-5.405057072639465332e-01,-1.220025774091482162e-02,0.000000000000000000e+00,1.000000000000000000e+00,2.675498425960540771e-01,-1.860271543264389038e-01,9.709079861640930176e-01,3.199035823345184326e-01,3.946311771869659424e-01,7.007685303688049316e-02,1.000000000000000000e+00,2.533627450466156006e-01,2.479379922151565552e-01,7.663868665695190430e-01,8.842870593070983887e-01,-6.204906105995178223e-01,-2.236906439065933228e-01,1.000000000000000000e+00,2.618919134140014648e+00,-2.358333319425582886e-01,8.086972236633300781e-01,-6.790446043014526367e-01,2.673127651214599609e-01,5.747937038540840149e-02,1.000000000000000000e+00,2.924562454223632812e+00,2.529066205024719238e-01,1.192811369895935059e+00,-6.420210599899291992e-01,-2.997325062751770020e-01,-3.978423476219177246e-01,1.000000000000000000e+00,1.000000000000000000e+00,0.000000000000000000e+00,0.000000000000000000e+00,1.000000000000000000e+00,2.618919134140014648e+00,-2.358333319425582886e-01,8.086972236633300781e-01,-6.790446043014526367e-01,2.673127651214599609e-01,5.747937038540840149e-02,-7.408097096521272518e-02,-3.441419605960338579e-02,2.894126601658539299e-03,1.000000000000000000e+00,2.924562454223632812e+00,2.529066205024719238e-01,1.192811369895935059e+00,-6.420210599899291992e-01,-2.997325062751770020e-01,-3.978423476219177246e-01,1.214340618536784988e-01,-2.823703870563520901e-02,-3.915812490887321529e-03,1.000000000000000000e+00,2.000000029802322388e-01,8.653454482555389404e-03,-1.000000014901161194e-01,4.476383328437805176e-01,-3.081379644572734833e-02,-3.317323327064514160e-02,-1.000000014901161194e-01,4.617396593093872070e-01,-3.208208084106445312e-02,-1.700997352600097656e-02,5.459785461425781250e-04,4.056798517704010010e-01,9.761524200439453125e-02,-1.272106170654296875e-02,-1.245737075805664062e-03,3.910372257232666016e-01
8.399999999999999689e-01,2.737895250320434570e-01,-1.784015744924545288e-01,9.723953008651733398e-01,3.025852441787719727e-01,3.645696938037872314e-01,7.981910556554794312e-02,9.936248064041137695e-01,9.023585915565490723e-02,-6.758230179548263550e-02,-9.875634312629699707e-02,9.858160614967346191e-01,-1.356981545686721802e-01,5.437887459993362427e-02,1.415072232484817505e-01,9.884425997734069824e-01,4.051787853240966797e-01,4.587159752845764160e-01,-7.928612083196640015e-02,1.000000000000000000e+00,0.000000000000000000e+00,2.737895250320434570e-01,-1.784015744924545288e-01,9.723953008651733398e-01,3.025852441787719727e-01,3.645696938037872314e-01,7.981910556554794312e-02,1.000000000000000000e+00,2.710596621036529541e-01,2.356057763099670410e-01,7.621371746063232422e-01,8.851208686828613281e-01,-6.117823123931884766e-01,-1.986992508172988892e-01,1.000000000000000000e+00,2.605324506759643555e+00,-2.303759604692459106e-01,8.098590373992919922e-01,-6.804661750793457031e-01,2.794564366340637207e-01,5.887998640537261963e-02,1.000000000000000000e+00,2.911719083786010742e+00,2.467291951179504395e-01,1.184796929359436035e+00,-6.422631740570068359e-01,-3.199458420276641846e-01,-4.040092527866363525e-01,1.000000000000000000e+00,1.000000000000000000e+00,0.000000000000000000e+00,0.000000000000000000e+00,1.000000000000000000e+00,2.710596621036529541e-01,2.356057763099670410e-01,7.621371746063232422e-01,8.851208686828613281e-01,-6.117823123931884766e-01,-1.986992508172988892e-01,9.945666193962097168e-01,1.001369953155517578e-01,2.845755778253078461e-02,-1.007224321365356445e-01,9.947147369384765625e-01,1.993943005800247192e-02,-2.631047926843166351e-02,-2.269740775227546692e-02,9.993960857391357422e-01,-6.960257142782211304e-02,-4.821085333824157715e-01,-1.127268467098474503e-02,0.000000000000000000e+00,1.000000000000000000e+00,2.737895250320434570e-01,-1.784015744924545288e-01,9.723953008651733398e-01,3.025852441787719727e-01,3.645696938037872314e-01,7.981910556554794312e-02,1.000000000000000000e+00,2.710596621036529541e-01,2.356057763099670410e-01,7.621371746063232422e-01,8.851208686828613281e-01,-6.117823123931884766e-01,-1.986992508172988892e-01,1.000000000000000000e+00,2.605324506759643555e+00,-2.303759604692459106e-01,8.098590373992919922e-01,-6.804661750793457031e-01,2.794564366340637207e-01,5.887998640537261963e-02,1.000000000000000000e+00,2.911719083786010742e+00,2.467291951179504395e-01,1.184796929359436035e+00,-6.422631740570068359e-01,-3.199458420276641846e-01,-4.040092527866363525e-01,1.000000000000000000e+00,1.000000000000000000e+00,0.000000000000000000e+00,0.000000000000000000e+00,1.000000000000000000e+00,2.605324506759643555e+00,-2.303759604692459106e-01,8.098590373992919922e-01,-6.804661750793457031e-01,2.794564366340637207e-01,5.887998640537261963e-02,-6.891832985154788815e-02,-3.196571238460865771e-02,2.466532348481147163e-03,1.000000000000000000e+00,2.911719083786010742e+00,2.467291951179504395e-01,1.184796929359436035e+00,-6.422631740570068359e-01,-3.199458420276641846e-01,-4.040092527866363525e-01,1.186951013134560085e-01,-2.595753731012839793e-02,-3.482789842947885128e-03,1.000000000000000000e+00,1.999999880790710449e-01,2.036758512258529663e-02,-1.000000014901161194e-01,4.526069462299346924e-01,-3.051069192588329315e-02,-3.357181698083877563e-02,-1.000000014901161194e-01,4.639222919940948486e-01,-2.293443679809570312e-02,-1.642608642578125000e-02,3.767013549804687500e-04,4.061027765274047852e-01,9.022998809814453125e-02,-1.317095756530761719e-02,-1.191616058349609375e-03,3.942348659038543701e-01
8.599999999999999867e-01,2.796977758407592773e-01,-1.713949739933013916e-01,9.740881919860839844e-01,2.869958281517028809e-01,3.326103687286376953e-01,9.078972786664962769e-02,9.940811395645141602e-01,9.152160584926605225e-02,-5.853608250617980957e-02,-9.912386536598205566e-02,9.846144914627075195e-01,-1.439056694507598877e-01,4.446499794721603394e-02,1.488562226295471191e-01,9.878586530685424805e-01,3.337798416614532471e-01,5.171676278114318848e-01,-9.666804969310760498e-02,1.000000000000000000e+00,0.000000000000000000e+00,2.796977758407592773e-01,-1.713949739933013916e-01,9.740881919860839844e-01,2.869958281517028809e-01,3.326103687286376953e-01,9.078972786664962769e-02,1.000000000000000000e+00,2.887540459632873535e-01,2.234519124031066895e-01,7.583916783332824707e-01,8.838706612586975098e-01,-6.026116013526916504e-01,-1.732151806354522705e-01,1.000000000000000000e+00,2.591705799102783203e+00,-2.246858775615692139e-01,8.110511898994445801e-01,-6.814163327217102051e-01,2.904509603977203369e-01,6.054700538516044617e-02,1.000000000000000000e+00,2.898874282836914062e+00,2.401524782180786133e-01,1.176671385765075684e+00,-6.421326398849487305e-01,-3.395867347717285156e-01,-4.088109135627746582e-01,1.000000000000000000e+00,1.000000000000000000e+00,0.000000000000000000e+00,0.000000000000000000e+00,1.000000000000000000e+00,2.887540459632873535e-01,2.234519124031066895e-01,7.583916783332824707e-01,8.838706612586975098e-01,-6.026116013526916504e-01,-1.732151806354522705e-01,9.947616457939147949e-01,1.003170832991600037e-01,1.963999681174755096e-02,-1.007453575730323792e-01,9.946648478507995605e-01,2.218632027506828308e-02,-1.730954833328723907e-02,-2.404873818159103394e-02,9.995608925819396973e-01,-6.235523521900177002e-02,-4.093928337097167969e-01,-9.892647154629230499e-03,0.000000000000000000e+00,1.000000000000000000e+00,2.796977758407592773e-01,-1.713949739933013916e-01,9.740881919860839844e-01,2.869958281517028809e-01,3.326103687286376953e-01,9.078972786664962769e-02,1.000000000000000000e+00,2.887540459632873535e-01,2.234519124031066895e-01,7.583916783332824707e-01,8.838706612586975098e-01,-6.026116013526916504e-01,-1.732151806354522705e-01,1.000000000000000000e+00,2.591705799102783203e+00,-2.246858775615692139e-01,8.110511898994445801e-01,-6.814163327217102051e-01,2.904509603977203369e-01,6.054700538516044617e-02,1.000000000000000000e+00,2.898874282836914062e+00,2.401524782180786133e-01,1.176671385765075684e+00,-6.421326398849487305e-01,-3.395867347717285156e-01,-4.088109135627746582e-01,1.000000000000000000e+00,1.000000000000000000e+00,0.000000000000000000e+00,0.000000000000000000e+00,1.000000000000000000e+00,2.591705799102783203e+00,-2.246858775615692139e-01,8.110511898994445801e-01,-6.814163327217102051e-01,2.904509603977203369e-01,6.054700538516044617e-02,-6.317151231328323180e-02,-2.977208780189100068e-02,2.067871137387544689e-03,1.000000000000000000e+00,2.898874282836914062e+00,2.401524782180786133e-01,1.176671385765075684e+00,-6.421326398849487305e-01,-3.395867347717285156e-01,-4.088109135627746582e-01,1.152949170548251134e-01,-2.405326338850533041e-02,-3.092299097064911406e-03,1.000000000000000000e+00,1.999999731779098511e-01,3.487103804945945740e-02,-1.000000014901161194e-01,4.551109671592712402e-01,-3.030453436076641083e-02,-3.414589539170265198e-02,-1.000000014901161194e-01,4.645352959632873535e-01,-1.381969451904296875e-02,-1.600360870361328125e-02,2.212524414062500000e-04,4.066698849201202393e-01,8.269882202148437500e-02,-1.387381553649902344e-02,-1.149892807006835938e-03,3.974875807762145996e-01
8.800000000000000044e-01,2.853121459484100342e-01,-1.650423705577850342e-01,9.760124683380126953e-01,2.734314203262329102e-01,2.990382313728332520e-01,1.030760109424591064e-01,9.944544434547424316e-01,9.324260801076889038e-02,-4.864670336246490479e-02,-9.961212426424026489e-02,9.834585785865783691e-01,-1.512840986251831055e-01,3.373588621616363525e-02,1.552909314632415771e-01,9.872927069664001465e-01,3.121962547302246094e-01,5.348643064498901367e-01,-1.104930937290191650e-01,1.000000000000000000e+00,0.000000000000000000e+00,2.853121459484100342e-01,-1.650423705577850342e-01,9.760124683380126953e-01,2.734314203262329102e-01,2.990382313728332520e-01,1.030760109424591064e-01,1.000000000000000000e+00,3.064069449901580811e-01,2.114852517843246460e-01,7.551602125167846680e-01,8.808460235595703125e-01,-5.930360555648803711e-01,-1.472686827182769775e-01,1.000000000000000000e+00,2.578072071075439453e+00,-2.187870442867279053e-01,8.122792243957519531e-01,-6.819481849670410156e-01,3.001929819583892822e-01,6.248857825994491577e-02,1.000000000000000000e+00,2.886035203933715820e+00,2.331889271736145020e-01,1.168462276458740234e+00,-6.416988372802734375e-01,-3.585402071475982666e-01,-4.121802449226379395e-01,1.000000000000000000e+00,1.000000000000000000e+00,0.000000000000000000e+00,0.000000000000000000e+00,1.000000000000000000e+00,3.064069449901580811e-01,2.114852517843246460e-01,7.551602125167846680e-01,8.808460235595703125e-01,-5.930360555648803711e-01,-1.472686827182769775e-01,9.948633909225463867e-01,1.004823297262191772e-01,1.226041000336408615e-02,-1.007542014122009277e-01,9.946206808090209961e-01,2.404942363500595093e-02,-9.777915664017200470e-03,-2.516117691993713379e-02,9.996356368064880371e-01,-4.635025560855865479e-02,-3.383150398731231689e-01,-8.323993533849716187e-03,0.000000000000000000e+00,1.000000000000000000e+00,2.853121459484100342e-01,-1.650423705577850342e-01,9.760124683380126953e-01,2.734314203262329102e-01,2.990382313728332520e-01,1.030760109424591064e-01,1.000000000000000000e+00,3.064069449901580811e-01,2.114852517843246460e-01,7.551602125167846680e-01,8.808460235595703125e-01,-5.930360555648803711e-01,-1.472686827182769775e-01,1.000000000000000000e+00,2.578072071075439453e+00,-2.187870442867279053e-01,8.122792243957519531e-01,-6.819481849670410156e-01,3.001929819583892822e-01,6.248857825994491577e-02,1.000000000000000000e+00,2.886035203933715820e+00,2.331889271736145020e-01,1.168462276458740234e+00,-6.416988372802734375e-01,-3.585402071475982666e-01,-4.121802449226379395e-01,1.000000000000000000e+00,1.000000000000000000e+00,0.000000000000000000e+00,0.000000000000000000e+00,1.000000000000000000e+00,2.578072071075439453e+00,-2.187870442867279053e-01,8.122792243957519531e-01,-6.819481849670410156e-01,3.001929819583892822e-01,6.248857825994491577e-02,-5.691178529695228860e-02,-2.782346426437687370e-02,1.699824922630769480e-03,1.000000000000000000e+00,2.886035203933715820e+00,2.331889271736145020e-01,1.168462276458740234e+00,-6.416988372802734375e-01,-3.585402071475982666e-01,-4.121802449226379395e-01,1.113074930666415746e-01,-2.250588830479083313e-02,-2.745498200003429479e-03,1.000000000000000000e+00,1.999999880790710449e-01,4.627315327525138855e-02,-1.000000014901161194e-01,4.533405005931854248e-01,-2.909824810922145844e-02,-3.464725613594055176e-02,-1.000000014901161194e-01,4.638314843177795410e-01,-4.765033721923828125e-03,-1.571536064147949219e-02,7.486343383789062500e-05,4.074018597602844238e-01,7.510471343994140625e-02,-1.479625701904296875e-02,-1.113414764404296875e-03,4.007796049118041992e-01
9.000000000000000222e-01,2.906745374202728271e-01,-1.593746840953826904e-01,9.781925678253173828e-01,2.620225846767425537e-01,2.639934122562408447e-01,1.163845509290695190e-01,9.947023391723632812e-01,9.527182579040527344e-02,-3.860975056886672974e-02,-1.002296358346939087e-01,9.822763800621032715e-01,-1.583895683288574219e-01,2.283538132905960083e-02,1.614203155040740967e-01,9.866216182708740234e-01,2.995140254497528076e-01,5.301751494407653809e-01,-1.194230690598487854e-01,1.000000000000000000e+00,0.000000000000000000e+00,2.906745374202728271e-01,-1.593746840953826904e-01,9.781925678253173828e-01,2.620225846767425537e-01,2.639934122562408447e-01,1.163845509290695190e-01,1.000000000000000000e+00,3.239856660366058350e-01,1.997130215167999268e-01,7.524506449699401855e-01,8.763530254364013672e-01,-5.831565260887145996e-01,-1.210244446992874146e-01,1.000000000000000000e+00,2.564430952072143555e+00,-2.127053141593933105e-01,8.135486245155334473e-01,-6.821129918098449707e-01,3.085961639881134033e-01,6.472431123256683350e-02,1.000000000000000000e+00,2.873207092285156250e+00,2.258532941341400146e-01,1.160199165344238281e+00,-6.410281062126159668e-01,-3.767014443874359131e-01,-4.140625298023223877e-01,1.000000000000000000e+00,1.000000000000000000e+00,0.000000000000000000e+00,0.000000000000000000e+00,1.000000000000000000e+00,3.239856660366058350e-01,1.997130215167999268e-01,7.524506449699401855e-01,8.763530254364013672e-01,-5.831565260887145996e-01,-1.210244446992874146e-01,9.949055314064025879e-01,1.006257832050323486e-01,6.130429450422525406e-03,-1.007502675056457520e-01,9.945865869522094727e-01,2.543727308511734009e-02,-3.537596901878714561e-03,-2.592532336711883545e-02,9.996576905250549316e-01,-2.807071432471275330e-02,-2.832973003387451172e-01,-6.644788663834333420e-03,0.000000000000000000e+00,1.000000000000000000e+00,2.906745374202728271e-01,-1.593746840953826904e-01,9.781925678253173828e-01,2.620225846767425537e-01,2.639934122562408447e-01,1.163845509290695190e-01,1.000000000000000000e+00,3.239856660366058350e-01,1.997130215167999268e-01,7.524506449699401855e-01,8.763530254364013672e-01,-5.831565260887145996e-01,-1.210244446992874146e-01,1.000000000000000000e+00,2.564430952072143555e+00,-2.127053141593933105e-01,8.135486245155334473e-01,-6.821129918098449707e-01,3.085961639881134033e-01,6.472431123256683350e-02,1.000000000000000000e+00,2.873207092285156250e+00,2.258532941341400146e-01,1.160199165344238281e+00,-6.410281062126159668e-01,-3.767014443874359131e-01,-4.140625298023223877e-01,1.000000000000000000e+00,1.000000000000000000e+00,0.000000000000000000e+00,0.000000000000000000e+00,1.000000000000000000e+00,2.564430952072143555e+00,-2.127053141593933105e-01,8.135486245155334473e-01,-6.821129918098449707e-01,3.085961639881134033e-01,6.472431123256683350e-02,-5.022720636629904312e-02,-2.610549315510857227e-02,1.362548259447159821e-03,1.000000000000000000e+00,2.873207092285156250e+00,2.258532941341400146e-01,1.160199165344238281e+00,-6.410281062126159668e-01,-3.767014443874359131e-01,-4.140625298023223877e-01,1.068028628153390724e-01,-2.129619002630356306e-02,-2.441442345601681219e-03,1.000000000000000000e+00,2.000000029802322388e-01,5.848962813615798950e-02,-1.000000014901161194e-01,4.479908347129821777e-01,-2.668876387178897858e-02,-3.496915847063064575e-02,-1.000000014901161194e-01,4.626172184944152832e-01,4.264593124389648438e-03,-1.554322242736816406e-02,-6.628036499023437500e-05,4.082844853401184082e-01,6.753563880920410156e-02,-1.589870452880859375e-02,-1.075267791748046875e-03,4.040812849998474121e-01
9.200000000000000400e-01,2.958283424377441406e-01,-1.544200628995895386e-01,9.806435108184814453e-01,2.527961432933807373e-01,2.276298403739929199e-01,1.300739496946334839e-01,9.948194026947021484e-01,9.752164781093597412e-02,-2.870645932853221893e-02,-1.009406149387359619e-01,9.810984134674072266e-01,-1.650972068309783936e-01,1.206330861896276474e-02,1.671395301818847656e-01,9.858595132827758789e-01,2.693799436092376709e-01,5.217828154563903809e-01,-1.245501190423965454e-01,1.000000000000000000e+00,0.000000000000000000e+00,2.958283424377441406e-01,-1.544200628995895386e-01,9.806435108184814453e-01,2.527961432933807373e-01,2.276298403739929199e-01,1.300739496946334839e-01,1.000000000000000000e+00,3.414631187915802002e-01,1.881403326988220215e-01,7.502670884132385254e-01,8.706363439559936523e-01,-5.730837583541870117e-01,-9.470216184854507446e-02,1.000000000000000000e+00,2.550789594650268555e+00,-2.064680308103561401e-01,8.148656487464904785e-01,-6.819587945938110352e-01,3.155921399593353271e-01,6.728237867355346680e-02,1.000000000000000000e+00,2.860394001007080078e+00,2.181622684001922607e-01,1.151912212371826172e+00,-6.401835083961486816e-01,-3.939757049083709717e-01,-4.144157469272613525e-01,1.000000000000000000e+00,1.000000000000000000e+00,0.000000000000000000e+00,0.000000000000000000e+00,1.000000000000000000e+00,3.414631187915802002e-01,1.881403326988220215e-01,7.502670884132385254e-01,8.706363439559936523e-01,-5.730837583541870117e-01,-9.470216184854507446e-02,9.949123859405517578e-01,1.007412299513816833e-01,8.890658500604331493e-04,-1.007295772433280945e-01,9.945646524429321289e-01,2.636040002107620239e-02,1.771345501765608788e-03,-2.631584182381629944e-02,9.996522068977355957e-01,-8.635885082185268402e-03,-2.462743669748306274e-01,-4.935731645673513412e-03,0.000000000000000000e+00,1.000000000000000000e+00,2.958283424377441406e-01,-1.544200628995895386e-01,9.806435108184814453e-01,2.527961432933807373e-01,2.276298403739929199e-01,1.300739496946334839e-01,1.000000000000000000e+00,3.414631187915802002e-01,1.881403326988220215e-01,7.502670884132385254e-01,8.706363439559936523e-01,-5.730837583541870117e-01,-9.470216184854507446e-02,1.000000000000000000e+00,2.550789594650268555e+00,-2.064680308103561401e-01,8.148656487464904785e-01,-6.819587945938110352e-01,3.155921399593353271e-01,6.728237867355346680e-02,1.000000000000000000e+00,2.860394001007080078e+00,2.181622684001922607e-01,1.151912212371826172e+00,-6.401835083961486816e-01,-3.939757049083709717e-01,-4.144157469272613525e-01,1.000000000000000000e+00,1.000000000000000000e+00,0.000000000000000000e+00,0.000000000000000000e+00,1.000000000000000000e+00,2.550789594650268555e+00,-2.064680308103561401e-01,8.148656487464904785e-01,-6.819587945938110352e-01,3.155921399593353271e-01,6.728237867355346680e-02,-4.320275829117557753e-02,-2.460134209917552717e-02,1.054919819072467485e-03,1.000000000000000000e+00,2.860394001007080078e+00,2.181622684001922607e-01,1.151912212371826172e+00,-6.401835083961486816e-01,-3.939757049083709717e-01,-4.144157469272613525e-01,1.018483051714938054e-01,-2.040496608633302067e-02,-2.177575709517778901e-03,1.000000000000000000e+00,2.000000029802322388e-01,7.031077146530151367e-02,-1.000000014901161194e-01,4.422026574611663818e-01,-2.363324165344238281e-02,-3.528669849038124084e-02,-9.999978542327880859e-02,4.609023928642272949e-01,1.332402229309082031e-02,-1.547360420227050781e-02,-2.062320709228515625e-04,4.092740714550018311e-01,6.007027626037597656e-02,-1.714062690734863281e-02,-1.030921936035156250e-03,4.073576033115386963e-01
9.400000000000000577e-01,3.008172214031219482e-01,-1.502028554677963257e-01,9.833659529685974121e-01,2.457447201013565063e-01,1.901980936527252197e-01,1.433735936880111694e-01,9.948185086250305176e-01,9.991125017404556274e-02,-1.881253905594348907e-02,-1.016580238938331604e-01,9.800063967704772949e-01,-1.710355877876281738e-01,1.348028308711946011e-03,1.720618009567260742e-01,9.850852489471435547e-01,2.222156971693038940e-01,5.254954695701599121e-01,-1.255511790513992310e-01,1.000000000000000000e+00,0.000000000000000000e+00,3.008172214031219482e-01,-1.502028554677963257e-01,9.833659529685974121e-01,2.457447201013565063e-01,1.901980936527252197e-01,1.433735936880111694e-01,1.000000000000000000e+00,3.588165342807769775e-01,1.767700165510177612e-01,7.486091256141662598e-01,8.638662099838256836e-01,-5.629270672798156738e-01,-6.852828711271286011e-02,1.000000000000000000e+00,2.537153720855712891e+00,-2.001039236783981323e-01,8.162369728088378906e-01,-6.815295815467834473e-01,3.211273550987243652e-01,7.019392400979995728e-02,1.000000000000000000e+00,2.847598791122436523e+00,2.101343572139739990e-01,1.143631935119628906e+00,-6.392250061035156250e-01,-4.102781116962432861e-01,-4.132113754749298096e-01,1.000000000000000000e+00,1.000000000000000000e+00,0.000000000000000000e+00,0.000000000000000000e+00,1.000000000000000000e+00,3.588165342807769775e-01,1.767700165510177612e-01,7.486091256141662598e-01,8.638662099838256836e-01,-5.629270672798156738e-01,-6.852828711271286011e-02,9.948970675468444824e-01,1.008255258202552795e-01,-3.768450580537319183e-03,-1.006894782185554504e-01,9.945566654205322266e-01,2.681104466319084167e-02,6.451174616813659668e-03,-2.629478275775909424e-02,9.996335506439208984e-01,1.346881501376628876e-02,-2.201052606105804443e-01,-3.306589554995298386e-03,0.000000000000000000e+00,1.000000000000000000e+00,3.008172214031219482e-01,-1.502028554677963257e-01,9.833659529685974121e-01,2.457447201013565063e-01,1.901980936527252197e-01,1.433735936880111694e-01,1.000000000000000000e+00,3.588165342807769775e-01,1.767700165510177612e-01,7.486091256141662598e-01,8.638662099838256836e-01,-5.629270672798156738e-01,-6.852828711271286011e-02,1.000000000000000000e+00,2.537153720855712891e+00,-2.001039236783981323e-01,8.162369728088378906e-01,-6.815295815467834473e-01,3.211273550987243652e-01,7.019392400979995728e-02,1.000000000000000000e+00,2.847598791122436523e+00,2.101343572139739990e-01,1.143631935119628906e+00,-6.392250061035156250e-01,-4.102781116962432861e-01,-4.132113754749298096e-01,1.000000000000000000e+00,1.000000000000000000e+00,0.000000000000000000e+00,0.000000000000000000e+00,1.000000000000000000e+00,2.537153720855712891e+00,-2.001039236783981323e-01,8.162369728088378906e-01,-6.815295815467834473e-01,3.211273550987243652e-01,7.019392400979995728e-02,-3.590187880277249249e-02,-2.329417073486195200e-02,7.750297898557120813e-04,1.000000000000000000e+00,2.847598791122436523e+00,2.101343572139739990e-01,1.143631935119628906e+00,-6.392250061035156250e-01,-4.102781116962432861e-01,-4.132113754749298096e-01,9.651242234807405618e-02,-1.981166984212578974e-02,-1.950008401231891064e-03,1.000000000000000000e+00,1.999999582767486572e-01,8.061838150024414062e-02,-1.000000014901161194e-01,4.364648759365081787e-01,-2.046869136393070221e-02,-3.553125634789466858e-02,-9.999985992908477783e-02,4.586657583713531494e-01,2.246069908142089844e-02,-1.549601554870605469e-02,-3.480911254882812500e-04,4.103150963783264160e-01,5.277562141418457031e-02,-1.848292350769042969e-02,-9.763240814208984375e-04,4.105731844902038574e-01
9.599999999999999645e-01,3.056847155094146729e-01,-1.467416286468505859e-01,9.863460659980773926e-01,2.408835589885711670e-01,1.520078182220458984e-01,1.556349694728851318e-01,9.947103261947631836e-01,1.023529991507530212e-01,-8.681676350533962250e-03,-1.022785380482673645e-01,9.790543317794799805e-01,-1.760450750589370728e-01,-9.518910199403762817e-03,1.760018020868301392e-01,9.843438863754272461e-01,1.763347685337066650e-01,5.344750285148620605e-01,-1.236425563693046570e-01,1.000000000000000000e+00,0.000000000000000000e+00,3.056847155094146729e-01,-1.467416286468505859e-01,9.863460659980773926e-01,2.408835589885711670e-01,1.520078182220458984e-01,1.556349694728851318e-01,1.000000000000000000e+00,3.760259151458740234e-01,1.656027436256408691e-01,7.474715113639831543e-01,8.561631441116333008e-01,-5.528019070625305176e-01,-4.275628179311752319e-02,1.000000000000000000e+00,2.523528575897216797e+00,-1.936426013708114624e-01,8.176698088645935059e-01,-6.808661222457885742e-01,3.251578807830810547e-01,7.348692417144775391e-02,1.000000000000000000e+00,2.834823369979858398e+00,2.017896920442581177e-01,1.135390043258666992e+00,-6.382084488868713379e-01,-4.255344867706298828e-01,-4.104360044002532959e-01,1.000000000000000000e+00,1.000000000000000000e+00,0.000000000000000000e+00,0.000000000000000000e+00,1.000000000000000000e+00,3.760259151458740234e-01,1.656027436256408691e-01,7.474715113639831543e-01,8.561631441116333008e-01,-5.528019070625305176e-01,-4.275628179311752319e-02,9.948673844337463379e-01,1.008730754256248474e-01,-7.981696166098117828e-03,-1.006276831030845642e-01,9.945644140243530273e-01,2.675657905638217926e-02,1.063732896000146866e-02,-2.581606619060039520e-02,9.996102452278137207e-01,3.664871677756309509e-02,-1.958141475915908813e-01,-1.714446581900119781e-03,0.000000000000000000e+00,1.000000000000000000e+00,3.056847155094146729e-01,-1.467416286468505859e-01,9.863460659980773926e-01,2.408835589885711670e-01,1.520078182220458984e-01,1.556349694728851318e-01,1.000000000000000000e+00,3.760259151458740234e-01,1.656027436256408691e-01,7.474715113639831543e-01,8.561631441116333008e-01,-5.528019070625305176e-01,-4.275628179311752319e-02,1.000000000000000000e+00,2.523528575897216797e+00,-1.936426013708114624e-01,8.176698088645935059e-01,-6.808661222457885742e-01,3.251578807830810547e-01,7.348692417144775391e-02,1.000000000000000000e+00,2.834823369979858398e+00,2.017896920442581177e-01,1.135390043258666992e+00,-6.382084488868713379e-01,-4.255344867706298828e-01,-4.104360044002532959e-01,1.000000000000000000e+00,1.000000000000000000e+00,0.000000000000000000e+00,0.000000000000000000e+00,1.000000000000000000e+00,2.523528575897216797e+00,-1.936426013708114624e-01,8.176698088645935059e-01,-6.808661222457885742e-01,3.251578807830810547e-01,7.348692417144775391e-02,-2.836056380637091978e-02,-2.216855632138314824e-02,5.204484445750067606e-04,1.000000000000000000e+00,2.834823369979858398e+00,2.017896920442581177e-01,1.135390043258666992e+00,-6.382084488868713379e-01,-4.255344867706298828e-01,-4.104360044002532959e-01,9.086748254588278284e-02,-1.949281771811173236e-02,-1.753801408479048474e-03,1.000000000000000000e+00,1.999999582767486572e-01,9.186365455389022827e-02,-1.000000014901161194e-01,4.291169047355651855e-01,-1.675595901906490326e-02,-3.566530346870422363e-02,-9.999991208314895630e-02,4.559385180473327637e-01,3.171324729919433594e-02,-1.559734344482421875e-02,-4.947185516357421875e-04,4.113598167896270752e-01,4.571270942687988281e-02,-1.988625526428222656e-02,-9.095668792724609375e-04,4.136888086795806885e-01
9.799999999999999822e-01,3.104749023914337158e-01,-1.440487205982208252e-01,9.895575642585754395e-01,2.382342517375946045e-01,1.133712083101272583e-01,1.662456542253494263e-01,9.944922924041748047e-01,1.047961041331291199e-01,1.650666818022727966e-03,-1.027828380465507507e-01,9.782268404960632324e-01,-1.802992671728134155e-01,-2.050938829779624939e-02,1.791365891695022583e-01,9.836103916168212891e-01,1.456980854272842407e-01,5.381054878234863281e-01,-1.211523488163948059e-01,1.000000000000000000e+00,0.000000000000000000e+00,3.104749023914337158e-01,-1.440487205982208252e-01,9.895575642585754395e-01,2.382342517375946045e-01,1.133712083101272583e-01,1.662456542253494263e-01,1.000000000000000000e+00,3.930736482143402100e-01,1.546368151903152466e-01,7.468435764312744141e-01,8.476364612579345703e-01,-5.428272485733032227e-01,-1.766605861485004425e-02,1.000000000000000000e+00,2.509918451309204102e+00,-1.871144771575927734e-01,8.191722035408020020e-01,-6.800056695938110352e-01,3.276438713073730469e-01,7.718163728713989258e-02,1.000000000000000000e+00,2.822068214416503906e+00,1.931497901678085327e-01,1.127217650413513184e+00,-6.371856331825256348e-01,-4.396825730800628662e-01,-4.060918390750885010e-01,1.000000000000000000e+00,1.000000000000000000e+00,0.000000000000000000e+00,0.000000000000000000e+00,1.000000000000000000e+00,3.930736482143402100e-01,1.546368151903152466e-01,7.468435764312744141e-01,8.476364612579345703e-01,-5.428272485733032227e-01,-1.766605861485004425e-02,9.948288798332214355e-01,1.008857712149620056e-01,-1.173533499240875244e-02,-1.005520895123481750e-01,9.945867657661437988e-01,2.620453201234340668e-02,1.431547105312347412e-02,-2.488900907337665558e-02,9.995878338813781738e-01,5.817600712180137634e-02,-1.691527068614959717e-01,-4.624824214261025190e-04,0.000000000000000000e+00,1.000000000000000000e+00,3.104749023914337158e-01,-1.440487205982208252e-01,9.895575642585754395e-01,2.382342517375946045e-01,1.133712083101272583e-01,1.662456542253494263e-01,1.000000000000000000e+00,3.930736482143402100e-01,1.546368151903152466e-01,7.468435764312744141e-01,8.476364612579345703e-01,-5.428272485733032227e-01,-1.766605861485004425e-02,1.000000000000000000e+00,2.509918451309204102e+00,-1.871144771575927734e-01,8.191722035408020020e-01,-6.800056695938110352e-01,3.276438713073730469e-01,7.718163728713989258e-02,1.000000000000000000e+00,2.822068214416503906e+00,1.931497901678085327e-01,1.127217650413513184e+00,-6.371856331825256348e-01,-4.396825730800628662e-01,-4.060918390750885010e-01,1.000000000000000000e+00,1.000000000000000000e+00,0.000000000000000000e+00,0.000000000000000000e+00,1.000000000000000000e+00,2.509918451309204102e+00,-1.871144771575927734e-01,8.191722035408020020e-01,-6.800056695938110352e-01,3.276438713073730469e-01,7.718163728713989258e-02,-2.059431703268829045e-02,-2.121094012275803742e-02,2.882947225929747420e-04,1.000000000000000000e+00,2.822068214416503906e+00,1.931497901678085327e-01,1.127217650413513184e+00,-6.371856331825256348e-01,-4.396825730800628662e-01,-4.060918390750885010e-01,8.498788912160556985e-02,-1.942147623093903874e-02,-1.583354686136663469e-03,1.000000000000000000e+00,1.999999880790710449e-01,1.038774773478507996e-01,-1.000000014901161194e-01,4.204148948192596436e-01,-1.114358473569154739e-02,-3.560669720172882080e-02,-9.999994188547134399e-02,4.538345634937286377e-01,4.111242294311523438e-02,-1.576542854309082031e-02,-6.484985351562500000e-04,4.123585522174835205e-01,3.893756866455078125e-02,-2.131295204162597656e-02,-8.301734924316406250e-04,4.166603684425354004e-01
1.000000000000000000e+00,3.152318894863128662e-01,-1.421305835247039795e-01,9.929618239402770996e-01,2.377772033214569092e-01,7.455401867628097534e-02,1.745741069316864014e-01,9.941616058349609375e-01,1.072245463728904724e-01,1.207216363400220871e-02,-1.031898185610771179e-01,9.774783849716186523e-01,-1.840868890285491943e-01,-3.153891116380691528e-02,1.817663908004760742e-01,9.828358888626098633e-01,1.276571303606033325e-01,5.406688451766967773e-01,-1.192104145884513855e-01,1.000000000000000000e+00,0.000000000000000000e+00,3.152318894863128662e-01,-1.421305835247039795e-01,9.929618239402770996e-01,2.377772033214569092e-01,7.455401867628097534e-02,1.745741069316864014e-01,1.000000000000000000e+00,4.099443852901458740e-01,1.438681781291961670e-01,7.467096447944641113e-01,8.384040594100952148e-01,-5.331147909164428711e-01,6.542163435369729996e-03,1.000000000000000000e+00,2.496327400207519531e+00,-1.805508285760879517e-01,8.207521438598632812e-01,-6.789822578430175781e-01,3.285468816757202148e-01,8.128758519887924194e-02,1.000000000000000000e+00,2.809333562850952148e+00,1.842372715473175049e-01,1.119146347045898438e+00,-6.362028717994689941e-01,-4.526726603507995605e-01,-4.001981616020202637e-01,1.000000000000000000e+00,1.000000000000000000e+00,0.000000000000000000e+00,0.000000000000000000e+00,1.000000000000000000e+00,4.099443852901458740e-01,1.438681781291961670e-01,7.467096447944641113e-01,8.384040594100952148e-01,-5.331147909164428711e-01,6.542163435369729996e-03,9.947870969772338867e-01,1.008663773536682129e-01,-1.499789208173751831e-02,-1.004704535007476807e-01,9.946222305297851562e-01,2.515211887657642365e-02,1.745423674583435059e-02,-2.351415343582630157e-02,9.995712637901306152e-01,8.351160585880279541e-02,-1.425147205591201782e-01,5.551826325245201588e-04,0.000000000000000000e+00,1.000000000000000000e+00,3.152318894863128662e-01,-1.421305835247039795e-01,9.929618239402770996e-01,2.377772033214569092e-01,7.455401867628097534e-02,1.745741069316864014e-01,1.000000000000000000e+00,4.099443852901458740e-01,1.438681781291961670e-01,7.467096447944641113e-01,8.384040594100952148e-01,-5.331147909164428711e-01,6.542163435369729996e-03,1.000000000000000000e+00,2.496327400207519531e+00,-1.805508285760879517e-01,8.207521438598632812e-01,-6.789822578430175781e-01,3.285468816757202148e-01,8.128758519887924194e-02,1.000000000000000000e+00,2.809333562850952148e+00,1.842372715473175049e-01,1.119146347045898438e+00,-6.362028717994689941e-01,-4.526726603507995605e-01,-4.001981616020202637e-01,1.000000000000000000e+00,1.000000000000000000e+00,0.000000000000000000e+00,0.000000000000000000e+00,1.000000000000000000e+00,2.496327400207519531e+00,-1.805508285760879517e-01,8.207521438598632812e-01,-6.789822578430175781e-01,3.285468816757202148e-01,8.128758519887924194e-02,-1.260966454558310954e-02,-2.040887381231315523e-02,7.523416127509698764e-05,1.000000000000000000e+00,2.809333562850952148e+00,1.842372715473175049e-01,1.119146347045898438e+00,-6.362028717994689941e-01,-4.526726603507995605e-01,-4.001981616020202637e-01,7.894667559410256663e-02,-1.956810494020611024e-02,-1.432925240842312931e-03,1.000000000000000000e+00,2.000000029802322388e-01,1.164621338248252869e-01,-1.000000014901161194e-01,4.125787317752838135e-01,-4.248617682605981827e-03,-3.488846868276596069e-02,-1.000000014901161194e-01,4.508228898048400879e-01,5.068564414978027344e-02,-1.599144935607910156e-02,-8.111000061035156250e-04,4.132520854473114014e-01,3.250050544738769531e-02,-2.273035049438476562e-02,-7.388591766357421875e-04,4.194522500038146973e-01
1.020000000000000018e+00,3.199990987777709961e-01,-1.409889012575149536e-01,9.965081214904785156e-01,2.394627630710601807e-01,3.574680909514427185e-02,1.801271736621856689e-01,9.937136769294738770e-01,1.096454113721847534e-01,2.260899730026721954e-02,-1.035093218088150024e-01,9.767808914184570312e-01,-1.875767558813095093e-01,-4.265096411108970642e-02,1.840573400259017944e-01,9.819898009300231934e-01,1.131118834018707275e-01,5.485086441040039062e-01,-1.181786656379699707e-01,1.000000000000000000e+00,0.000000000000000000e+00,3.199990987777709961e-01,-1.409889012575149536e-01,9.965081214904785156e-01,2.394627630710601807e-01,3.574680909514427185e-02,1.801271736621856689e-01,1.000000000000000000e+00,4.266249239444732666e-01,1.332905888557434082e-01,7.470510005950927734e-01,8.285837173461914062e-01,-5.237864255905151367e-01,2.971460856497287750e-02,1.000000000000000000e+00,2.482757806777954102e+00,-1.739836484193801880e-01,8.224179148674011230e-01,-6.778273582458496094e-01,3.278290629386901855e-01,8.580029010772705078e-02,1.000000000000000000e+00,2.796617746353149414e+00,1.750756651163101196e-01,1.111206531524658203e+00,-6.353006958961486816e-01,-4.644676744937896729e-01,-3.927917182445526123e-01,1.000000000000000000e+00,1.000000000000000000e+00,0.000000000000000000e+00,0.000000000000000000e+00,1.000000000000000000e+00,4.266249239444732666e-01,1.332905888557434082e-01,7.470510005950927734e-01,8.285837173461914062e-01,-5.237864255905151367e-01,2.971460856497287750e-02,9.947459697723388672e-01,1.008144468069076538e-01,-1.780433580279350281e-02,-1.003869920969009399e-01,9.946718215942382812e-01,2.346287295222282410e-02,2.007486671209335327e-02,-2.155227214097976685e-02,9.995661973953247070e-01,1.181722953915596008e-01,-1.173512563109397888e-01,1.393555081449449062e-03,0.000000000000000000e+00,1.000000000000000000e+00,3.199990987777709961e-01,-1.409889012575149536e-01,9.965081214904785156e-01,2.394627630710601807e-01,3.574680909514427185e-02,1.801271736621856689e-01,1.000000000000000000e+00,4.266249239444732666e-01,1.332905888557434082e-01,7.470510005950927734e-01,8.285837173461914062e-01,-5.237864255905151367e-01,2.971460856497287750e-02,1.000000000000000000e+00,2.482757806777954102e+00,-1.739836484193801880e-01,8.224179148674011230e-01,-6.778273582458496094e-01,3.278290629386901855e-01,8.580029010772705078e-02,1.000000000000000000e+00,2.796617746353149414e+00,1.750756651163101196e-01,1.111206531524658203e+00,-6.353006958961486816e-01,-4.644676744937896729e-01,-3.927917182445526123e-01,1.000000000000000000e+00,1.000000000000000000e+00,0.000000000000000000e+00,0.000000000000000000e+00,1.000000000000000000e+00,2.482757806777954102e+00,-1.739836484193801880e-01,8.224179148674011230e-01,-6.778273582458496094e-01,3.278290629386901855e-01,8.580029010772705078e-02,-4.411928003340113633e-03,-1.975000184179398488e-02,-1.223668224866331089e-04,1.000000000000000000e+00,2.796617746353149414e+00,1.750756651163101196e-01,1.111206531524658203e+00,-6.353006958961486816e-01,-4.644676744937896729e-01,-3.927917182445526123e-01,7.281303532112035071e-02,-1.990196725975668102e-02,-1.297098933388182718e-03,1.000000000000000000e+00,2.000000029802322388e-01,1.297441124916076660e-01,-1.000000014901161194e-01,4.069228768348693848e-01,4.085359629243612289e-03,-3.388661146163940430e-02,-1.000000014901161194e-01,4.471255540847778320e-01,6.045937538146972656e-02,-1.626563072204589844e-02,-9.846687316894531250e-04,4.139849841594696045e-01,2.645015716552734375e-02,-2.411007881164550781e-02,-6.377696990966796875e-04,4.220349192619323730e-01
1.040000000000000036e+00,3.248190283775329590e-01,-1.406224220991134644e-01,1.000139117240905762e+00,2.432502508163452148e-01,-2.942990511655807495e-03,1.827454566955566406e-01,9.931392073631286621e-01,1.120734438300132751e-01,3.338155150413513184e-02,-1.037410572171211243e-01,9.761320352554321289e-01,-1.907990574836730957e-01,-5.396830290555953979e-02,1.860269606113433838e-01,9.810614585876464844e-01,9.752383828163146973e-02,5.627039670944213867e-01,-1.183131635189056396e-01,1.000000000000000000e+00,0.000000000000000000e+00,3.248190283775329590e-01,-1.406224220991134644e-01,1.000139117240905762e+00,2.432502508163452148e-01,-2.942990511655807495e-03,1.827454566955566406e-01,1.000000000000000000e+00,4.431045651435852051e-01,1.228949725627899170e-01,7.478449344635009766e-01,8.182841539382934570e-01,-5.149987339973449707e-01,5.164000019431114197e-02,1.000000000000000000e+00,2.469212055206298828e+00,-1.674456894397735596e-01,8.241773843765258789e-01,-6.765691637992858887e-01,3.254535794258117676e-01,9.069837629795074463e-02,1.000000000000000000e+00,2.783918857574462891e+00,1.656890958547592163e-01,1.103428125381469727e+00,-6.345139741897583008e-01,-4.750430285930633545e-01,-3.839263021945953369e-01,1.000000000000000000e+00,1.000000000000000000e+00,0.000000000000000000e+00,0.000000000000000000e+00,1.000000000000000000e+00,4.431045651435852051e-01,1.228949725627899170e-01,7.478449344635009766e-01,8.182841539382934570e-01,-5.149987339973449707e-01,5.164000019431114197e-02,9.947089552879333496e-01,1.007277742028236389e-01,-2.019754983484745026e-02,-1.003049537539482117e-01,9.947359561920166016e-01,2.095793373882770538e-02,2.220227383077144623e-02,-1.882112957537174225e-02,9.995763301849365234e-01,1.608899384737014771e-01,-9.329474717378616333e-02,2.048734342679381371e-03,0.000000000000000000e+00,1.000000000000000000e+00,3.248190283775329590e-01,-1.406224220991134644e-01,1.000139117240905762e+00,2.432502508163452148e-01,-2.942990511655807495e-03,1.827454566955566406e-01,1.000000000000000000e+00,4.431045651435852051e-01,1.228949725627899170e-01,7.478449344635009766e-01,8.182841539382934570e-01,-5.149987339973449707e-01,5.164000019431114197e-02,1.000000000000000000e+00,2.469212055206298828e+00,-1.674456894397735596e-01,8.241773843765258789e-01,-6.765691637992858887e-01,3.254535794258117676e-01,9.069837629795074463e-02,1.000000000000000000e+00,2.783918857574462891e+00,1.656890958547592163e-01,1.103428125381469727e+00,-6.345139741897583008e-01,-4.750430285930633545e-01,-3.839263021945953369e-01,1.000000000000000000e+00,1.000000000000000000e+00,0.000000000000000000e+00,0.000000000000000000e+00,1.000000000000000000e+00,2.469212055206298828e+00,-1.674456894397735596e-01,8.241773843765258789e-01,-6.765691637992858887e-01,3.254535794258117676e-01,9.069837629795074463e-02,3.993484197945691358e-03,-1.922180288545050075e-02,-3.082705208947789446e-04,1.000000000000000000e+00,2.783918857574462891e+00,1.656890958547592163e-01,1.103428125381469727e+00,-6.345139741897583008e-01,-4.750430285930633545e-01,-3.839263021945953369e-01,6.665164724827352116e-02,-2.039241258797774847e-02,-1.171146789997919158e-03,1.000000000000000000e+00,2.000000029802322388e-01,1.430357247591018677e-01,-1.000000014901161194e-01,4.038889110088348389e-01,1.544264610856771469e-02,-3.161662817001342773e-02,-1.000000014901161194e-01,4.437213540077209473e-01,7.046437263488769531e-02,-1.657509803771972656e-02,-1.169919967651367188e-03,4.145262241363525391e-01,2.084398269653320312e-02,-2.542519569396972656e-02,-5.300045013427734375e-04,4.243715107440948486e-01
1.060000000000000053e+00,3.297334909439086914e-01,-1.410283595323562622e-01,1.003797173500061035e+00,2.491301596164703369e-01,-4.147863015532493591e-02,1.826193183660507202e-01,9.924243092536926270e-01,1.145206317305564880e-01,4.448828846216201782e-02,-1.038866266608238220e-01,9.755360484123229980e-01,-1.937451809644699097e-01,-6.558774411678314209e-02,1.876556724309921265e-01,9.800427556037902832e-01,8.178135007619857788e-02,5.789557695388793945e-01,-1.191650629043579102e-01,1.000000000000000000e+00,0.000000000000000000e+00,3.297334909439086914e-01,-1.410283595323562622e-01,1.003797173500061035e+00,2.491301596164703369e-01,-4.147863015532493591e-02,1.826193183660507202e-01,1.000000000000000000e+00,4.593746960163116455e-01,1.126689016819000244e-01,7.490648031234741211e-01,8.076051473617553711e-01,-5.069386959075927734e-01,7.214323431253433228e-02,1.000000000000000000e+00,2.455692768096923828e+00,-1.609703898429870605e-01,8.260379433631896973e-01,-6.752333045005798340e-01,3.213849663734436035e-01,9.594238549470901489e-02,1.000000000000000000e+00,2.771234512329101562e+00,1.561021059751510620e-01,1.095839738845825195e+00,-6.338710784912109375e-01,-4.843866229057312012e-01,-3.736724555492401123e-01,1.000000000000000000e+00,1.000000000000000000e+00,0.000000000000000000e+00,0.000000000000000000e+00,1.000000000000000000e+00,4.593746960163116455e-01,1.126689016819000244e-01,7.490648031234741211e-01,8.076051473617553711e-01,-5.069386959075927734e-01,7.214323431253433228e-02,9.946790337562561035e-01,1.006038114428520203e-01,-2.219787240028381348e-02,-1.002271547913551331e-01,9.948111772537231445e-01,1.747713051736354828e-02,2.384095638990402222e-02,-1.515930332243442535e-02,9.996009469032287598e-01,2.133899778127670288e-01,-6.734690815210342407e-02,2.536167157813906670e-03,0.000000000000000000e+00,1.000000000000000000e+00,3.297334909439086914e-01,-1.410283595323562622e-01,1.003797173500061035e+00,2.491301596164703369e-01,-4.147863015532493591e-02,1.826193183660507202e-01,1.000000000000000000e+00,4.593746960163116455e-01,1.126689016819000244e-01,7.490648031234741211e-01,8.076051473617553711e-01,-5.069386959075927734e-01,7.214323431253433228e-02,1.000000000000000000e+00,2.455692768096923828e+00,-1.609703898429870605e-01,8.260379433631896973e-01,-6.752333045005798340e-01,3.213849663734436035e-01,9.594238549470901489e-02,1.000000000000000000e+00,2.771234512329101562e+00,1.561021059751510620e-01,1.095839738845825195e+00,-6.338710784912109375e-01,-4.843866229057312012e-01,-3.736724555492401123e-01,1.000000000000000000e+00,1.000000000000000000e+00,0.000000000000000000e+00,0.000000000000000000e+00,1.000000000000000000e+00,2.455692768096923828e+00,-1.609703898429870605e-01,8.260379433631896973e-01,-6.752333045005798340e-01,3.213849663734436035e-01,9.594238549470901489e-02,1.260377947725252121e-02,-1.881171943356640952e-02,-4.863765626030355088e-04,1.000000000000000000e+00,2.771234512329101562e+00,1.561021059751510620e-01,1.095839738845825195e+00,-6.338710784912109375e-01,-4.843866229057312012e-01,-3.736724555492401123e-01,6.052375889979642876e-02,-2.100966915464752560e-02,-1.051250815725584403e-03,1.000000000000000000e+00,2.000000029802322388e-01,1.557599753141403198e-01,-1.000000014901161194e-01,4.023452401161193848e-01,2.858056686818599701e-02,-2.893415093421936035e-02,-1.000000014901161194e-01,4.384156167507171631e-01,8.073735237121582031e-02,-1.689910888671875000e-02,-1.367330551147460938e-03,4.148758351802825928e-01,1.574611663818359375e-02,-2.665209770202636719e-02,-4.196166992187500000e-04,4.264302849769592285e-01
1.080000000000000071e+00,3.347844779491424561e-01,-1.422036588191986084e-01,1.007430911064147949e+00,2.571170032024383545e-01,-7.986922562122344971e-02,1.801460832357406616e-01,9.915586113929748535e-01,1.169880405068397522e-01,5.590598657727241516e-02,-1.039581969380378723e-01,9.749911427497863770e-01,-1.964308172464370728e-01,-7.748789340257644653e-02,1.889607757329940796e-01,9.789226651191711426e-01,6.819370388984680176e-02,5.903462767601013184e-01,-1.199764981865882874e-01,1.000000000000000000e+00,0.000000000000000000e+00,3.347844779491424561e-01,-1.422036588191986084e-01,1.007430911064147949e+00,2.571170032024383545e-01,-7.986922562122344971e-02,1.801460832357406616e-01,1.000000000000000000e+00,4.754285216331481934e-01,1.025958955287933350e-01,7.506804466247558594e-01,7.966484427452087402e-01,-4.998283088207244873e-01,9.100462496280670166e-02,1.000000000000000000e+00,2.442200660705566406e+00,-1.545919626951217651e-01,8.280060887336730957e-01,-6.738420724868774414e-01,3.155886232852935791e-01,1.014760360121726990e-01,1.000000000000000000e+00,2.758561611175537109e+00,1.463393419981002808e-01,1.088468194007873535e+00,-6.333946585655212402e-01,-4.924989342689514160e-01,-3.621170818805694580e-01,1.000000000000000000e+00,1.000000000000000000e+00,0.000000000000000000e+00,0.000000000000000000e+00,1.000000000000000000e+00,4.754285216331481934e-01,1.025958955287933350e-01,7.506804466247558594e-01,7.966484427452087402e-01,-4.998283088207244873e-01,9.100462496280670166e-02,9.946593642234802246e-01,1.004399359226226807e-01,-2.376433275640010834e-02,-1.001574248075485229e-01,9.948893785476684570e-01,1.279649604111909866e-02,2.492815814912319183e-02,-1.034798007458448410e-02,9.996357560157775879e-01,2.764872908592224121e-01,-3.807867318391799927e-02,2.733741188421845436e-03,0.000000000000000000e+00,1.000000000000000000e+00,3.347844779491424561e-01,-1.422036588191986084e-01,1.007430911064147949e+00,2.571170032024383545e-01,-7.986922562122344971e-02,1.801460832357406616e-01,1.000000000000000000e+00,4.754285216331481934e-01,1.025958955287933350e-01,7.506804466247558594e-01,7.966484427452087402e-01,-4.998283088207244873e-01,9.100462496280670166e-02,1.000000000000000000e+00,2.442200660705566406e+00,-1.545919626951217651e-01,8.280060887336730957e-01,-6.738420724868774414e-01,3.155886232852935791e-01,1.014760360121726990e-01,1.000000000000000000e+00,2.758561611175537109e+00,1.463393419981002808e-01,1.088468194007873535e+00,-6.333946585655212402e-01,-4.924989342689514160e-01,-3.621170818805694580e-01,1.000000000000000000e+00,1.000000000000000000e+00,0.000000000000000000e+00,0.000000000000000000e+00,1.000000000000000000e+00,2.442200660705566406e+00,-1.545919626951217651e-01,8.280060887336730957e-01,-6.738420724868774414e-01,3.155886232852935791e-01,1.014760360121726990e-01,2.142207088633130488e-02,-1.850730129252853295e-02,-6.604347672880470088e-04,1.000000000000000000e+00,2.758561611175537109e+00,1.463393419981002808e-01,1.088468194007873535e+00,-6.333946585655212402e-01,-4.924989342689514160e-01,-3.621170818805694580e-01,5.448962323091467719e-02,-2.172497248348537191e-02,-9.346186930838142060e-04,1.000000000000000000e+00,2.000000029802322388e-01,1.680766940116882324e-01,-1.000000014901161194e-01,4.013620615005493164e-01,4.306602850556373596e-02,-2.616700343787670135e-02,-1.000000014901161194e-01,4.272982776165008545e-01,9.131908416748046875e-02,-1.721286773681640625e-02,-1.576185226440429688e-03,4.150555729866027832e-01,1.123046875000000000e-02,-2.776932716369628906e-02,-3.118515014648437500e-04,4.281744658946990967e-01
1.100000000000000089e+00,3.400142788887023926e-01,-1.441456228494644165e-01,1.010996818542480469e+00,2.672213315963745117e-01,-1.181388273835182190e-01,1.757397055625915527e-01,9.905413985252380371e-01,1.194681078195571899e-01,6.749267131090164185e-02,-1.039800196886062622e-01,9.744893908500671387e-01,-1.988939493894577026e-01,-8.953236788511276245e-02,1.899947971105575562e-01,9.776942729949951172e-01,5.758831650018692017e-02,5.937740802764892578e-01,-1.204180717468261719e-01,1.000000000000000000e+00,0.000000000000000000e+00,3.400142788887023926e-01,-1.441456228494644165e-01,1.010996818542480469e+00,2.672213315963745117e-01,-1.181388273835182190e-01,1.757397055625915527e-01,1.000000000000000000e+00,4.912616312503814697e-01,9.265463799238204956e-02,7.526545524597167969e-01,7.855332493782043457e-01,-4.939292371273040771e-01,1.075786501169204712e-01,1.000000000000000000e+00,2.428736686706542969e+00,-1.483452767133712769e-01,8.300870060920715332e-01,-6.724154353141784668e-01,3.080303370952606201e-01,1.072302088141441345e-01,1.000000000000000000e+00,2.745896816253662109e+00,1.364253163337707520e-01,1.081338644027709961e+00,-6.331009268760681152e-01,-4.993935227394104004e-01,-3.493632674217224121e-01,1.000000000000000000e+00,1.000000000000000000e+00,0.000000000000000000e+00,0.000000000000000000e+00,1.000000000000000000e+00,4.912616312503814697e-01,9.265463799238204956e-02,7.526545524597167969e-01,7.855332493782043457e-01,-4.939292371273040771e-01,1.075786501169204712e-01,9.946525096893310547e-01,1.002375110983848572e-01,-2.487854659557342529e-02,-1.000990793108940125e-01,9.949546456336975098e-01,6.751869339495897293e-03,2.542981505393981934e-02,-4.225443582981824875e-03,9.996677637100219727e-01,3.437726199626922607e-01,-9.692233055830001831e-03,2.553398720920085907e-03,0.000000000000000000e+00,1.000000000000000000e+00,3.400142788887023926e-01,-1.441456228494644165e-01,1.010996818542480469e+00,2.672213315963745117e-01,-1.181388273835182190e-01,1.757397055625915527e-01,1.000000000000000000e+00,4.912616312503814697e-01,9.265463799238204956e-02,7.526545524597167969e-01,7.855332493782043457e-01,-4.939292371273040771e-01,1.075786501169204712e-01,1.000000000000000000e+00,2.428736686706542969e+00,-1.483452767133712769e-01,8.300870060920715332e-01,-6.724154353141784668e-01,3.080303370952606201e-01,1.072302088141441345e-01,1.000000000000000000e+00,2.745896816253662109e+00,1.364253163337707520e-01,1.081338644027709961e+00,-6.331009268760681152e-01,-4.993935227394104004e-01,-3.493632674217224121e-01,1.000000000000000000e+00,1.000000000000000000e+00,0.000000000000000000e+00,0.000000000000000000e+00,1.000000000000000000e+00,2.428736686706542969e+00,-1.483452767133712769e-01,8.300870060920715332e-01,-6.724154353141784668e-01,3.080303370952606201e-01,1.072302088141441345e-01,3.045886814903814993e-02,-1.829528098274368908e-02,-8.338402702789821097e-04,1.000000000000000000e+00,2.745896816253662109e+00,1.364253163337707520e-01,1.081338644027709961e+00,-6.331009268760681152e-01,-4.993935227394104004e-01,-3.493632674217224121e-01,4.861071484984566538e-02,-2.251050448338132171e-02,-8.195450034760298763e-04,1.000000000000000000e+00,2.000000029802322388e-01,1.797892749309539795e-01,-1.000000014901161194e-01,4.002510905265808105e-01,5.617892742156982422e-02,-2.230858057737350464e-02,-1.000000014901161194e-01,4.171517491340637207e-01,1.022479534149169922e-01,-1.748871803283691406e-02,-1.794338226318359375e-03,4.150926172733306885e-01,7.382154464721679688e-03,-2.874112129211425781e-02,-2.121925354003906250e-04,4.295094907283782959e-01
1.120000000000000107e+00,3.454651832580566406e-01,-1.468520760536193848e-01,1.014459848403930664e+00,2.794301211833953857e-01,-1.563064008951187134e-01,1.697252392768859863e-01,9.893801808357238770e-01,1.219484061002731323e-01,7.909352332353591919e-02,-1.039732396602630615e-01,9.740223884582519531e-01,-2.011721730232238770e-01,-1.015714779496192932e-01,1.908121109008789062e-01,9.763576388359069824e-01,4.923146218061447144e-02,5.908116102218627930e-01,-1.201737150549888611e-01,1.000000000000000000e+00,0.000000000000000000e+00,3.454651832580566406e-01,-1.468520760536193848e-01,1.014459848403930664e+00,2.794301211833953857e-01,-1.563064008951187134e-01,1.697252392768859863e-01,1.000000000000000000e+00,5.068718194961547852e-01,8.281851559877395630e-02,7.549332976341247559e-01,7.743785977363586426e-01,-4.895018637180328369e-01,1.210751011967658997e-01,1.000000000000000000e+00,2.415301322937011719e+00,-1.422658860683441162e-01,8.322845101356506348e-01,-6.709701418876647949e-01,2.986750602722167969e-01,1.131279766559600830e-01,1.000000000000000000e+00,2.733236074447631836e+00,1.263841539621353149e-01,1.074474215507507324e+00,-6.330001354217529297e-01,-5.050979852676391602e-01,-3.355326652526855469e-01,1.000000000000000000e+00,1.000000000000000000e+00,0.000000000000000000e+00,0.000000000000000000e+00,1.000000000000000000e+00,5.068718194961547852e-01,8.281851559877395630e-02,7.549332976341247559e-01,7.743785977363586426e-01,-4.895018637180328369e-01,1.210751011967658997e-01,9.946581125259399414e-01,1.000058650970458984e-01,-2.557503432035446167e-02,-1.000544875860214233e-01,9.949817657470703125e-01,-6.253125611692667007e-04,2.538415789604187012e-02,3.180869156494736671e-03,9.996727108955383301e-01,4.008293449878692627e-01,1.719488576054573059e-02,1.856608898378908634e-03,0.000000000000000000e+00,1.000000000000000000e+00,3.454651832580566406e-01,-1.468520760536193848e-01,1.014459848403930664e+00,2.794301211833953857e-01,-1.563064008951187134e-01,1.697252392768859863e-01,1.000000000000000000e+00,5.068718194961547852e-01,8.281851559877395630e-02,7.549332976341247559e-01,7.743785977363586426e-01,-4.895018637180328369e-01,1.210751011967658997e-01,1.000000000000000000e+00,2.415301322937011719e+00,-1.422658860683441162e-01,8.322845101356506348e-01,-6.709701418876647949e-01,2.986750602722167969e-01,1.131279766559600830e-01,1.000000000000000000e+00,2.733236074447631836e+00,1.263841539621353149e-01,1.074474215507507324e+00,-6.330001354217529297e-01,-5.050979852676391602e-01,-3.355326652526855469e-01,1.000000000000000000e+00,1.000000000000000000e+00,0.000000000000000000e+00,0.000000000000000000e+00,1.000000000000000000e+00,2.415301322937011719e+00,-1.422658860683441162e-01,8.322845101356506348e-01,-6.709701418876647949e-01,2.986750602722167969e-01,1.131279766559600830e-01,3.973066430382349301e-02,-1.816039462556262585e-02,-1.009384507871795289e-03,1.000000000000000000e+00,2.733236074447631836e+00,1.263841539621353149e-01,1.074474215507507324e+00,-6.330001354217529297e-01,-5.050979852676391602e-01,-3.355326652526855469e-01,4.295132650158127452e-02,-2.333901065047738754e-02,-7.054357317600040700e-04,1.000000000000000000e+00,1.999999880790710449e-01,1.903223991394042969e-01,-1.000000014901161194e-01,3.992227315902709961e-01,6.914097815752029419e-02,-1.717229373753070831e-02,-1.000000014901161194e-01,4.091395437717437744e-01,1.135540008544921875e-01,-1.769924163818359375e-02,-2.018451690673828125e-03,4.150085747241973877e-01,4.284620285034179688e-03,-2.953171730041503906e-02,-1.266002655029296875e-04,4.303195774555206299e-01
1.140000000000000124e+00,3.511789143085479736e-01,-1.503210514783859253e-01,1.017790079116821289e+00,2.937068641185760498e-01,-1.943809986114501953e-01,1.623327881097793579e-01,9.880873560905456543e-01,1.244077235460281372e-01,9.058903157711029053e-02,-1.039442718029022217e-01,9.735861420631408691e-01,-2.032875716686248779e-01,-1.134867519140243530e-01,1.914496421813964844e-01,9.749194979667663574e-01,4.207780957221984863e-02,5.821375846862792969e-01,-1.186704263091087341e-01,1.000000000000000000e+00,0.000000000000000000e+00,3.511789143085479736e-01,-1.503210514783859253e-01,1.017790079116821289e+00,2.937068641185760498e-01,-1.943809986114501953e-01,1.623327881097793579e-01,1.000000000000000000e+00,5.222594141960144043e-01,7.305616140365600586e-02,7.574512362480163574e-01,7.632883787155151367e-01,-4.867443740367889404e-01,1.311356127262115479e-01,1.000000000000000000e+00,2.401894807815551758e+00,-1.363900452852249146e-01,8.346007466316223145e-01,-6.695197224617004395e-01,2.874859869480133057e-01,1.190885826945304871e-01,1.000000000000000000e+00,2.720575571060180664e+00,1.162393316626548767e-01,1.067895174026489258e+00,-6.330962181091308594e-01,-5.096549391746520996e-01,-3.207718729972839355e-01,1.000000000000000000e+00,1.000000000000000000e+00,0.000000000000000000e+00,0.000000000000000000e+00,1.000000000000000000e+00,5.222594141960144043e-01,7.305616140365600586e-02,7.574512362480163574e-01,7.632883787155151367e-01,-4.867443740367889404e-01,1.311356127262115479e-01,9.946760535240173340e-01,9.976657480001449585e-02,-2.581114135682582855e-02,-1.000275984406471252e-01,9.949437379837036133e-01,-9.024276398122310638e-03,2.478031255304813385e-02,1.155805867165327072e-02,9.996261000633239746e-01,4.390778243541717529e-01,4.742840304970741272e-02,4.664018924813717604e-04,0.000000000000000000e+00,1.000000000000000000e+00,3.511789143085479736e-01,-1.503210514783859253e-01,1.017790079116821289e+00,2.937068641185760498e-01,-1.943809986114501953e-01,1.623327881097793579e-01,1.000000000000000000e+00,5.222594141960144043e-01,7.305616140365600586e-02,7.574512362480163574e-01,7.632883787155151367e-01,-4.867443740367889404e-01,1.311356127262115479e-01,1.000000000000000000e+00,2.401894807815551758e+00,-1.363900452852249146e-01,8.346007466316223145e-01,-6.695197224617004395e-01,2.874859869480133057e-01,1.190885826945304871e-01,1.000000000000000000e+00,2.720575571060180664e+00,1.162393316626548767e-01,1.067895174026489258e+00,-6.330962181091308594e-01,-5.096549391746520996e-01,-3.207718729972839355e-01,1.000000000000000000e+00,1.000000000000000000e+00,0.000000000000000000e+00,0.000000000000000000e+00,1.000000000000000000e+00,2.401894807815551758e+00,-1.363900452852249146e-01,8.346007466316223145e-01,-6.695197224617004395e-01,2.874859869480133057e-01,1.190885826945304871e-01,4.925684160925328237e-02,-1.808488205960134820e-02,-1.189155902592716613e-03,1.000000000000000000e+00,2.720575571060180664e+00,1.162393316626548767e-01,1.067895174026489258e+00,-6.330962181091308594e-01,-5.096549391746520996e-01,-3.207718729972839355e-01,3.757941264920064417e-02,-2.418272664124332394e-02,-5.927711844258033713e-04,1.000000000000000000e+00,1.999999880790710449e-01,1.994148492813110352e-01,-1.000000014901161194e-01,3.977850079536437988e-01,8.033401519060134888e-02,-1.024662703275680542e-02,-1.000000014901161194e-01,4.043503105640411377e-01,1.252577304840087891e-01,-1.781749725341796875e-02,-2.243518829345703125e-03,4.148181080818176270e-01,2.001285552978515625e-03,-3.012561798095703125e-02,-6.031990051269531250e-05,4.305496811866760254e-01
1.159999999999999920e+00,3.571963608264923096e-01,-1.545506417751312256e-01,1.020960927009582520e+00,3.099927306175231934e-01,-2.323593050241470337e-01,1.537105441093444824e-01,9.866838455200195312e-01,1.268144547939300537e-01,1.018493771553039551e-01,-1.038928255438804626e-01,9.731809496879577637e-01,-2.052445858716964722e-01,-1.251458376646041870e-01,1.919300705194473267e-01,9.733968973159790039e-01,3.562354296445846558e-02,5.658643841743469238e-01,-1.154588535428047180e-01,1.000000000000000000e+00,0.000000000000000000e+00,3.571963608264923096e-01,-1.545506417751312256e-01,1.020960927009582520e+00,3.099927306175231934e-01,-2.323593050241470337e-01,1.537105441093444824e-01,1.000000000000000000e+00,5.374265909194946289e-01,6.333304941654205322e-02,7.601396441459655762e-01,7.523688673973083496e-01,-4.857680201530456543e-01,1.378516703844070435e-01,1.000000000000000000e+00,2.388517618179321289e+00,-1.307547688484191895e-01,8.370361328125000000e-01,-6.680735945701599121e-01,2.744244039058685303e-01,1.250301003456115723e-01,1.000000000000000000e+00,2.707911252975463867e+00,1.060132831335067749e-01,1.061618089675903320e+00,-6.333859562873840332e-01,-5.131229758262634277e-01,-3.052550852298736572e-01,1.000000000000000000e+00,1.000000000000000000e+00,0.000000000000000000e+00,0.000000000000000000e+00,1.000000000000000000e+00,5.374265909194946289e-01,6.333304941654205322e-02,7.601396441459655762e-01,7.523688673973083496e-01,-4.857680201530456543e-01,1.378516703844070435e-01,9.947075247764587402e-01,9.954928606748580933e-02,-2.543817088007926941e-02,-1.000232622027397156e-01,9.948207736015319824e-01,-1.809064857661724091e-02,2.350550517439842224e-02,2.053931169211864471e-02,9.995127916336059570e-01,4.594671130180358887e-01,8.585009723901748657e-02,-1.855879672802984715e-03,0.000000000000000000e+00,1.000000000000000000e+00,3.571963608264923096e-01,-1.545506417751312256e-01,1.020960927009582520e+00,3.099927306175231934e-01,-2.323593050241470337e-01,1.537105441093444824e-01,1.000000000000000000e+00,5.374265909194946289e-01,6.333304941654205322e-02,7.601396441459655762e-01,7.523688673973083496e-01,-4.857680201530456543e-01,1.378516703844070435e-01,1.000000000000000000e+00,2.388517618179321289e+00,-1.307547688484191895e-01,8.370361328125000000e-01,-6.680735945701599121e-01,2.744244039058685303e-01,1.250301003456115723e-01,1.000000000000000000e+00,2.707911252975463867e+00,1.060132831335067749e-01,1.061618089675903320e+00,-6.333859562873840332e-01,-5.131229758262634277e-01,-3.052550852298736572e-01,1.000000000000000000e+00,1.000000000000000000e+00,0.000000000000000000e+00,0.000000000000000000e+00,1.000000000000000000e+00,2.388517618179321289e+00,-1.307547688484191895e-01,8.370361328125000000e-01,-6.680735945701599121e-01,2.744244039058685303e-01,1.250301003456115723e-01,5.905738853571314978e-02,-1.804889548013410838e-02,-1.374286740406599483e-03,1.000000000000000000e+00,2.707911252975463867e+00,1.060132831335067749e-01,1.061618089675903320e+00,-6.333859562873840332e-01,-5.131229758262634277e-01,-3.052550852298736572e-01,3.256598171167353339e-02,-2.501267218496328049e-02,-4.830174083737710788e-04,1.000000000000000000e+00,1.999999731779098511e-01,1.998568028211593628e-01,-1.000000014901161194e-01,3.955278992652893066e-01,8.938591927289962769e-02,-1.810936606489121914e-03,-1.000000014901161194e-01,4.024249315261840820e-01,1.373696327209472656e-01,-1.781868934631347656e-02,-2.463102340698242188e-03,4.145290255546569824e-01,5.676746368408203125e-04,-3.052783012390136719e-02,-1.740455627441406250e-05,4.302132725715637207e-01
1.179999999999999938e+00,3.635569512844085693e-01,-1.595387756824493408e-01,1.023948907852172852e+00,3.281897604465484619e-01,-2.702147066593170166e-01,1.438958197832107544e-01,9.852232933044433594e-01,1.290774047374725342e-01,1.125800535082817078e-01,-1.037951186299324036e-01,9.728140830993652344e-01,-2.070255130529403687e-01,-1.362417638301849365e-01,1.922810822725296021e-01,9.718366265296936035e-01,2.990215085446834564e-02,5.189464688301086426e-01,-1.049208268523216248e-01,1.000000000000000000e+00,0.000000000000000000e+00,3.635569512844085693e-01,-1.595387756824493408e-01,1.023948907852172852e+00,3.281897604465484619e-01,-2.702147066593170166e-01,1.438958197832107544e-01,1.000000000000000000e+00,5.523777604103088379e-01,5.361307039856910706e-02,7.629354000091552734e-01,7.417483329772949219e-01,-4.866162836551666260e-01,1.416820287704467773e-01,1.000000000000000000e+00,2.375169038772583008e+00,-1.253978610038757324e-01,8.395894765853881836e-01,-6.666372418403625488e-01,2.594498097896575928e-01,1.308708041906356812e-01,1.000000000000000000e+00,2.695239543914794922e+00,9.572713822126388550e-02,1.055657148361206055e+00,-6.338590979576110840e-01,-5.155778527259826660e-01,-2.891801595687866211e-01,1.000000000000000000e+00,1.000000000000000000e+00,0.000000000000000000e+00,0.000000000000000000e+00,1.000000000000000000e+00,5.523777604103088379e-01,5.361307039856910706e-02,7.629354000091552734e-01,7.417483329772949219e-01,-4.866162836551666260e-01,1.416820287704467773e-01,9.947533011436462402e-01,9.938938915729522705e-02,-2.424221858382225037e-02,-1.000443249940872192e-01,9.946031570434570312e-01,-2.748982235789299011e-02,2.137919142842292786e-02,2.977088838815689087e-02,9.993280768394470215e-01,4.622227549552917480e-01,1.331107914447784424e-01,-5.212118849158287048e-03,0.000000000000000000e+00,1.000000000000000000e+00,3.635569512844085693e-01,-1.595387756824493408e-01,1.023948907852172852e+00,3.281897604465484619e-01,-2.702147066593170166e-01,1.438958197832107544e-01,1.000000000000000000e+00,5.523777604103088379e-01,5.361307039856910706e-02,7.629354000091552734e-01,7.417483329772949219e-01,-4.866162836551666260e-01,1.416820287704467773e-01,1.000000000000000000e+00,2.375169038772583008e+00,-1.253978610038757324e-01,8.395894765853881836e-01,-6.666372418403625488e-01,2.594498097896575928e-01,1.308708041906356812e-01,1.000000000000000000e+00,2.695239543914794922e+00,9.572713822126388550e-02,1.055657148361206055e+00,-6.338590979576110840e-01,-5.155778527259826660e-01,-2.891801595687866211e-01,1.000000000000000000e+00,1.000000000000000000e+00,0.000000000000000000e+00,0.000000000000000000e+00,1.000000000000000000e+00,2.375169038772583008e+00,-1.253978610038757324e-01,8.395894765853881836e-01,-6.666372418403625488e-01,2.594498097896575928e-01,1.308708041906356812e-01,6.915116148999728152e-02,-1.803158263992932220e-02,-1.564959996884079940e-03,1.000000000000000000e+00,2.695239543914794922e+00,9.572713822126388550e-02,1.055657148361206055e+00,-6.338590979576110840e-01,-5.155778527259826660e-01,-2.891801595687866211e-01,2.798192738477202346e-02,-2.580025521215345563e-02,-3.785195859457492901e-04,1.000000000000000000e+00,2.000000029802322388e-01,1.999956965446472168e-01,-1.000000014901161194e-01,3.900706768035888672e-01,9.714255481958389282e-02,8.201768621802330017e-03,-1.000000014901161194e-01,4.028744399547576904e-01,1.498851776123046875e-01,-1.767945289611816406e-02,-2.669811248779296875e-03,4.141373038291931152e-01,-2.384185791015625000e-06,-3.075766563415527344e-02,0.000000000000000000e+00,4.293832480907440186e-01
1.199999999999999956e+00,3.702971935272216797e-01,-1.652823686599731445e-01,1.026728749275207520e+00,3.480728268623352051e-01,-3.078608810901641846e-01,1.326953023672103882e-01,9.838319420814514160e-01,1.310851424932479858e-01,1.220307424664497375e-01,-1.037046834826469421e-01,9.724943637847900391e-01,-2.085669785737991333e-01,-1.460142284631729126e-01,1.925396770238876343e-01,9.703651070594787598e-01,2.510371617972850800e-02,4.367124140262603760e-01,-9.059129655361175537e-02,1.000000000000000000e+00,0.000000000000000000e+00,3.702971935272216797e-01,-1.652823686599731445e-01,1.026728749275207520e+00,3.480728268623352051e-01,-3.078608810901641846e-01,1.326953023672103882e-01,1.000000000000000000e+00,5.671203136444091797e-01,4.385972768068313599e-02,7.657865285873413086e-01,7.315853834152221680e-01,-4.892812371253967285e-01,1.432909518480300903e-01,1.000000000000000000e+00,2.361849069595336914e+00,-1.203579604625701904e-01,8.422582149505615234e-01,-6.652119755744934082e-01,2.425202727317810059e-01,1.365294754505157471e-01,1.000000000000000000e+00,2.682556867599487305e+00,8.540035039186477661e-02,1.050020933151245117e+00,-6.344989538192749023e-01,-5.171122550964355469e-01,-2.727586925029754639e-01,1.000000000000000000e+00,1.000000000000000000e+00,0.000000000000000000e+00,0.000000000000000000e+00,1.000000000000000000e+00,5.671203136444091797e-01,4.385972768068313599e-02,7.657865285873413086e-01,7.315853834152221680e-01,-4.892812371253967285e-01,1.432909518480300903e-01,9.948109388351440430e-01,9.932516515254974365e-02,-2.204055525362491608e-02,-1.000911742448806763e-01,9.942936301231384277e-01,-3.690518066287040710e-02,1.824917085468769073e-02,3.891974315047264099e-02,9.990757107734680176e-01,4.507485926151275635e-01,1.861271262168884277e-01,-9.671147912740707397e-03,0.000000000000000000e+00,1.000000000000000000e+00,3.702971935272216797e-01,-1.652823686599731445e-01,1.026728749275207520e+00,3.480728268623352051e-01,-3.078608810901641846e-01,1.326953023672103882e-01,1.000000000000000000e+00,5.671203136444091797e-01,4.385972768068313599e-02,7.657865285873413086e-01,7.315853834152221680e-01,-4.892812371253967285e-01,1.432909518480300903e-01,1.000000000000000000e+00,2.361849069595336914e+00,-1.203579604625701904e-01,8.422582149505615234e-01,-6.652119755744934082e-01,2.425202727317810059e-01,1.365294754505157471e-01,1.000000000000000000e+00,2.682556867599487305e+00,8.540035039186477661e-02,1.050020933151245117e+00,-6.344989538192749023e-01,-5.171122550964355469e-01,-2.727586925029754639e-01,1.000000000000000000e+00,1.000000000000000000e+00,0.000000000000000000e+00,0.000000000000000000e+00,1.000000000000000000e+00,2.361849069595336914e+00,-1.203579604625701904e-01,8.422582149505615234e-01,-6.652119755744934082e-01,2.425202727317810059e-01,1.365294754505157471e-01,7.955529206737818604e-02,-1.801178130882918893e-02,-1.760318826242480983e-03,1.000000000000000000e+00,2.682556867599487305e+00,8.540035039186477661e-02,1.050020933151245117e+00,-6.344989538192749023e-01,-5.171122550964355469e-01,-2.727586925029754639e-01,2.389345315182737212e-02,-2.652095085131755958e-02,-2.823212280206668923e-04,1.000000000000000000e+00,2.000000029802322388e-01,1.999998241662979126e-01,-1.000000014901161194e-01,3.811267316341400146e-01,1.030096337199211121e-01,1.877942681312561035e-02,-1.000000014901161194e-01,4.038988053798675537e-01,1.627693176269531250e-01,-1.738619804382324219e-02,-2.855062484741210938e-03,4.136089682579040527e-01,2.870559692382812500e-04,-3.084301948547363281e-02,-8.821487426757812500e-06,4.281690120697021484e-01
1.219999999999999973e+00,3.774474561214447021e-01,-1.717758029699325562e-01,1.029268264770507812e+00,3.692446053028106689e-01,-3.451273739337921143e-01,1.195959001779556274e-01,9.826098680496215820e-01,1.327876299619674683e-01,1.297901868820190430e-01,-1.036662161350250244e-01,9.722235202789306641e-01,-2.098449766635894775e-01,-1.540498733520507812e-01,1.927408576011657715e-01,9.690819382667541504e-01,2.125995233654975891e-02,3.528172075748443604e-01,-7.498230785131454468e-02,1.000000000000000000e+00,0.000000000000000000e+00,3.774474561214447021e-01,-1.717758029699325562e-01,1.029268264770507812e+00,3.692446053028106689e-01,-3.451273739337921143e-01,1.195959001779556274e-01,1.000000000000000000e+00,5.816650986671447754e-01,3.403704613447189331e-02,7.686549425125122070e-01,7.220632433891296387e-01,-4.937175214290618896e-01,1.433485299348831177e-01,1.000000000000000000e+00,2.348557472229003906e+00,-1.156745627522468567e-01,8.450378775596618652e-01,-6.637947559356689453e-01,2.235930711030960083e-01,1.419227272272109985e-01,1.000000000000000000e+00,2.669860124588012695e+00,7.505036890506744385e-02,1.044714689254760742e+00,-6.352837085723876953e-01,-5.178343057632446289e-01,-2.562032341957092285e-01,1.000000000000000000e+00,1.000000000000000000e+00,0.000000000000000000e+00,0.000000000000000000e+00,1.000000000000000000e+00,5.816650986671447754e-01,3.403704613447189331e-02,7.686549425125122070e-01,7.220632433891296387e-01,-4.937175214290618896e-01,1.433485299348831177e-01,9.948721528053283691e-01,9.938973188400268555e-02,-1.874101907014846802e-02,-1.001613587141036987e-01,9.939025044441223145e-01,-4.610473290085792542e-02,1.404440775513648987e-02,4.774544015526771545e-02,9.987608790397644043e-01,4.292451143264770508e-01,2.390948385000228882e-01,-1.490287575870752335e-02,0.000000000000000000e+00,1.000000000000000000e+00,3.774474561214447021e-01,-1.717758029699325562e-01,1.029268264770507812e+00,3.692446053028106689e-01,-3.451273739337921143e-01,1.195959001779556274e-01,1.000000000000000000e+00,5.816650986671447754e-01,3.403704613447189331e-02,7.686549425125122070e-01,7.220632433891296387e-01,-4.937175214290618896e-01,1.433485299348831177e-01,1.000000000000000000e+00,2.348557472229003906e+00,-1.156745627522468567e-01,8.450378775596618652e-01,-6.637947559356689453e-01,2.235930711030960083e-01,1.419227272272109985e-01,1.000000000000000000e+00,2.669860124588012695e+00,7.505036890506744385e-02,1.044714689254760742e+00,-6.352837085723876953e-01,-5.178343057632446289e-01,-2.562032341957092285e-01,1.000000000000000000e+00,1.000000000000000000e+00,0.000000000000000000e+00,0.000000000000000000e+00,1.000000000000000000e+00,2.348557472229003906e+00,-1.156745627522468567e-01,8.450378775596618652e-01,-6.637947559356689453e-01,2.235930711030960083e-01,1.419227272272109985e-01,9.028314774946641363e-02,-1.796850079196343763e-02,-1.958441249057273070e-03,1.000000000000000000e+00,2.669860124588012695e+00,7.505036890506744385e-02,1.044714689254760742e+00,-6.352837085723876953e-01,-5.178343057632446289e-01,-2.562032341957092285e-01,2.035753478717145654e-02,-2.715779237515847377e-02,-1.978599911416634161e-04,1.000000000000000000e+00,2.000000029802322388e-01,1.999999880790710449e-01,-1.000000014901161194e-01,3.725545406341552734e-01,1.060812994837760925e-01,2.493895776569843292e-02,-1.000000014901161194e-01,4.046170413494110107e-01,1.759457588195800781e-01,-1.694035530090332031e-02,-3.011465072631835938e-03,4.128628969192504883e-01,1.418590545654296875e-03,-3.081059455871582031e-02,-4.363059997558593750e-05,4.266853630542755127e-01
1.239999999999999991e+00,3.850295245647430420e-01,-1.790097653865814209e-01,1.031524777412414551e+00,3.912770152091979980e-01,-3.818350136280059814e-01,1.040540263056755066e-01,9.815692901611328125e-01,1.341769546270370483e-01,1.360826790332794189e-01,-1.036300882697105408e-01,9.719991683959960938e-01,-2.108995914459228516e-01,-1.605700850486755371e-01,1.929102838039398193e-01,9.679891467094421387e-01,1.811510510742664337e-02,2.915036678314208984e-01,-5.976860970258712769e-02,1.000000000000000000e+00,0.000000000000000000e+00,3.850295245647430420e-01,-1.790097653865814209e-01,1.031524777412414551e+00,3.912770152091979980e-01,-3.818350136280059814e-01,1.040540263056755066e-01,1.000000000000000000e+00,5.960267186164855957e-01,2.411022223532199860e-02,7.715144157409667969e-01,7.133705615997314453e-01,-4.998488724231719971e-01,1.423572748899459839e-01,1.000000000000000000e+00,2.335294246673583984e+00,-1.113880053162574768e-01,8.479222655296325684e-01,-6.623781919479370117e-01,2.026266604661941528e-01,1.469588279724121094e-01,1.000000000000000000e+00,2.657146453857421875e+00,6.469236314296722412e-02,1.039739370346069336e+00,-6.361887454986572266e-01,-5.178654193878173828e-01,-2.397188097238540649e-01,1.000000000000000000e+00,1.000000000000000000e+00,0.000000000000000000e+00,0.000000000000000000e+00,1.000000000000000000e+00,5.960267186164855957e-01,2.411022223532199860e-02,7.715144157409667969e-01,7.133705615997314453e-01,-4.998488724231719971e-01,1.423572748899459839e-01,9.949234127998352051e-01,9.959010034799575806e-02,-1.447070203721523285e-02,-1.002405807375907898e-01,9.934492707252502441e-01,-5.486819148063659668e-02,8.911577984690666199e-03,5.604019761085510254e-02,9.983888268470764160e-01,3.957298099994659424e-01,2.713994979858398438e-01,-1.887835375964641571e-02,0.000000000000000000e+00,1.000000000000000000e+00,3.850295245647430420e-01,-1.790097653865814209e-01,1.031524777412414551e+00,3.912770152091979980e-01,-3.818350136280059814e-01,1.040540263056755066e-01,1.000000000000000000e+00,5.960267186164855957e-01,2.411022223532199860e-02,7.715144157409667969e-01,7.133705615997314453e-01,-4.998488724231719971e-01,1.423572748899459839e-01,1.000000000000000000e+00,2.335294246673583984e+00,-1.113880053162574768e-01,8.479222655296325684e-01,-6.623781919479370117e-01,2.026266604661941528e-01,1.469588279724121094e-01,1.000000000000000000e+00,2.657146453857421875e+00,6.469236314296722412e-02,1.039739370346069336e+00,-6.361887454986572266e-01,-5.178654193878173828e-01,-2.397188097238540649e-01,1.000000000000000000e+00,1.000000000000000000e+00,0.000000000000000000e+00,0.000000000000000000e+00,1.000000000000000000e+00,2.335294246673583984e+00,-1.113880053162574768e-01,8.479222655296325684e-01,-6.623781919479370117e-01,2.026266604661941528e-01,1.469588279724121094e-01,1.013416634247183978e-01,-1.788184686276705904e-02,-2.156447857064848483e-03,1.000000000000000000e+00,2.657146453857421875e+00,6.469236314296722412e-02,1.039739370346069336e+00,-6.361887454986572266e-01,-5.178654193878173828e-01,-2.397188097238540649e-01,1.742140145217535574e-02,-2.770299110826202060e-02,-1.291823941766759298e-04,1.000000000000000000e+00,2.000000029802322388e-01,2.000000029802322388e-01,-1.000000014901161194e-01,3.702725768089294434e-01,1.068552657961845398e-01,2.863316051661968231e-02,-1.000000014901161194e-01,4.039845168590545654e-01,1.893289089202880859e-01,-1.635050773620605469e-02,-3.133058547973632812e-03,4.118051528930664062e-01,3.364086151123046875e-03,-3.068089485168457031e-02,-1.032352447509765625e-04,4.250257611274719238e-01
1.260000000000000009e+00,3.930577933788299561e-01,-1.869723200798034668e-01,1.033447623252868652e+00,4.138920009136199951e-01,-4.179351925849914551e-01,8.607284724712371826e-02,9.806692004203796387e-01,1.352716684341430664e-01,1.413846760988235474e-01,-1.035161986947059631e-01,9.718171358108520508e-01,-2.117922455072402954e-01,-1.660495251417160034e-01,1.930625289678573608e-01,9.670338630676269531e-01,1.544713042676448822e-02,2.523118257522583008e-01,-4.592923447489738464e-02,1.000000000000000000e+00,0.000000000000000000e+00,3.930577933788299561e-01,-1.869723200798034668e-01,1.033447623252868652e+00,4.138920009136199951e-01,-4.179351925849914551e-01,8.607284724712371826e-02,1.000000000000000000e+00,6.102228760719299316e-01,1.404639612883329391e-02,7.743467688560485840e-01,7.056348323822021484e-01,-5.075476765632629395e-01,1.405786871910095215e-01,1.000000000000000000e+00,2.322059631347656250e+00,-1.075394079089164734e-01,8.509033918380737305e-01,-6.609508991241455078e-01,1.795837283134460449e-01,1.515295058488845825e-01,1.000000000000000000e+00,2.644413709640502930e+00,5.433901026844978333e-02,1.035091400146484375e+00,-6.371881365776062012e-01,-5.173368453979492188e-01,-2.235109955072402954e-01,1.000000000000000000e+00,1.000000000000000000e+00,0.000000000000000000e+00,0.000000000000000000e+00,1.000000000000000000e+00,6.102228760719299316e-01,1.404639612883329391e-02,7.743467688560485840e-01,7.056348323822021484e-01,-5.075476765632629395e-01,1.405786871910095215e-01,9.949492216110229492e-01,9.989991039037704468e-02,-9.801802225410938263e-03,-1.003202274441719055e-01,9.929670095443725586e-01,-6.286799162626266479e-02,3.452359698712825775e-03,6.353377550840377808e-02,9.979737401008605957e-01,3.478234112262725830e-01,2.671467363834381104e-01,-2.116559259593486786e-02,0.000000000000000000e+00,1.000000000000000000e+00,3.930577933788299561e-01,-1.869723200798034668e-01,1.033447623252868652e+00,4.138920009136199951e-01,-4.179351925849914551e-01,8.607284724712371826e-02,1.000000000000000000e+00,6.102228760719299316e-01,1.404639612883329391e-02,7.743467688560485840e-01,7.056348323822021484e-01,-5.075476765632629395e-01,1.405786871910095215e-01,1.000000000000000000e+00,2.322059631347656250e+00,-1.075394079089164734e-01,8.509033918380737305e-01,-6.609508991241455078e-01,1.795837283134460449e-01,1.515295058488845825e-01,1.000000000000000000e+00,2.644413709640502930e+00,5.433901026844978333e-02,1.035091400146484375e+00,-6.371881365776062012e-01,-5.173368453979492188e-01,-2.235109955072402954e-01,1.000000000000000000e+00,1.000000000000000000e+00,0.000000000000000000e+00,0.000000000000000000e+00,1.000000000000000000e+00,2.322059631347656250e+00,-1.075394079089164734e-01,8.509033918380737305e-01,-6.609508991241455078e-01,1.795837283134460449e-01,1.515295058488845825e-01,1.127256724453217923e-01,-1.773461031627543427e-02,-2.350628813120814176e-03,1.000000000000000000e+00,2.644413709640502930e+00,5.433901026844978333e-02,1.035091400146484375e+00,-6.371881365776062012e-01,-5.173368453979492188e-01,-2.235109955072402954e-01,1.512286795031026268e-02,-2.815534830653310117e-02,-8.031774348900028865e-05,1.000000000000000000e+00,2.000000029802322388e-01,2.000000029802322388e-01,-1.000000014901161194e-01,3.725444972515106201e-01,1.054190322756767273e-01,3.017765283584594727e-02,-1.000000014901161194e-01,4.010645747184753418e-01,2.000000029802322388e-01,-1.560902595520019531e-02,-3.210544586181640625e-03,4.104078710079193115e-01,6.077289581298828125e-03,-3.046560287475585938e-02,-1.850128173828125000e-04,4.232516288757324219e-01
1.280000000000000027e+00,4.015427827835083008e-01,-1.956521123647689819e-01,1.034993529319763184e+00,4.369984865188598633e-01,-4.535368084907531738e-01,6.630987673997879028e-02,9.798736572265625000e-01,1.361046284437179565e-01,1.460254490375518799e-01,-1.032879501581192017e-01,9.716725945472717285e-01,-2.125656902790069580e-01,-1.708200871944427490e-01,1.932048201560974121e-01,9.661742448806762695e-01,1.316665206104516983e-02,2.227160483598709106e-01,-3.394937142729759216e-02,1.000000000000000000e+00,0.000000000000000000e+00,4.015427827835083008e-01,-1.956521123647689819e-01,1.034993529319763184e+00,4.369984865188598633e-01,-4.535368084907531738e-01,6.630987673997879028e-02,1.000000000000000000e+00,6.242731213569641113e-01,3.815925447270274162e-03,7.771365046501159668e-01,6.988601684570312500e-01,-5.166091322898864746e-01,1.379884481430053711e-01,1.000000000000000000e+00,2.308853626251220703e+00,-1.041705757379531860e-01,8.539708852767944336e-01,-6.594982743263244629e-01,1.544364839792251587e-01,1.555113047361373901e-01,1.000000000000000000e+00,2.631660461425781250e+00,4.400024563074111938e-02,1.030763745307922363e+00,-6.382562518119812012e-01,-5.163868665695190430e-01,-2.077737748622894287e-01,1.000000000000000000e+00,1.000000000000000000e+00,0.000000000000000000e+00,0.000000000000000000e+00,1.000000000000000000e+00,6.242731213569641113e-01,3.815925447270274162e-03,7.771365046501159668e-01,6.988601684570312500e-01,-5.166091322898864746e-01,1.379884481430053711e-01,9.949449896812438965e-01,1.002773642539978027e-01,-5.389487836509943008e-03,-1.004085987806320190e-01,9.924975633621215820e-01,-6.976247578859329224e-02,-1.646543270908296108e-03,6.995097547769546509e-02,9.975491762161254883e-01,2.877742350101470947e-01,2.349274605512619019e-01,-2.136116288602352142e-02,0.000000000000000000e+00,1.000000000000000000e+00,4.015427827835083008e-01,-1.956521123647689819e-01,1.034993529319763184e+00,4.369984865188598633e-01,-4.535368084907531738e-01,6.630987673997879028e-02,1.000000000000000000e+00,6.242731213569641113e-01,3.815925447270274162e-03,7.771365046501159668e-01,6.988601684570312500e-01,-5.166091322898864746e-01,1.379884481430053711e-01,1.000000000000000000e+00,2.308853626251220703e+00,-1.041705757379531860e-01,8.539708852767944336e-01,-6.594982743263244629e-01,1.544364839792251587e-01,1.555113047361373901e-01,1.000000000000000000e+00,2.631660461425781250e+00,4.400024563074111938e-02,1.030763745307922363e+00,-6.382562518119812012e-01,-5.163868665695190430e-01,-2.077737748622894287e-01,1.000000000000000000e+00,1.000000000000000000e+00,0.000000000000000000e+00,0.000000000000000000e+00,1.000000000000000000e+00,2.308853626251220703e+00,-1.041705757379531860e-01,8.539708852767944336e-01,-6.594982743263244629e-01,1.544364839792251587e-01,1.555113047361373901e-01,1.243660009941243150e-01,-1.751303987358565628e-02,-2.536892191525398632e-03,1.000000000000000000e+00,2.631660461425781250e+00,4.400024563074111938e-02,1.030763745307922363e+00,-6.382562518119812012e-01,-5.163868665695190430e-01,-2.077737748622894287e-01,1.348251915098618373e-02,-2.851691493300601010e-02,-5.335633360938150244e-05,1.000000000000000000e+00,2.000000029802322388e-01,2.000000029802322388e-01,-1.000000014901161194e-01,3.770945668220520020e-01,1.021139025688171387e-01,2.974156104028224945e-02,-1.000000014901161194e-01,3.964399397373199463e-01,2.000000029802322388e-01,-1.468205451965332031e-02,-3.229618072509765625e-03,4.087348580360412598e-01,9.485483169555664062e-03,-3.016638755798339844e-02,-2.861022949218750000e-04,4.213831424713134766e-01
1.300000000000000044e+00,4.104942977428436279e-01,-2.050407081842422485e-01,1.036134481430053711e+00,4.605973958969116211e-01,-4.888099431991577148e-01,4.565707221627235413e-02,9.791725873947143555e-01,1.367149353027343750e-01,1.501014083623886108e-01,-1.029641032218933105e-01,9.715600013732910156e-01,-2.132367640733718872e-01,-1.749851554632186890e-01,1.933404952287673950e-01,9.654014706611633301e-01,1.122741587460041046e-02,1.937413513660430908e-01,-2.398440800607204437e-02,1.000000000000000000e+00,0.000000000000000000e+00,4.104942977428436279e-01,-2.050407081842422485e-01,1.036134481430053711e+00,4.605973958969116211e-01,-4.888099431991577148e-01,4.565707221627235413e-02,1.000000000000000000e+00,6.381957530975341797e-01,-6.606039591133594513e-03,7.798653244972229004e-01,6.929452419281005859e-01,-5.267551541328430176e-01,1.343235671520233154e-01,1.000000000000000000e+00,2.295676946640014648e+00,-1.013235598802566528e-01,8.571116328239440918e-01,-6.580024361610412598e-01,1.272076815366744995e-01,1.587420105934143066e-01,1.000000000000000000e+00,2.618885040283203125e+00,3.368323296308517456e-02,1.026745438575744629e+00,-6.393691301345825195e-01,-5.151564478874206543e-01,-1.926625669002532959e-01,1.000000000000000000e+00,1.000000000000000000e+00,0.000000000000000000e+00,0.000000000000000000e+00,1.000000000000000000e+00,6.381957530975341797e-01,-6.606039591133594513e-03,7.798653244972229004e-01,6.929452419281005859e-01,-5.267551541328430176e-01,1.343235671520233154e-01,9.949186444282531738e-01,1.006698086857795715e-01,-1.614386215806007385e-03,-1.005049571394920349e-01,9.920815825462341309e-01,-7.531931996345520020e-02,-5.980777554214000702e-03,7.509884238243103027e-02,9.971582293510437012e-01,2.211948186159133911e-01,1.917411088943481445e-01,-1.956102438271045685e-02,0.000000000000000000e+00,1.000000000000000000e+00,4.104942977428436279e-01,-2.050407081842422485e-01,1.036134481430053711e+00,4.605973958969116211e-01,-4.888099431991577148e-01,4.565707221627235413e-02,1.000000000000000000e+00,6.381957530975341797e-01,-6.606039591133594513e-03,7.798653244972229004e-01,6.929452419281005859e-01,-5.267551541328430176e-01,1.343235671520233154e-01,1.000000000000000000e+00,2.295676946640014648e+00,-1.013235598802566528e-01,8.571116328239440918e-01,-6.580024361610412598e-01,1.272076815366744995e-01,1.587420105934143066e-01,1.000000000000000000e+00,2.618885040283203125e+00,3.368323296308517456e-02,1.026745438575744629e+00,-6.393691301345825195e-01,-5.151564478874206543e-01,-1.926625669002532959e-01,1.000000000000000000e+00,1.000000000000000000e+00,0.000000000000000000e+00,0.000000000000000000e+00,1.000000000000000000e+00,2.295676946640014648e+00,-1.013235598802566528e-01,8.571116328239440918e-01,-6.580024361610412598e-01,1.272076815366744995e-01,1.587420105934143066e-01,1.357972644432191844e-01,-1.720564423651294028e-02,-2.710338530033190585e-03,1.000000000000000000e+00,2.618885040283203125e+00,3.368323296308517456e-02,1.026745438575744629e+00,-6.393691301345825195e-01,-5.151564478874206543e-01,-1.926625669002532959e-01,1.250765646950111401e-02,-2.879124405495936401e-02,-4.896986671138955916e-05,1.000000000000000000e+00,2.000000029802322388e-01,2.000000029802322388e-01,-1.000000014901161194e-01,3.824105858802795410e-01,9.888476878404617310e-02,2.830511145293712616e-02,-1.000000014901161194e-01,3.909967541694641113e-01,2.000000029802322388e-01,-1.352095603942871094e-02,-3.170251846313476562e-03,4.068864881992340088e-01,1.348996162414550781e-02,-2.977824211120605469e-02,-4.017353057861328125e-04,4.194013774394989014e-01
1.320000000000000062e+00,4.199223220348358154e-01,-2.151329815387725830e-01,1.036860466003417969e+00,4.846984148025512695e-01,-5.239117741584777832e-01,2.492573298513889313e-02,9.785694479942321777e-01,1.371391564607620239e-01,1.536066234111785889e-01,-1.025827750563621521e-01,9.714741110801696777e-01,-2.138109505176544189e-01,-1.785466969013214111e-01,1.934714317321777344e-01,9.647228717803955078e-01,9.557866491377353668e-03,1.645149737596511841e-01,-1.555717457085847855e-02,1.000000000000000000e+00,0.000000000000000000e+00,4.199223220348358154e-01,-2.151329815387725830e-01,1.036860466003417969e+00,4.846984148025512695e-01,-5.239117741584777832e-01,2.492573298513889313e-02,1.000000000000000000e+00,6.520067453384399414e-01,-1.723838411271572113e-02,7.825087904930114746e-01,6.877408623695373535e-01,-5.376713275909423828e-01,1.292462646961212158e-01,1.000000000000000000e+00,2.282530784606933594e+00,-9.903868287801742554e-02,8.603093028068542480e-01,-6.564438343048095703e-01,9.808076918125152588e-02,1.611150652170181274e-01,1.000000000000000000e+00,2.606087923049926758e+00,2.339231595396995544e-02,1.023022770881652832e+00,-6.405045390129089355e-01,-5.137865543365478516e-01,-1.783015578985214233e-01,1.000000000000000000e+00,1.000000000000000000e+00,0.000000000000000000e+00,0.000000000000000000e+00,1.000000000000000000e+00,6.520067453384399414e-01,-1.723838411271572113e-02,7.825087904930114746e-01,6.877408623695373535e-01,-5.376713275909423828e-01,1.292462646961212158e-01,9.948824644088745117e-01,1.010304614901542664e-01,1.427323208190500736e-03,-1.005981042981147766e-01,9.917477369308471680e-01,-7.947822660207748413e-02,-9.445264935493469238e-03,7.892789691686630249e-02,9.968357682228088379e-01,1.582199782133102417e-01,1.493846923112869263e-01,-1.640251278877258301e-02,0.000000000000000000e+00,1.000000000000000000e+00,4.199223220348358154e-01,-2.151329815387725830e-01,1.036860466003417969e+00,4.846984148025512695e-01,-5.239117741584777832e-01,2.492573298513889313e-02,1.000000000000000000e+00,6.520067453384399414e-01,-1.723838411271572113e-02,7.825087904930114746e-01,6.877408623695373535e-01,-5.376713275909423828e-01,1.292462646961212158e-01,1.000000000000000000e+00,2.282530784606933594e+00,-9.903868287801742554e-02,8.603093028068542480e-01,-6.564438343048095703e-01,9.808076918125152588e-02,1.611150652170181274e-01,1.000000000000000000e+00,2.606087923049926758e+00,2.339231595396995544e-02,1.023022770881652832e+00,-6.405045390129089355e-01,-5.137865543365478516e-01,-1.783015578985214233e-01,1.000000000000000000e+00,1.000000000000000000e+00,0.000000000000000000e+00,0.000000000000000000e+00,1.000000000000000000e+00,2.282530784606933594e+00,-9.903868287801742554e-02,8.603093028068542480e-01,-6.564438343048095703e-01,9.808076918125152588e-02,1.611150652170181274e-01,1.458986794776186147e-01,-1.680024293144777303e-02,-2.863045424757626467e-03,1.000000000000000000e+00,2.606087923049926758e+00,2.339231595396995544e-02,1.023022770881652832e+00,-6.405045390129089355e-01,-5.137865543365478516e-01,-1.783015578985214233e-01,1.219868534093283829e-02,-2.897970672275351767e-02,-6.720827714389032703e-05,1.000000000000000000e+00,2.000000029802322388e-01,2.000000029802322388e-01,-1.000000014901161194e-01,3.878486156463623047e-01,9.479795396327972412e-02,2.630278281867504120e-02,-1.000000014901161194e-01,3.870896100997924805e-01,2.000000029802322388e-01,-1.207327842712402344e-02,-3.009319305419921875e-03,4.049376845359802246e-01,1.797485351562500000e-02,-2.929139137268066406e-02,-5.264282226562500000e-04,4.172715246677398682e-01
1.340000000000000080e+00,4.298368096351623535e-01,-2.259266078472137451e-01,1.037175655364990234e+00,5.092868804931640625e-01,-5.589545369148254395e-01,4.711748100817203522e-03,9.780632257461547852e-01,1.374098062515258789e-01,1.565599441528320312e-01,-1.021726056933403015e-01,9.714105129241943359e-01,-2.142953425645828247e-01,-1.815302371978759766e-01,1.935982555150985718e-01,9.641403555870056152e-01,8.124251849949359894e-03,1.378663182258605957e-01,-8.897067047655582428e-03,1.000000000000000000e+00,0.000000000000000000e+00,4.298368096351623535e-01,-2.259266078472137451e-01,1.037175655364990234e+00,5.092868804931640625e-01,-5.589545369148254395e-01,4.711748100817203522e-03,1.000000000000000000e+00,6.657189130783081055e-01,-2.809377945959568024e-02,7.850363254547119141e-01,6.830953359603881836e-01,-5.490651726722717285e-01,1.225627362728118896e-01,1.000000000000000000e+00,2.269416570663452148e+00,-9.735073894262313843e-02,8.635464310646057129e-01,-6.548006534576416016e-01,6.743422150611877441e-02,1.625856161117553711e-01,1.000000000000000000e+00,2.593266963958740234e+00,1.312903407961130142e-02,1.019579768180847168e+00,-6.416409015655517578e-01,-5.124152302742004395e-01,-1.647955626249313354e-01,1.000000000000000000e+00,1.000000000000000000e+00,0.000000000000000000e+00,0.000000000000000000e+00,1.000000000000000000e+00,6.657189130783081055e-01,-2.809377945959568024e-02,7.850363254547119141e-01,6.830953359603881836e-01,-5.490651726722717285e-01,1.225627362728118896e-01,9.948459267616271973e-01,1.013274416327476501e-01,3.789704991504549980e-03,-1.006729677319526672e-01,9.915018677711486816e-01,-8.239530771970748901e-02,-1.210640463978052139e-02,8.158911019563674927e-02,9.965925216674804688e-01,1.050702333450317383e-01,1.123781725764274597e-01,-1.247115433216094971e-02,0.000000000000000000e+00,1.000000000000000000e+00,4.298368096351623535e-01,-2.259266078472137451e-01,1.037175655364990234e+00,5.092868804931640625e-01,-5.589545369148254395e-01,4.711748100817203522e-03,1.000000000000000000e+00,6.657189130783081055e-01,-2.809377945959568024e-02,7.850363254547119141e-01,6.830953359603881836e-01,-5.490651726722717285e-01,1.225627362728118896e-01,1.000000000000000000e+00,2.269416570663452148e+00,-9.735073894262313843e-02,8.635464310646057129e-01,-6.548006534576416016e-01,6.743422150611877441e-02,1.625856161117553711e-01,1.000000000000000000e+00,2.593266963958740234e+00,1.312903407961130142e-02,1.019579768180847168e+00,-6.416409015655517578e-01,-5.124152302742004395e-01,-1.647955626249313354e-01,1.000000000000000000e+00,1.000000000000000000e+00,0.000000000000000000e+00,0.000000000000000000e+00,1.000000000000000000e+00,2.269416570663452148e+00,-9.735073894262313843e-02,8.635464310646057129e-01,-6.548006534576416016e-01,6.743422150611877441e-02,1.625856161117553711e-01,1.540300564775764491e-01,-1.627585376460616295e-02,-2.984532193453237614e-03,1.000000000000000000e+00,2.593266963958740234e+00,1.312903407961130142e-02,1.019579768180847168e+00,-6.416409015655517578e-01,-5.124152302742004395e-01,-1.647955626249313354e-01,1.254473728485887458e-02,-2.908141409756437312e-02,-1.073675000852515604e-04,1.000000000000000000e+00,2.000000029802322388e-01,2.000000029802322388e-01,-1.000000014901161194e-01,3.925825059413909912e-01,9.462325274944305420e-02,2.601708471775054932e-02,-1.000000014901161194e-01,3.856704533100128174e-01,2.000000029802322388e-01,-1.028895378112792969e-02,-2.720594406127929688e-03,4.029565751552581787e-01,2.282762527465820312e-02,-2.870154380798339844e-02,-6.551742553710937500e-04,4.149754643440246582e-01
1.360000000000000098e+00,4.402472078800201416e-01,-2.374211251735687256e-01,1.037094593048095703e+00,5.343300700187683105e-01,-5.940097570419311523e-01,-1.458626147359609604e-02,9.776425361633300781e-01,1.375609636306762695e-01,1.590353846549987793e-01,-1.017514690756797791e-01,9.713648557662963867e-01,-2.147026360034942627e-01,-1.840160489082336426e-01,1.937203407287597656e-01,9.636445045471191406e-01,6.926640402525663376e-03,1.161371991038322449e-01,-3.865137463435530663e-03,1.000000000000000000e+00,0.000000000000000000e+00,4.402472078800201416e-01,-2.374211251735687256e-01,1.037094593048095703e+00,5.343300700187683105e-01,-5.940097570419311523e-01,-1.458626147359609604e-02,1.000000000000000000e+00,6.793423295021057129e-01,-3.917964920401573181e-02,7.874162197113037109e-01,6.788764595985412598e-01,-5.607144832611083984e-01,1.143894046545028687e-01,1.000000000000000000e+00,2.256335973739624023e+00,-9.628630429506301880e-02,8.668044209480285645e-01,-6.530456542968750000e-01,3.568208962678909302e-02,1.631134450435638428e-01,1.000000000000000000e+00,2.580424547195434570e+00,2.892217133194208145e-03,1.016398668289184570e+00,-6.427569985389709473e-01,-5.111742615699768066e-01,-1.522386074066162109e-01,1.000000000000000000e+00,1.000000000000000000e+00,0.000000000000000000e+00,0.000000000000000000e+00,1.000000000000000000e+00,6.793423295021057129e-01,-3.917964920401573181e-02,7.874162197113037109e-01,6.788764595985412598e-01,-5.607144832611083984e-01,1.143894046545028687e-01,9.948146343231201172e-01,1.015523225069046021e-01,5.590541753917932510e-03,-1.007229536771774292e-01,9.913331866264343262e-01,-8.434265851974487305e-02,-1.410728041082620621e-02,8.334220945835113525e-02,9.964212775230407715e-01,7.249856740236282349e-02,8.639349788427352905e-02,-9.081345051527023315e-03,0.000000000000000000e+00,1.000000000000000000e+00,4.402472078800201416e-01,-2.374211251735687256e-01,1.037094593048095703e+00,5.343300700187683105e-01,-5.940097570419311523e-01,-1.458626147359609604e-02,1.000000000000000000e+00,6.793423295021057129e-01,-3.917964920401573181e-02,7.874162197113037109e-01,6.788764595985412598e-01,-5.607144832611083984e-01,1.143894046545028687e-01,1.000000000000000000e+00,2.256335973739624023e+00,-9.628630429506301880e-02,8.668044209480285645e-01,-6.530456542968750000e-01,3.568208962678909302e-02,1.631134450435638428e-01,1.000000000000000000e+00,2.580424547195434570e+00,2.892217133194208145e-03,1.016398668289184570e+00,-6.427569985389709473e-01,-5.111742615699768066e-01,-1.522386074066162109e-01,1.000000000000000000e+00,1.000000000000000000e+00,0.000000000000000000e+00,0.000000000000000000e+00,1.000000000000000000e+00,2.256335973739624023e+00,-9.628630429506301880e-02,8.668044209480285645e-01,-6.530456542968750000e-01,3.568208962678909302e-02,1.631134450435638428e-01,1.604923684524231509e-01,-1.560502053106871401e-02,-3.062862292843318568e-03,1.000000000000000000e+00,2.580424547195434570e+00,2.892217133194208145e-03,1.016398668289184570e+00,-6.427569985389709473e-01,-5.111742615699768066e-01,-1.522386074066162109e-01,1.351864682282648798e-02,-2.909404423935191275e-02,-1.679593567371785029e-04,1.000000000000000000e+00,2.000000029802322388e-01,2.000000029802322388e-01,-1.000000014901161194e-01,3.957924246788024902e-01,9.510963410139083862e-02,2.608489803969860077e-02,-1.000000014901161194e-01,3.873362541198730469e-01,2.000000029802322388e-01,-8.122682571411132812e-03,-2.275466918945312500e-03,4.010280668735504150e-01,2.795338630676269531e-02,-2.801442146301269531e-02,-7.832050323486328125e-04,4.125369787216186523e-01
1.380000000000000115e+00,4.511622190475463867e-01,-2.496171146631240845e-01,1.036637425422668457e+00,5.597836375236511230e-01,-6.291104555130004883e-01,-3.275885432958602905e-02,9.772898554801940918e-01,1.376234292984008789e-01,1.611344367265701294e-01,-1.013276204466819763e-01,9.713325500488281250e-01,-2.150481343269348145e-01,-1.861107796430587769e-01,1.938369870185852051e-01,9.632185697555541992e-01,5.935317836701869965e-03,9.951227158308029175e-02,-2.639566664583981037e-04,1.000000000000000000e+00,0.000000000000000000e+00,4.511622190475463867e-01,-2.496171146631240845e-01,1.036637425422668457e+00,5.597836375236511230e-01,-6.291104555130004883e-01,-3.275885432958602905e-02,1.000000000000000000e+00,6.928843259811401367e-01,-5.049984529614448547e-02,7.896220684051513672e-01,6.749894022941589355e-01,-5.725055336952209473e-01,1.051575541496276855e-01,1.000000000000000000e+00,2.243291616439819336e+00,-9.586453437805175781e-02,8.700642585754394531e-01,-6.511467695236206055e-01,3.124838229268789291e-03,1.626774519681930542e-01,1.000000000000000000e+00,2.567559719085693359e+00,-7.321864366531372070e-03,1.013459444046020508e+00,-6.438314914703369141e-01,-5.101861357688903809e-01,-1.407165527343750000e-01,1.000000000000000000e+00,1.000000000000000000e+00,0.000000000000000000e+00,0.000000000000000000e+00,1.000000000000000000e+00,6.928843259811401367e-01,-5.049984529614448547e-02,7.896220684051513672e-01,6.749894022941589355e-01,-5.725055336952209473e-01,1.051575541496276855e-01,9.947885870933532715e-01,1.017164289951324463e-01,7.043161895126104355e-03,-1.007419079542160034e-01,9.912020564079284668e-01,-8.584728837013244629e-02,-1.571327447891235352e-02,8.469034731388092041e-02,9.962834715843200684e-01,6.577686965465545654e-02,7.411669194698333740e-02,-6.385118700563907623e-03,0.000000000000000000e+00,1.000000000000000000e+00,4.511622190475463867e-01,-2.496171146631240845e-01,1.036637425422668457e+00,5.597836375236511230e-01,-6.291104555130004883e-01,-3.275885432958602905e-02,1.000000000000000000e+00,6.928843259811401367e-01,-5.049984529614448547e-02,7.896220684051513672e-01,6.749894022941589355e-01,-5.725055336952209473e-01,1.051575541496276855e-01,1.000000000000000000e+00,2.243291616439819336e+00,-9.586453437805175781e-02,8.700642585754394531e-01,-6.511467695236206055e-01,3.124838229268789291e-03,1.626774519681930542e-01,1.000000000000000000e+00,2.567559719085693359e+00,-7.321864366531372070e-03,1.013459444046020508e+00,-6.438314914703369141e-01,-5.101861357688903809e-01,-1.407165527343750000e-01,1.000000000000000000e+00,1.000000000000000000e+00,0.000000000000000000e+00,0.000000000000000000e+00,1.000000000000000000e+00,2.243291616439819336e+00,-9.586453437805175781e-02,8.700642585754394531e-01,-6.511467695236206055e-01,3.124838229268789291e-03,1.626774519681930542e-01,1.659380010858485521e-01,-1.475794940579477910e-02,-3.083812049807829747e-03,1.000000000000000000e+00,2.567559719085693359e+00,-7.321864366531372070e-03,1.013459444046020508e+00,-6.438314914703369141e-01,-5.101861357688903809e-01,-1.407165527343750000e-01,1.507783384431620952e-02,-2.901505210146204661e-02,-2.467685774798387618e-04,1.000000000000000000e+00,2.000000029802322388e-01,1.999999880790710449e-01,-1.000000014901161194e-01,3.957757055759429932e-01,9.678321331739425659e-02,2.643617801368236542e-02,-1.000000014901161194e-01,3.923684954643249512e-01,2.000000029802322388e-01,-5.536794662475585938e-03,-1.641750335693359375e-03,3.992284536361694336e-01,3.328943252563476562e-02,-2.724289894104003906e-02,-9.071826934814453125e-04,4.100248813629150391e-01
1.400000000000000133e+00,4.625895619392395020e-01,-2.625154256820678711e-01,1.035826802253723145e+00,5.855781435966491699e-01,-6.642339229583740234e-01,-4.986150562763214111e-02,9.769896268844604492e-01,1.376237720251083374e-01,1.629448831081390381e-01,-1.009080037474632263e-01,9.713105559349060059e-01,-2.153448909521102905e-01,-1.879066526889801025e-01,1.939472705125808716e-01,9.628476500511169434e-01,5.102898925542831421e-03,8.644641190767288208e-02,2.129011088982224464e-03,1.000000000000000000e+00,0.000000000000000000e+00,4.625895619392395020e-01,-2.625154256820678711e-01,1.035826802253723145e+00,5.855781435966491699e-01,-6.642339229583740234e-01,-4.986150562763214111e-02,1.000000000000000000e+00,7.063511610031127930e-01,-6.205715239048004150e-02,7.916387915611267090e-01,6.713851690292358398e-01,-5.844512581825256348e-01,9.556628763675689697e-02,1.000000000000000000e+00,2.230287075042724609e+00,-9.609976410865783691e-02,8.733068108558654785e-01,-6.490666866302490234e-01,-3.005888685584068298e-02,1.612717956304550171e-01,1.000000000000000000e+00,2.554673671722412109e+00,-1.751927472651004791e-02,1.010740637779235840e+00,-6.448436975479125977e-01,-5.095602273941040039e-01,-1.303032785654067993e-01,1.000000000000000000e+00,1.000000000000000000e+00,0.000000000000000000e+00,0.000000000000000000e+00,1.000000000000000000e+00,7.063511610031127930e-01,-6.205715239048004150e-02,7.916387915611267090e-01,6.713851690292358398e-01,-5.844512581825256348e-01,9.556628763675689697e-02,9.947666525840759277e-01,1.018343791365623474e-01,8.329140953719615936e-03,-1.007248833775520325e-01,9.910728335380554199e-01,-8.734679967164993286e-02,-1.714968867599964142e-02,8.605071157217025757e-02,9.961433410644531250e-01,7.298538088798522949e-02,6.926767528057098389e-02,-4.342998377978801727e-03,0.000000000000000000e+00,1.000000000000000000e+00,4.625895619392395020e-01,-2.625154256820678711e-01,1.035826802253723145e+00,5.855781435966491699e-01,-6.642339229583740234e-01,-4.986150562763214111e-02,1.000000000000000000e+00,7.063511610031127930e-01,-6.205715239048004150e-02,7.916387915611267090e-01,6.713851690292358398e-01,-5.844512581825256348e-01,9.556628763675689697e-02,1.000000000000000000e+00,2.230287075042724609e+00,-9.609976410865783691e-02,8.733068108558654785e-01,-6.490666866302490234e-01,-3.005888685584068298e-02,1.612717956304550171e-01,1.000000000000000000e+00,2.554673671722412109e+00,-1.751927472651004791e-02,1.010740637779235840e+00,-6.448436975479125977e-01,-5.095602273941040039e-01,-1.303032785654067993e-01,1.000000000000000000e+00,1.000000000000000000e+00,0.000000000000000000e+00,0.000000000000000000e+00,1.000000000000000000e+00,2.230287075042724609e+00,-9.609976410865783691e-02,8.733068108558654785e-01,-6.490666866302490234e-01,-3.005888685584068298e-02,1.612717956304550171e-01,1.707747806849382877e-01,-1.370333886852082017e-02,-3.030413041992099932e-03,1.000000000000000000e+00,2.554673671722412109e+00,-1.751927472651004791e-02,1.010740637779235840e+00,-6.448436975479125977e-01,-5.095602273941040039e-01,-1.303032785654067993e-01,1.717067912394139306e-02,-2.884324876963662021e-02,-3.410042854050370636e-04,1.000000000000000000e+00,2.000000029802322388e-01,1.999996155500411987e-01,-1.000000014901161194e-01,3.954306542873382568e-01,9.941542893648147583e-02,2.692418172955513000e-02,-1.000000014901161194e-01,3.984622657299041748e-01,2.000000029802322388e-01,-2.507925033569335938e-03,-7.865428924560546875e-04,3.975867629051208496e-01,3.881382942199707031e-02,-2.640891075134277344e-02,-1.025438308715820312e-03,4.075475633144378662e-01
1.419999999999999929e+00,4.745352268218994141e-01,-2.761159837245941162e-01,1.034681916236877441e+00,6.116285324096679688e-01,-6.993228197097778320e-01,-6.611515581607818604e-02,9.767313003540039062e-01,1.375840306282043457e-01,1.645195037126541138e-01,-1.005027294158935547e-01,9.712957143783569336e-01,-2.156012654304504395e-01,-1.894603818655014038e-01,1.940498352050781250e-01,9.625224471092224121e-01,4.386971239000558853e-03,7.513467222452163696e-02,3.534910036250948906e-03,1.000000000000000000e+00,0.000000000000000000e+00,4.745352268218994141e-01,-2.761159837245941162e-01,1.034681916236877441e+00,6.116285324096679688e-01,-6.993228197097778320e-01,-6.611515581607818604e-02,1.000000000000000000e+00,7.197484374046325684e-01,-7.385531812906265259e-02,7.934659123420715332e-01,6.680431365966796875e-01,-5.966307520866394043e-01,8.633427321910858154e-02,1.000000000000000000e+00,2.217326641082763672e+00,-9.700339287519454956e-02,8.765126466751098633e-01,-6.467623710632324219e-01,-6.374572217464447021e-02,1.589127033948898315e-01,1.000000000000000000e+00,2.541768312454223633e+00,-2.770814672112464905e-02,1.008219838142395020e+00,-6.457737684249877930e-01,-5.093930363655090332e-01,-1.210526004433631897e-01,1.000000000000000000e+00,1.000000000000000000e+00,0.000000000000000000e+00,0.000000000000000000e+00,1.000000000000000000e+00,7.197484374046325684e-01,-7.385531812906265259e-02,7.934659123420715332e-01,6.680431365966796875e-01,-5.966307520866394043e-01,8.633427321910858154e-02,9.947469234466552734e-01,1.019221618771553040e-01,9.516502730548381805e-03,-1.006791368126869202e-01,9.909278154373168945e-01,-8.902798593044281006e-02,-1.850409060716629028e-02,8.760219812393188477e-02,9.959837198257446289e-01,8.446950465440750122e-02,6.563599407672882080e-02,-2.980038058012723923e-03,0.000000000000000000e+00,1.000000000000000000e+00,4.745352268218994141e-01,-2.761159837245941162e-01,1.034681916236877441e+00,6.116285324096679688e-01,-6.993228197097778320e-01,-6.611515581607818604e-02,1.000000000000000000e+00,7.197484374046325684e-01,-7.385531812906265259e-02,7.934659123420715332e-01,6.680431365966796875e-01,-5.966307520866394043e-01,8.633427321910858154e-02,1.000000000000000000e+00,2.217326641082763672e+00,-9.700339287519454956e-02,8.765126466751098633e-01,-6.467623710632324219e-01,-6.374572217464447021e-02,1.589127033948898315e-01,1.000000000000000000e+00,2.541768312454223633e+00,-2.770814672112464905e-02,1.008219838142395020e+00,-6.457737684249877930e-01,-5.093930363655090332e-01,-1.210526004433631897e-01,1.000000000000000000e+00,1.000000000000000000e+00,0.000000000000000000e+00,0.000000000000000000e+00,1.000000000000000000e+00,2.217326641082763672e+00,-9.700339287519454956e-02,8.765126466751098633e-01,-6.467623710632324219e-01,-6.374572217464447021e-02,1.589127033948898315e-01,1.750680411437986472e-01,-1.240914782797553073e-02,-2.882901763939724193e-03,1.000000000000000000e+00,2.541768312454223633e+00,-2.770814672112464905e-02,1.008219838142395020e+00,-6.457737684249877930e-01,-5.093930363655090332e-01,-1.210526004433631897e-01,1.974480438149855271e-02,-2.858004207234232652e-02,-4.475459322737813245e-04,1.000000000000000000e+00,2.000000029802322388e-01,1.999955773353576660e-01,-1.000000014901161194e-01,3.947439789772033691e-01,1.024562865495681763e-01,2.734870277345180511e-02,-1.000000014901161194e-01,4.043976962566375732e-01,2.000000029802322388e-01,9.772777557373046875e-04,3.240108489990234375e-04,3.960858881473541260e-01,4.452705383300781250e-02,-2.553439140319824219e-02,-1.137495040893554688e-03,4.052182137966156006e-01
1.439999999999999947e+00,4.870036840438842773e-01,-2.904176115989685059e-01,1.033218383789062500e+00,6.378583908081054688e-01,-7.343240380287170410e-01,-8.172672986984252930e-02,9.765095710754394531e-01,1.375218331813812256e-01,1.658822745084762573e-01,-1.001239120960235596e-01,9.712858796119689941e-01,-2.158220261335372925e-01,-1.907993406057357788e-01,1.941434890031814575e-01,9.622390866279602051e-01,3.762774867936968803e-03,6.461296230554580688e-02,4.176407121121883392e-03,1.000000000000000000e+00,0.000000000000000000e+00,4.870036840438842773e-01,-2.904176115989685059e-01,1.033218383789062500e+00,6.378583908081054688e-01,-7.343240380287170410e-01,-8.172672986984252930e-02,1.000000000000000000e+00,7.330810427665710449e-01,-8.589981496334075928e-02,7.951155900955200195e-01,6.649489402770996094e-01,-6.091303229331970215e-01,7.798209041357040405e-02,1.000000000000000000e+00,2.204414367675781250e+00,-9.858442842960357666e-02,8.796629905700683594e-01,-6.441848874092102051e-01,-9.781627357006072998e-02,1.556392461061477661e-01,1.000000000000000000e+00,2.528845310211181641e+00,-3.789842501282691956e-02,1.005873560905456543e+00,-6.466040015220642090e-01,-5.097686052322387695e-01,-1.129895895719528198e-01,1.000000000000000000e+00,1.000000000000000000e+00,0.000000000000000000e+00,0.000000000000000000e+00,1.000000000000000000e+00,7.330810427665710449e-01,-8.589981496334075928e-02,7.951155900955200195e-01,6.649489402770996094e-01,-6.091303229331970215e-01,7.798209041357040405e-02,9.947289228439331055e-01,1.019908115267753601e-01,1.059738826006650925e-02,-1.006151959300041199e-01,9.907609820365905762e-01,-9.093518555164337158e-02,-1.977403275668621063e-02,8.938959240913391113e-02,9.958004355430603027e-01,9.628457576036453247e-02,6.065759807825088501e-02,-2.034333068877458572e-03,0.000000000000000000e+00,1.000000000000000000e+00,4.870036840438842773e-01,-2.904176115989685059e-01,1.033218383789062500e+00,6.378583908081054688e-01,-7.343240380287170410e-01,-8.172672986984252930e-02,1.000000000000000000e+00,7.330810427665710449e-01,-8.589981496334075928e-02,7.951155900955200195e-01,6.649489402770996094e-01,-6.091303229331970215e-01,7.798209041357040405e-02,1.000000000000000000e+00,2.204414367675781250e+00,-9.858442842960357666e-02,8.796629905700683594e-01,-6.441848874092102051e-01,-9.781627357006072998e-02,1.556392461061477661e-01,1.000000000000000000e+00,2.528845310211181641e+00,-3.789842501282691956e-02,1.005873560905456543e+00,-6.466040015220642090e-01,-5.097686052322387695e-01,-1.129895895719528198e-01,1.000000000000000000e+00,1.000000000000000000e+00,0.000000000000000000e+00,0.000000000000000000e+00,1.000000000000000000e+00,2.204414367675781250e+00,-9.858442842960357666e-02,8.796629905700683594e-01,-6.441848874092102051e-01,-9.781627357006072998e-02,1.556392461061477661e-01,1.787582135557824470e-01,-1.084450654167334882e-02,-2.619041172570391041e-03,1.000000000000000000e+00,2.528845310211181641e+00,-3.789842501282691956e-02,1.005873560905456543e+00,-6.466040015220642090e-01,-5.097686052322387695e-01,-1.129895895719528198e-01,2.275402460962008128e-02,-2.823011980165168744e-02,-5.632238766770710642e-04,1.000000000000000000e+00,1.999999880790710449e-01,1.999659389257431030e-01,-1.000000014901161194e-01,3.923454582691192627e-01,1.056507825851440430e-01,2.772094123065471649e-02,-1.000000014901161194e-01,4.096931219100952148e-01,2.000000029802322388e-01,4.927396774291992188e-03,1.725912094116210938e-03,3.946971595287322998e-01,5.043220520019531250e-02,-2.463555335998535156e-02,-1.243352890014648438e-03,4.031224846839904785e-01
1.459999999999999964e+00,4.999977052211761475e-01,-3.054180741310119629e-01,1.031446456909179688e+00,6.641850471496582031e-01,-7.691742181777954102e-01,-9.695246070623397827e-02,9.763209819793701172e-01,1.374503821134567261e-01,1.670470982789993286e-01,-9.978148341178894043e-02,9.712790846824645996e-01,-2.160105109214782715e-01,-1.919400840997695923e-01,1.942273974418640137e-01,9.619951844215393066e-01,3.216914134100079536e-03,5.483643710613250732e-02,4.270459525287151337e-03,1.000000000000000000e+00,0.000000000000000000e+00,4.999977052211761475e-01,-3.054180741310119629e-01,1.031446456909179688e+00,6.641850471496582031e-01,-7.691742181777954102e-01,-9.695246070623397827e-02,1.000000000000000000e+00,7.463538646697998047e-01,-9.819777309894561768e-02,7.966089844703674316e-01,6.620840430259704590e-01,-6.220271587371826172e-01,7.087412476539611816e-02,1.000000000000000000e+00,2.191555976867675781e+00,-1.008494049310684204e-01,8.827400207519531250e-01,-6.412799358367919922e-01,-1.321486383676528931e-01,1.515054106712341309e-01,1.000000000000000000e+00,2.515906572341918945e+00,-4.810165613889694214e-02,1.003677606582641602e+00,-6.473191380500793457e-01,-5.107607841491699219e-01,-1.061057746410369873e-01,1.000000000000000000e+00,1.000000000000000000e+00,0.000000000000000000e+00,0.000000000000000000e+00,1.000000000000000000e+00,7.463538646697998047e-01,-9.819777309894561768e-02,7.966089844703674316e-01,6.620840430259704590e-01,-6.220271587371826172e-01,7.087412476539611816e-02,9.947125911712646484e-01,1.020480468869209290e-01,1.154148019850254059e-02,-1.005435660481452942e-01,9.905717372894287109e-01,-9.305239468812942505e-02,-2.092847786843776703e-02,9.139996021986007690e-02,9.955943822860717773e-01,1.065415963530540466e-01,5.417731776833534241e-02,-1.421262742951512337e-03,0.000000000000000000e+00,1.000000000000000000e+00,4.999977052211761475e-01,-3.054180741310119629e-01,1.031446456909179688e+00,6.641850471496582031e-01,-7.691742181777954102e-01,-9.695246070623397827e-02,1.000000000000000000e+00,7.463538646697998047e-01,-9.819777309894561768e-02,7.966089844703674316e-01,6.620840430259704590e-01,-6.220271587371826172e-01,7.087412476539611816e-02,1.000000000000000000e+00,2.191555976867675781e+00,-1.008494049310684204e-01,8.827400207519531250e-01,-6.412799358367919922e-01,-1.321486383676528931e-01,1.515054106712341309e-01,1.000000000000000000e+00,2.515906572341918945e+00,-4.810165613889694214e-02,1.003677606582641602e+00,-6.473191380500793457e-01,-5.107607841491699219e-01,-1.061057746410369873e-01,1.000000000000000000e+00,1.000000000000000000e+00,0.000000000000000000e+00,0.000000000000000000e+00,1.000000000000000000e+00,2.191555976867675781e+00,-1.008494049310684204e-01,8.827400207519531250e-01,-6.412799358367919922e-01,-1.321486383676528931e-01,1.515054106712341309e-01,1.818518591059797851e-01,-8.981617047161938316e-03,-2.214372518962531844e-03,1.000000000000000000e+00,2.515906572341918945e+00,-4.810165613889694214e-02,1.003677606582641602e+00,-6.473191380500793457e-01,-5.107607841491699219e-01,-1.061057746410369873e-01,2.616143797151252934e-02,-2.780100914258021305e-02,-6.850527265573787272e-04,1.000000000000000000e+00,1.999999731779098511e-01,1.998110860586166382e-01,-1.000000014901161194e-01,3.902291059494018555e-01,1.088361516594886780e-01,2.807136252522468567e-02,-1.000000014901161194e-01,4.137521088123321533e-01,2.000000029802322388e-01,9.349107742309570312e-03,3.458499908447265625e-03,3.933790624141693115e-01,5.652928352355957031e-02,-2.372479438781738281e-02,-1.342535018920898438e-03,4.013234972953796387e-01
1.479999999999999982e+00,5.135185122489929199e-01,-3.211136460304260254e-01,1.029371261596679688e+00,6.905219554901123047e-01,-8.038032054901123047e-01,-1.120795831084251404e-01,9.761617183685302734e-01,1.373845934867858887e-01,1.680300086736679077e-01,-9.948667138814926147e-02,9.712740778923034668e-01,-2.161697596311569214e-01,-1.929015666246414185e-01,1.942998617887496948e-01,9.617883563041687012e-01,2.711120527237653732e-03,4.593367874622344971e-02,3.439520485699176788e-03,1.000000000000000000e+00,0.000000000000000000e+00,5.135185122489929199e-01,-3.211136460304260254e-01,1.029371261596679688e+00,6.905219554901123047e-01,-8.038032054901123047e-01,-1.120795831084251404e-01,1.000000000000000000e+00,7.595712542533874512e-01,-1.107576936483383179e-01,7.979730367660522461e-01,6.594237685203552246e-01,-6.353797912597656250e-01,6.520432978868484497e-02,1.000000000000000000e+00,2.178759336471557617e+00,-1.038025692105293274e-01,8.857269883155822754e-01,-6.379883289337158203e-01,-1.666344106197357178e-01,1.465688198804855347e-01,1.000000000000000000e+00,2.502954483032226562e+00,-5.833077430725097656e-02,1.001608967781066895e+00,-6.479068994522094727e-01,-5.124358534812927246e-01,-1.003591716289520264e-01,1.000000000000000000e+00,1.000000000000000000e+00,0.000000000000000000e+00,0.000000000000000000e+00,1.000000000000000000e+00,7.595712542533874512e-01,-1.107576936483383179e-01,7.979730367660522461e-01,6.594237685203552246e-01,-6.353797912597656250e-01,6.520432978868484497e-02,9.946978092193603516e-01,1.020994558930397034e-01,1.233343034982681274e-02,-1.004722192883491516e-01,9.903615117073059082e-01,-9.533963352441787720e-02,-2.194867655634880066e-02,9.359494596719741821e-02,9.953684806823730469e-01,1.146120801568031311e-01,4.753038287162780762e-02,-1.069062273018062115e-03,0.000000000000000000e+00,1.000000000000000000e+00,5.135185122489929199e-01,-3.211136460304260254e-01,1.029371261596679688e+00,6.905219554901123047e-01,-8.038032054901123047e-01,-1.120795831084251404e-01,1.000000000000000000e+00,7.595712542533874512e-01,-1.107576936483383179e-01,7.979730367660522461e-01,6.594237685203552246e-01,-6.353797912597656250e-01,6.520432978868484497e-02,1.000000000000000000e+00,2.178759336471557617e+00,-1.038025692105293274e-01,8.857269883155822754e-01,-6.379883289337158203e-01,-1.666344106197357178e-01,1.465688198804855347e-01,1.000000000000000000e+00,2.502954483032226562e+00,-5.833077430725097656e-02,1.001608967781066895e+00,-6.479068994522094727e-01,-5.124358534812927246e-01,-1.003591716289520264e-01,1.000000000000000000e+00,1.000000000000000000e+00,0.000000000000000000e+00,0.000000000000000000e+00,1.000000000000000000e+00,2.178759336471557617e+00,-1.038025692105293274e-01,8.857269883155822754e-01,-6.379883289337158203e-01,-1.666344106197357178e-01,1.465688198804855347e-01,1.844467470384502650e-01,-6.796451102289102764e-03,-1.642095014540156939e-03,1.000000000000000000e+00,2.502954483032226562e+00,-5.833077430725097656e-02,1.001608967781066895e+00,-6.479068994522094727e-01,-5.124358534812927246e-01,-1.003591716289520264e-01,2.993800398918020078e-02,-2.730182656896418258e-02,-8.103506263426995399e-04,1.000000000000000000e+00,2.000000029802322388e-01,1.999784409999847412e-01,-1.000000014901161194e-01,3.885072767734527588e-01,1.119377538561820984e-01,2.847013808786869049e-02,-1.000000014901161194e-01,4.164198040962219238e-01,2.000000029802322388e-01,1.424145698547363281e-02,5.563497543334960938e-03,3.920836746692657471e-01,6.281232833862304688e-02,-2.280902862548828125e-02,-1.434326171875000000e-03,3.998587131500244141e-01
1.500000000000000000e+00,5.275655984878540039e-01,-3.374993801116943359e-01,1.026992917060852051e+00,7.167990803718566895e-01,-8.381589651107788086e-01,-1.273187249898910522e-01,9.760265350341796875e-01,1.373338848352432251e-01,1.688544154167175293e-01,-9.924366325139999390e-02,9.712692499160766602e-01,-2.163030356168746948e-01,-1.937088072299957275e-01,1.943597644567489624e-01,9.616139531135559082e-01,2.288650954142212868e-03,3.901028633117675781e-02,2.572023542597889900e-03,1.000000000000000000e+00,0.000000000000000000e+00,5.275655984878540039e-01,-3.374993801116943359e-01,1.026992917060852051e+00,7.167990803718566895e-01,-8.381589651107788086e-01,-1.273187249898910522e-01,1.000000000000000000e+00,7.727371454238891602e-01,-1.235890612006187439e-01,7.992368936538696289e-01,6.569411158561706543e-01,-6.492236852645874023e-01,6.099557131528854370e-02,1.000000000000000000e+00,2.166032314300537109e+00,-1.074461936950683594e-01,8.886083364486694336e-01,-6.342461109161376953e-01,-2.011887729167938232e-01,1.408810317516326904e-01,1.000000000000000000e+00,2.489992380142211914e+00,-6.859999895095825195e-02,9.996455907821655273e-01,-6.483581066131591797e-01,-5.148546099662780762e-01,-9.567732363939285278e-02,1.000000000000000000e+00,1.000000000000000000e+00,0.000000000000000000e+00,0.000000000000000000e+00,1.000000000000000000e+00,7.727371454238891602e-01,-1.235890612006187439e-01,7.992368936538696289e-01,6.569411158561706543e-01,-6.492236852645874023e-01,6.099557131528854370e-02,9.946843981742858887e-01,1.021493002772331238e-01,1.298854034394025803e-02,-1.004054024815559387e-01,9.901328086853027344e-01,-9.775443375110626221e-02,-2.284592390060424805e-02,9.593068063259124756e-02,9.951258897781372070e-01,1.205492243170738220e-01,4.223169386386871338e-02,-9.347644518129527569e-04,0.000000000000000000e+00,1.000000000000000000e+00,5.275655984878540039e-01,-3.374993801116943359e-01,1.026992917060852051e+00,7.167990803718566895e-01,-8.381589651107788086e-01,-1.273187249898910522e-01,1.000000000000000000e+00,7.727371454238891602e-01,-1.235890612006187439e-01,7.992368936538696289e-01,6.569411158561706543e-01,-6.492236852645874023e-01,6.099557131528854370e-02,1.000000000000000000e+00,2.166032314300537109e+00,-1.074461936950683594e-01,8.886083364486694336e-01,-6.342461109161376953e-01,-2.011887729167938232e-01,1.408810317516326904e-01,1.000000000000000000e+00,2.489992380142211914e+00,-6.859999895095825195e-02,9.996455907821655273e-01,-6.483581066131591797e-01,-5.148546099662780762e-01,-9.567732363939285278e-02,1.000000000000000000e+00,1.000000000000000000e+00,0.000000000000000000e+00,0.000000000000000000e+00,1.000000000000000000e+00,2.166032314300537109e+00,-1.074461936950683594e-01,8.886083364486694336e-01,-6.342461109161376953e-01,-2.011887729167938232e-01,1.408810317516326904e-01,1.866604305308787182e-01,-4.268426034470307329e-03,-8.727435995851823280e-04,1.000000000000000000e+00,2.489992380142211914e+00,-6.859999895095825195e-02,9.996455907821655273e-01,-6.483581066131591797e-01,-5.148546099662780762e-01,-9.567732363939285278e-02,3.405925296114174772e-02,-2.674199962691581334e-02,-9.367518828715497292e-04,1.000000000000000000e+00,1.999999731779098511e-01,1.990024447441101074e-01,-1.000000014901161194e-01,3.875124752521514893e-01,1.149271652102470398e-01,2.898945845663547516e-02,-1.000000014901161194e-01,4.176411926746368408e-01,2.000000029802322388e-01,1.960778236389160156e-02,8.088827133178710938e-03,3.907741308212280273e-01,6.926703453063964844e-02,-2.188944816589355469e-02,-1.518487930297851562e-03,3.987380862236022949e-01
1.520000000000000018e+00,5.421373844146728516e-01,-3.545696139335632324e-01,1.024307966232299805e+00,7.429704070091247559e-01,-8.722139000892639160e-01,-1.427751034498214722e-01,9.759123921394348145e-01,1.372897475957870483e-01,1.695483177900314331e-01,-9.903734922409057617e-02,9.712650775909423828e-01,-2.164159715175628662e-01,-1.943880468606948853e-01,1.944113969802856445e-01,9.614664316177368164e-01,2.011427888646721840e-03,3.123351931571960449e-02,2.662860322743654251e-03,1.000000000000000000e+00,0.000000000000000000e+00,5.421373844146728516e-01,-3.545696139335632324e-01,1.024307966232299805e+00,7.429704070091247559e-01,-8.722139000892639160e-01,-1.427751034498214722e-01,1.000000000000000000e+00,7.858546972274780273e-01,-1.367018669843673706e-01,8.004288673400878906e-01,6.546120047569274902e-01,-6.635728478431701660e-01,5.812544003129005432e-02,1.000000000000000000e+00,2.153384923934936523e+00,-1.117810308933258057e-01,8.913694620132446289e-01,-6.299856901168823242e-01,-2.357467710971832275e-01,1.344826966524124146e-01,1.000000000000000000e+00,2.477022171020507812e+00,-7.892470061779022217e-02,9.977670311927795410e-01,-6.486662626266479492e-01,-5.180731415748596191e-01,-9.196320176124572754e-02,1.000000000000000000e+00,1.000000000000000000e+00,0.000000000000000000e+00,0.000000000000000000e+00,1.000000000000000000e+00,7.858546972274780273e-01,-1.367018669843673706e-01,8.004288673400878906e-01,6.546120047569274902e-01,-6.635728478431701660e-01,5.812544003129005432e-02,9.946715831756591797e-01,1.022011265158653259e-01,1.354668382555246353e-02,-1.003441736102104187e-01,9.898883700370788574e-01,-1.002608165144920349e-01,-2.365647070109844208e-02,9.836725145578384399e-02,9.948690533638000488e-01,1.246831417083740234e-01,3.913639858365058899e-02,-1.000720192678272724e-03,0.000000000000000000e+00,1.000000000000000000e+00,5.421373844146728516e-01,-3.545696139335632324e-01,1.024307966232299805e+00,7.429704070091247559e-01,-8.722139000892639160e-01,-1.427751034498214722e-01,1.000000000000000000e+00,7.858546972274780273e-01,-1.367018669843673706e-01,8.004288673400878906e-01,6.546120047569274902e-01,-6.635728478431701660e-01,5.812544003129005432e-02,1.000000000000000000e+00,2.153384923934936523e+00,-1.117810308933258057e-01,8.913694620132446289e-01,-6.299856901168823242e-01,-2.357467710971832275e-01,1.344826966524124146e-01,1.000000000000000000e+00,2.477022171020507812e+00,-7.892470061779022217e-02,9.977670311927795410e-01,-6.486662626266479492e-01,-5.180731415748596191e-01,-9.196320176124572754e-02,1.000000000000000000e+00,1.000000000000000000e+00,0.000000000000000000e+00,0.000000000000000000e+00,1.000000000000000000e+00,2.153384923934936523e+00,-1.117810308933258057e-01,8.913694620132446289e-01,-6.299856901168823242e-01,-2.357467710971832275e-01,1.344826966524124146e-01,1.885721617720520216e-01,-1.379963500558245570e-03,1.260971835907731542e-04,1.000000000000000000e+00,2.477022171020507812e+00,-7.892470061779022217e-02,9.977670311927795410e-01,-6.486662626266479492e-01,-5.180731415748596191e-01,-9.196320176124572754e-02,3.850253823249706608e-02,-2.613012769121536572e-02,-1.062200043596597809e-03,1.000000000000000000e+00,1.999999433755874634e-01,1.928136795759201050e-01,-1.000000014901161194e-01,3.858462274074554443e-01,1.178059503436088562e-01,2.967696264386177063e-02,-1.000000014901161194e-01,4.175148010253906250e-01,2.000000029802322388e-01,2.545118331909179688e-02,1.108837127685546875e-02,3.894292414188385010e-01,7.587456703186035156e-02,-2.096176147460937500e-02,-1.593351364135742188e-03,3.979465663433074951e-01
1.540000000000000036e+00,5.572313666343688965e-01,-3.723180592060089111e-01,1.021311283111572266e+00,7.689911723136901855e-01,-9.059480428695678711e-01,-1.585200577974319458e-01,9.758518934249877930e-01,1.372002512216567993e-01,1.699688732624053955e-01,-9.884779155254364014e-02,9.712670445442199707e-01,-2.164942026138305664e-01,-1.947881877422332764e-01,1.944652199745178223e-01,9.613745808601379395e-01,1.540550845675170422e-03,4.493701737374067307e-03,7.210818119347095490e-03,1.000000000000000000e+00,0.000000000000000000e+00,5.572313666343688965e-01,-3.723180592060089111e-01,1.021311283111572266e+00,7.689911723136901855e-01,-9.059480428695678711e-01,-1.585200577974319458e-01,1.000000000000000000e+00,7.989270091056823730e-01,-1.501061618328094482e-01,8.015739321708679199e-01,6.524193286895751953e-01,-6.784227490425109863e-01,5.635855719447135925e-02,1.000000000000000000e+00,2.140827655792236328e+00,-1.168066561222076416e-01,8.939965963363647461e-01,-6.251361966133117676e-01,-2.702538073062896729e-01,1.274031549692153931e-01,1.000000000000000000e+00,2.464047193527221680e+00,-8.932134509086608887e-02,9.959548711776733398e-01,-6.488268971443176270e-01,-5.221437811851501465e-01,-8.910265564918518066e-02,1.000000000000000000e+00,1.000000000000000000e+00,0.000000000000000000e+00,0.000000000000000000e+00,1.000000000000000000e+00,7.989270091056823730e-01,-1.501061618328094482e-01,8.015739321708679199e-01,6.524193286895751953e-01,-6.784227490425109863e-01,5.635855719447135925e-02,9.946585297584533691e-01,1.022583767771720886e-01,1.405653264373540878e-02,-1.002882197499275208e-01,9.896302819252014160e-01,-1.028309762477874756e-01,-2.442609891295433044e-02,1.008720099925994873e-01,9.945995211601257324e-01,1.273918747901916504e-01,3.828604146838188171e-02,-1.261507044546306133e-03,0.000000000000000000e+00,1.000000000000000000e+00,5.572313666343688965e-01,-3.723180592060089111e-01,1.021311283111572266e+00,7.689911723136901855e-01,-9.059480428695678711e-01,-1.585200577974319458e-01,1.000000000000000000e+00,7.989270091056823730e-01,-1.501061618328094482e-01,8.015739321708679199e-01,6.524193286895751953e-01,-6.784227490425109863e-01,5.635855719447135925e-02,1.000000000000000000e+00,2.140827655792236328e+00,-1.168066561222076416e-01,8.939965963363647461e-01,-6.251361966133117676e-01,-2.702538073062896729e-01,1.274031549692153931e-01,1.000000000000000000e+00,2.464047193527221680e+00,-8.932134509086608887e-02,9.959548711776733398e-01,-6.488268971443176270e-01,-5.221437811851501465e-01,-8.910265564918518066e-02,1.000000000000000000e+00,1.000000000000000000e+00,0.000000000000000000e+00,0.000000000000000000e+00,1.000000000000000000e+00,2.140827655792236328e+00,-1.168066561222076416e-01,8.939965963363647461e-01,-6.251361966133117676e-01,-2.702538073062896729e-01,1.274031549692153931e-01,1.902194752950252532e-01,1.884062817247622590e-03,1.390115375335787551e-03,1.000000000000000000e+00,2.464047193527221680e+00,-8.932134509086608887e-02,9.959548711776733398e-01,-6.488268971443176270e-01,-5.221437811851501465e-01,-8.910265564918518066e-02,4.324574944777580254e-02,-2.547339801536741000e-02,-1.184895920800212166e-03,1.000000000000000000e+00,2.000000029802322388e-01,1.826765388250350952e-01,-1.000000014901161194e-01,3.842204809188842773e-01,1.202814579010009766e-01,3.054294362664222717e-02,-1.000000014901161194e-01,4.161420464515686035e-01,2.000000029802322388e-01,3.177475929260253906e-02,1.462221145629882812e-02,3.880309164524078369e-01,8.261132240295410156e-02,-2.001690864562988281e-02,-1.657247543334960938e-03,3.974475860595703125e-01
1.560000000000000053e+00,5.728436708450317383e-01,-3.907380104064941406e-01,1.017996430397033691e+00,7.947536110877990723e-01,-9.393301010131835938e-01,-1.746334731578826904e-01,9.759526848793029785e-01,1.369699239730834961e-01,1.695756465196609497e-01,-9.870114177465438843e-02,9.712857007980346680e-01,-2.164773792028427124e-01,-1.943572610616683960e-01,1.945343464612960815e-01,9.614478349685668945e-01,7.158771622925996780e-04,-5.675612390041351318e-02,1.698285154998302460e-02,1.000000000000000000e+00,0.000000000000000000e+00,5.728436708450317383e-01,-3.907380104064941406e-01,1.017996430397033691e+00,7.947536110877990723e-01,-9.393301010131835938e-01,-1.746334731578826904e-01,1.000000000000000000e+00,8.119565248489379883e-01,-1.638118326663970947e-01,8.026912808418273926e-01,6.503533720970153809e-01,-6.937542557716369629e-01,5.538013949990272522e-02,1.000000000000000000e+00,2.128373146057128906e+00,-1.225215941667556763e-01,8.964760899543762207e-01,-6.196238398551940918e-01,-3.046592772006988525e-01,1.196610033512115479e-01,1.000000000000000000e+00,2.451070070266723633e+00,-9.980744123458862305e-02,9.941931366920471191e-01,-6.488372087478637695e-01,-5.271154642105102539e-01,-8.697281777858734131e-02,1.000000000000000000e+00,1.000000000000000000e+00,0.000000000000000000e+00,0.000000000000000000e+00,1.000000000000000000e+00,8.119565248489379883e-01,-1.638118326663970947e-01,8.026912808418273926e-01,6.503533720970153809e-01,-6.937542557716369629e-01,5.538013949990272522e-02,9.946445822715759277e-01,1.023244112730026245e-01,1.456187013536691666e-02,-1.002372056245803833e-01,9.893609881401062012e-01,-1.054394766688346863e-01,-2.519597671926021576e-02,1.034151539206504822e-01,9.943191409111022949e-01,1.282510310411453247e-01,3.918691352009773254e-02,-1.705835573375225067e-03,0.000000000000000000e+00,1.000000000000000000e+00,5.728436708450317383e-01,-3.907380104064941406e-01,1.017996430397033691e+00,7.947536110877990723e-01,-9.393301010131835938e-01,-1.746334731578826904e-01,1.000000000000000000e+00,8.119565248489379883e-01,-1.638118326663970947e-01,8.026912808418273926e-01,6.503533720970153809e-01,-6.937542557716369629e-01,5.538013949990272522e-02,1.000000000000000000e+00,2.128373146057128906e+00,-1.225215941667556763e-01,8.964760899543762207e-01,-6.196238398551940918e-01,-3.046592772006988525e-01,1.196610033512115479e-01,1.000000000000000000e+00,2.451070070266723633e+00,-9.980744123458862305e-02,9.941931366920471191e-01,-6.488372087478637695e-01,-5.271154642105102539e-01,-8.697281777858734131e-02,1.000000000000000000e+00,1.000000000000000000e+00,0.000000000000000000e+00,0.000000000000000000e+00,1.000000000000000000e+00,2.128373146057128906e+00,-1.225215941667556763e-01,8.964760899543762207e-01,-6.196238398551940918e-01,-3.046592772006988525e-01,1.196610033512115479e-01,1.916245340784048512e-01,5.536720610221479433e-03,2.958568703429115265e-03,1.000000000000000000e+00,2.451070070266723633e+00,-9.980744123458862305e-02,9.941931366920471191e-01,-6.488372087478637695e-01,-5.271154642105102539e-01,-8.697281777858734131e-02,4.826667674828821752e-02,-2.477712168996815123e-02,-1.303198622560463454e-03,1.000000000000000000e+00,1.999989449977874756e-01,1.677506864070892334e-01,-1.000000014901161194e-01,3.815478980541229248e-01,1.224838495254516602e-01,3.168438747525215149e-02,-1.000000014901161194e-01,4.136103093624114990e-01,2.000000029802322388e-01,3.857350349426269531e-02,1.875233650207519531e-02,3.865571022033691406e-01,8.945250511169433594e-02,-1.904058456420898438e-02,-1.707553863525390625e-03,3.971880376338958740e-01
1.580000000000000071e+00,5.889673233032226562e-01,-4.098221361637115479e-01,1.014355540275573730e+00,8.200305104255676270e-01,-9.723111391067504883e-01,-1.911947429180145264e-01,9.763458967208862305e-01,1.364850252866744995e-01,1.676927953958511353e-01,-9.863439202308654785e-02,9.713330864906311035e-01,-2.162951231002807617e-01,-1.924065798521041870e-01,1.946385502815246582e-01,9.618190526962280273e-01,1.867810351541265845e-04,-1.507253497838973999e-01,3.292794525623321533e-02,1.000000000000000000e+00,0.000000000000000000e+00,5.889673233032226562e-01,-4.098221361637115479e-01,1.014355540275573730e+00,8.200305104255676270e-01,-9.723111391067504883e-01,-1.911947429180145264e-01,1.000000000000000000e+00,8.249459266662597656e-01,-1.778282225131988525e-01,8.037934899330139160e-01,6.484110355377197266e-01,-7.095336318016052246e-01,5.482246354222297668e-02,1.000000000000000000e+00,2.116035461425781250e+00,-1.289233714342117310e-01,8.987948298454284668e-01,-6.133721470832824707e-01,-3.389152884483337402e-01,1.112641170620918274e-01,1.000000000000000000e+00,2.438094139099121094e+00,-1.104014068841934204e-01,9.924682974815368652e-01,-6.486948728561401367e-01,-5.330331921577453613e-01,-8.545064181089401245e-02,1.000000000000000000e+00,1.000000000000000000e+00,0.000000000000000000e+00,0.000000000000000000e+00,1.000000000000000000e+00,8.249459266662597656e-01,-1.778282225131988525e-01,8.037934899330139160e-01,6.484110355377197266e-01,-7.095336318016052246e-01,5.482246354222297668e-02,9.946285486221313477e-01,1.024025976657867432e-01,1.509799249470233917e-02,-1.001917421817779541e-01,9.890844821929931641e-01,-1.080446913838386536e-01,-2.599724568426609039e-02,1.059516295790672302e-01,9.940314888954162598e-01,1.264831721782684326e-01,4.147809743881225586e-02,-2.352824201807379723e-03,0.000000000000000000e+00,1.000000000000000000e+00,5.889673233032226562e-01,-4.098221361637115479e-01,1.014355540275573730e+00,8.200305104255676270e-01,-9.723111391067504883e-01,-1.911947429180145264e-01,1.000000000000000000e+00,8.249459266662597656e-01,-1.778282225131988525e-01,8.037934899330139160e-01,6.484110355377197266e-01,-7.095336318016052246e-01,5.482246354222297668e-02,1.000000000000000000e+00,2.116035461425781250e+00,-1.289233714342117310e-01,8.987948298454284668e-01,-6.133721470832824707e-01,-3.389152884483337402e-01,1.112641170620918274e-01,1.000000000000000000e+00,2.438094139099121094e+00,-1.104014068841934204e-01,9.924682974815368652e-01,-6.486948728561401367e-01,-5.330331921577453613e-01,-8.545064181089401245e-02,1.000000000000000000e+00,1.000000000000000000e+00,0.000000000000000000e+00,0.000000000000000000e+00,1.000000000000000000e+00,2.116035461425781250e+00,-1.289233714342117310e-01,8.987948298454284668e-01,-6.133721470832824707e-01,-3.389152884483337402e-01,1.112641170620918274e-01,1.928139626633960935e-01,9.589147877439252454e-03,4.874557390674771895e-03,1.000000000000000000e+00,2.438094139099121094e+00,-1.104014068841934204e-01,9.924682974815368652e-01,-6.486948728561401367e-01,-5.330331921577453613e-01,-8.545064181089401245e-02,5.354276033784233224e-02,-2.404426352653832311e-02,-1.415521744111480212e-03,1.000000000000000000e+00,1.999969184398651123e-01,1.515467464923858643e-01,-1.000000014901161194e-01,3.794162571430206299e-01,1.254073232412338257e-01,3.309216722846031189e-02,-1.000000014901161194e-01,4.108789265155792236e-01,2.000000029802322388e-01,4.583144187927246094e-02,2.353811264038085938e-02,3.849836587905883789e-01,9.637188911437988281e-02,-1.801514625549316406e-02,-1.741409301757812500e-03,3.971013724803924561e-01
1.600000000000000089e+00,6.055896878242492676e-01,-4.295618534088134766e-01,1.010378956794738770e+00,8.444848656654357910e-01,-1.004834055900573730e+00,-2.082523554563522339e-01,9.771208763122558594e-01,1.356494724750518799e-01,1.638111174106597900e-01,-9.866093099117279053e-02,9.714159965515136719e-01,-2.159097641706466675e-01,-1.884167790412902832e-01,1.948081701993942261e-01,9.625741243362426758e-01,7.220327970571815968e-04,-2.582046091556549072e-01,5.239687114953994751e-02,1.000000000000000000e+00,0.000000000000000000e+00,6.055896878242492676e-01,-4.295618534088134766e-01,1.010378956794738770e+00,8.444848656654357910e-01,-1.004834055900573730e+00,-2.082523554563522339e-01,1.000000000000000000e+00,8.378975987434387207e-01,-1.921638995409011841e-01,8.048855662345886230e-01,6.465951800346374512e-01,-7.257153391838073730e-01,5.431526526808738708e-02,1.000000000000000000e+00,2.103830337524414062e+00,-1.360085904598236084e-01,9.009397625923156738e-01,-6.063033342361450195e-01,-3.729772269725799561e-01,1.022088453173637390e-01,1.000000000000000000e+00,2.425122737884521484e+00,-1.211225539445877075e-01,9.907692670822143555e-01,-6.483975648880004883e-01,-5.399387478828430176e-01,-8.442110568284988403e-02,1.000000000000000000e+00,1.000000000000000000e+00,0.000000000000000000e+00,0.000000000000000000e+00,1.000000000000000000e+00,8.378975987434387207e-01,-1.921638995409011841e-01,8.048855662345886230e-01,6.465951800346374512e-01,-7.257153391838073730e-01,5.431526526808738708e-02,9.946094751358032227e-01,1.024971902370452881e-01,1.569705456495285034e-02,-1.001532077789306641e-01,9.888042211532592773e-01,-1.106144636869430542e-01,-2.685898542404174805e-02,1.084460765123367310e-01,9.937394261360168457e-01,1.250772029161453247e-01,4.530219361186027527e-02,-3.281966317445039749e-03,0.000000000000000000e+00,1.000000000000000000e+00,6.055896878242492676e-01,-4.295618534088134766e-01,1.010378956794738770e+00,8.444848656654357910e-01,-1.004834055900573730e+00,-2.082523554563522339e-01,1.000000000000000000e+00,8.378975987434387207e-01,-1.921638995409011841e-01,8.048855662345886230e-01,6.465951800346374512e-01,-7.257153391838073730e-01,5.431526526808738708e-02,1.000000000000000000e+00,2.103830337524414062e+00,-1.360085904598236084e-01,9.009397625923156738e-01,-6.063033342361450195e-01,-3.729772269725799561e-01,1.022088453173637390e-01,1.000000000000000000e+00,2.425122737884521484e+00,-1.211225539445877075e-01,9.907692670822143555e-01,-6.483975648880004883e-01,-5.399387478828430176e-01,-8.442110568284988403e-02,1.000000000000000000e+00,1.000000000000000000e+00,0.000000000000000000e+00,0.000000000000000000e+00,1.000000000000000000e+00,2.103830337524414062e+00,-1.360085904598236084e-01,9.009397625923156738e-01,-6.063033342361450195e-01,-3.729772269725799561e-01,1.022088453173637390e-01,1.938207415914015574e-01,1.404988400895379463e-02,7.184990812349412170e-03,1.000000000000000000e+00,2.425122737884521484e+00,-1.211225539445877075e-01,9.907692670822143555e-01,-6.483975648880004883e-01,-5.399387478828430176e-01,-8.442110568284988403e-02,5.905093338261932501e-02,-2.327517964047665089e-02,-1.520167842848422352e-03,1.000000000000000000e+00,1.999908834695816040e-01,1.347721219062805176e-01,-1.000000014901161194e-01,3.776794970035552979e-01,1.281978935003280640e-01,3.461952507495880127e-02,-1.000000014901161194e-01,4.075325131416320801e-01,2.000000029802322388e-01,5.352044105529785156e-02,2.902984619140625000e-02,3.832922577857971191e-01,1.033420562744140625e-01,-1.692175865173339844e-02,-1.754999160766601562e-03,3.971162438392639160e-01
1.620000000000000107e+00,6.226909160614013672e-01,-4.499475955963134766e-01,1.006057024002075195e+00,8.677452802658081055e-01,-1.036859750747680664e+00,-2.257613837718963623e-01,9.782642722129821777e-01,1.344205588102340698e-01,1.578932553529739380e-01,-9.874021261930465698e-02,9.715350866317749023e-01,-2.153370678424835205e-01,-1.823445707559585571e-01,1.950661242008209229e-01,9.636906981468200684e-01,1.880273222923278809e-03,-3.538925647735595703e-01,7.296091318130493164e-02,1.000000000000000000e+00,0.000000000000000000e+00,6.226909160614013672e-01,-4.499475955963134766e-01,1.006057024002075195e+00,8.677452802658081055e-01,-1.036859750747680664e+00,-2.257613837718963623e-01,1.000000000000000000e+00,8.508141040802001953e-01,-2.068264782428741455e-01,8.059653639793395996e-01,6.449137926101684570e-01,-7.422511577606201172e-01,5.348796397447586060e-02,1.000000000000000000e+00,2.091774463653564453e+00,-1.437730044126510620e-01,9.028974771499633789e-01,-5.983378291130065918e-01,-4.068039059638977051e-01,9.248006343841552734e-02,1.000000000000000000e+00,2.412158727645874023e+00,-1.319909840822219849e-01,9.890870451927185059e-01,-6.479422450065612793e-01,-5.478691458702087402e-01,-8.378554135560989380e-02,1.000000000000000000e+00,1.000000000000000000e+00,0.000000000000000000e+00,0.000000000000000000e+00,1.000000000000000000e+00,8.508141040802001953e-01,-2.068264782428741455e-01,8.059653639793395996e-01,6.449137926101684570e-01,-7.422511577606201172e-01,5.348796397447586060e-02,9.945863485336303711e-01,1.026146784424781799e-01,1.638354733586311340e-02,-1.001237854361534119e-01,9.885156154632568359e-01,-1.131910979747772217e-01,-2.781045809388160706e-02,1.109379231929779053e-01,9.934382438659667969e-01,1.267132014036178589e-01,5.025484785437583923e-02,-4.434710834175348282e-03,0.000000000000000000e+00,1.000000000000000000e+00,6.226909160614013672e-01,-4.499475955963134766e-01,1.006057024002075195e+00,8.677452802658081055e-01,-1.036859750747680664e+00,-2.257613837718963623e-01,1.000000000000000000e+00,8.508141040802001953e-01,-2.068264782428741455e-01,8.059653639793395996e-01,6.449137926101684570e-01,-7.422511577606201172e-01,5.348796397447586060e-02,1.000000000000000000e+00,2.091774463653564453e+00,-1.437730044126510620e-01,9.028974771499633789e-01,-5.983378291130065918e-01,-4.068039059638977051e-01,9.248006343841552734e-02,1.000000000000000000e+00,2.412158727645874023e+00,-1.319909840822219849e-01,9.890870451927185059e-01,-6.479422450065612793e-01,-5.478691458702087402e-01,-8.378554135560989380e-02,1.000000000000000000e+00,1.000000000000000000e+00,0.000000000000000000e+00,0.000000000000000000e+00,1.000000000000000000e+00,2.091774463653564453e+00,-1.437730044126510620e-01,9.028974771499633789e-01,-5.983378291130065918e-01,-4.068039059638977051e-01,9.248006343841552734e-02,1.946757686790380193e-01,1.892379700935120646e-02,9.939918798875610473e-03,1.000000000000000000e+00,2.412158727645874023e+00,-1.319909840822219849e-01,9.890870451927185059e-01,-6.479422450065612793e-01,-5.478691458702087402e-01,-8.378554135560989380e-02,6.476746878114347794e-02,-2.246775607403583841e-02,-1.614821025920733233e-03,1.000000000000000000e+00,2.000000029802322388e-01,1.175990626215934753e-01,-1.000000014901161194e-01,3.860555291175842285e-01,1.308232992887496948e-01,3.613831847906112671e-02,-1.000000014901161194e-01,4.049760997295379639e-01,2.000000029802322388e-01,6.160378456115722656e-02,3.526616096496582031e-02,3.814876377582550049e-01,1.103379726409912109e-01,-1.573967933654785156e-02,-1.743555068969726562e-03,3.971580862998962402e-01
1.640000000000000124e+00,6.402447223663330078e-01,-4.709698557853698730e-01,1.001384139060974121e+00,8.895651102066040039e-01,-1.068478107452392578e+00,-2.431379705667495728e-01,9.796812534332275391e-01,1.328070014715194702e-01,1.502893418073654175e-01,-9.880087524652481079e-02,9.716894030570983887e-01,-2.146112620830535889e-01,-1.745364516973495483e-01,1.954019069671630859e-01,9.650673866271972656e-01,2.271937672048807144e-03,-4.277660548686981201e-01,9.201576560735702515e-02,1.000000000000000000e+00,0.000000000000000000e+00,6.402447223663330078e-01,-4.709698557853698730e-01,1.001384139060974121e+00,8.895651102066040039e-01,-1.068478107452392578e+00,-2.431379705667495728e-01,1.000000000000000000e+00,8.636983036994934082e-01,-2.218227088451385498e-01,8.070232868194580078e-01,6.433785557746887207e-01,-7.591086030006408691e-01,5.203800275921821594e-02,1.000000000000000000e+00,2.079886436462402344e+00,-1.522115170955657959e-01,9.046543836593627930e-01,-5.893961787223815918e-01,-4.403565227985382080e-01,8.205308765172958374e-02,1.000000000000000000e+00,2.399205446243286133e+00,-1.430274993181228638e-01,9.874147176742553711e-01,-6.473248600959777832e-01,-5.568569302558898926e-01,-8.346707373857498169e-02,1.000000000000000000e+00,1.000000000000000000e+00,0.000000000000000000e+00,0.000000000000000000e+00,1.000000000000000000e+00,8.636983036994934082e-01,-2.218227088451385498e-01,8.070232868194580078e-01,6.433785557746887207e-01,-7.591086030006408691e-01,5.203800275921821594e-02,9.945585131645202637e-01,1.027572378516197205e-01,1.716201938688755035e-02,-1.001029834151268005e-01,9.882128834724426270e-01,-1.158229112625122070e-01,-2.886136807501316071e-02,1.134746819734573364e-01,9.931217432022094727e-01,1.292896121740341187e-01,5.479115247726440430e-02,-5.520480219274759293e-03,0.000000000000000000e+00,1.000000000000000000e+00,6.402447223663330078e-01,-4.709698557853698730e-01,1.001384139060974121e+00,8.895651102066040039e-01,-1.068478107452392578e+00,-2.431379705667495728e-01,1.000000000000000000e+00,8.636983036994934082e-01,-2.218227088451385498e-01,8.070232868194580078e-01,6.433785557746887207e-01,-7.591086030006408691e-01,5.203800275921821594e-02,1.000000000000000000e+00,2.079886436462402344e+00,-1.522115170955657959e-01,9.046543836593627930e-01,-5.893961787223815918e-01,-4.403565227985382080e-01,8.205308765172958374e-02,1.000000000000000000e+00,2.399205446243286133e+00,-1.430274993181228638e-01,9.874147176742553711e-01,-6.473248600959777832e-01,-5.568569302558898926e-01,-8.346707373857498169e-02,1.000000000000000000e+00,1.000000000000000000e+00,0.000000000000000000e+00,0.000000000000000000e+00,1.000000000000000000e+00,2.079886436462402344e+00,-1.522115170955657959e-01,9.046543836593627930e-01,-5.893961787223815918e-01,-4.403565227985382080e-01,8.205308765172958374e-02,1.954024150242403279e-01,2.421076100096009043e-02,1.319095650000544351e-02,1.000000000000000000e+00,2.399205446243286133e+00,-1.430274993181228638e-01,9.874147176742553711e-01,-6.473248600959777832e-01,-5.568569302558898926e-01,-8.346707373857498169e-02,7.066838130388164441e-02,-2.161706780846217590e-02,-1.697355456113484873e-03,1.000000000000000000e+00,1.999999731779098511e-01,1.021226197481155396e-01,-1.000000014901161194e-01,3.955270648002624512e-01,1.328203529119491577e-01,3.781444951891899109e-02,-1.000000014901161194e-01,4.033986032009124756e-01,2.000000029802322388e-01,7.005333900451660156e-02,4.227066040039062500e-02,3.797057569026947021e-01,1.173429489135742188e-01,-1.444840431213378906e-02,-1.703262329101562500e-03,3.971612155437469482e-01
1.660000000000000142e+00,6.582210063934326172e-01,-4.926222264766693115e-01,9.963725805282592773e-01,9.098317623138427734e-01,-1.099884033203125000e+00,-2.593648731708526611e-01,9.812688231468200684e-01,1.308397650718688965e-01,1.413947790861129761e-01,-9.878621995449066162e-02,9.718785881996154785e-01,-2.137598842382431030e-01,-1.653868407011032104e-01,1.957880407571792603e-01,9.665993452072143555e-01,2.185888588428497314e-03,-4.817635416984558105e-01,1.086538285017013550e-01,1.000000000000000000e+00,0.000000000000000000e+00,6.582210063934326172e-01,-4.926222264766693115e-01,9.963725805282592773e-01,9.098317623138427734e-01,-1.099884033203125000e+00,-2.593648731708526611e-01,1.000000000000000000e+00,8.765531778335571289e-01,-2.371589094400405884e-01,8.080456256866455078e-01,6.420023441314697266e-01,-7.762797474861145020e-01,4.985446855425834656e-02,1.000000000000000000e+00,2.068186998367309570e+00,-1.613183915615081787e-01,9.061963558197021484e-01,-5.793995857238769531e-01,-4.735985994338989258e-01,7.090396434068679810e-02,1.000000000000000000e+00,2.386265754699707031e+00,-1.542534977197647095e-01,9.857461452484130859e-01,-6.465391516685485840e-01,-5.669290423393249512e-01,-8.341231197118759155e-02,1.000000000000000000e+00,1.000000000000000000e+00,0.000000000000000000e+00,0.000000000000000000e+00,1.000000000000000000e+00,8.765531778335571289e-01,-2.371589094400405884e-01,8.080456256866455078e-01,6.420023441314697266e-01,-7.762797474861145020e-01,4.985446855425834656e-02,9.945260286331176758e-01,1.029237881302833557e-01,1.801929064095020294e-02,-1.000909283757209778e-01,9.878976345062255859e-01,-1.184911355376243591e-01,-2.999676950275897980e-02,1.160389557480812073e-01,9.927916526794433594e-01,1.285388171672821045e-01,5.855684727430343628e-02,-6.569869816303253174e-03,0.000000000000000000e+00,1.000000000000000000e+00,6.582210063934326172e-01,-4.926222264766693115e-01,9.963725805282592773e-01,9.098317623138427734e-01,-1.099884033203125000e+00,-2.593648731708526611e-01,1.000000000000000000e+00,8.765531778335571289e-01,-2.371589094400405884e-01,8.080456256866455078e-01,6.420023441314697266e-01,-7.762797474861145020e-01,4.985446855425834656e-02,1.000000000000000000e+00,2.068186998367309570e+00,-1.613183915615081787e-01,9.061963558197021484e-01,-5.793995857238769531e-01,-4.735985994338989258e-01,7.090396434068679810e-02,1.000000000000000000e+00,2.386265754699707031e+00,-1.542534977197647095e-01,9.857461452484130859e-01,-6.465391516685485840e-01,-5.669290423393249512e-01,-8.341231197118759155e-02,1.000000000000000000e+00,1.000000000000000000e+00,0.000000000000000000e+00,0.000000000000000000e+00,1.000000000000000000e+00,2.068186998367309570e+00,-1.613183915615081787e-01,9.061963558197021484e-01,-5.793995857238769531e-01,-4.735985994338989258e-01,7.090396434068679810e-02,1.960175010362689152e-01,2.990467418047870751e-02,1.698885960848729726e-02,1.000000000000000000e+00,2.386265754699707031e+00,-1.542534977197647095e-01,9.857461452484130859e-01,-6.465391516685485840e-01,-5.669290423393249512e-01,-8.341231197118759155e-02,7.673011570069657172e-02,-2.071539016077372786e-02,-1.765539419895399698e-03,1.000000000000000000e+00,2.000000029802322388e-01,9.145027399063110352e-02,-1.000000014901161194e-01,3.959954082965850830e-01,1.355399936437606812e-01,3.921091929078102112e-02,-1.000000014901161194e-01,4.021279811859130859e-01,2.000000029802322388e-01,7.884144783020019531e-02,5.003619194030761719e-02,3.782063424587249756e-01,1.243472099304199219e-01,-1.303553581237792969e-02,-1.629352569580078125e-03,3.970924615859985352e-01
1.679999999999999938e+00,6.765876412391662598e-01,-5.149014592170715332e-01,9.910507202148437500e-01,9.283930659294128418e-01,-1.131138682365417480e+00,-2.740599215030670166e-01,9.829204678535461426e-01,1.285905539989471436e-01,1.316510289907455444e-01,-9.866993129253387451e-02,9.720969796180725098e-01,-2.128187119960784912e-01,-1.553440243005752563e-01,1.961938440799713135e-01,9.681819677352905273e-01,1.581858610734343529e-03,-5.072276592254638672e-01,1.198143884539604187e-01,1.000000000000000000e+00,0.000000000000000000e+00,6.765876412391662598e-01,-5.149014592170715332e-01,9.910507202148437500e-01,9.283930659294128418e-01,-1.131138682365417480e+00,-2.740599215030670166e-01,1.000000000000000000e+00,8.893820047378540039e-01,-2.528412938117980957e-01,8.090177178382873535e-01,6.407973170280456543e-01,-7.937589287757873535e-01,4.694192111492156982e-02,1.000000000000000000e+00,2.056697607040405273e+00,-1.710870414972305298e-01,9.075087308883666992e-01,-5.682706236839294434e-01,-5.064994096755981445e-01,5.903275310993194580e-02,1.000000000000000000e+00,2.373343229293823242e+00,-1.656908094882965088e-01,9.840766787528991699e-01,-6.455767750740051270e-01,-5.781069993972778320e-01,-8.359035849571228027e-02,1.000000000000000000e+00,1.000000000000000000e+00,0.000000000000000000e+00,0.000000000000000000e+00,1.000000000000000000e+00,8.893820047378540039e-01,-2.528412938117980957e-01,8.090177178382873535e-01,6.407973170280456543e-01,-7.937589287757873535e-01,4.694192111492156982e-02,9.944894909858703613e-01,1.031109020113945007e-01,1.894703693687915802e-02,-1.000867560505867004e-01,9.875788688659667969e-01,-1.211230009794235229e-01,-3.120079450309276581e-02,1.185591965913772583e-01,9.924567341804504395e-01,1.258956491947174072e-01,6.114128604531288147e-02,-7.412910927087068558e-03,0.000000000000000000e+00,1.000000000000000000e+00,6.765876412391662598e-01,-5.149014592170715332e-01,9.910507202148437500e-01,9.283930659294128418e-01,-1.131138682365417480e+00,-2.740599215030670166e-01,1.000000000000000000e+00,8.893820047378540039e-01,-2.528412938117980957e-01,8.090177178382873535e-01,6.407973170280456543e-01,-7.937589287757873535e-01,4.694192111492156982e-02,1.000000000000000000e+00,2.056697607040405273e+00,-1.710870414972305298e-01,9.075087308883666992e-01,-5.682706236839294434e-01,-5.064994096755981445e-01,5.903275310993194580e-02,1.000000000000000000e+00,2.373343229293823242e+00,-1.656908094882965088e-01,9.840766787528991699e-01,-6.455767750740051270e-01,-5.781069993972778320e-01,-8.359035849571228027e-02,1.000000000000000000e+00,1.000000000000000000e+00,0.000000000000000000e+00,0.000000000000000000e+00,1.000000000000000000e+00,2.056697607040405273e+00,-1.710870414972305298e-01,9.075087308883666992e-01,-5.682706236839294434e-01,-5.064994096755981445e-01,5.903275310993194580e-02,1.965353192463157872e-01,3.599429960365774228e-02,2.138047685039258516e-02,1.000000000000000000e+00,2.373343229293823242e+00,-1.656908094882965088e-01,9.840766787528991699e-01,-6.455767750740051270e-01,-5.781069993972778320e-01,-8.359035849571228027e-02,8.293019136544146908e-02,-1.975304727286997242e-02,-1.816867524528122113e-03,1.000000000000000000e+00,2.000000029802322388e-01,8.260088413953781128e-02,-1.000000014901161194e-01,3.950645327568054199e-01,1.385596990585327148e-01,4.002129286527633667e-02,-1.000000014901161194e-01,3.999176323413848877e-01,2.000000029802322388e-01,8.791637420654296875e-02,5.851745605468750000e-02,3.771192729473114014e-01,1.313393115997314453e-01,-1.149249076843261719e-02,-1.518011093139648438e-03,3.969401121139526367e-01
1.699999999999999956e+00,6.953091025352478027e-01,-5.378040671348571777e-01,9.854469299316406250e-01,9.451023340225219727e-01,-1.162176489830017090e+00,-2.874716222286224365e-01,9.845153689384460449e-01,1.261684894561767578e-01,1.217015087604522705e-01,-9.842029213905334473e-02,9.723351597785949707e-01,-2.118443399667739868e-01,-1.450627148151397705e-01,1.965860873460769653e-01,9.696963429450988770e-01,5.617281422019004822e-04,-4.985082447528839111e-01,1.251688897609710693e-01,1.000000000000000000e+00,0.000000000000000000e+00,6.953091025352478027e-01,-5.378040671348571777e-01,9.854469299316406250e-01,9.451023340225219727e-01,-1.162176489830017090e+00,-2.874716222286224365e-01,1.000000000000000000e+00,9.021884799003601074e-01,-2.688759565353393555e-01,8.099248409271240234e-01,6.397715210914611816e-01,-8.115280270576477051e-01,4.327061027288436890e-02,1.000000000000000000e+00,2.045441150665283203e+00,-1.815104782581329346e-01,9.085775613784790039e-01,-5.559326410293579102e-01,-5.390366315841674805e-01,4.648092389106750488e-02,1.000000000000000000e+00,2.360441446304321289e+00,-1.773617863655090332e-01,9.824016094207763672e-01,-6.444268822669982910e-01,-5.904067158699035645e-01,-8.398937433958053589e-02,1.000000000000000000e+00,1.000000000000000000e+00,0.000000000000000000e+00,0.000000000000000000e+00,1.000000000000000000e+00,9.021884799003601074e-01,-2.688759565353393555e-01,8.099248409271240234e-01,6.397715210914611816e-01,-8.115280270576477051e-01,4.327061027288436890e-02,9.944499135017395020e-01,1.033122092485427856e-01,1.990335434675216675e-02,-1.000884473323822021e-01,9.872556328773498535e-01,-1.237288042902946472e-01,-3.243239223957061768e-02,1.210499927401542664e-01,9.921165108680725098e-01,1.266560256481170654e-01,6.041062623262405396e-02,-7.796437013894319534e-03,0.000000000000000000e+00,1.000000000000000000e+00,6.953091025352478027e-01,-5.378040671348571777e-01,9.854469299316406250e-01,9.451023340225219727e-01,-1.162176489830017090e+00,-2.874716222286224365e-01,1.000000000000000000e+00,9.021884799003601074e-01,-2.688759565353393555e-01,8.099248409271240234e-01,6.397715210914611816e-01,-8.115280270576477051e-01,4.327061027288436890e-02,1.000000000000000000e+00,2.045441150665283203e+00,-1.815104782581329346e-01,9.085775613784790039e-01,-5.559326410293579102e-01,-5.390366315841674805e-01,4.648092389106750488e-02,1.000000000000000000e+00,2.360441446304321289e+00,-1.773617863655090332e-01,9.824016094207763672e-01,-6.444268822669982910e-01,-5.904067158699035645e-01,-8.398937433958053589e-02,1.000000000000000000e+00,1.000000000000000000e+00,0.000000000000000000e+00,0.000000000000000000e+00,1.000000000000000000e+00,2.045441150665283203e+00,-1.815104782581329346e-01,9.085775613784790039e-01,-5.559326410293579102e-01,-5.390366315841674805e-01,4.648092389106750488e-02,1.969702363408155077e-01,4.246480523513151972e-02,2.640503373067736026e-02,1.000000000000000000e+00,2.360441446304321289e+00,-1.773617863655090332e-01,9.824016094207763672e-01,-6.444268822669982910e-01,-5.904067158699035645e-01,-8.398937433958053589e-02,8.924741016694134887e-02,-1.871992979713543725e-02,-1.848605695313261521e-03,1.000000000000000000e+00,2.000000029802322388e-01,7.440240681171417236e-02,-1.000000014901161194e-01,3.951136171817779541e-01,1.412470340728759766e-01,4.064342379570007324e-02,-1.000000014901161194e-01,3.981238305568695068e-01,2.000000029802322388e-01,9.721684455871582031e-02,6.764888763427734375e-02,3.764181435108184814e-01,1.383039951324462891e-01,-9.810209274291992188e-03,-1.365423202514648438e-03,3.966890871524810791e-01
1.719999999999999973e+00,7.143477201461791992e-01,-5.613250136375427246e-01,9.795844554901123047e-01,9.599431753158569336e-01,-1.192947745323181152e+00,-2.998479604721069336e-01,9.859675168991088867e-01,1.236783266067504883e-01,1.121248677372932434e-01,-9.801688790321350098e-02,9.725833535194396973e-01,-2.108899503946304321e-01,-1.351332813501358032e-01,1.969404965639114380e-01,9.710580110549926758e-01,-4.914292949251830578e-04,-4.695739448070526123e-01,1.258790493011474609e-01,1.000000000000000000e+00,0.000000000000000000e+00,7.143477201461791992e-01,-5.613250136375427246e-01,9.795844554901123047e-01,9.599431753158569336e-01,-1.192947745323181152e+00,-2.998479604721069336e-01,1.000000000000000000e+00,9.149759411811828613e-01,-2.852684855461120605e-01,8.107512593269348145e-01,6.389191746711730957e-01,-8.295743465423583984e-01,3.878348320722579956e-02,1.000000000000000000e+00,2.034442663192749023e+00,-1.925812661647796631e-01,9.093896746635437012e-01,-5.423099994659423828e-01,-5.711951851844787598e-01,3.332587331533432007e-02,1.000000000000000000e+00,2.347564458847045898e+00,-1.892889142036437988e-01,9.807165265083312988e-01,-6.430763006210327148e-01,-6.038389205932617188e-01,-8.461304754018783569e-02,1.000000000000000000e+00,1.000000000000000000e+00,0.000000000000000000e+00,0.000000000000000000e+00,1.000000000000000000e+00,9.149759411811828613e-01,-2.852684855461120605e-01,8.107512593269348145e-01,6.389191746711730957e-01,-8.295743465423583984e-01,3.878348320722579956e-02,9.944097995758056641e-01,1.035205870866775513e-01,2.080408483743667603e-02,-1.000969558954238892e-01,9.869196414947509766e-01,-1.263742595911026001e-01,-3.361429274082183838e-02,1.235853731632232666e-01,9.917645454406738281e-01,1.300473958253860474e-01,5.594793334603309631e-02,-7.781775668263435364e-03,0.000000000000000000e+00,1.000000000000000000e+00,7.143477201461791992e-01,-5.613250136375427246e-01,9.795844554901123047e-01,9.599431753158569336e-01,-1.192947745323181152e+00,-2.998479604721069336e-01,1.000000000000000000e+00,9.149759411811828613e-01,-2.852684855461120605e-01,8.107512593269348145e-01,6.389191746711730957e-01,-8.295743465423583984e-01,3.878348320722579956e-02,1.000000000000000000e+00,2.034442663192749023e+00,-1.925812661647796631e-01,9.093896746635437012e-01,-5.423099994659423828e-01,-5.711951851844787598e-01,3.332587331533432007e-02,1.000000000000000000e+00,2.347564458847045898e+00,-1.892889142036437988e-01,9.807165265083312988e-01,-6.430763006210327148e-01,-6.038389205932617188e-01,-8.461304754018783569e-02,1.000000000000000000e+00,1.000000000000000000e+00,0.000000000000000000e+00,0.000000000000000000e+00,1.000000000000000000e+00,2.034442663192749023e+00,-1.925812661647796631e-01,9.093896746635437012e-01,-5.423099994659423828e-01,-5.711951851844787598e-01,3.332587331533432007e-02,1.973367133810190466e-01,4.929745444289812539e-02,3.209053021802102390e-02,1.000000000000000000e+00,2.347564458847045898e+00,-1.892889142036437988e-01,9.807165265083312988e-01,-6.430763006210327148e-01,-6.038389205932617188e-01,-8.461304754018783569e-02,9.566202743879070880e-02,-1.760644088995055867e-02,-1.857860623568109715e-03,1.000000000000000000e+00,1.999998390674591064e-01,6.683596223592758179e-02,-1.000000014901161194e-01,3.957384526729583740e-01,1.443954855203628540e-01,3.943760693073272705e-02,-1.000000014901161194e-01,3.959791958332061768e-01,2.000000029802322388e-01,1.066958904266357422e-01,7.735800743103027344e-02,3.760626316070556641e-01,1.452281475067138672e-01,-7.978439331054687500e-03,-1.166820526123046875e-03,3.963211476802825928e-01
1.739999999999999991e+00,7.336669564247131348e-01,-5.854588747024536133e-01,9.734827280044555664e-01,9.729989767074584961e-01,-1.223438620567321777e+00,-3.113239109516143799e-01,9.872553348541259766e-01,1.212054342031478882e-01,1.031325459480285645e-01,-9.749868512153625488e-02,9.728310704231262207e-01,-2.099852859973907471e-01,-1.257818937301635742e-01,1.972537934780120850e-01,9.722499847412109375e-01,-7.369305822066962719e-04,-4.409240484237670898e-01,1.228549927473068237e-01,1.000000000000000000e+00,0.000000000000000000e+00,7.336669564247131348e-01,-5.854588747024536133e-01,9.734827280044555664e-01,9.729989767074584961e-01,-1.223438620567321777e+00,-3.113239109516143799e-01,1.000000000000000000e+00,9.277477860450744629e-01,-3.020244240760803223e-01,8.114802837371826172e-01,6.382191181182861328e-01,-8.478965759277343750e-01,3.344668075442314148e-02,1.000000000000000000e+00,2.023729085922241211e+00,-2.042917311191558838e-01,9.099339842796325684e-01,-5.273285508155822754e-01,-6.029638051986694336e-01,1.966634579002857208e-02,1.000000000000000000e+00,2.334716558456420898e+00,-2.014949768781661987e-01,9.790167808532714844e-01,-6.415100693702697754e-01,-6.184089779853820801e-01,-8.547866344451904297e-02,1.000000000000000000e+00,1.000000000000000000e+00,0.000000000000000000e+00,0.000000000000000000e+00,1.000000000000000000e+00,9.277477860450744629e-01,-3.020244240760803223e-01,8.114802837371826172e-01,6.382191181182861328e-01,-8.478965759277343750e-01,3.344668075442314148e-02,9.943728446960449219e-01,1.037206426262855530e-01,2.156030014157295227e-02,-1.001079753041267395e-01,9.865688681602478027e-01,-1.290752589702606201e-01,-3.465848788619041443e-02,1.261905729770660400e-01,9.914004802703857422e-01,1.338228881359100342e-01,4.487676545977592468e-02,-6.589923985302448273e-03,0.000000000000000000e+00,1.000000000000000000e+00,7.336669564247131348e-01,-5.854588747024536133e-01,9.734827280044555664e-01,9.729989767074584961e-01,-1.223438620567321777e+00,-3.113239109516143799e-01,1.000000000000000000e+00,9.277477860450744629e-01,-3.020244240760803223e-01,8.114802837371826172e-01,6.382191181182861328e-01,-8.478965759277343750e-01,3.344668075442314148e-02,1.000000000000000000e+00,2.023729085922241211e+00,-2.042917311191558838e-01,9.099339842796325684e-01,-5.273285508155822754e-01,-6.029638051986694336e-01,1.966634579002857208e-02,1.000000000000000000e+00,2.334716558456420898e+00,-2.014949768781661987e-01,9.790167808532714844e-01,-6.415100693702697754e-01,-6.184089779853820801e-01,-8.547866344451904297e-02,1.000000000000000000e+00,1.000000000000000000e+00,0.000000000000000000e+00,0.000000000000000000e+00,1.000000000000000000e+00,2.023729085922241211e+00,-2.042917311191558838e-01,9.099339842796325684e-01,-5.273285508155822754e-01,-6.029638051986694336e-01,1.966634579002857208e-02,1.976489407259384157e-01,5.646838458101344216e-02,3.845089752859948140e-02,1.000000000000000000e+00,2.334716558456420898e+00,-2.014949768781661987e-01,9.790167808532714844e-01,-6.415100693702697754e-01,-6.184089779853820801e-01,-8.547866344451904297e-02,1.021555786601551497e-01,-1.640360967437493045e-02,-1.841600024607419062e-03,1.000000000000000000e+00,2.000000029802322388e-01,6.008604913949966431e-02,-1.000000014901161194e-01,3.963147103786468506e-01,1.466184258460998535e-01,3.712272644042968750e-02,-1.000000014901161194e-01,3.940110504627227783e-01,2.000000029802322388e-01,1.163213253021240234e-01,8.756375312805175781e-02,3.760291635990142822e-01,1.521017551422119141e-01,-5.988359451293945312e-03,-9.179115295410156250e-04,3.958239853382110596e-01
1.760000000000000009e+00,7.532319426536560059e-01,-6.101999878883361816e-01,9.671589732170104980e-01,9.843695759773254395e-01,-1.253648161888122559e+00,-3.219895064830780029e-01,9.883983135223388672e-01,1.188192293047904968e-01,9.460819512605667114e-02,-9.695810824632644653e-02,9.730679988861083984e-01,-2.091357260942459106e-01,-1.169095560908317566e-01,1.975363641977310181e-01,9.732992649078369141e-01,-1.976519706659018993e-04,-4.223383367061614990e-01,1.168129891157150269e-01,1.000000000000000000e+00,0.000000000000000000e+00,7.532319426536560059e-01,-6.101999878883361816e-01,9.671589732170104980e-01,9.843695759773254395e-01,-1.253648161888122559e+00,-3.219895064830780029e-01,1.000000000000000000e+00,9.405067563056945801e-01,-3.191492557525634766e-01,8.120947480201721191e-01,6.376267671585083008e-01,-8.664923310279846191e-01,2.722594328224658966e-02,1.000000000000000000e+00,2.013328075408935547e+00,-2.166339755058288574e-01,9.102013707160949707e-01,-5.109170675277709961e-01,-6.343325376510620117e-01,5.612191278487443924e-03,1.000000000000000000e+00,2.321902036666870117e+00,-2.140026390552520752e-01,9.772974252700805664e-01,-6.397113204002380371e-01,-6.341173052787780762e-01,-8.661556243896484375e-02,1.000000000000000000e+00,1.000000000000000000e+00,0.000000000000000000e+00,0.000000000000000000e+00,1.000000000000000000e+00,9.405067563056945801e-01,-3.191492557525634766e-01,8.120947480201721191e-01,6.376267671585083008e-01,-8.664923310279846191e-01,2.722594328224658966e-02,9.943457245826721191e-01,1.038875430822372437e-01,2.200232446193695068e-02,-1.001207381486892700e-01,9.862068295478820801e-01,-1.318033784627914429e-01,-3.539156913757324219e-02,1.288552135229110718e-01,9.910317659378051758e-01,1.347731053829193115e-01,2.399062737822532654e-02,-4.167421720921993256e-03,0.000000000000000000e+00,1.000000000000000000e+00,7.532319426536560059e-01,-6.101999878883361816e-01,9.671589732170104980e-01,9.843695759773254395e-01,-1.253648161888122559e+00,-3.219895064830780029e-01,1.000000000000000000e+00,9.405067563056945801e-01,-3.191492557525634766e-01,8.120947480201721191e-01,6.376267671585083008e-01,-8.664923310279846191e-01,2.722594328224658966e-02,1.000000000000000000e+00,2.013328075408935547e+00,-2.166339755058288574e-01,9.102013707160949707e-01,-5.109170675277709961e-01,-6.343325376510620117e-01,5.612191278487443924e-03,1.000000000000000000e+00,2.321902036666870117e+00,-2.140026390552520752e-01,9.772974252700805664e-01,-6.397113204002380371e-01,-6.341173052787780762e-01,-8.661556243896484375e-02,1.000000000000000000e+00,1.000000000000000000e+00,0.000000000000000000e+00,0.000000000000000000e+00,1.000000000000000000e+00,2.013328075408935547e+00,-2.166339755058288574e-01,9.102013707160949707e-01,-5.109170675277709961e-01,-6.343325376510620117e-01,5.612191278487443924e-03,1.979197552783136249e-01,6.394984410054416202e-02,4.548491758782279015e-02,1.000000000000000000e+00,2.321902036666870117e+00,-2.140026390552520752e-01,9.772974252700805664e-01,-6.397113204002380371e-01,-6.341173052787780762e-01,-8.661556243896484375e-02,1.087103148041589917e-01,-1.510248020528370816e-02,-1.796632699613977258e-03,1.000000000000000000e+00,1.999996453523635864e-01,5.403947830200195312e-02,-1.000000014901161194e-01,3.965628445148468018e-01,1.484427750110626221e-01,3.412466123700141907e-02,-1.000000014901161194e-01,3.917700648307800293e-01,2.000000029802322388e-01,1.260716915130615234e-01,9.817433357238769531e-02,3.762964308261871338e-01,1.589107513427734375e-01,-3.830909729003906250e-03,-6.139278411865234375e-04,3.951874375343322754e-01
1.780000000000000027e+00,7.730097770690917969e-01,-6.355427503585815430e-01,9.606285691261291504e-01,9.941244125366210938e-01,-1.283574342727661133e+00,-3.319338858127593994e-01,9.894197583198547363e-01,1.165706142783164978e-01,8.637107163667678833e-02,-9.648395329713821411e-02,9.732881188392639160e-01,-2.083296924829483032e-01,-1.083490476012229919e-01,1.977920681238174438e-01,9.742376208305358887e-01,7.351062231464311481e-05,-4.100928604602813721e-01,1.087220534682273865e-01,1.000000000000000000e+00,0.000000000000000000e+00,7.730097770690917969e-01,-6.355427503585815430e-01,9.606285691261291504e-01,9.941244125366210938e-01,-1.283574342727661133e+00,-3.319338858127593994e-01,1.000000000000000000e+00,9.532542228698730469e-01,-3.366483747959136963e-01,8.125767111778259277e-01,6.370643377304077148e-01,-8.853473663330078125e-01,2.009689249098300934e-02,1.000000000000000000e+00,2.003268718719482422e+00,-2.295999228954315186e-01,9.101850390434265137e-01,-4.930078983306884766e-01,-6.652914285659790039e-01,-8.721914142370223999e-03,1.000000000000000000e+00,2.309125900268554688e+00,-2.268346995115280151e-01,9.755526781082153320e-01,-6.376612782478332520e-01,-6.509591937065124512e-01,-8.806338906288146973e-02,1.000000000000000000e+00,1.000000000000000000e+00,0.000000000000000000e+00,0.000000000000000000e+00,1.000000000000000000e+00,9.532542228698730469e-01,-3.366483747959136963e-01,8.125767111778259277e-01,6.370643377304077148e-01,-8.853473663330078125e-01,2.009689249098300934e-02,9.943352341651916504e-01,1.039963588118553162e-01,2.196674980223178864e-02,-1.001384183764457703e-01,9.858478307723999023e-01,-1.344496607780456543e-01,-3.563814237713813782e-02,1.314882934093475342e-01,9.906771183013916016e-01,1.298649758100509644e-01,-3.139061154797673225e-03,-7.949367281980812550e-04,0.000000000000000000e+00,1.000000000000000000e+00,7.730097770690917969e-01,-6.355427503585815430e-01,9.606285691261291504e-01,9.941244125366210938e-01,-1.283574342727661133e+00,-3.319338858127593994e-01,1.000000000000000000e+00,9.532542228698730469e-01,-3.366483747959136963e-01,8.125767111778259277e-01,6.370643377304077148e-01,-8.853473663330078125e-01,2.009689249098300934e-02,1.000000000000000000e+00,2.003268718719482422e+00,-2.295999228954315186e-01,9.101850390434265137e-01,-4.930078983306884766e-01,-6.652914285659790039e-01,-8.721914142370223999e-03,1.000000000000000000e+00,2.309125900268554688e+00,-2.268346995115280151e-01,9.755526781082153320e-01,-6.376612782478332520e-01,-6.509591937065124512e-01,-8.806338906288146973e-02,1.000000000000000000e+00,1.000000000000000000e+00,0.000000000000000000e+00,0.000000000000000000e+00,1.000000000000000000e+00,2.003268718719482422e+00,-2.295999228954315186e-01,9.101850390434265137e-01,-4.930078983306884766e-01,-6.652914285659790039e-01,-8.721914142370223999e-03,1.981603481320444171e-01,7.171389529352345527e-02,5.317624429900424943e-02,1.000000000000000000e+00,2.309125900268554688e+00,-2.268346995115280151e-01,9.755526781082153320e-01,-6.376612782478332520e-01,-6.509591937065124512e-01,-8.806338906288146973e-02,1.153090825225468463e-01,-1.369387703745950091e-02,-1.719598522401409590e-03,1.000000000000000000e+00,1.992855519056320190e-01,4.848463088274002075e-02,-1.000000014901161194e-01,3.965537846088409424e-01,1.498535871505737305e-01,3.060323931276798248e-02,-1.000000014901161194e-01,3.893657326698303223e-01,2.000000029802322388e-01,1.359326839447021484e-01,1.000000014901161194e-01,3.768353462219238281e-01,1.656281948089599609e-01,-1.499891281127929688e-03,-2.505779266357421875e-04,3.944051861763000488e-01
1.800000000000000044e+00,7.929683923721313477e-01,-6.614814400672912598e-01,9.539049863815307617e-01,1.002308726310729980e+00,-1.313208580017089844e+00,-3.412564396858215332e-01,9.903280735015869141e-01,1.144910305738449097e-01,7.837311923503875732e-02,-9.612052142620086670e-02,9.734932184219360352e-01,-2.075379490852355957e-01,-1.000569164752960205e-01,1.979973614215850830e-01,9.750824570655822754e-01,-2.402154961600899696e-03,-3.962084352970123291e-01,9.939933568239212036e-02,1.000000000000000000e+00,0.000000000000000000e+00,7.929683923721313477e-01,-6.614814400672912598e-01,9.539049863815307617e-01,1.002308726310729980e+00,-1.313208580017089844e+00,-3.412564396858215332e-01,1.000000000000000000e+00,9.659898877143859863e-01,-3.545266687870025635e-01,8.129076361656188965e-01,6.364329457283020020e-01,-9.044222235679626465e-01,1.202172040939331055e-02,1.000000000000000000e+00,1.993581056594848633e+00,-2.431812584400177002e-01,9.098801612854003906e-01,-4.735403954982757568e-01,-6.958239674568176270e-01,-2.324842661619186401e-02,1.000000000000000000e+00,2.296392917633056641e+00,-2.400137335062026978e-01,9.737757444381713867e-01,-6.353397369384765625e-01,-6.689246892929077148e-01,-8.987084031105041504e-02,1.000000000000000000e+00,1.000000000000000000e+00,0.000000000000000000e+00,0.000000000000000000e+00,1.000000000000000000e+00,9.659898877143859863e-01,-3.545266687870025635e-01,8.129076361656188965e-01,6.364329457283020020e-01,-9.044222235679626465e-01,1.202172040939331055e-02,9.943444132804870605e-01,1.040274277329444885e-01,2.139572426676750183e-02,-1.001573130488395691e-01,9.855086207389831543e-01,-1.368997246026992798e-01,-3.532699495553970337e-02,1.339825242757797241e-01,9.903539419174194336e-01,1.205682605504989624e-01,-3.055485710501670837e-02,3.206649096682667732e-03,0.000000000000000000e+00,1.000000000000000000e+00,7.929683923721313477e-01,-6.614814400672912598e-01,9.539049863815307617e-01,1.002308726310729980e+00,-1.313208580017089844e+00,-3.412564396858215332e-01,1.000000000000000000e+00,9.659898877143859863e-01,-3.545266687870025635e-01,8.129076361656188965e-01,6.364329457283020020e-01,-9.044222235679626465e-01,1.202172040939331055e-02,1.000000000000000000e+00,1.993581056594848633e+00,-2.431812584400177002e-01,9.098801612854003906e-01,-4.735403954982757568e-01,-6.958239674568176270e-01,-2.324842661619186401e-02,1.000000000000000000e+00,2.296392917633056641e+00,-2.400137335062026978e-01,9.737757444381713867e-01,-6.353397369384765625e-01,-6.689246892929077148e-01,-8.987084031105041504e-02,1.000000000000000000e+00,1.000000000000000000e+00,0.000000000000000000e+00,0.000000000000000000e+00,1.000000000000000000e+00,1.993581056594848633e+00,-2.431812584400177002e-01,9.098801612854003906e-01,-4.735403954982757568e-01,-6.958239674568176270e-01,-2.324842661619186401e-02,1.983632336461017553e-01,7.977053923320354123e-02,6.117810213496471805e-02,1.000000000000000000e+00,2.296392917633056641e+00,-2.400137335062026978e-01,9.737757444381713867e-01,-6.353397369384765625e-01,-6.689246892929077148e-01,-8.987084031105041504e-02,1.219348716064563021e-01,-1.216851030586996174e-02,-1.607168916388193591e-03,1.000000000000000000e+00,1.927596777677536011e-01,4.321724548935890198e-02,-1.000000014901161194e-01,3.960537314414978027e-01,1.508982330560684204e-01,2.682345546782016754e-02,-1.000000014901161194e-01,3.874171674251556396e-01,2.000000029802322388e-01,1.458961963653564453e-01,1.000000014901161194e-01,3.776150047779083252e-01,1.722083091735839844e-01,1.010179519653320312e-03,1.757144927978515625e-04,3.934698104858398438e-01
1.820000000000000062e+00,8.130770325660705566e-01,-6.880100965499877930e-01,9.469996094703674316e-01,1.008971333503723145e+00,-1.342523813247680664e+00,-3.500872254371643066e-01,9.911216497421264648e-01,1.125956475734710693e-01,7.071119546890258789e-02,-9.587764739990234375e-02,9.737145304679870605e-01,-2.066095024347305298e-01,-9.211584925651550293e-02,1.979955285787582397e-01,9.758649468421936035e-01,-2.386902272701263428e-02,-3.767231702804565430e-01,8.883520960807800293e-02,1.000000000000000000e+00,0.000000000000000000e+00,8.130770325660705566e-01,-6.880100965499877930e-01,9.469996094703674316e-01,1.008971333503723145e+00,-1.342523813247680664e+00,-3.500872254371643066e-01,1.000000000000000000e+00,9.787116646766662598e-01,-3.727880418300628662e-01,8.130683898925781250e-01,6.356344819068908691e-01,-9.236649274826049805e-01,2.996127819642424583e-03,1.000000000000000000e+00,1.984297037124633789e+00,-2.573692202568054199e-01,9.092831611633300781e-01,-4.524788260459899902e-01,-7.259082794189453125e-01,-3.794122859835624695e-02,1.000000000000000000e+00,2.283709049224853516e+00,-2.535620927810668945e-01,9.719590544700622559e-01,-6.327246427536010742e-01,-6.879986524581909180e-01,-9.209393709897994995e-02,1.000000000000000000e+00,1.000000000000000000e+00,0.000000000000000000e+00,0.000000000000000000e+00,1.000000000000000000e+00,9.787116646766662598e-01,-3.727880418300628662e-01,8.130683898925781250e-01,6.356344819068908691e-01,-9.236649274826049805e-01,2.996127819642424583e-03,9.943727850914001465e-01,1.039694696664810181e-01,2.032753638923168182e-02,-1.001669168472290039e-01,9.852000474929809570e-01,-1.390955299139022827e-01,-3.448837623000144958e-02,1.362766474485397339e-01,9.900703430175781250e-01,1.096638813614845276e-01,-5.463719367980957031e-02,7.452243007719516754e-03,0.000000000000000000e+00,1.000000000000000000e+00,8.130770325660705566e-01,-6.880100965499877930e-01,9.469996094703674316e-01,1.008971333503723145e+00,-1.342523813247680664e+00,-3.500872254371643066e-01,1.000000000000000000e+00,9.787116646766662598e-01,-3.727880418300628662e-01,8.130683898925781250e-01,6.356344819068908691e-01,-9.236649274826049805e-01,2.996127819642424583e-03,1.000000000000000000e+00,1.984297037124633789e+00,-2.573692202568054199e-01,9.092831611633300781e-01,-4.524788260459899902e-01,-7.259082794189453125e-01,-3.794122859835624695e-02,1.000000000000000000e+00,2.283709049224853516e+00,-2.535620927810668945e-01,9.719590544700622559e-01,-6.327246427536010742e-01,-6.879986524581909180e-01,-9.209393709897994995e-02,1.000000000000000000e+00,1.000000000000000000e+00,0.000000000000000000e+00,0.000000000000000000e+00,1.000000000000000000e+00,1.984297037124633789e+00,-2.573692202568054199e-01,9.092831611633300781e-01,-4.524788260459899902e-01,-7.259082794189453125e-01,-3.794122859835624695e-02,1.985660305279910998e-01,8.806170217533382250e-02,6.885671685817473797e-02,1.000000000000000000e+00,2.283709049224853516e+00,-2.535620927810668945e-01,9.719590544700622559e-01,-6.327246427536010742e-01,-6.879986524581909180e-01,-9.209393709897994995e-02,1.285693966088830020e-01,-1.051725531607017317e-02,-1.455872243508432584e-03,1.000000000000000000e+00,1.831268519163131714e-01,3.808766975998878479e-02,-1.000000014901161194e-01,3.949541151523590088e-01,1.516627818346023560e-01,2.296882122755050659e-02,-1.000000014901161194e-01,3.862816393375396729e-01,2.000000029802322388e-01,1.559631824493408203e-01,1.000000014901161194e-01,3.786177635192871094e-01,1.785922050476074219e-01,3.700017929077148438e-03,6.678104400634765625e-04,3.923813104629516602e-01
1.840000000000000080e+00,8.333056569099426270e-01,-7.151215076446533203e-01,9.399209618568420410e-01,1.014186024665832520e+00,-1.371424436569213867e+00,-3.585789799690246582e-01,9.918028116226196289e-01,1.108601167798042297e-01,6.354146450757980347e-02,-9.574367851018905640e-02,9.740669131278991699e-01,-2.050051540136337280e-01,-8.462052792310714722e-02,1.972409635782241821e-01,9.766963124275207520e-01,-8.048519492149353027e-02,-3.550575375556945801e-01,7.841236144304275513e-02,1.000000000000000000e+00,0.000000000000000000e+00,8.333056569099426270e-01,-7.151215076446533203e-01,9.399209618568420410e-01,1.014186024665832520e+00,-1.371424436569213867e+00,-3.585789799690246582e-01,1.000000000000000000e+00,9.914153218269348145e-01,-3.914354145526885986e-01,8.130406737327575684e-01,6.345862746238708496e-01,-9.430301189422607422e-01,-6.900517269968986511e-03,1.000000000000000000e+00,1.975448966026306152e+00,-2.721549272537231445e-01,9.083913564682006836e-01,-4.298158884048461914e-01,-7.555552721023559570e-01,-5.271744728088378906e-02,1.000000000000000000e+00,2.271080255508422852e+00,-2.675017118453979492e-01,9.700937867164611816e-01,-6.297926902770996094e-01,-7.081603407859802246e-01,-9.479419142007827759e-02,1.000000000000000000e+00,1.000000000000000000e+00,0.000000000000000000e+00,0.000000000000000000e+00,1.000000000000000000e+00,9.914153218269348145e-01,-3.914354145526885986e-01,8.130406737327575684e-01,6.345862746238708496e-01,-9.430301189422607422e-01,-6.900517269968986511e-03,9.944177269935607910e-01,1.038202866911888123e-01,1.884066872298717499e-02,-1.001572683453559875e-01,9.849258661270141602e-01,-1.410313844680786133e-01,-3.319857642054557800e-02,1.383570730686187744e-01,9.898259639739990234e-01,9.891036897897720337e-02,-7.459674030542373657e-02,1.158933527767658234e-02,0.000000000000000000e+00,1.000000000000000000e+00,8.333056569099426270e-01,-7.151215076446533203e-01,9.399209618568420410e-01,1.014186024665832520e+00,-1.371424436569213867e+00,-3.585789799690246582e-01,1.000000000000000000e+00,9.914153218269348145e-01,-3.914354145526885986e-01,8.130406737327575684e-01,6.345862746238708496e-01,-9.430301189422607422e-01,-6.900517269968986511e-03,1.000000000000000000e+00,1.975448966026306152e+00,-2.721549272537231445e-01,9.083913564682006836e-01,-4.298158884048461914e-01,-7.555552721023559570e-01,-5.271744728088378906e-02,1.000000000000000000e+00,2.271080255508422852e+00,-2.675017118453979492e-01,9.700937867164611816e-01,-6.297926902770996094e-01,-7.081603407859802246e-01,-9.479419142007827759e-02,1.000000000000000000e+00,1.000000000000000000e+00,0.000000000000000000e+00,0.000000000000000000e+00,1.000000000000000000e+00,1.975448966026306152e+00,-2.721549272537231445e-01,9.083913564682006836e-01,-4.298158884048461914e-01,-7.555552721023559570e-01,-5.271744728088378906e-02,1.988301354734523518e-01,9.649565535506887670e-02,7.576069734080818907e-02,1.000000000000000000e+00,2.271080255508422852e+00,-2.675017118453979492e-01,9.700937867164611816e-01,-6.297926902770996094e-01,-7.081603407859802246e-01,-9.479419142007827759e-02,1.351911211500040899e-01,-8.732253665238332019e-03,-1.262213630900024808e-03,1.000000000000000000e+00,1.662068516016006470e-01,3.232266753911972046e-02,-1.000000014901161194e-01,3.929313421249389648e-01,1.523793041706085205e-01,1.909043081104755402e-02,-1.000000014901161194e-01,3.851846158504486084e-01,2.000000029802322388e-01,1.661431789398193359e-01,1.000000014901161194e-01,3.798024952411651611e-01,1.847140789031982422e-01,6.563901901245117188e-03,1.226425170898437500e-03,3.911579549312591553e-01
1.860000000000000098e+00,8.536263108253479004e-01,-7.428056597709655762e-01,9.326742887496948242e-01,1.018050312995910645e+00,-1.399685382843017578e+00,-3.669022023677825928e-01,9.923841357231140137e-01,1.092417314648628235e-01,5.692197382450103760e-02,-9.570900350809097290e-02,9.746996164321899414e-01,-2.019917517900466919e-01,-7.754774391651153564e-02,1.950054615736007690e-01,9.777317643165588379e-01,-1.779209822416305542e-01,-3.390171229839324951e-01,6.861445307731628418e-02,1.000000000000000000e+00,0.000000000000000000e+00,8.536263108253479004e-01,-7.428056597709655762e-01,9.326742887496948242e-01,1.018050312995910645e+00,-1.399685382843017578e+00,-3.669022023677825928e-01,1.000000000000000000e+00,1.004095315933227539e+00,-4.104709625244140625e-01,8.128079771995544434e-01,6.332225799560546875e-01,-9.624805450439453125e-01,-1.755177788436412811e-02,1.000000000000000000e+00,1.967068195343017578e+00,-2.875298857688903809e-01,9.072041511535644531e-01,-4.055576622486114502e-01,-7.848014831542968750e-01,-6.744818389415740967e-02,1.000000000000000000e+00,2.258513450622558594e+00,-2.818541824817657471e-01,9.681696295738220215e-01,-6.265196800231933594e-01,-7.293827533721923828e-01,-9.803550690412521362e-02,1.000000000000000000e+00,1.000000000000000000e+00,0.000000000000000000e+00,0.000000000000000000e+00,1.000000000000000000e+00,1.004095315933227539e+00,-4.104709625244140625e-01,8.128079771995544434e-01,6.332225799560546875e-01,-9.624805450439453125e-01,-1.755177788436412811e-02,9.944752454757690430e-01,1.035842671990394592e-01,1.701036281883716583e-02,-1.001232042908668518e-01,9.846850633621215820e-01,-1.427263021469116211e-01,-3.153404965996742249e-02,1.402346491813659668e-01,9.896160364151000977e-01,8.923536539077758789e-02,-9.121312946081161499e-02,1.538742892444133759e-02,0.000000000000000000e+00,1.000000000000000000e+00,8.536263108253479004e-01,-7.428056597709655762e-01,9.326742887496948242e-01,1.018050312995910645e+00,-1.399685382843017578e+00,-3.669022023677825928e-01,1.000000000000000000e+00,1.004095315933227539e+00,-4.104709625244140625e-01,8.128079771995544434e-01,6.332225799560546875e-01,-9.624805450439453125e-01,-1.755177788436412811e-02,1.000000000000000000e+00,1.967068195343017578e+00,-2.875298857688903809e-01,9.072041511535644531e-01,-4.055576622486114502e-01,-7.848014831542968750e-01,-6.744818389415740967e-02,1.000000000000000000e+00,2.258513450622558594e+00,-2.818541824817657471e-01,9.681696295738220215e-01,-6.265196800231933594e-01,-7.293827533721923828e-01,-9.803550690412521362e-02,1.000000000000000000e+00,1.000000000000000000e+00,0.000000000000000000e+00,0.000000000000000000e+00,1.000000000000000000e+00,1.967068195343017578e+00,-2.875298857688903809e-01,9.072041511535644531e-01,-4.055576622486114502e-01,-7.848014831542968750e-01,-6.744818389415740967e-02,1.991505555184366894e-01,1.050736173385073968e-01,8.166870342051078813e-02,1.000000000000000000e+00,2.258513450622558594e+00,-2.818541824817657471e-01,9.681696295738220215e-01,-6.265196800231933594e-01,-7.293827533721923828e-01,-9.803550690412521362e-02,1.417721910737526625e-01,-6.807326240127808958e-03,-1.022563690031244588e-03,1.000000000000000000e+00,1.421834826469421387e-01,3.029611520469188690e-02,-1.000000014901161194e-01,3.927214741706848145e-01,1.527427583932876587e-01,1.528248097747564316e-02,-1.000000014901161194e-01,3.835798799991607666e-01,2.000000029802322388e-01,1.764435768127441406e-01,1.000000014901161194e-01,3.810869455337524414e-01,1.905064582824707031e-01,9.590387344360351562e-03,1.849412918090820312e-03,3.898279666900634766e-01
1.880000000000000115e+00,8.740129470825195312e-01,-7.710467576980590820e-01,9.252620339393615723e-01,1.020670413970947266e+00,-1.426952838897705078e+00,-3.751150667667388916e-01,9.928786754608154297e-01,1.077347993850708008e-01,5.084699392318725586e-02,-9.580248594284057617e-02,9.757643938064575195e-01,-1.967382133007049561e-01,-7.081022858619689941e-02,1.904658973217010498e-01,9.791368246078491211e-01,-3.170607984066009521e-01,-3.211530745029449463e-01,5.663420259952545166e-02,1.000000000000000000e+00,0.000000000000000000e+00,8.740129470825195312e-01,-7.710467576980590820e-01,9.252620339393615723e-01,1.020670413970947266e+00,-1.426952838897705078e+00,-3.751150667667388916e-01,1.000000000000000000e+00,1.016744852066040039e+00,-4.298960268497467041e-01,8.123559355735778809e-01,6.314903497695922852e-01,-9.819774627685546875e-01,-2.889686264097690582e-02,1.000000000000000000e+00,1.959187030792236328e+00,-3.034864366054534912e-01,9.057238698005676270e-01,-3.797025382518768311e-01,-8.136847615242004395e-01,-8.199989050626754761e-02,1.000000000000000000e+00,2.246014833450317383e+00,-2.966403961181640625e-01,9.661753177642822266e-01,-6.228809356689453125e-01,-7.516321539878845215e-01,-1.018801331520080566e-01,1.000000000000000000e+00,1.000000000000000000e+00,0.000000000000000000e+00,0.000000000000000000e+00,1.000000000000000000e+00,1.016744852066040039e+00,-4.298960268497467041e-01,8.123559355735778809e-01,6.314903497695922852e-01,-9.819774627685546875e-01,-2.889686264097690582e-02,9.945419430732727051e-01,1.032705157995223999e-01,1.489272899925708771e-02,-1.000657826662063599e-01,9.844751954078674316e-01,-1.442072242498397827e-01,-2.955387346446514130e-02,1.419298499822616577e-01,9.894356131553649902e-01,8.010773360729217529e-02,-1.052732840180397034e-01,1.866868883371353149e-02,0.000000000000000000e+00,1.000000000000000000e+00,8.740129470825195312e-01,-7.710467576980590820e-01,9.252620339393615723e-01,1.020670413970947266e+00,-1.426952838897705078e+00,-3.751150667667388916e-01,1.000000000000000000e+00,1.016744852066040039e+00,-4.298960268497467041e-01,8.123559355735778809e-01,6.314903497695922852e-01,-9.819774627685546875e-01,-2.889686264097690582e-02,1.000000000000000000e+00,1.959187030792236328e+00,-3.034864366054534912e-01,9.057238698005676270e-01,-3.797025382518768311e-01,-8.136847615242004395e-01,-8.199989050626754761e-02,1.000000000000000000e+00,2.246014833450317383e+00,-2.966403961181640625e-01,9.661753177642822266e-01,-6.228809356689453125e-01,-7.516321539878845215e-01,-1.018801331520080566e-01,1.000000000000000000e+00,1.000000000000000000e+00,0.000000000000000000e+00,0.000000000000000000e+00,1.000000000000000000e+00,1.959187030792236328e+00,-3.034864366054534912e-01,9.057238698005676270e-01,-3.797025382518768311e-01,-8.136847615242004395e-01,-8.199989050626754761e-02,1.994717449035537937e-01,1.138745003744152662e-01,8.652399402475573209e-02,1.000000000000000000e+00,2.246014833450317383e+00,-2.966403961181640625e-01,9.661753177642822266e-01,-6.228809356689453125e-01,-7.516321539878845215e-01,-1.018801331520080566e-01,1.482776923382445877e-01,-4.738269288980134775e-03,-7.332986612718639385e-04,1.000000000000000000e+00,1.085248738527297974e-01,3.028550185263156891e-02,-1.000000014901161194e-01,3.939853012561798096e-01,1.528206020593643188e-01,1.156678795814514160e-02,-1.000000014901161194e-01,3.821517825126647949e-01,2.000000029802322388e-01,1.868574619293212891e-01,1.000000014901161194e-01,3.823938369750976562e-01,1.959030628204345703e-01,1.276946067810058594e-02,2.533912658691406250e-03,3.884100019931793213e-01
1.900000000000000133e+00,8.944416642189025879e-01,-7.998209595680236816e-01,9.176875948905944824e-01,1.022183656692504883e+00,-1.452762842178344727e+00,-3.830489814281463623e-01,9.932811856269836426e-01,1.063655018806457520e-01,4.559417068958282471e-02,-9.601241350173950195e-02,9.773788452148437500e-01,-1.884466558694839478e-01,-6.460700184106826782e-02,1.828029006719589233e-01,9.810244441032409668e-01,-4.985195994377136230e-01,-2.858918905258178711e-01,4.254483804106712341e-02,1.000000000000000000e+00,0.000000000000000000e+00,8.944416642189025879e-01,-7.998209595680236816e-01,9.176875948905944824e-01,1.022183656692504883e+00,-1.452762842178344727e+00,-3.830489814281463623e-01,1.000000000000000000e+00,1.029356122016906738e+00,-4.497111141681671143e-01,8.116710186004638672e-01,6.293462514877319336e-01,-1.001481056213378906e+00,-4.091081768274307251e-02,1.000000000000000000e+00,1.951837658882141113e+00,-3.200175762176513672e-01,9.039549827575683594e-01,-3.522330820560455322e-01,-8.422317504882812500e-01,-9.626033902168273926e-02,1.000000000000000000e+00,2.233592748641967773e+00,-3.118805587291717529e-01,9.640982747077941895e-01,-6.188518404960632324e-01,-7.748668789863586426e-01,-1.063848957419395447e-01,1.000000000000000000e+00,1.000000000000000000e+00,0.000000000000000000e+00,0.000000000000000000e+00,1.000000000000000000e+00,1.029356122016906738e+00,-4.497111141681671143e-01,8.116710186004638672e-01,6.293462514877319336e-01,-1.001481056213378906e+00,-4.091081768274307251e-02,9.946137070655822754e-01,1.028904542326927185e-01,1.253660023212432861e-02,-9.998946636915206909e-02,9.842960834503173828e-01,-1.454762667417526245e-01,-2.730784565210342407e-02,1.434391587972640991e-01,9.892823100090026855e-01,7.010114192962646484e-02,-1.169439405202865601e-01,2.134731970727443695e-02,0.000000000000000000e+00,1.000000000000000000e+00,8.944416642189025879e-01,-7.998209595680236816e-01,9.176875948905944824e-01,1.022183656692504883e+00,-1.452762842178344727e+00,-3.830489814281463623e-01,1.000000000000000000e+00,1.029356122016906738e+00,-4.497111141681671143e-01,8.116710186004638672e-01,6.293462514877319336e-01,-1.001481056213378906e+00,-4.091081768274307251e-02,1.000000000000000000e+00,1.951837658882141113e+00,-3.200175762176513672e-01,9.039549827575683594e-01,-3.522330820560455322e-01,-8.422317504882812500e-01,-9.626033902168273926e-02,1.000000000000000000e+00,2.233592748641967773e+00,-3.118805587291717529e-01,9.640982747077941895e-01,-6.188518404960632324e-01,-7.748668789863586426e-01,-1.063848957419395447e-01,1.000000000000000000e+00,1.000000000000000000e+00,0.000000000000000000e+00,0.000000000000000000e+00,1.000000000000000000e+00,1.951837658882141113e+00,-3.200175762176513672e-01,9.039549827575683594e-01,-3.522330820560455322e-01,-8.422317504882812500e-01,-9.626033902168273926e-02,1.997442730180264414e-01,1.229685781457841021e-01,9.036766395452229539e-02,1.000000000000000000e+00,2.233592748641967773e+00,-3.118805587291717529e-01,9.640982747077941895e-01,-6.188518404960632324e-01,-7.748668789863586426e-01,-1.063848957419395447e-01,1.546669222062745375e-01,-2.522983584253957190e-03,-3.914090408753956307e-04,1.000000000000000000e+00,5.734357982873916626e-02,3.075366653501987457e-02,-1.000000014901161194e-01,3.949051201343536377e-01,1.526950895786285400e-01,8.021954447031021118e-03,-1.000000014901161194e-01,3.816285729408264160e-01,2.000000029802322388e-01,1.973490715026855469e-01,1.000000014901161194e-01,3.836984634399414062e-01,2.000000029802322388e-01,1.608967781066894531e-02,3.275394439697265625e-03,3.869162201881408691e-01
1.919999999999999929e+00,9.148920774459838867e-01,-8.290938735008239746e-01,9.099585413932800293e-01,1.022797942161560059e+00,-1.476500988006591797e+00,-3.904974460601806641e-01,9.935858845710754395e-01,1.051415428519248962e-01,4.162250831723213196e-02,-9.628669172525405884e-02,9.796420931816101074e-01,-1.761541962623596191e-01,-5.929628387093544006e-02,1.710166335105895996e-01,9.834822416305541992e-01,-7.464816570281982422e-01,-2.355516552925109863e-01,2.745066210627555847e-02,1.000000000000000000e+00,0.000000000000000000e+00,9.148920774459838867e-01,-8.290938735008239746e-01,9.099585413932800293e-01,1.022797942161560059e+00,-1.476500988006591797e+00,-3.904974460601806641e-01,1.000000000000000000e+00,1.041920661926269531e+00,-4.699161052703857422e-01,8.107402324676513672e-01,6.267576813697814941e-01,-1.020960092544555664e+00,-5.350829660892486572e-02,1.000000000000000000e+00,1.945052266120910645e+00,-3.371167480945587158e-01,9.019041061401367188e-01,-3.231232762336730957e-01,-8.704579472541809082e-01,-1.101560965180397034e-01,1.000000000000000000e+00,2.221255064010620117e+00,-3.275939226150512695e-01,9.619247317314147949e-01,-6.144080758094787598e-01,-7.990370392799377441e-01,-1.115997061133384705e-01,1.000000000000000000e+00,1.000000000000000000e+00,0.000000000000000000e+00,0.000000000000000000e+00,1.000000000000000000e+00,1.041920661926269531e+00,-4.699161052703857422e-01,8.107402324676513672e-01,6.267576813697814941e-01,-1.020960092544555664e+00,-5.350829660892486572e-02,9.946873188018798828e-01,1.024570912122726440e-01,9.993195533752441406e-03,-9.989979863166809082e-02,9.841508865356445312e-01,-1.465171873569488525e-01,-2.484653517603874207e-02,1.447404623031616211e-01,9.891577363014221191e-01,5.904930830001831055e-02,-1.259925961494445801e-01,2.336770854890346527e-02,0.000000000000000000e+00,1.000000000000000000e+00,9.148920774459838867e-01,-8.290938735008239746e-01,9.099585413932800293e-01,1.022797942161560059e+00,-1.476500988006591797e+00,-3.904974460601806641e-01,1.000000000000000000e+00,1.041920661926269531e+00,-4.699161052703857422e-01,8.107402324676513672e-01,6.267576813697814941e-01,-1.020960092544555664e+00,-5.350829660892486572e-02,1.000000000000000000e+00,1.945052266120910645e+00,-3.371167480945587158e-01,9.019041061401367188e-01,-3.231232762336730957e-01,-8.704579472541809082e-01,-1.101560965180397034e-01,1.000000000000000000e+00,2.221255064010620117e+00,-3.275939226150512695e-01,9.619247317314147949e-01,-6.144080758094787598e-01,-7.990370392799377441e-01,-1.115997061133384705e-01,1.000000000000000000e+00,1.000000000000000000e+00,0.000000000000000000e+00,0.000000000000000000e+00,1.000000000000000000e+00,1.945052266120910645e+00,-3.371167480945587158e-01,9.019041061401367188e-01,-3.231232762336730957e-01,-8.704579472541809082e-01,-1.101560965180397034e-01,1.999508358253271612e-01,1.323675954228140661e-01,9.328800446617194209e-02,1.000000000000000000e+00,2.221255064010620117e+00,-3.275939226150512695e-01,9.619247317314147949e-01,-6.144080758094787598e-01,-7.990370392799377441e-01,-1.115997061133384705e-01,1.608804815559254919e-01,-1.610152736049030864e-04,5.627005463915146777e-06,1.000000000000000000e+00,1.175027340650558472e-02,2.882872521877288818e-02,-1.000000014901161194e-01,4.036001265048980713e-01,1.522597819566726685e-01,4.677612800151109695e-03,-1.000000014901161194e-01,3.816395401954650879e-01,2.000000029802322388e-01,2.000000029802322388e-01,1.000000014901161194e-01,3.849868178367614746e-01,2.000000029802322388e-01,1.953387260437011719e-02,4.066228866577148438e-03,3.853712081909179688e-01
1.939999999999999947e+00,9.353487491607666016e-01,-8.588173985481262207e-01,9.020888805389404297e-01,1.022812247276306152e+00,-1.497403740882873535e+00,-3.968159854412078857e-01,9.938039183616638184e-01,1.040108576416969299e-01,3.918616101145744324e-02,-9.658435732126235962e-02,9.826045632362365723e-01,-1.586181819438934326e-01,-5.500251427292823792e-02,1.538505852222442627e-01,9.865620732307434082e-01,-1.027483224868774414e+00,-1.921405494213104248e-01,1.467928010970354080e-02,1.000000000000000000e+00,0.000000000000000000e+00,9.353487491607666016e-01,-8.588173985481262207e-01,9.020888805389404297e-01,1.022812247276306152e+00,-1.497403740882873535e+00,-3.968159854412078857e-01,1.000000000000000000e+00,1.054429054260253906e+00,-4.905102849006652832e-01,8.095534443855285645e-01,6.237025260925292969e-01,-1.040391683578491211e+00,-6.653487682342529297e-02,1.000000000000000000e+00,1.938863992691040039e+00,-3.547776639461517334e-01,8.995788097381591797e-01,-2.923531830310821533e-01,-8.983719348907470703e-01,-1.236544921994209290e-01,1.000000000000000000e+00,2.209010124206542969e+00,-3.437986373901367188e-01,9.596402645111083984e-01,-6.095260381698608398e-01,-8.240742683410644531e-01,-1.175644174218177795e-01,1.000000000000000000e+00,1.000000000000000000e+00,0.000000000000000000e+00,0.000000000000000000e+00,1.000000000000000000e+00,1.054429054260253906e+00,-4.905102849006652832e-01,8.095534443855285645e-01,6.237025260925292969e-01,-1.040391683578491211e+00,-6.653487682342529297e-02,9.947590231895446777e-01,1.019844338297843933e-01,7.318550255149602890e-03,-9.980174154043197632e-02,9.840408563613891602e-01,-1.473199129104614258e-01,-2.222609147429466248e-02,1.458174288272857666e-01,9.890617728233337402e-01,4.745426401495933533e-02,-1.321998387575149536e-01,2.471923269331455231e-02,0.000000000000000000e+00,1.000000000000000000e+00,9.353487491607666016e-01,-8.588173985481262207e-01,9.020888805389404297e-01,1.022812247276306152e+00,-1.497403740882873535e+00,-3.968159854412078857e-01,1.000000000000000000e+00,1.054429054260253906e+00,-4.905102849006652832e-01,8.095534443855285645e-01,6.237025260925292969e-01,-1.040391683578491211e+00,-6.653487682342529297e-02,1.000000000000000000e+00,1.938863992691040039e+00,-3.547776639461517334e-01,8.995788097381591797e-01,-2.923531830310821533e-01,-8.983719348907470703e-01,-1.236544921994209290e-01,1.000000000000000000e+00,2.209010124206542969e+00,-3.437986373901367188e-01,9.596402645111083984e-01,-6.095260381698608398e-01,-8.240742683410644531e-01,-1.175644174218177795e-01,1.000000000000000000e+00,1.000000000000000000e+00,0.000000000000000000e+00,0.000000000000000000e+00,1.000000000000000000e+00,1.938863992691040039e+00,-3.547776639461517334e-01,8.995788097381591797e-01,-2.923531830310821533e-01,-8.983719348907470703e-01,-1.236544921994209290e-01,2.000982529839577251e-01,1.419146625424299035e-01,9.542074685183320193e-02,1.000000000000000000e+00,2.209010124206542969e+00,-3.437986373901367188e-01,9.596402645111083984e-01,-6.095260381698608398e-01,-8.240742683410644531e-01,-1.175644174218177795e-01,1.667347617733341281e-01,2.346152162976622435e-03,4.607107587506625856e-04,1.000000000000000000e+00,-1.648536510765552521e-02,2.892324142158031464e-02,-1.000000014901161194e-01,4.312943220138549805e-01,1.516270041465759277e-01,1.075882464647293091e-03,-1.000000014901161194e-01,3.824594318866729736e-01,2.000000029802322388e-01,2.000000029802322388e-01,1.000000014901161194e-01,3.863506019115447998e-01,2.000000029802322388e-01,2.307629585266113281e-02,4.895687103271484375e-03,3.838134706020355225e-01
1.959999999999999964e+00,9.558028578758239746e-01,-8.889276385307312012e-01,8.941143751144409180e-01,1.022561907768249512e+00,-1.514711141586303711e+00,-4.002683758735656738e-01,9.939623475074768066e-01,1.029503792524337769e-01,3.795199841260910034e-02,-9.692281484603881836e-02,9.859419465065002441e-01,-1.361052840948104858e-01,-5.143055319786071777e-02,1.316051036119461060e-01,9.899672865867614746e-01,-1.221982121467590332e+00,-1.658441871404647827e-01,4.308131523430347443e-03,1.000000000000000000e+00,0.000000000000000000e+00,9.558028578758239746e-01,-8.889276385307312012e-01,8.941143751144409180e-01,1.022561907768249512e+00,-1.514711141586303711e+00,-4.002683758735656738e-01,1.000000000000000000e+00,1.066871881484985352e+00,-5.114926099777221680e-01,8.081035614013671875e-01,6.201683878898620605e-01,-1.059759497642517090e+00,-7.979401946067810059e-02,1.000000000000000000e+00,1.933305859565734863e+00,-3.729941248893737793e-01,8.969870805740356445e-01,-2.599752843379974365e-01,-9.259829521179199219e-01,-1.367568224668502808e-01,1.000000000000000000e+00,2.196866750717163086e+00,-3.605110645294189453e-01,9.572296142578125000e-01,-6.041833162307739258e-01,-8.498565554618835449e-01,-1.242992728948593140e-01,1.000000000000000000e+00,1.000000000000000000e+00,0.000000000000000000e+00,0.000000000000000000e+00,1.000000000000000000e+00,1.066871881484985352e+00,-5.114926099777221680e-01,8.081035614013671875e-01,6.201683878898620605e-01,-1.059759497642517090e+00,-7.979401946067810059e-02,9.948268532752990723e-01,1.014838963747024536e-01,4.560485947877168655e-03,-9.969815611839294434e-02,9.839670658111572266e-01,-1.478827297687530518e-01,-1.949508301913738251e-02,1.466630101203918457e-01,9.889944791793823242e-01,3.582063689827919006e-02,-1.371476948261260986e-01,2.572712302207946777e-02,0.000000000000000000e+00,1.000000000000000000e+00,9.558028578758239746e-01,-8.889276385307312012e-01,8.941143751144409180e-01,1.022561907768249512e+00,-1.514711141586303711e+00,-4.002683758735656738e-01,1.000000000000000000e+00,1.066871881484985352e+00,-5.114926099777221680e-01,8.081035614013671875e-01,6.201683878898620605e-01,-1.059759497642517090e+00,-7.979401946067810059e-02,1.000000000000000000e+00,1.933305859565734863e+00,-3.729941248893737793e-01,8.969870805740356445e-01,-2.599752843379974365e-01,-9.259829521179199219e-01,-1.367568224668502808e-01,1.000000000000000000e+00,2.196866750717163086e+00,-3.605110645294189453e-01,9.572296142578125000e-01,-6.041833162307739258e-01,-8.498565554618835449e-01,-1.242992728948593140e-01,1.000000000000000000e+00,1.000000000000000000e+00,0.000000000000000000e+00,0.000000000000000000e+00,1.000000000000000000e+00,1.933305859565734863e+00,-3.729941248893737793e-01,8.969870805740356445e-01,-2.599752843379974365e-01,-9.259829521179199219e-01,-1.367568224668502808e-01,2.001829288566100151e-01,1.509125503251824707e-01,9.686200332007924296e-02,1.000000000000000000e+00,2.196866750717163086e+00,-3.605110645294189453e-01,9.572296142578125000e-01,-6.041833162307739258e-01,-8.498565554618835449e-01,-1.242992728948593140e-01,1.718358318834938003e-01,4.994595251684330606e-03,9.751460874777018173e-04,1.000000000000000000e+00,-4.169723019003868103e-02,2.291644737124443054e-02,-1.000000014901161194e-01,4.652576446533203125e-01,1.505323201417922974e-01,-2.359454520046710968e-03,-1.000000014901161194e-01,3.838854730129241943e-01,2.000000029802322388e-01,2.000000029802322388e-01,1.000000014901161194e-01,3.881312608718872070e-01,2.000000029802322388e-01,2.668547630310058594e-02,5.750894546508789062e-03,3.822888135910034180e-01
1.979999999999999982e+00,9.762517809867858887e-01,-9.193475246429443359e-01,8.861152529716491699e-01,1.022319316864013672e+00,-1.527903079986572266e+00,-3.983373939990997314e-01,9.940851330757141113e-01,1.019947528839111328e-01,3.730854019522666931e-02,-9.730853140354156494e-02,9.890376925468444824e-01,-1.110656261444091797e-01,-4.822766408324241638e-02,1.067782491445541382e-01,9.931125640869140625e-01,-1.262933850288391113e+00,-1.617733836174011230e-01,-3.295785048976540565e-03,1.000000000000000000e+00,0.000000000000000000e+00,9.762517809867858887e-01,-9.193475246429443359e-01,8.861152529716491699e-01,1.022319316864013672e+00,-1.527903079986572266e+00,-3.983373939990997314e-01,1.000000000000000000e+00,1.079239726066589355e+00,-5.328615307807922363e-01,8.063881993293762207e-01,6.161472201347351074e-01,-1.079052329063415527e+00,-9.305864572525024414e-02,1.000000000000000000e+00,1.928408384323120117e+00,-3.917602300643920898e-01,8.941371440887451172e-01,-2.261795252561569214e-01,-9.533176422119140625e-01,-1.494133025407791138e-01,1.000000000000000000e+00,2.184834957122802734e+00,-3.777445256710052490e-01,9.546774029731750488e-01,-5.983591079711914062e-01,-8.762033581733703613e-01,-1.318000108003616333e-01,1.000000000000000000e+00,1.000000000000000000e+00,0.000000000000000000e+00,0.000000000000000000e+00,1.000000000000000000e+00,1.079239726066589355e+00,-5.328615307807922363e-01,8.063881993293762207e-01,6.161472201347351074e-01,-1.079052329063415527e+00,-9.305864572525024414e-02,9.948887825012207031e-01,1.009625121951103210e-01,1.729107461869716644e-03,-9.959272295236587524e-02,9.839289784431457520e-01,-1.482063233852386475e-01,-1.666459999978542328e-02,1.472765803337097168e-01,9.889550209045410156e-01,2.384595200419425964e-02,-1.419113278388977051e-01,2.650323696434497833e-02,0.000000000000000000e+00,1.000000000000000000e+00,9.762517809867858887e-01,-9.193475246429443359e-01,8.861152529716491699e-01,1.022319316864013672e+00,-1.527903079986572266e+00,-3.983373939990997314e-01,1.000000000000000000e+00,1.079239726066589355e+00,-5.328615307807922363e-01,8.063881993293762207e-01,6.161472201347351074e-01,-1.079052329063415527e+00,-9.305864572525024414e-02,1.000000000000000000e+00,1.928408384323120117e+00,-3.917602300643920898e-01,8.941371440887451172e-01,-2.261795252561569214e-01,-9.533176422119140625e-01,-1.494133025407791138e-01,1.000000000000000000e+00,2.184834957122802734e+00,-3.777445256710052490e-01,9.546774029731750488e-01,-5.983591079711914062e-01,-8.762033581733703613e-01,-1.318000108003616333e-01,1.000000000000000000e+00,1.000000000000000000e+00,0.000000000000000000e+00,0.000000000000000000e+00,1.000000000000000000e+00,1.928408384323120117e+00,-3.917602300643920898e-01,8.941371440887451172e-01,-2.261795252561569214e-01,-9.533176422119140625e-01,-1.494133025407791138e-01,2.001795738570091854e-01,1.585706928206087607e-01,9.766282635606000906e-02,1.000000000000000000e+00,2.184834957122802734e+00,-3.777445256710052490e-01,9.546774029731750488e-01,-5.983591079711914062e-01,-8.762033581733703613e-01,-1.318000108003616333e-01,1.760030414713113778e-01,7.777072180679578395e-03,1.546638648746129219e-03,1.000000000000000000e+00,-6.160214543342590332e-02,1.633179001510143280e-02,-1.000000014901161194e-01,4.996922612190246582e-01,1.480148285627365112e-01,-5.574216600507497787e-03,-1.000000014901161194e-01,3.861977159976959229e-01,2.000000029802322388e-01,2.000000029802322388e-01,1.000000014901161194e-01,3.908354341983795166e-01,2.000000029802322388e-01,3.032612800598144531e-02,6.618022918701171875e-03,3.808553814888000488e-01
2.000000000000000000e+00,9.966969490051269531e-01,-9.499924778938293457e-01,8.782196044921875000e-01,1.022204875946044922e+00,-1.536768078804016113e+00,-3.888530135154724121e-01,9.941987991333007812e-01,1.012024357914924622e-01,3.642559424042701721e-02,-9.776244312524795532e-02,9.914620518684387207e-01,-8.628727495670318604e-02,-4.484707489609718323e-02,8.222565054893493652e-02,9.956042170524597168e-01,-1.185484647750854492e+00,-1.859050691127777100e-01,-8.910350501537322998e-03,1.000000000000000000e+00,0.000000000000000000e+00,9.966969490051269531e-01,-9.499924778938293457e-01,8.782196044921875000e-01,1.022204875946044922e+00,-1.536768078804016113e+00,-3.888530135154724121e-01,1.000000000000000000e+00,1.091522693634033203e+00,-5.546156167984008789e-01,8.044090867042541504e-01,6.116303205490112305e-01,-1.098259806632995605e+00,-1.060930863022804260e-01,1.000000000000000000e+00,1.924197435379028320e+00,-4.110708534717559814e-01,8.910391330718994141e-01,-1.912450492382049561e-01,-9.804238677024841309e-01,-1.614963114261627197e-01,1.000000000000000000e+00,2.172924041748046875e+00,-3.955086767673492432e-01,9.519683718681335449e-01,-5.920349955558776855e-01,-9.029362797737121582e-01,-1.400447040796279907e-01,1.000000000000000000e+00,1.000000000000000000e+00,0.000000000000000000e+00,0.000000000000000000e+00,1.000000000000000000e+00,1.091522693634033203e+00,-5.546156167984008789e-01,8.044090867042541504e-01,6.116303205490112305e-01,-1.098259806632995605e+00,-1.060930863022804260e-01,9.949436187744140625e-01,1.004288569092750549e-01,-1.163725159130990505e-03,-9.949067980051040649e-02,9.839312434196472168e-01,-1.482599973678588867e-01,-1.374455541372299194e-02,1.476261019706726074e-01,9.889478087425231934e-01,7.999875582754611969e-03,-1.456971913576126099e-01,2.680963650345802307e-02,0.000000000000000000e+00,1.000000000000000000e+00,9.966969490051269531e-01,-9.499924778938293457e-01,8.782196044921875000e-01,1.022204875946044922e+00,-1.536768078804016113e+00,-3.888530135154724121e-01,1.000000000000000000e+00,1.091522693634033203e+00,-5.546156167984008789e-01,8.044090867042541504e-01,6.116303205490112305e-01,-1.098259806632995605e+00,-1.060930863022804260e-01,1.000000000000000000e+00,1.924197435379028320e+00,-4.110708534717559814e-01,8.910391330718994141e-01,-1.912450492382049561e-01,-9.804238677024841309e-01,-1.614963114261627197e-01,1.000000000000000000e+00,2.172924041748046875e+00,-3.955086767673492432e-01,9.519683718681335449e-01,-5.920349955558776855e-01,-9.029362797737121582e-01,-1.400447040796279907e-01,1.000000000000000000e+00,1.000000000000000000e+00,0.000000000000000000e+00,0.000000000000000000e+00,1.000000000000000000e+00,1.924197435379028320e+00,-4.110708534717559814e-01,8.910391330718994141e-01,-1.912450492382049561e-01,-9.804238677024841309e-01,-1.614963114261627197e-01,2.001153524829148433e-01,1.646567045412294927e-01,9.794538701041699547e-02,1.000000000000000000e+00,2.172924041748046875e+00,-3.955086767673492432e-01,9.519683718681335449e-01,-5.920349955558776855e-01,-9.029362797737121582e-01,-1.400447040796279907e-01,1.793899429715970495e-01,1.068238707836832724e-02,2.170439327814091546e-03,1.000000000000000000e+00,-7.244352996349334717e-02,7.789678405970335007e-03,-1.000000014901161194e-01,5.281266570091247559e-01,1.447386145591735840e-01,-9.466671384871006012e-03,-1.000000014901161194e-01,3.916504979133605957e-01,2.000000029802322388e-01,2.000000029802322388e-01,1.000000014901161194e-01,3.948704004287719727e-01,2.000000029802322388e-01,3.395867347717285156e-02,7.482051849365234375e-03,3.795786798000335693e-01
2.020000000000000018e+00,1.017140507698059082e+00,-9.807759523391723633e-01,8.705927133560180664e-01,1.022144913673400879e+00,-1.541347384452819824e+00,-3.704167902469635010e-01,9.943220615386962891e-01,1.006143167614936829e-01,3.464915230870246887e-02,-9.828101843595504761e-02,9.931308627128601074e-01,-6.349938362836837769e-02,-4.080008342862129211e-02,5.973347648978233337e-02,9.973803162574768066e-01,-1.053683757781982422e+00,-2.282632887363433838e-01,-1.292588375508785248e-02,1.000000000000000000e+00,0.000000000000000000e+00,1.017140507698059082e+00,-9.807759523391723633e-01,8.705927133560180664e-01,1.022144913673400879e+00,-1.541347384452819824e+00,-3.704167902469635010e-01,1.000000000000000000e+00,1.103710770606994629e+00,-5.767530202865600586e-01,8.021738529205322266e-01,6.066108942031860352e-01,-1.117377996444702148e+00,-1.185394525527954102e-01,1.000000000000000000e+00,1.920693516731262207e+00,-4.309219717979431152e-01,8.877059817314147949e-01,-1.554179936647415161e-01,-1.007368803024291992e+00,-1.727961748838424683e-01,1.000000000000000000e+00,2.161144018173217773e+00,-4.138099849224090576e-01,9.490880370140075684e-01,-5.851952433586120605e-01,-9.299253821372985840e-01,-1.489994227886199951e-01,1.000000000000000000e+00,1.000000000000000000e+00,0.000000000000000000e+00,0.000000000000000000e+00,1.000000000000000000e+00,1.103710770606994629e+00,-5.767530202865600586e-01,8.021738529205322266e-01,6.066108942031860352e-01,-1.117377996444702148e+00,-1.185394525527954102e-01,9.949900507926940918e-01,9.989025443792343140e-02,-4.091557115316390991e-03,-9.939422458410263062e-02,9.839895963668823242e-01,-1.479367762804031372e-01,-1.075139269232749939e-02,1.476023048162460327e-01,9.889883399009704590e-01,-1.457198429852724075e-02,-1.497354656457901001e-01,2.699654549360275269e-02,0.000000000000000000e+00,1.000000000000000000e+00,1.017140507698059082e+00,-9.807759523391723633e-01,8.705927133560180664e-01,1.022144913673400879e+00,-1.541347384452819824e+00,-3.704167902469635010e-01,1.000000000000000000e+00,1.103710770606994629e+00,-5.767530202865600586e-01,8.021738529205322266e-01,6.066108942031860352e-01,-1.117377996444702148e+00,-1.185394525527954102e-01,1.000000000000000000e+00,1.920693516731262207e+00,-4.309219717979431152e-01,8.877059817314147949e-01,-1.554179936647415161e-01,-1.007368803024291992e+00,-1.727961748838424683e-01,1.000000000000000000e+00,2.161144018173217773e+00,-4.138099849224090576e-01,9.490880370140075684e-01,-5.851952433586120605e-01,-9.299253821372985840e-01,-1.489994227886199951e-01,1.000000000000000000e+00,1.000000000000000000e+00,0.000000000000000000e+00,0.000000000000000000e+00,1.000000000000000000e+00,1.920693516731262207e+00,-4.309219717979431152e-01,8.877059817314147949e-01,-1.554179936647415161e-01,-1.007368803024291992e+00,-1.727961748838424683e-01,2.000463448672427924e-01,1.695159747945111928e-01,9.791359594621443230e-02,1.000000000000000000e+00,2.161144018173217773e+00,-4.138099849224090576e-01,9.490880370140075684e-01,-5.851952433586120605e-01,-9.299253821372985840e-01,-1.489994227886199951e-01,1.822612348747613131e-01,1.369554449473886493e-02,2.840265179423859254e-03,1.000000000000000000e+00,-7.833779603242874146e-02,-2.023139270022511482e-03,-1.000000014901161194e-01,5.461210012435913086e-01,1.406105756759643555e-01,-1.323723327368497849e-02,-1.000000014901161194e-01,3.992215096950531006e-01,2.000000029802322388e-01,2.000000029802322388e-01,1.000000014901161194e-01,4.004176259040832520e-01,2.000000029802322388e-01,3.752446174621582031e-02,8.322000503540039062e-03,3.785517513751983643e-01
2.040000000000000036e+00,1.037581801414489746e+00,-1.011613607406616211e+00,8.634186387062072754e-01,1.021900892257690430e+00,-1.541808485984802246e+00,-3.427014946937561035e-01,9.944590926170349121e-01,1.002404987812042236e-01,3.167172521352767944e-02,-9.883032739162445068e-02,9.941604137420654297e-01,-4.333280399441719055e-02,-3.583047538995742798e-02,3.996257111430168152e-02,9.985585808753967285e-01,-9.142336249351501465e-01,-2.762920558452606201e-01,-1.578921824693679810e-02,1.000000000000000000e+00,0.000000000000000000e+00,1.037581801414489746e+00,-1.011613607406616211e+00,8.634186387062072754e-01,1.021900892257690430e+00,-1.541808485984802246e+00,-3.427014946937561035e-01,1.000000000000000000e+00,1.115793943405151367e+00,-5.992720127105712891e-01,7.996987104415893555e-01,6.010800600051879883e-01,-1.136405467987060547e+00,-1.298620104789733887e-01,1.000000000000000000e+00,1.917913198471069336e+00,-4.513111710548400879e-01,8.841561079025268555e-01,-1.188304349780082703e-01,-1.034233689308166504e+00,-1.830055862665176392e-01,1.000000000000000000e+00,2.149505376815795898e+00,-4.326527416706085205e-01,9.460225701332092285e-01,-5.778274536132812500e-01,-9.570901989936828613e-01,-1.586150228977203369e-01,1.000000000000000000e+00,1.000000000000000000e+00,0.000000000000000000e+00,0.000000000000000000e+00,1.000000000000000000e+00,1.115793943405151367e+00,-5.992720127105712891e-01,7.996987104415893555e-01,6.010800600051879883e-01,-1.136405467987060547e+00,-1.298620104789733887e-01,9.950273036956787109e-01,9.935278445482254028e-02,-7.063465658575296402e-03,-9.930825978517532349e-02,9.841228723526000977e-01,-1.471060961484909058e-01,-7.664081174880266190e-03,1.470760256052017212e-01,9.890955686569213867e-01,-4.287035763263702393e-02,-1.552445739507675171e-01,2.698503248393535614e-02,0.000000000000000000e+00,1.000000000000000000e+00,1.037581801414489746e+00,-1.011613607406616211e+00,8.634186387062072754e-01,1.021900892257690430e+00,-1.541808485984802246e+00,-3.427014946937561035e-01,1.000000000000000000e+00,1.115793943405151367e+00,-5.992720127105712891e-01,7.996987104415893555e-01,6.010800600051879883e-01,-1.136405467987060547e+00,-1.298620104789733887e-01,1.000000000000000000e+00,1.917913198471069336e+00,-4.513111710548400879e-01,8.841561079025268555e-01,-1.188304349780082703e-01,-1.034233689308166504e+00,-1.830055862665176392e-01,1.000000000000000000e+00,2.149505376815795898e+00,-4.326527416706085205e-01,9.460225701332092285e-01,-5.778274536132812500e-01,-9.570901989936828613e-01,-1.586150228977203369e-01,1.000000000000000000e+00,1.000000000000000000e+00,0.000000000000000000e+00,0.000000000000000000e+00,1.000000000000000000e+00,1.917913198471069336e+00,-4.513111710548400879e-01,8.841561079025268555e-01,-1.188304349780082703e-01,-1.034233689308166504e+00,-1.830055862665176392e-01,1.999884902714524626e-01,1.736546198676838237e-01,9.776098660419710318e-02,1.000000000000000000e+00,2.149505376815795898e+00,-4.326527416706085205e-01,9.460225701332092285e-01,-5.778274536132812500e-01,-9.570901989936828613e-01,-1.586150228977203369e-01,1.847855738069432152e-01,1.679764582224474445e-02,3.548310037912880133e-03,1.000000000000000000e+00,-8.772336691617965698e-02,-1.534071005880832672e-02,-1.000000014901161194e-01,5.533777475357055664e-01,1.353930085897445679e-01,-1.679426804184913635e-02,-1.000000014901161194e-01,4.076071977615356445e-01,2.000000029802322388e-01,2.000000029802322388e-01,1.000000014901161194e-01,4.073247313499450684e-01,2.000000029802322388e-01,4.093933105468750000e-02,9.109258651733398438e-03,3.779045641422271729e-01
2.060000000000000053e+00,1.058014154434204102e+00,-1.042425036430358887e+00,8.568777441978454590e-01,1.021132946014404297e+00,-1.538368582725524902e+00,-3.064410090446472168e-01,9.946013689041137695e-01,1.000692397356033325e-01,2.746590413153171539e-02,-9.937413036823272705e-02,9.947206974029541016e-01,-2.560629136860370636e-02,-2.988330461084842682e-02,2.273865230381488800e-02,9.992948174476623535e-01,-8.067914843559265137e-01,-3.264099061489105225e-01,-1.844978518784046173e-02,1.000000000000000000e+00,0.000000000000000000e+00,1.058014154434204102e+00,-1.042425036430358887e+00,8.568777441978454590e-01,1.021132946014404297e+00,-1.538368582725524902e+00,-3.064410090446472168e-01,1.000000000000000000e+00,1.127761960029602051e+00,-6.221705675125122070e-01,7.970114946365356445e-01,5.950214266777038574e-01,-1.155322194099426270e+00,-1.394924223423004150e-01,1.000000000000000000e+00,1.915871143341064453e+00,-4.722375571727752686e-01,8.804143667221069336e-01,-8.151138573884963989e-02,-1.061099052429199219e+00,-1.917602121829986572e-01,1.000000000000000000e+00,2.138019084930419922e+00,-4.520399570465087891e-01,9.427593946456909180e-01,-5.699227452278137207e-01,-9.843776226043701172e-01,-1.688155084848403931e-01,1.000000000000000000e+00,1.000000000000000000e+00,0.000000000000000000e+00,0.000000000000000000e+00,1.000000000000000000e+00,1.127761960029602051e+00,-6.221705675125122070e-01,7.970114946365356445e-01,5.950214266777038574e-01,-1.155322194099426270e+00,-1.394924223423004150e-01,9.950537085533142090e-01,9.882524609565734863e-02,-1.008843071758747101e-02,-9.923841059207916260e-02,9.843429327011108398e-01,-1.456736028194427490e-01,-4.465754143893718719e-03,1.459542214870452881e-01,9.892812967300415039e-01,-7.470743358135223389e-02,-1.605679690837860107e-01,2.667286433279514313e-02,0.000000000000000000e+00,1.000000000000000000e+00,1.058014154434204102e+00,-1.042425036430358887e+00,8.568777441978454590e-01,1.021132946014404297e+00,-1.538368582725524902e+00,-3.064410090446472168e-01,1.000000000000000000e+00,1.127761960029602051e+00,-6.221705675125122070e-01,7.970114946365356445e-01,5.950214266777038574e-01,-1.155322194099426270e+00,-1.394924223423004150e-01,1.000000000000000000e+00,1.915871143341064453e+00,-4.722375571727752686e-01,8.804143667221069336e-01,-8.151138573884963989e-02,-1.061099052429199219e+00,-1.917602121829986572e-01,1.000000000000000000e+00,2.138019084930419922e+00,-4.520399570465087891e-01,9.427593946456909180e-01,-5.699227452278137207e-01,-9.843776226043701172e-01,-1.688155084848403931e-01,1.000000000000000000e+00,1.000000000000000000e+00,0.000000000000000000e+00,0.000000000000000000e+00,1.000000000000000000e+00,1.915871143341064453e+00,-4.722375571727752686e-01,8.804143667221069336e-01,-8.151138573884963989e-02,-1.061099052429199219e+00,-1.917602121829986572e-01,1.999308906984989254e-01,1.773968578499347526e-01,9.761609043368843497e-02,1.000000000000000000e+00,2.138019084930419922e+00,-4.520399570465087891e-01,9.427593946456909180e-01,-5.699227452278137207e-01,-9.843776226043701172e-01,-1.688155084848403931e-01,1.870038024269008448e-01,1.996424387653794597e-02,4.284485324627121394e-03,1.000000000000000000e+00,-9.517712146043777466e-02,-3.034274280071258545e-02,-1.000000014901161194e-01,5.480276942253112793e-01,1.282329261302947998e-01,-1.994358748197555542e-02,-1.000000014901161194e-01,4.160514473915100098e-01,2.000000029802322388e-01,2.000000029802322388e-01,1.000000014901161194e-01,4.151393771171569824e-01,2.000000029802322388e-01,4.410028457641601562e-02,9.808540344238281250e-03,3.777702152729034424e-01
2.080000000000000071e+00,1.078423619270324707e+00,-1.073133945465087891e+00,8.511275053024291992e-01,1.019455671310424805e+00,-1.531199812889099121e+00,-2.633200883865356445e-01,9.947353601455688477e-01,1.000794470310211182e-01,2.203956432640552521e-02,-9.989181160926818848e-02,9.949533939361572266e-01,-9.458485990762710571e-03,-2.287493832409381866e-02,7.207117974758148193e-03,9.997124075889587402e-01,-7.472268939018249512e-01,-3.828340768814086914e-01,-2.139835804700851440e-02,1.000000000000000000e+00,0.000000000000000000e+00,1.078423619270324707e+00,-1.073133945465087891e+00,8.511275053024291992e-01,1.019455671310424805e+00,-1.531199812889099121e+00,-2.633200883865356445e-01,1.000000000000000000e+00,1.139603853225708008e+00,-6.454461216926574707e-01,7.941506505012512207e-01,5.884158611297607422e-01,-1.174077749252319336e+00,-1.469384729862213135e-01,1.000000000000000000e+00,1.914582133293151855e+00,-4.937018156051635742e-01,8.765136003494262695e-01,-4.344078525900840759e-02,-1.088041663169860840e+00,-1.986725032329559326e-01,1.000000000000000000e+00,2.126695632934570312e+00,-4.719736874103546143e-01,9.392876625061035156e-01,-5.614767074584960938e-01,-1.011745333671569824e+00,-1.794868558645248413e-01,1.000000000000000000e+00,1.000000000000000000e+00,0.000000000000000000e+00,0.000000000000000000e+00,1.000000000000000000e+00,1.139603853225708008e+00,-6.454461216926574707e-01,7.941506505012512207e-01,5.884158611297607422e-01,-1.174077749252319336e+00,-1.469384729862213135e-01,9.950682520866394043e-01,9.831980615854263306e-02,-1.313226483762264252e-02,-9.918586164712905884e-02,9.846569299697875977e-01,-1.435724347829818726e-01,-1.185237430036067963e-03,1.441669017076492310e-01,9.895527362823486328e-01,-1.110006719827651978e-01,-1.629676669836044312e-01,2.589000575244426727e-02,0.000000000000000000e+00,1.000000000000000000e+00,1.078423619270324707e+00,-1.073133945465087891e+00,8.511275053024291992e-01,1.019455671310424805e+00,-1.531199812889099121e+00,-2.633200883865356445e-01,1.000000000000000000e+00,1.139603853225708008e+00,-6.454461216926574707e-01,7.941506505012512207e-01,5.884158611297607422e-01,-1.174077749252319336e+00,-1.469384729862213135e-01,1.000000000000000000e+00,1.914582133293151855e+00,-4.937018156051635742e-01,8.765136003494262695e-01,-4.344078525900840759e-02,-1.088041663169860840e+00,-1.986725032329559326e-01,1.000000000000000000e+00,2.126695632934570312e+00,-4.719736874103546143e-01,9.392876625061035156e-01,-5.614767074584960938e-01,-1.011745333671569824e+00,-1.794868558645248413e-01,1.000000000000000000e+00,1.000000000000000000e+00,0.000000000000000000e+00,0.000000000000000000e+00,1.000000000000000000e+00,1.914582133293151855e+00,-4.937018156051635742e-01,8.765136003494262695e-01,-4.344078525900840759e-02,-1.088041663169860840e+00,-1.986725032329559326e-01,1.998660911755109626e-01,1.808027911082925598e-01,9.752802576559442549e-02,1.000000000000000000e+00,2.126695632934570312e+00,-4.719736874103546143e-01,9.392876625061035156e-01,-5.614767074584960938e-01,-1.011745333671569824e+00,-1.794868558645248413e-01,1.889086549426113870e-01,2.316226285767730708e-02,5.035445409008854067e-03,1.000000000000000000e+00,-1.010741516947746277e-01,-5.126866325736045837e-02,-1.000000014901161194e-01,5.341579318046569824e-01,1.208035573363304138e-01,-2.494166046380996704e-02,-1.000000014901161194e-01,4.238045811653137207e-01,2.000000029802322388e-01,2.000000029802322388e-01,1.000000014901161194e-01,4.231954514980316162e-01,2.000000029802322388e-01,4.690241813659667969e-02,1.038432121276855469e-02,3.782573342323303223e-01
2.100000000000000089e+00,1.098788619041442871e+00,-1.103666663169860840e+00,8.462842702865600586e-01,1.016461849212646484e+00,-1.520375132560729980e+00,-2.157255411148071289e-01,9.948427677154541016e-01,1.002731397747993469e-01,1.527412608265876770e-02,-1.003728434443473816e-01,9.949324131011962891e-01,5.905627738684415817e-03,-1.460454612970352173e-02,-7.408277597278356552e-03,9.998659491539001465e-01,-7.115152478218078613e-01,-4.568239450454711914e-01,-2.570487000048160553e-02,1.000000000000000000e+00,0.000000000000000000e+00,1.098788619041442871e+00,-1.103666663169860840e+00,8.462842702865600586e-01,1.016461849212646484e+00,-1.520375132560729980e+00,-2.157255411148071289e-01,1.000000000000000000e+00,1.151308655738830566e+00,-6.690946817398071289e-01,7.911633849143981934e-01,5.812513828277587891e-01,-1.192582011222839355e+00,-1.518388092517852783e-01,1.000000000000000000e+00,1.914061427116394043e+00,-5.157060027122497559e-01,8.724938631057739258e-01,-4.604650195688009262e-03,-1.115131616592407227e+00,-2.033825814723968506e-01,1.000000000000000000e+00,2.115546226501464844e+00,-4.924553334712982178e-01,9.355993866920471191e-01,-5.524901151657104492e-01,-1.039160490036010742e+00,-1.904721409082412720e-01,1.000000000000000000e+00,1.000000000000000000e+00,0.000000000000000000e+00,0.000000000000000000e+00,1.000000000000000000e+00,1.151308655738830566e+00,-6.690946817398071289e-01,7.911633849143981934e-01,5.812513828277587891e-01,-1.192582011222839355e+00,-1.518388092517852783e-01,9.950711727142333984e-01,9.784246981143951416e-02,-1.614050753414630890e-02,-9.914191067218780518e-02,9.850744605064392090e-01,-1.407105028629302979e-01,2.132137306034564972e-03,1.416171491146087646e-01,9.899193644523620605e-01,-1.512281596660614014e-01,-1.661560386419296265e-01,2.555163763463497162e-02,0.000000000000000000e+00,1.000000000000000000e+00,1.098788619041442871e+00,-1.103666663169860840e+00,8.462842702865600586e-01,1.016461849212646484e+00,-1.520375132560729980e+00,-2.157255411148071289e-01,1.000000000000000000e+00,1.151308655738830566e+00,-6.690946817398071289e-01,7.911633849143981934e-01,5.812513828277587891e-01,-1.192582011222839355e+00,-1.518388092517852783e-01,1.000000000000000000e+00,1.914061427116394043e+00,-5.157060027122497559e-01,8.724938631057739258e-01,-4.604650195688009262e-03,-1.115131616592407227e+00,-2.033825814723968506e-01,1.000000000000000000e+00,2.115546226501464844e+00,-4.924553334712982178e-01,9.355993866920471191e-01,-5.524901151657104492e-01,-1.039160490036010742e+00,-1.904721409082412720e-01,1.000000000000000000e+00,1.000000000000000000e+00,0.000000000000000000e+00,0.000000000000000000e+00,1.000000000000000000e+00,1.914061427116394043e+00,-5.157060027122497559e-01,8.724938631057739258e-01,-4.604650195688009262e-03,-1.115131616592407227e+00,-2.033825814723968506e-01,1.997999089448327381e-01,1.837860406453148965e-01,9.749510924120213806e-02,1.000000000000000000e+00,2.115546226501464844e+00,-4.924553334712982178e-01,9.355993866920471191e-01,-5.524901151657104492e-01,-1.039160490036010742e+00,-1.904721409082412720e-01,1.905147809491989919e-01,2.634758119701796630e-02,5.784078260794620063e-03,1.000000000000000000e+00,-1.045115739107131958e-01,-7.589369267225265503e-02,-1.000000014901161194e-01,5.148594975471496582e-01,1.114116534590721130e-01,-3.013110160827636719e-02,-1.000000014901161194e-01,4.311756193637847900e-01,2.000000029802322388e-01,2.000000029802322388e-01,1.000000014901161194e-01,4.307372570037841797e-01,2.000000029802322388e-01,4.904866218566894531e-02,1.076197624206542969e-02,3.794228732585906982e-01
2.120000000000000107e+00,1.119078278541564941e+00,-1.133950352668762207e+00,8.424138426780700684e-01,1.011701107025146484e+00,-1.505961537361145020e+00,-1.663033515214920044e-01,9.948946237564086914e-01,1.006965562701225281e-01,6.705163512378931046e-03,-1.008152589201927185e-01,9.946901798248291016e-01,2.068334072828292847e-02,-4.586819093674421310e-03,-2.125372737646102905e-02,9.997636079788208008e-01,-6.639883518218994141e-01,-5.603826045989990234e-01,-3.213300183415412903e-02,1.000000000000000000e+00,0.000000000000000000e+00,1.119078278541564941e+00,-1.133950352668762207e+00,8.424138426780700684e-01,1.011701107025146484e+00,-1.505961537361145020e+00,-1.663033515214920044e-01,1.000000000000000000e+00,1.162865042686462402e+00,-6.931100487709045410e-01,7.881027460098266602e-01,5.735155940055847168e-01,-1.210704207420349121e+00,-1.539589166641235352e-01,1.000000000000000000e+00,1.914324522018432617e+00,-5.382540225982666016e-01,8.684017658233642578e-01,3.497655689716339111e-02,-1.142425656318664551e+00,-2.056174278259277344e-01,1.000000000000000000e+00,2.104581356048583984e+00,-5.134855508804321289e-01,9.316900968551635742e-01,-5.429711937904357910e-01,-1.066605925559997559e+00,-2.015755027532577515e-01,1.000000000000000000e+00,1.000000000000000000e+00,0.000000000000000000e+00,0.000000000000000000e+00,1.000000000000000000e+00,1.162865042686462402e+00,-6.931100487709045410e-01,7.881027460098266602e-01,5.735155940055847168e-01,-1.210704207420349121e+00,-1.539589166641235352e-01,9.950610399246215820e-01,9.739214181900024414e-02,-1.919039711356163025e-02,-9.910845756530761719e-02,9.855974316596984863e-01,-1.370226889848709106e-01,5.569072905927896500e-03,1.382478624582290649e-01,9.903819561004638672e-01,-1.941460818052291870e-01,-1.761637777090072632e-01,2.543776668608188629e-02,0.000000000000000000e+00,1.000000000000000000e+00,1.119078278541564941e+00,-1.133950352668762207e+00,8.424138426780700684e-01,1.011701107025146484e+00,-1.505961537361145020e+00,-1.663033515214920044e-01,1.000000000000000000e+00,1.162865042686462402e+00,-6.931100487709045410e-01,7.881027460098266602e-01,5.735155940055847168e-01,-1.210704207420349121e+00,-1.539589166641235352e-01,1.000000000000000000e+00,1.914324522018432617e+00,-5.382540225982666016e-01,8.684017658233642578e-01,3.497655689716339111e-02,-1.142425656318664551e+00,-2.056174278259277344e-01,1.000000000000000000e+00,2.104581356048583984e+00,-5.134855508804321289e-01,9.316900968551635742e-01,-5.429711937904357910e-01,-1.066605925559997559e+00,-2.015755027532577515e-01,1.000000000000000000e+00,1.000000000000000000e+00,0.000000000000000000e+00,0.000000000000000000e+00,1.000000000000000000e+00,1.914324522018432617e+00,-5.382540225982666016e-01,8.684017658233642578e-01,3.497655689716339111e-02,-1.142425656318664551e+00,-2.056174278259277344e-01,1.997460792970315868e-01,1.862765638045242866e-01,9.750432269469426483e-02,1.000000000000000000e+00,2.104581356048583984e+00,-5.134855508804321289e-01,9.316900968551635742e-01,-5.429711937904357910e-01,-1.066605925559997559e+00,-2.015755027532577515e-01,1.918692429435925328e-01,2.946146127490290034e-02,6.509501322621208397e-03,1.000000000000000000e+00,0.000000000000000000e+00,0.000000000000000000e+00,0.000000000000000000e+00,0.000000000000000000e+00,0.000000000000000000e+00,0.000000000000000000e+00,0.000000000000000000e+00,0.000000000000000000e+00,0.000000000000000000e+00,0.000000000000000000e+00,0.000000000000000000e+00,0.000000000000000000e+00,0.000000000000000000e+00,0.000000000000000000e+00,0.000000000000000000e+00,0.000000000000000000e+00
