time,agent0_obs0,agent0_obs1,agent0_obs2,agent0_obs3,agent0_obs4,agent0_obs5,agent0_obs6,agent0_obs7,agent0_obs8,agent0_obs9,agent0_obs10,agent0_obs11,agent0_obs12,agent0_obs13,agent0_obs14,agent0_obs15,agent0_obs16,agent0_obs17,agent0_obs18,agent0_obs19,agent0_obs20,agent0_obs21,agent0_obs22,agent0_obs23,agent0_obs24,agent0_obs25,agent0_obs26,agent0_obs27,agent0_obs28,agent0_obs29,agent0_obs30,agent0_obs31,agent0_obs32,agent0_obs33,agent0_obs34,agent0_obs35,agent0_obs36,agent0_obs37,agent0_obs38,agent0_obs39,agent0_obs40,agent0_obs41,agent0_obs42,agent0_obs43,agent0_obs44,agent0_obs45,agent0_obs46,agent0_obs47,agent0_obs48,agent0_obs49,agent0_obs50,agent0_obs51,agent1_obs0,agent1_obs1,agent1_obs2,agent1_obs3,agent1_obs4,agent1_obs5,agent1_obs6,agent1_obs7,agent1_obs8,agent1_obs9,agent1_obs10,agent1_obs11,agent1_obs12,agent1_obs13,agent1_obs14,agent1_obs15,agent1_obs16,agent1_obs17,agent1_obs18,agent1_obs19,agent1_obs20,agent1_obs21,agent1_obs22,agent1_obs23,agent1_obs24,agent1_obs25,agent1_obs26,agent1_obs27,agent1_obs28,agent1_obs29,agent1_obs30,agent1_obs31,agent1_obs32,agent1_obs33,agent1_obs34,agent1_obs35,agent1_obs36,agent1_obs37,agent1_obs38,agent1_obs39,agent1_obs40,agent1_obs41,agent1_obs42,agent1_obs43,agent1_obs44,agent1_obs45,agent1_obs46,agent1_obs47,agent1_obs48,agent1_obs49,agent1_obs50,agent1_obs51,red0_pos_x,red0_pos_y,red0_pos_z,red0_vel_x,red0_vel_y,red0_vel_z,red0_roll,red0_pitch,red0_yaw,red0_active,red1_pos_x,red1_pos_y,red1_pos_z,red1_vel_x,red1_vel_y,red1_vel_z,red1_roll,red1_pitch,red1_yaw,red1_active,blue0_cmd_roll,blue0_cmd_pitch,blue0_cmd_yaw,blue0_cmd_thrust,blue1_cmd_roll,blue1_cmd_pitch,blue1_cmd_yaw,blue1_cmd_thrust,red0_cmd_roll,red0_cmd_pitch,red0_cmd_yaw,red0_cmd_thrust,red1_cmd_roll,red1_cmd_pitch,red1_cmd_yaw,red1_cmd_thrust
0.000000000000000000e+00,-8.195805549621582031e-02,-5.078264474868774414e-01,9.810830354690551758e-01,0.000000000000000000e+00,0.000000000000000000e+00,0.000000000000000000e+00,1.000000000000000000e+00,0.000000000000000000e+00,0.000000000000000000e+00,0.000000000000000000e+00,1.000000000000000000e+00,0.000000000000000000e+00,0.000000000000000000e+00,0.000000000000000000e+00,1.000000000000000000e+00,0.000000000000000000e+00,0.000000000000000000e+00,0.000000000000000000e+00,1.000000000000000000e+00,0.000000000000000000e+00,-8.195805549621582031e-02,-5.078264474868774414e-01,9.810830354690551758e-01,0.000000000000000000e+00,0.000000000000000000e+00,0.000000000000000000e+00,1.000000000000000000e+00,-1.218636054545640945e-02,5.975818037986755371e-01,9.527907967567443848e-01,0.000000000000000000e+00,0.000000000000000000e+00,0.000000000000000000e+00,1.000000000000000000e+00,2.655635833740234375e+00,1.297606229782104492e-01,8.885434269905090332e-01,0.000000000000000000e+00,0.000000000000000000e+00,0.000000000000000000e+00,1.000000000000000000e+00,2.641151428222656250e+00,4.148559570312500000e-01,9.537808299064636230e-01,0.000000000000000000e+00,0.000000000000000000e+00,0.000000000000000000e+00,1.000000000000000000e+00,0.000000000000000000e+00,1.000000000000000000e+00,1.000000000000000000e+00,0.000000000000000000e+00,-1.218636054545640945e-02,5.975818037986755371e-01,9.527907967567443848e-01,0.000000000000000000e+00,0.000000000000000000e+00,0.000000000000000000e+00,1.000000000000000000e+00,0.000000000000000000e+00,0.000000000000000000e+00,0.000000000000000000e+00,1.000000000000000000e+00,0.000000000000000000e+00,0.000000000000000000e+00,0.000000000000000000e+00,1.000000000000000000e+00,0.000000000000000000e+00,0.000000000000000000e+00,0.000000000000000000e+00,0.000000000000000000e+00,1.000000000000000000e+00,-8.195805549621582031e-02,-5.078264474868774414e-01,9.810830354690551758e-01,0.000000000000000000e+00,0.000000000000000000e+00,0.000000000000000000e+00,1.000000000000000000e+00,-1.218636054545640945e-02,5.975818037986755371e-01,9.527907967567443848e-01,0.000000000000000000e+00,0.000000000000000000e+00,0.000000000000000000e+00,1.000000000000000000e+00,2.655635833740234375e+00,1.297606229782104492e-01,8.885434269905090332e-01,0.000000000000000000e+00,0.000000000000000000e+00,0.000000000000000000e+00,1.000000000000000000e+00,2.641151428222656250e+00,4.148559570312500000e-01,9.537808299064636230e-01,0.000000000000000000e+00,0.000000000000000000e+00,0.000000000000000000e+00,1.000000000000000000e+00,0.000000000000000000e+00,1.000000000000000000e+00,1.000000000000000000e+00,0.000000000000000000e+00,2.655635833740234375e+00,1.297606229782104492e-01,8.885434269905090332e-01,0.000000000000000000e+00,0.000000000000000000e+00,0.000000000000000000e+00,0.000000000000000000e+00,0.000000000000000000e+00,0.000000000000000000e+00,1.000000000000000000e+00,2.641151428222656250e+00,4.148559570312500000e-01,9.537808299064636230e-01,0.000000000000000000e+00,0.000000000000000000e+00,0.000000000000000000e+00,0.000000000000000000e+00,0.000000000000000000e+00,0.000000000000000000e+00,1.000000000000000000e+00,-9.925781190395355225e-02,2.000000029802322388e-01,-1.000000014901161194e-01,4.852678477764129639e-01,1.598996110260486603e-02,1.999932080507278442e-01,-1.000000014901161194e-01,5.310261845588684082e-01,-4.034781455993652344e-02,-2.000000029802322388e-01,8.833885192871093750e-03,4.004522860050201416e-01,7.499575614929199219e-02,-2.000000029802322388e-01,-1.583123207092285156e-02,3.991534113883972168e-01
2.000000000000000042e-02,-8.195777237415313721e-02,-5.078263282775878906e-01,9.810947775840759277e-01,1.142192195402458310e-04,6.212444714037701488e-05,2.327020745724439621e-03,9.999908208847045898e-01,2.978258999064564705e-03,3.100856207311153412e-03,-2.983413869515061378e-03,9.999942183494567871e-01,1.659178058616816998e-03,-3.095896448940038681e-03,-1.668413751758635044e-03,9.999938607215881348e-01,-2.760519087314605713e-01,5.277997255325317383e-01,-2.984449267387390137e-01,1.000000000000000000e+00,0.000000000000000000e+00,-8.195777237415313721e-02,-5.078263282775878906e-01,9.810947775840759277e-01,1.142192195402458310e-04,6.212444714037701488e-05,2.327020745724439621e-03,1.000000000000000000e+00,-1.218614727258682251e-02,5.975818037986755371e-01,9.528098702430725098e-01,8.721349149709567428e-05,1.696367144177202135e-05,3.701317589730024338e-03,1.000000000000000000e+00,2.655635595321655273e+00,1.297606825828552246e-01,8.885375261306762695e-01,-1.137025974458083510e-04,2.260320979985408485e-05,-9.458623826503753662e-04,1.000000000000000000e+00,2.641151189804077148e+00,4.148558676242828369e-01,9.537745118141174316e-01,-1.137959625339135528e-04,-4.191825064481236041e-05,-1.021493109874427319e-03,1.000000000000000000e+00,0.000000000000000000e+00,1.000000000000000000e+00,1.000000000000000000e+00,0.000000000000000000e+00,-1.218614727258682251e-02,5.975818037986755371e-01,9.528098702430725098e-01,8.721349149709567428e-05,1.696367144177202135e-05,3.701317589730024338e-03,9.999942183494567871e-01,2.508695935830473900e-03,2.369299065321683884e-03,-2.509673358872532845e-03,9.999969005584716797e-01,4.095631302334368229e-04,-2.368263900279998779e-03,-4.155068309046328068e-04,9.999972581863403320e-01,-5.567501857876777649e-02,4.137018918991088867e-01,-2.672044932842254639e-01,0.000000000000000000e+00,1.000000000000000000e+00,-8.195777237415313721e-02,-5.078263282775878906e-01,9.810947775840759277e-01,1.142192195402458310e-04,6.212444714037701488e-05,2.327020745724439621e-03,1.000000000000000000e+00,-1.218614727258682251e-02,5.975818037986755371e-01,9.528098702430725098e-01,8.721349149709567428e-05,1.696367144177202135e-05,3.701317589730024338e-03,1.000000000000000000e+00,2.655635595321655273e+00,1.297606825828552246e-01,8.885375261306762695e-01,-1.137025974458083510e-04,2.260320979985408485e-05,-9.458623826503753662e-04,1.000000000000000000e+00,2.641151189804077148e+00,4.148558676242828369e-01,9.537745118141174316e-01,-1.137959625339135528e-04,-4.191825064481236041e-05,-1.021493109874427319e-03,1.000000000000000000e+00,0.000000000000000000e+00,1.000000000000000000e+00,1.000000000000000000e+00,0.000000000000000000e+00,2.655635595321655273e+00,1.297606825828552246e-01,8.885375261306762695e-01,-1.137025974458083510e-04,2.260320979985408485e-05,-9.458623826503753662e-04,-6.297511375917454060e-04,-3.172478353202112800e-03,2.890121402873261931e-04,1.000000000000000000e+00,2.641151189804077148e+00,4.148558676242828369e-01,9.537745118141174316e-01,-1.137959625339135528e-04,-4.191825064481236041e-05,-1.021493109874427319e-03,1.168666940674494524e-03,-3.176237577914298171e-03,-5.174056877796976393e-04,1.000000000000000000e+00,-7.456150650978088379e-02,1.999999880790710449e-01,-1.000000014901161194e-01,4.994602799415588379e-01,2.728697657585144043e-02,1.999793499708175659e-01,-1.000000014901161194e-01,5.513058900833129883e-01,-4.034233093261718750e-02,-2.000000029802322388e-01,8.831739425659179688e-03,4.007476866245269775e-01,7.498407363891601562e-02,-2.000000029802322388e-01,-1.582622528076171875e-02,3.994614183902740479e-01
4.000000000000000083e-02,-8.194299042224884033e-02,-5.078185796737670898e-01,9.812105298042297363e-01,2.195119392126798630e-03,1.111111720092594624e-03,1.132059562951326370e-02,9.997017979621887207e-01,1.053709164261817932e-02,2.202973701059818268e-02,-1.077142357826232910e-02,9.998863935470581055e-01,1.054557412862777710e-02,-2.191611565649509430e-02,-1.077972166240215302e-02,9.997017383575439453e-01,-6.074069738388061523e-01,1.409047842025756836e+00,-4.769524931907653809e-01,1.000000000000000000e+00,0.000000000000000000e+00,-8.194299042224884033e-02,-5.078185796737670898e-01,9.812105298042297363e-01,2.195119392126798630e-03,1.111111720092594624e-03,1.132059562951326370e-02,1.000000000000000000e+00,-1.217437814921140671e-02,5.975834727287292480e-01,9.529914259910583496e-01,1.787738990969955921e-03,1.932354352902621031e-04,1.775153912603855133e-02,1.000000000000000000e+00,2.655621290206909180e+00,1.297635436058044434e-01,8.885068297386169434e-01,-2.114517148584127426e-03,4.171121399849653244e-04,-2.258746884763240814e-03,1.000000000000000000e+00,2.641136884689331055e+00,4.148506522178649902e-01,9.537407159805297852e-01,-2.114827511832118034e-03,-7.734656101092696190e-04,-2.538197673857212067e-03,1.000000000000000000e+00,0.000000000000000000e+00,1.000000000000000000e+00,1.000000000000000000e+00,0.000000000000000000e+00,-1.217437814921140671e-02,5.975834727287292480e-01,9.529914259910583496e-01,1.787738990969955921e-03,1.932354352902621031e-04,1.775153912603855133e-02,9.997903108596801758e-01,9.779145009815692902e-03,1.799624413251876831e-02,-9.799367748200893402e-03,9.999514818191528320e-01,1.035880646668374538e-03,-1.798523962497711182e-02,-1.212015165947377682e-03,9.998375773429870605e-01,3.238203376531600952e-02,1.225899815559387207e+00,-4.697235822677612305e-01,0.000000000000000000e+00,1.000000000000000000e+00,-8.194299042224884033e-02,-5.078185796737670898e-01,9.812105298042297363e-01,2.195119392126798630e-03,1.111111720092594624e-03,1.132059562951326370e-02,1.000000000000000000e+00,-1.217437814921140671e-02,5.975834727287292480e-01,9.529914259910583496e-01,1.787738990969955921e-03,1.932354352902621031e-04,1.775153912603855133e-02,1.000000000000000000e+00,2.655621290206909180e+00,1.297635436058044434e-01,8.885068297386169434e-01,-2.114517148584127426e-03,4.171121399849653244e-04,-2.258746884763240814e-03,1.000000000000000000e+00,2.641136884689331055e+00,4.148506522178649902e-01,9.537407159805297852e-01,-2.114827511832118034e-03,-7.734656101092696190e-04,-2.538197673857212067e-03,1.000000000000000000e+00,0.000000000000000000e+00,1.000000000000000000e+00,1.000000000000000000e+00,0.000000000000000000e+00,2.655621290206909180e+00,1.297635436058044434e-01,8.885068297386169434e-01,-2.114517148584127426e-03,4.171121399849653244e-04,-2.258746884763240814e-03,-4.408988126260494217e-03,-2.232162822395844515e-02,9.320975776324592291e-04,1.000000000000000000e+00,2.641136884689331055e+00,4.148506522178649902e-01,9.537407159805297852e-01,-2.114827511832118034e-03,-7.734656101092696190e-04,-2.538197673857212067e-03,8.185831264030715010e-03,-2.234003964316788604e-02,-1.659972238207267289e-03,1.000000000000000000e+00,1.747141219675540924e-02,1.999998986721038818e-01,-1.000000014901161194e-01,5.270954966545104980e-01,5.758475884795188904e-02,1.999969929456710815e-01,-1.000000014901161194e-01,5.898747444152832031e-01,-4.022765159606933594e-02,-2.000000029802322388e-01,8.783340454101562500e-03,4.024526774883270264e-01,7.475948333740234375e-02,-2.000000029802322388e-01,-1.573610305786132812e-02,4.012236893177032471e-01
5.999999999999999778e-02,-8.184204995632171631e-02,-5.077704787254333496e-01,9.815678000450134277e-01,9.835775010287761688e-03,4.442032426595687866e-03,2.717082574963569641e-02,9.982866048812866211e-01,2.114014141261577606e-02,5.456373095512390137e-02,-2.232410944998264313e-02,9.995265007019042969e-01,2.118124254047870636e-02,-5.409011244773864746e-02,-2.236303500831127167e-02,9.982857108116149902e-01,-3.596431910991668701e-01,1.740341305732727051e+00,-6.210671067237854004e-01,1.000000000000000000e+00,0.000000000000000000e+00,-8.184204995632171631e-02,-5.077704787254333496e-01,9.815678000450134277e-01,9.835775010287761688e-03,4.442032426595687866e-03,2.717082574963569641e-02,1.000000000000000000e+00,-1.208888366818428040e-02,5.975884199142456055e-01,9.535589218139648438e-01,8.573450148105621338e-03,1.850724511314183474e-04,4.363402351737022400e-02,1.000000000000000000e+00,2.655526161193847656e+00,1.297822594642639160e-01,8.884458541870117188e-01,-9.120451286435127258e-03,1.790029462426900864e-03,-4.165778402239084244e-03,1.000000000000000000e+00,2.641041755676269531e+00,4.148159623146057129e-01,9.536715745925903320e-01,-9.117723442614078522e-03,-3.319695824757218361e-03,-4.767380189150571823e-03,1.000000000000000000e+00,0.000000000000000000e+00,1.000000000000000000e+00,1.000000000000000000e+00,0.000000000000000000e+00,-1.208888366818428040e-02,5.975884199142456055e-01,9.535589218139648438e-01,8.573450148105621338e-03,1.850724511314183474e-04,4.363402351737022400e-02,9.986529350280761719e-01,2.060652524232864380e-02,4.762002453207969666e-02,-2.051339671015739441e-02,9.997865557670593262e-01,-2.443588804453611374e-03,-4.766021296381950378e-02,1.463448745198547840e-03,9.988625049591064453e-01,3.227527141571044922e-01,1.691907048225402832e+00,-6.033292412757873535e-01,0.000000000000000000e+00,1.000000000000000000e+00,-8.184204995632171631e-02,-5.077704787254333496e-01,9.815678000450134277e-01,9.835775010287761688e-03,4.442032426595687866e-03,2.717082574963569641e-02,1.000000000000000000e+00,-1.208888366818428040e-02,5.975884199142456055e-01,9.535589218139648438e-01,8.573450148105621338e-03,1.850724511314183474e-04,4.363402351737022400e-02,1.000000000000000000e+00,2.655526161193847656e+00,1.297822594642639160e-01,8.884458541870117188e-01,-9.120451286435127258e-03,1.790029462426900864e-03,-4.165778402239084244e-03,1.000000000000000000e+00,2.641041755676269531e+00,4.148159623146057129e-01,9.536715745925903320e-01,-9.117723442614078522e-03,-3.319695824757218361e-03,-4.767380189150571823e-03,1.000000000000000000e+00,0.000000000000000000e+00,1.000000000000000000e+00,1.000000000000000000e+00,0.000000000000000000e+00,2.655526161193847656e+00,1.297822594642639160e-01,8.884458541870117188e-01,-9.120451286435127258e-03,1.790029462426900864e-03,-4.165778402239084244e-03,-1.073998884099786402e-02,-5.439029502676517858e-02,1.937931959064103683e-03,1.000000000000000000e+00,2.641041755676269531e+00,4.148159623146057129e-01,9.536715745925903320e-01,-9.117723442614078522e-03,-3.319695824757218361e-03,-4.767380189150571823e-03,1.995062278469843936e-02,-5.441747531287788320e-02,-3.457865315275697113e-03,1.000000000000000000e+00,5.368879437446594238e-02,1.999999880790710449e-01,-1.000000014901161194e-01,5.287659764289855957e-01,8.557742089033126831e-02,1.999879330396652222e-01,-1.000000014901161194e-01,5.967243909835815430e-01,-3.982472419738769531e-02,-2.000000029802322388e-01,8.613586425781250000e-03,4.050205349922180176e-01,7.396364212036132812e-02,-2.000000029802322388e-01,-1.541900634765625000e-02,4.037984311580657959e-01
8.000000000000000167e-02,-8.152085542678833008e-02,-5.076382756233215332e-01,9.823046326637268066e-01,2.507451735436916351e-02,9.325322695076465607e-03,4.984072595834732056e-02,9.956032633781433105e-01,3.409681841731071472e-02,8.724475651979446411e-02,-3.608571365475654602e-02,9.991212487220764160e-01,2.132160775363445282e-02,-8.644109219312667847e-02,-2.437615208327770233e-02,9.959587454795837402e-01,3.490624725818634033e-01,1.420858621597290039e+00,-6.705126762390136719e-01,1.000000000000000000e+00,0.000000000000000000e+00,-8.152085542678833008e-02,-5.076382756233215332e-01,9.823046326637268066e-01,2.507451735436916351e-02,9.325322695076465607e-03,4.984072595834732056e-02,1.000000000000000000e+00,-1.179970335215330124e-02,5.975822806358337402e-01,9.547491669654846191e-01,2.319229394197463989e-02,-1.348283374682068825e-03,8.080632239580154419e-02,1.000000000000000000e+00,2.655233860015869141e+00,1.298394799232482910e-01,8.883409500122070312e-01,-2.241615951061248779e-02,4.387940280139446259e-03,-6.530905142426490784e-03,1.000000000000000000e+00,2.640749931335449219e+00,4.147098660469055176e-01,9.535511732101440430e-01,-2.240447327494621277e-02,-8.138444274663925171e-03,-7.560898084193468094e-03,1.000000000000000000e+00,0.000000000000000000e+00,1.000000000000000000e+00,1.000000000000000000e+00,0.000000000000000000e+00,-1.179970335215330124e-02,5.975822806358337402e-01,9.547491669654846191e-01,2.319229394197463989e-02,-1.348283374682068825e-03,8.080632239580154419e-02,9.961658716201782227e-01,3.399713709950447083e-02,8.061015605926513672e-02,-3.307442739605903625e-02,9.993715882301330566e-01,-1.275469083338975906e-02,-8.099311590194702148e-02,1.003965083509683609e-02,9.966642260551452637e-01,6.416765451431274414e-01,1.527971744537353516e+00,-6.717346906661987305e-01,0.000000000000000000e+00,1.000000000000000000e+00,-8.152085542678833008e-02,-5.076382756233215332e-01,9.823046326637268066e-01,2.507451735436916351e-02,9.325322695076465607e-03,4.984072595834732056e-02,1.000000000000000000e+00,-1.179970335215330124e-02,5.975822806358337402e-01,9.547491669654846191e-01,2.319229394197463989e-02,-1.348283374682068825e-03,8.080632239580154419e-02,1.000000000000000000e+00,2.655233860015869141e+00,1.298394799232482910e-01,8.883409500122070312e-01,-2.241615951061248779e-02,4.387940280139446259e-03,-6.530905142426490784e-03,1.000000000000000000e+00,2.640749931335449219e+00,4.147098660469055176e-01,9.535511732101440430e-01,-2.240447327494621277e-02,-8.138444274663925171e-03,-7.560898084193468094e-03,1.000000000000000000e+00,0.000000000000000000e+00,1.000000000000000000e+00,1.000000000000000000e+00,0.000000000000000000e+00,2.655233860015869141e+00,1.298394799232482910e-01,8.883409500122070312e-01,-2.241615951061248779e-02,4.387940280139446259e-03,-6.530905142426490784e-03,-1.698887568212198440e-02,-8.562446485342056768e-02,3.206310894426968663e-03,1.000000000000000000e+00,2.640749931335449219e+00,4.147098660469055176e-01,9.535511732101440430e-01,-2.240447327494621277e-02,-8.138444274663925171e-03,-7.560898084193468094e-03,3.156547612079707577e-02,-8.565784260566222663e-02,-5.736989277364223233e-03,1.000000000000000000e+00,1.160420924425125122e-01,2.000000029802322388e-01,-1.000000014901161194e-01,5.141632556915283203e-01,1.201658397912979126e-01,1.999999880790710449e-01,-1.000000014901161194e-01,5.943904519081115723e-01,-3.904438018798828125e-02,-2.000000029802322388e-01,8.287668228149414062e-03,4.073028266429901123e-01,7.244300842285156250e-02,-2.000000029802322388e-01,-1.482009887695312500e-02,4.058810472488403320e-01
1.000000000000000056e-01,-8.083085715770721436e-02,-5.074149370193481445e-01,9.835458993911743164e-01,4.702411219477653503e-02,1.284829899668693542e-02,7.769627869129180908e-02,9.927742481231689453e-01,4.882755875587463379e-02,1.096144020557403564e-01,-4.989067465066909790e-02,9.987303614616394043e-01,6.975455209612846375e-03,-1.091346293687820435e-01,-1.239378750324249268e-02,9.939497709274291992e-01,1.031744241714477539e+00,8.162888884544372559e-01,-6.636133790016174316e-01,1.000000000000000000e+00,0.000000000000000000e+00,-8.083085715770721436e-02,-5.074149370193481445e-01,9.835458993911743164e-01,4.702411219477653503e-02,1.284829899668693542e-02,7.769627869129180908e-02,1.000000000000000000e+00,-1.114522758871316910e-02,5.975190997123718262e-01,9.567680954933166504e-01,4.564282670617103577e-02,-6.115689408034086227e-03,1.270071417093276978e-01,1.000000000000000000e+00,2.654625892639160156e+00,1.299584507942199707e-01,8.881922960281372070e-01,-4.093686863780021667e-02,8.006048388779163361e-03,-8.390787057578563690e-03,1.000000000000000000e+00,2.640142202377319336e+00,4.144892394542694092e-01,9.533773064613342285e-01,-4.091291129589080811e-02,-1.484871096909046173e-02,-9.949540719389915466e-03,1.000000000000000000e+00,0.000000000000000000e+00,1.000000000000000000e+00,1.000000000000000000e+00,0.000000000000000000e+00,-1.114522758871316910e-02,5.975190997123718262e-01,9.567680954933166504e-01,4.564282670617103577e-02,-6.115689408034086227e-03,1.270071417093276978e-01,9.931970834732055664e-01,4.900333657860755920e-02,1.056324988603591919e-01,-4.621532186865806580e-02,9.985195994377136230e-01,-2.868313714861869812e-02,-1.068816930055618286e-01,2.360616624355316162e-02,9.939914941787719727e-01,8.541986346244812012e-01,9.632151126861572266e-01,-6.874070167541503906e-01,0.000000000000000000e+00,1.000000000000000000e+00,-8.083085715770721436e-02,-5.074149370193481445e-01,9.835458993911743164e-01,4.702411219477653503e-02,1.284829899668693542e-02,7.769627869129180908e-02,1.000000000000000000e+00,-1.114522758871316910e-02,5.975190997123718262e-01,9.567680954933166504e-01,4.564282670617103577e-02,-6.115689408034086227e-03,1.270071417093276978e-01,1.000000000000000000e+00,2.654625892639160156e+00,1.299584507942199707e-01,8.881922960281372070e-01,-4.093686863780021667e-02,8.006048388779163361e-03,-8.390787057578563690e-03,1.000000000000000000e+00,2.640142202377319336e+00,4.144892394542694092e-01,9.533773064613342285e-01,-4.091291129589080811e-02,-1.484871096909046173e-02,-9.949540719389915466e-03,1.000000000000000000e+00,0.000000000000000000e+00,1.000000000000000000e+00,1.000000000000000000e+00,0.000000000000000000e+00,2.654625892639160156e+00,1.299584507942199707e-01,8.881922960281372070e-01,-4.093686863780021667e-02,8.006048388779163361e-03,-8.390787057578563690e-03,-2.132377866693303814e-02,-1.069328527783597327e-01,4.350340890837821328e-03,1.000000000000000000e+00,2.640142202377319336e+00,4.144892394542694092e-01,9.533773064613342285e-01,-4.091291129589080811e-02,-1.484871096909046173e-02,-9.949540719389915466e-03,3.961504735911541841e-02,-1.069765029384692756e-01,-7.785987101989282760e-03,1.000000000000000000e+00,1.210259720683097839e-01,2.000000029802322388e-01,-1.000000014901161194e-01,5.421706438064575195e-01,1.407011151313781738e-01,1.999999880790710449e-01,-1.000000014901161194e-01,5.786887407302856445e-01,-3.787302970886230469e-02,-2.000000029802322388e-01,7.819175720214843750e-03,4.091289639472961426e-01,7.037329673767089844e-02,-2.000000029802322388e-01,-1.400613784790039062e-02,4.071781933307647705e-01
1.199999999999999956e-01,-7.966018468141555786e-02,-5.071572065353393555e-01,9.853819608688354492e-01,7.313892990350723267e-02,1.188702788203954697e-02,1.100567579269409180e-01,9.907107949256896973e-01,6.449056416749954224e-02,1.197208166122436523e-01,-6.279406696557998657e-02,9.978660941123962402e-01,-1.789318397641181946e-02,-1.206192821264266968e-01,1.020921394228935242e-02,9.926463365554809570e-01,1.341463327407836914e+00,3.439387679100036621e-01,-6.246095299720764160e-01,1.000000000000000000e+00,0.000000000000000000e+00,-7.966018468141555786e-02,-5.071572065353393555e-01,9.853819608688354492e-01,7.313892990350723267e-02,1.188702788203954697e-02,1.100567579269409180e-01,1.000000000000000000e+00,-9.988036006689071655e-03,5.973216295242309570e-01,9.597725272178649902e-01,7.348794490098953247e-02,-1.535242423415184021e-02,1.794388741254806519e-01,1.000000000000000000e+00,2.653615713119506836e+00,1.301559805870056152e-01,8.880122303962707520e-01,-6.263869255781173706e-02,1.223624218255281448e-02,-9.655755944550037384e-03,1.000000000000000000e+00,2.639132499694824219e+00,4.141229391098022461e-01,9.531605243682861328e-01,-6.259783357381820679e-02,-2.268993109464645386e-02,-1.185717433691024780e-02,1.000000000000000000e+00,0.000000000000000000e+00,1.000000000000000000e+00,1.000000000000000000e+00,0.000000000000000000e+00,-9.988036006689071655e-03,5.973216295242309570e-01,9.597725272178649902e-01,7.348794490098953247e-02,-1.535242423415184021e-02,1.794388741254806519e-01,9.908450841903686523e-01,6.449001282453536987e-02,1.186052262783050537e-01,-5.923023819923400879e-02,9.971206784248352051e-01,-4.735318198800086975e-02,-1.213175207376480103e-01,3.989465162158012390e-02,9.918118119239807129e-01,9.295253753662109375e-01,4.318290650844573975e-01,-6.587995886802673340e-01,0.000000000000000000e+00,1.000000000000000000e+00,-7.966018468141555786e-02,-5.071572065353393555e-01,9.853819608688354492e-01,7.313892990350723267e-02,1.188702788203954697e-02,1.100567579269409180e-01,1.000000000000000000e+00,-9.988036006689071655e-03,5.973216295242309570e-01,9.597725272178649902e-01,7.348794490098953247e-02,-1.535242423415184021e-02,1.794388741254806519e-01,1.000000000000000000e+00,2.653615713119506836e+00,1.301559805870056152e-01,8.880122303962707520e-01,-6.263869255781173706e-02,1.223624218255281448e-02,-9.655755944550037384e-03,1.000000000000000000e+00,2.639132499694824219e+00,4.141229391098022461e-01,9.531605243682861328e-01,-6.259783357381820679e-02,-2.268993109464645386e-02,-1.185717433691024780e-02,1.000000000000000000e+00,0.000000000000000000e+00,1.000000000000000000e+00,1.000000000000000000e+00,0.000000000000000000e+00,2.653615713119506836e+00,1.301559805870056152e-01,8.880122303962707520e-01,-6.263869255781173706e-02,1.223624218255281448e-02,-9.655755944550037384e-03,-2.360160146383224328e-02,-1.185596841132443569e-01,5.188188034396376200e-03,1.000000000000000000e+00,2.639132499694824219e+00,4.141229391098022461e-01,9.531605243682861328e-01,-6.259783357381820679e-02,-2.268993109464645386e-02,-1.185717433691024780e-02,4.383334844958780563e-02,-1.186107093223331965e-01,-9.274321325295143553e-03,1.000000000000000000e+00,1.069945693016052246e-01,2.000000029802322388e-01,-1.000000014901161194e-01,5.467997789382934570e-01,1.328107118606567383e-01,2.000000029802322388e-01,-1.000000014901161194e-01,5.490393638610839844e-01,-3.626656532287597656e-02,-2.000000029802322388e-01,7.230758666992187500e-03,4.110144376754760742e-01,6.814742088317871094e-02,-1.932172775268554688e-01,-1.310491561889648438e-02,4.081357717514038086e-01
1.400000000000000133e-01,-7.794684916734695435e-02,-5.069734454154968262e-01,9.879115223884582520e-01,1.011995375156402588e-01,4.740335512906312943e-03,1.474058479070663452e-01,9.892275333404541016e-01,7.942929118871688843e-02,1.229637414216995239e-01,-7.455197721719741821e-02,9.962558746337890625e-01,-4.377735406160354614e-02,-1.259805411100387573e-01,3.413856774568557739e-02,9.914452433586120605e-01,1.115909814834594727e+00,2.123248428106307983e-01,-5.589533448219299316e-01,1.000000000000000000e+00,0.000000000000000000e+00,-7.794684916734695435e-02,-5.069734454154968262e-01,9.879115223884582520e-01,1.011995375156402588e-01,4.740335512906312943e-03,1.474058479070663452e-01,1.000000000000000000e+00,-8.248187601566314697e-03,5.968958139419555664e-01,9.638543128967285156e-01,1.037058979272842407e-01,-2.941167540848255157e-02,2.342233955860137939e-01,1.000000000000000000e+00,2.652154207229614258e+00,1.304410398006439209e-01,8.878118991851806641e-01,-8.607468008995056152e-02,1.675776764750480652e-02,-1.032388675957918167e-02,1.000000000000000000e+00,2.637672424316406250e+00,4.135942757129669189e-01,9.529093503952026367e-01,-8.600294589996337891e-02,-3.106623701751232147e-02,-1.329335756599903107e-02,1.000000000000000000e+00,0.000000000000000000e+00,1.000000000000000000e+00,1.000000000000000000e+00,0.000000000000000000e+00,-8.248187601566314697e-03,5.968958139419555664e-01,9.638543128967285156e-01,1.037058979272842407e-01,-2.941167540848255157e-02,2.342233955860137939e-01,9.891922473907470703e-01,7.912453263998031616e-02,1.234426572918891907e-01,-7.140106707811355591e-02,9.952756166458129883e-01,-6.579041481018066406e-02,-1.280650943517684937e-01,5.626542493700981140e-02,9.901684522628784180e-01,8.430869579315185547e-01,2.308478355407714844e-01,-5.857799053192138672e-01,0.000000000000000000e+00,1.000000000000000000e+00,-7.794684916734695435e-02,-5.069734454154968262e-01,9.879115223884582520e-01,1.011995375156402588e-01,4.740335512906312943e-03,1.474058479070663452e-01,1.000000000000000000e+00,-8.248187601566314697e-03,5.968958139419555664e-01,9.638543128967285156e-01,1.037058979272842407e-01,-2.941167540848255157e-02,2.342233955860137939e-01,1.000000000000000000e+00,2.652154207229614258e+00,1.304410398006439209e-01,8.878118991851806641e-01,-8.607468008995056152e-02,1.675776764750480652e-02,-1.032388675957918167e-02,1.000000000000000000e+00,2.637672424316406250e+00,4.135942757129669189e-01,9.529093503952026367e-01,-8.600294589996337891e-02,-3.106623701751232147e-02,-1.329335756599903107e-02,1.000000000000000000e+00,0.000000000000000000e+00,1.000000000000000000e+00,1.000000000000000000e+00,0.000000000000000000e+00,2.652154207229614258e+00,1.304410398006439209e-01,8.878118991851806641e-01,-8.607468008995056152e-02,1.675776764750480652e-02,-1.032388675957918167e-02,-2.478549835440372467e-02,-1.260482502009063754e-01,5.784391083357804872e-03,1.000000000000000000e+00,2.637672424316406250e+00,4.135942757129669189e-01,9.529093503952026367e-01,-8.600294589996337891e-02,-3.106623701751232147e-02,-1.329335756599903107e-02,4.604559429020678440e-02,-1.259876660342109655e-01,-1.034001422801722817e-02,1.000000000000000000e+00,1.057576313614845276e-01,2.000000029802322388e-01,-1.000000014901161194e-01,5.449385046958923340e-01,1.216809153556823730e-01,2.000000029802322388e-01,-1.000000014901161194e-01,5.190705657005310059e-01,-3.410577774047851562e-02,-1.926076412200927734e-01,6.531000137329101562e-03,4.133952260017395020e-01,6.615567207336425781e-02,-1.855237483978271484e-01,-1.222038269042968750e-02,4.092527925968170166e-01
1.600000000000000033e-01,-7.566254585981369019e-02,-5.069855451583862305e-01,9.912275671958923340e-01,1.303261816501617432e-01,-7.993732579052448273e-03,1.889481842517852783e-01,9.876985549926757812e-01,9.195114672183990479e-02,1.264786273241043091e-01,-8.464647829532623291e-02,9.944819211959838867e-01,-6.197526305913925171e-02,-1.314793974161148071e-01,5.050689727067947388e-02,9.900315403938293457e-01,6.095036864280700684e-01,3.356960117816925049e-01,-4.713566601276397705e-01,1.000000000000000000e+00,0.000000000000000000e+00,-7.566254585981369019e-02,-5.069855451583862305e-01,9.912275671958923340e-01,1.303261816501617432e-01,-7.993732579052448273e-03,1.889481842517852783e-01,1.000000000000000000e+00,-5.896934773772954941e-03,5.961492061614990234e-01,9.690223932266235352e-01,1.345616430044174194e-01,-4.766197502613067627e-02,2.873074412345886230e-01,1.000000000000000000e+00,2.650211334228515625e+00,1.308182179927825928e-01,8.876060843467712402e-01,-1.109348610043525696e-01,2.145944908261299133e-02,-1.006637699902057648e-02,1.000000000000000000e+00,2.635731458663940430e+00,4.128950834274291992e-01,9.526358246803283691e-01,-1.107414960861206055e-01,-3.977946564555168152e-02,-1.400260534137487411e-02,1.000000000000000000e+00,0.000000000000000000e+00,1.000000000000000000e+00,1.000000000000000000e+00,0.000000000000000000e+00,-5.896934773772954941e-03,5.961492061614990234e-01,9.690223932266235352e-01,1.345616430044174194e-01,-4.766197502613067627e-02,2.873074412345886230e-01,9.876271486282348633e-01,9.164831787347793579e-02,1.272534728050231934e-01,-8.175408095121383667e-02,9.933621883392333984e-01,-8.092053979635238647e-02,-1.338250041007995605e-01,6.951581686735153198e-02,9.885639548301696777e-01,5.908913016319274902e-01,3.204503059387207031e-01,-4.813874661922454834e-01,0.000000000000000000e+00,1.000000000000000000e+00,-7.566254585981369019e-02,-5.069855451583862305e-01,9.912275671958923340e-01,1.303261816501617432e-01,-7.993732579052448273e-03,1.889481842517852783e-01,1.000000000000000000e+00,-5.896934773772954941e-03,5.961492061614990234e-01,9.690223932266235352e-01,1.345616430044174194e-01,-4.766197502613067627e-02,2.873074412345886230e-01,1.000000000000000000e+00,2.650211334228515625e+00,1.308182179927825928e-01,8.876060843467712402e-01,-1.109348610043525696e-01,2.145944908261299133e-02,-1.006637699902057648e-02,1.000000000000000000e+00,2.635731458663940430e+00,4.128950834274291992e-01,9.526358246803283691e-01,-1.107414960861206055e-01,-3.977946564555168152e-02,-1.400260534137487411e-02,1.000000000000000000e+00,0.000000000000000000e+00,1.000000000000000000e+00,1.000000000000000000e+00,0.000000000000000000e+00,2.650211334228515625e+00,1.308182179927825928e-01,8.876060843467712402e-01,-1.109348610043525696e-01,2.145944908261299133e-02,-1.006637699902057648e-02,-2.581496307369609070e-02,-1.339801152324009426e-01,6.213207206649005304e-03,1.000000000000000000e+00,2.635731458663940430e+00,4.128950834274291992e-01,9.526358246803283691e-01,-1.107414960861206055e-01,-3.977946564555168152e-02,-1.400260534137487411e-02,4.808283221757250064e-02,-1.332523686165993926e-01,-1.112072514324434491e-02,1.000000000000000000e+00,1.050881892442703247e-01,2.000000029802322388e-01,-1.000000014901161194e-01,5.257026553153991699e-01,1.081308946013450623e-01,1.999999880790710449e-01,-1.000000014901161194e-01,4.962006807327270508e-01,-3.127169609069824219e-02,-1.839830875396728516e-01,5.722761154174804688e-03,4.163217246532440186e-01,6.463861465454101562e-02,-1.769969463348388672e-01,-1.139664649963378906e-02,4.107742011547088623e-01
1.799999999999999933e-01,-7.278417795896530151e-02,-5.072870850563049316e-01,9.953983426094055176e-01,1.608434319496154785e-01,-2.413987368345260620e-02,2.325775772333145142e-01,9.857867956161499023e-01,1.014167964458465576e-01,1.339365988969802856e-01,-9.254206717014312744e-02,9.931801557540893555e-01,-7.091708481311798096e-02,-1.402153521776199341e-01,5.751435458660125732e-02,9.884491562843322754e-01,2.197629809379577637e-01,5.084668993949890137e-01,-3.713225722312927246e-01,1.000000000000000000e+00,0.000000000000000000e+00,-7.278417795896530151e-02,-5.072870850563049316e-01,9.953983426094055176e-01,1.608434319496154785e-01,-2.413987368345260620e-02,2.325775772333145142e-01,1.000000000000000000e+00,-2.924137748777866364e-03,5.950098037719726562e-01,9.752162098884582520e-01,1.659962385892868042e-01,-6.869358569383621216e-02,3.360604643821716309e-01,1.000000000000000000e+00,2.647756814956665039e+00,1.312910914421081543e-01,8.874142765998840332e-01,-1.374304890632629395e-01,2.635049633681774139e-02,-8.826148696243762970e-03,1.000000000000000000e+00,2.633283853530883789e+00,4.120183289051055908e-01,9.523545503616333008e-01,-1.368927359580993652e-01,-4.887536168098449707e-02,-1.401076000183820724e-02,1.000000000000000000e+00,0.000000000000000000e+00,1.000000000000000000e+00,1.000000000000000000e+00,0.000000000000000000e+00,-2.924137748777866364e-03,5.950098037719726562e-01,9.752162098884582520e-01,1.659962385892868042e-01,-6.869358569383621216e-02,3.360604643821716309e-01,9.857875704765319824e-01,1.012995764613151550e-01,1.340207308530807495e-01,-8.961541205644607544e-02,9.918538331985473633e-01,-9.052789211273193359e-02,-1.420993953943252563e-01,7.723093032836914062e-02,9.868350625038146973e-01,2.828453183174133301e-01,4.540754258632659912e-01,-3.709480464458465576e-01,0.000000000000000000e+00,1.000000000000000000e+00,-7.278417795896530151e-02,-5.072870850563049316e-01,9.953983426094055176e-01,1.608434319496154785e-01,-2.413987368345260620e-02,2.325775772333145142e-01,1.000000000000000000e+00,-2.924137748777866364e-03,5.950098037719726562e-01,9.752162098884582520e-01,1.659962385892868042e-01,-6.869358569383621216e-02,3.360604643821716309e-01,1.000000000000000000e+00,2.647756814956665039e+00,1.312910914421081543e-01,8.874142765998840332e-01,-1.374304890632629395e-01,2.635049633681774139e-02,-8.826148696243762970e-03,1.000000000000000000e+00,2.633283853530883789e+00,4.120183289051055908e-01,9.523545503616333008e-01,-1.368927359580993652e-01,-4.887536168098449707e-02,-1.401076000183820724e-02,1.000000000000000000e+00,0.000000000000000000e+00,1.000000000000000000e+00,1.000000000000000000e+00,0.000000000000000000e+00,2.647756814956665039e+00,1.312910914421081543e-01,8.874142765998840332e-01,-1.374304890632629395e-01,2.635049633681774139e-02,-8.826148696243762970e-03,-2.694530106279991247e-02,-1.428389611850040541e-01,6.494777210344495483e-03,1.000000000000000000e+00,2.633283853530883789e+00,4.120183289051055908e-01,9.523545503616333008e-01,-1.368927359580993652e-01,-4.887536168098449707e-02,-1.401076000183820724e-02,5.056149856501381684e-02,-1.409537353480916355e-01,-1.166374261714883676e-02,1.000000000000000000e+00,1.064418777823448181e-01,2.000000029802322388e-01,-1.000000014901161194e-01,5.084769725799560547e-01,8.713360875844955444e-02,1.999996155500411987e-01,-1.000000014901161194e-01,4.852252304553985596e-01,-2.774882316589355469e-02,-1.748273372650146484e-01,4.827737808227539062e-03,4.196038544178009033e-01,6.368947029113769531e-02,-1.675927639007568359e-01,-1.063799858093261719e-02,4.127272069454193115e-01
2.000000000000000111e-01,-6.927847862243652344e-02,-5.079265832901000977e-01,1.000439286231994629e+00,1.933196038007736206e-01,-4.169451445341110229e-02,2.754845321178436279e-01,9.836028218269348145e-01,1.083208695054054260e-01,1.441958695650100708e-01,-9.827870875597000122e-02,9.923248887062072754e-01,-7.505261898040771484e-02,-1.512189060449600220e-01,5.965057015419006348e-02,9.866990447044372559e-01,1.341997832059860229e-01,5.360773801803588867e-01,-2.774474918842315674e-01,1.000000000000000000e+00,0.000000000000000000e+00,-6.927847862243652344e-02,-5.079265832901000977e-01,1.000439286231994629e+00,1.933196038007736206e-01,-4.169451445341110229e-02,2.754845321178436279e-01,1.000000000000000000e+00,6.864643655717372894e-04,5.934368371963500977e-01,9.823364615440368652e-01,1.985270977020263672e-01,-9.090193361043930054e-02,3.794027268886566162e-01,1.000000000000000000e+00,2.644757270812988281e+00,1.318635791540145874e-01,8.872559666633605957e-01,-1.655858606100082397e-01,3.143237158656120300e-02,-6.600381806492805481e-03,1.000000000000000000e+00,2.630300521850585938e+00,4.109556376934051514e-01,9.520789384841918945e-01,-1.644058227539062500e-01,-5.842100083827972412e-02,-1.338326930999755859e-02,1.000000000000000000e+00,0.000000000000000000e+00,1.000000000000000000e+00,1.000000000000000000e+00,0.000000000000000000e+00,6.864643655717372894e-04,5.934368371963500977e-01,9.823364615440368652e-01,1.985270977020263672e-01,-9.090193361043930054e-02,3.794027268886566162e-01,9.838111996650695801e-01,1.081682816147804260e-01,1.428818404674530029e-01,-9.519303590059280396e-02,9.909404516220092773e-01,-9.473810344934463501e-02,-1.518350541591644287e-01,7.960305362939834595e-02,9.851951599121093750e-01,4.550860822200775146e-02,4.558295607566833496e-01,-2.734294235706329346e-01,0.000000000000000000e+00,1.000000000000000000e+00,-6.927847862243652344e-02,-5.079265832901000977e-01,1.000439286231994629e+00,1.933196038007736206e-01,-4.169451445341110229e-02,2.754845321178436279e-01,1.000000000000000000e+00,6.864643655717372894e-04,5.934368371963500977e-01,9.823364615440368652e-01,1.985270977020263672e-01,-9.090193361043930054e-02,3.794027268886566162e-01,1.000000000000000000e+00,2.644757270812988281e+00,1.318635791540145874e-01,8.872559666633605957e-01,-1.655858606100082397e-01,3.143237158656120300e-02,-6.600381806492805481e-03,1.000000000000000000e+00,2.630300521850585938e+00,4.109556376934051514e-01,9.520789384841918945e-01,-1.644058227539062500e-01,-5.842100083827972412e-02,-1.338326930999755859e-02,1.000000000000000000e+00,0.000000000000000000e+00,1.000000000000000000e+00,1.000000000000000000e+00,0.000000000000000000e+00,2.644757270812988281e+00,1.318635791540145874e-01,8.872559666633605957e-01,-1.655858606100082397e-01,3.143237158656120300e-02,-6.600381806492805481e-03,-2.784070707698475464e-02,-1.505196394139629579e-01,6.598973615623202754e-03,1.000000000000000000e+00,2.630300521850585938e+00,4.109556376934051514e-01,9.520789384841918945e-01,-1.644058227539062500e-01,-5.842100083827972412e-02,-1.338326930999755859e-02,5.308995671870234828e-02,-1.474411311324539398e-01,-1.195893363107184554e-02,1.000000000000000000e+00,1.059354916214942932e-01,2.000000029802322388e-01,-1.000000014901161194e-01,4.995792210102081299e-01,6.598500162363052368e-02,2.000000029802322388e-01,-1.000000014901161194e-01,4.757233262062072754e-01,-2.364230155944824219e-02,-1.652138233184814453e-01,3.889083862304687500e-03,4.230453670024871826e-01,6.333494186401367188e-02,-1.573665142059326172e-01,-9.938716888427734375e-03,4.150311350822448730e-01
2.200000000000000011e-01,-6.510473042726516724e-02,-5.089237093925476074e-01,1.006319761276245117e+00,2.277930229902267456e-01,-5.997823178768157959e-02,3.162816762924194336e-01,9.816428422927856445e-01,1.134792566299438477e-01,1.532971709966659546e-01,-1.022133529186248779e-01,9.915809035301208496e-01,-7.949824631214141846e-02,-1.610279232263565063e-01,6.236985698342323303e-02,9.849772453308105469e-01,2.390626668930053711e-01,3.983598649501800537e-01,-1.865172982215881348e-01,1.000000000000000000e+00,0.000000000000000000e+00,-6.510473042726516724e-02,-5.089237093925476074e-01,1.006319761276245117e+00,2.277930229902267456e-01,-5.997823178768157959e-02,3.162816762924194336e-01,1.000000000000000000e+00,4.958941135555505753e-03,5.914184451103210449e-01,9.902754426002502441e-01,2.322686463594436646e-01,-1.130640581250190735e-01,4.174419343471527100e-01,1.000000000000000000e+00,2.641182422637939453e+00,1.325388997793197632e-01,8.871522545814514160e-01,-1.949917376041412354e-01,3.662605956196784973e-02,-3.237912897020578384e-03,1.000000000000000000e+00,2.626757144927978516e+00,4.096981585025787354e-01,9.518222808837890625e-01,-1.928903162479400635e-01,-6.838440150022506714e-02,-1.201014313846826553e-02,1.000000000000000000e+00,0.000000000000000000e+00,1.000000000000000000e+00,1.000000000000000000e+00,0.000000000000000000e+00,4.958941135555505753e-03,5.914184451103210449e-01,9.902754426002502441e-01,2.322686463594436646e-01,-1.130640581250190735e-01,4.174419343471527100e-01,9.820814728736877441e-01,1.126920729875564575e-01,1.510510891675949097e-01,-9.905184805393218994e-02,9.905377626419067383e-01,-9.499277174472808838e-02,-1.603267341852188110e-01,7.832875847816467285e-02,9.839511513710021973e-01,-1.062974855303764343e-01,3.496417701244354248e-01,-1.901417821645736694e-01,0.000000000000000000e+00,1.000000000000000000e+00,-6.510473042726516724e-02,-5.089237093925476074e-01,1.006319761276245117e+00,2.277930229902267456e-01,-5.997823178768157959e-02,3.162816762924194336e-01,1.000000000000000000e+00,4.958941135555505753e-03,5.914184451103210449e-01,9.902754426002502441e-01,2.322686463594436646e-01,-1.130640581250190735e-01,4.174419343471527100e-01,1.000000000000000000e+00,2.641182422637939453e+00,1.325388997793197632e-01,8.871522545814514160e-01,-1.949917376041412354e-01,3.662605956196784973e-02,-3.237912897020578384e-03,1.000000000000000000e+00,2.626757144927978516e+00,4.096981585025787354e-01,9.518222808837890625e-01,-1.928903162479400635e-01,-6.838440150022506714e-02,-1.201014313846826553e-02,1.000000000000000000e+00,0.000000000000000000e+00,1.000000000000000000e+00,1.000000000000000000e+00,0.000000000000000000e+00,2.641182422637939453e+00,1.325388997793197632e-01,8.871522545814514160e-01,-1.949917376041412354e-01,3.662605956196784973e-02,-3.237912897020578384e-03,-2.803962421903596208e-02,-1.550553982189459834e-01,6.470769564201174842e-03,1.000000000000000000e+00,2.626757144927978516e+00,4.096981585025787354e-01,9.518222808837890625e-01,-1.928903162479400635e-01,-6.838440150022506714e-02,-1.201014313846826553e-02,5.506626429997383415e-02,-1.510966959577400015e-01,-1.195521765267665987e-02,1.000000000000000000e+00,1.002975925803184509e-01,2.000000029802322388e-01,-1.000000014901161194e-01,4.979357123374938965e-01,4.605646058917045593e-02,1.999965161085128784e-01,-1.000000014901161194e-01,4.648709893226623535e-01,-1.911592483520507812e-02,-1.553030014038085938e-01,2.957105636596679688e-03,4.265549480915069580e-01,6.363034248352050781e-02,-1.464757919311523438e-01,-9.299278259277343750e-03,4.176363050937652588e-01
2.399999999999999911e-01,-6.022785231471061707e-02,-5.102951526641845703e-01,1.012997388839721680e+00,2.636316120624542236e-01,-7.929452508687973022e-02,3.550401926040649414e-01,9.802894592285156250e-01,1.173461526632308960e-01,1.589425355195999146e-01,-1.047075986862182617e-01,9.908028244972229004e-01,-8.571107685565948486e-02,-1.675385385751724243e-01,6.737916171550750732e-02,9.835604429244995117e-01,3.066115677356719971e-01,2.352558821439743042e-01,-1.150605380535125732e-01,1.000000000000000000e+00,0.000000000000000000e+00,-6.022785231471061707e-02,-5.102951526641845703e-01,1.012997388839721680e+00,2.636316120624542236e-01,-7.929452508687973022e-02,3.550401926040649414e-01,1.000000000000000000e+00,9.914213791489601135e-03,5.889635682106018066e-01,9.989290237426757812e-01,2.667905390262603760e-01,-1.343668997287750244e-01,4.503418505191802979e-01,1.000000000000000000e+00,2.637012958526611328e+00,1.333180218935012817e-01,8.871271610260009766e-01,-2.249728888273239136e-01,4.178098589181900024e-02,1.422340516000986099e-03,1.000000000000000000e+00,2.622639894485473633e+00,4.082384407520294189e-01,9.516008496284484863e-01,-2.217402309179306030e-01,-7.865072786808013916e-02,-9.748000651597976685e-03,1.000000000000000000e+00,0.000000000000000000e+00,1.000000000000000000e+00,1.000000000000000000e+00,0.000000000000000000e+00,9.914213791489601135e-03,5.889635682106018066e-01,9.989290237426757812e-01,2.667905390262603760e-01,-1.343668997287750244e-01,4.503418505191802979e-01,9.807976484298706055e-01,1.153218150138854980e-01,1.572795510292053223e-01,-1.016325652599334717e-01,9.905132055282592773e-01,-9.249006211757659912e-02,-1.664535999298095703e-01,7.472930848598480225e-02,9.832134842872619629e-01,-2.162593603134155273e-01,2.456825077533721924e-01,-1.234438642859458923e-01,0.000000000000000000e+00,1.000000000000000000e+00,-6.022785231471061707e-02,-5.102951526641845703e-01,1.012997388839721680e+00,2.636316120624542236e-01,-7.929452508687973022e-02,3.550401926040649414e-01,1.000000000000000000e+00,9.914213791489601135e-03,5.889635682106018066e-01,9.989290237426757812e-01,2.667905390262603760e-01,-1.343668997287750244e-01,4.503418505191802979e-01,1.000000000000000000e+00,2.637012958526611328e+00,1.333180218935012817e-01,8.871271610260009766e-01,-2.249728888273239136e-01,4.178098589181900024e-02,1.422340516000986099e-03,1.000000000000000000e+00,2.622639894485473633e+00,4.082384407520294189e-01,9.516008496284484863e-01,-2.217402309179306030e-01,-7.865072786808013916e-02,-9.748000651597976685e-03,1.000000000000000000e+00,0.000000000000000000e+00,1.000000000000000000e+00,1.000000000000000000e+00,0.000000000000000000e+00,2.637012958526611328e+00,1.333180218935012817e-01,8.871271610260009766e-01,-2.249728888273239136e-01,4.178098589181900024e-02,1.422340516000986099e-03,-2.733904433974904125e-02,-1.560845327589923670e-01,6.111219719567920206e-03,1.000000000000000000e+00,2.622639894485473633e+00,4.082384407520294189e-01,9.516008496284484863e-01,-2.217402309179306030e-01,-7.865072786808013916e-02,-9.748000651597976685e-03,5.631502584699125263e-02,-1.515833529785863831e-01,-1.167606562911154694e-02,1.000000000000000000e+00,9.114979207515716553e-02,2.000000029802322388e-01,-1.000000014901161194e-01,4.952734410762786865e-01,3.078825771808624268e-02,1.999991387128829956e-01,-1.000000014901161194e-01,4.506248533725738525e-01,-1.435375213623046875e-02,-1.453235149383544922e-01,2.078771591186523438e-03,4.300732016563415527e-01,6.466817855834960938e-02,-1.351161003112792969e-01,-8.723020553588867188e-03,4.205504953861236572e-01
2.600000000000000089e-01,-5.462808534502983093e-02,-5.120642781257629395e-01,1.020433068275451660e+00,3.000277578830718994e-01,-9.987520426511764526e-02,3.918861150741577148e-01,9.794579744338989258e-01,1.200190186500549316e-01,1.620425730943679810e-01,-1.061480790376663208e-01,9.901101589202880859e-01,-9.173189848661422729e-02,-1.714495569467544556e-01,7.264702767133712769e-02,9.825109243392944336e-01,2.292057573795318604e-01,1.594702452421188354e-01,-6.132395192980766296e-02,1.000000000000000000e+00,0.000000000000000000e+00,-5.462808534502983093e-02,-5.120642781257629395e-01,1.020433068275451660e+00,3.000277578830718994e-01,-9.987520426511764526e-02,3.918861150741577148e-01,1.000000000000000000e+00,1.556287892162799835e-02,5.860947370529174805e-01,1.008193373680114746e+00,3.015538752079010010e-01,-1.542275398969650269e-01,4.779020249843597412e-01,1.000000000000000000e+00,2.632243871688842773e+00,1.341986507177352905e-01,8.872079849243164062e-01,-2.549079060554504395e-01,4.673004150390625000e-02,7.517053745687007904e-03,1.000000000000000000e+00,2.617946147918701172e+00,4.065715074539184570e-01,9.514336585998535156e-01,-2.503890097141265869e-01,-8.911158889532089233e-02,-6.458123680204153061e-03,1.000000000000000000e+00,0.000000000000000000e+00,1.000000000000000000e+00,1.000000000000000000e+00,0.000000000000000000e+00,1.556287892162799835e-02,5.860947370529174805e-01,1.008193373680114746e+00,3.015538752079010010e-01,-1.542275398969650269e-01,4.779020249843597412e-01,9.798684120178222656e-01,1.164407879114151001e-01,1.621713340282440186e-01,-1.031983196735382080e-01,9.907742738723754883e-01,-8.784392476081848145e-02,-1.709038019180297852e-01,6.933967769145965576e-02,9.828448295593261719e-01,-3.036768734455108643e-01,1.962209194898605347e-01,-7.199450582265853882e-02,0.000000000000000000e+00,1.000000000000000000e+00,-5.462808534502983093e-02,-5.120642781257629395e-01,1.020433068275451660e+00,3.000277578830718994e-01,-9.987520426511764526e-02,3.918861150741577148e-01,1.000000000000000000e+00,1.556287892162799835e-02,5.860947370529174805e-01,1.008193373680114746e+00,3.015538752079010010e-01,-1.542275398969650269e-01,4.779020249843597412e-01,1.000000000000000000e+00,2.632243871688842773e+00,1.341986507177352905e-01,8.872079849243164062e-01,-2.549079060554504395e-01,4.673004150390625000e-02,7.517053745687007904e-03,1.000000000000000000e+00,2.617946147918701172e+00,4.065715074539184570e-01,9.514336585998535156e-01,-2.503890097141265869e-01,-8.911158889532089233e-02,-6.458123680204153061e-03,1.000000000000000000e+00,0.000000000000000000e+00,1.000000000000000000e+00,1.000000000000000000e+00,0.000000000000000000e+00,2.632243871688842773e+00,1.341986507177352905e-01,8.872079849243164062e-01,-2.549079060554504395e-01,4.673004150390625000e-02,7.517053745687007904e-03,-2.583671054957322605e-02,-1.546053914697647080e-01,5.575063732483591036e-03,1.000000000000000000e+00,2.617946147918701172e+00,4.065715074539184570e-01,9.514336585998535156e-01,-2.503890097141265869e-01,-8.911158889532089233e-02,-6.458123680204153061e-03,5.712245027164392780e-02,-1.496681298416306927e-01,-1.121949639339243215e-02,1.000000000000000000e+00,8.062794804573059082e-02,1.999999582767486572e-01,-1.000000014901161194e-01,4.830867350101470947e-01,2.030088938772678375e-02,1.999994218349456787e-01,-1.000000014901161194e-01,4.404040575027465820e-01,-9.544372558593750000e-03,-1.354887485504150391e-01,1.289129257202148438e-03,4.334916472434997559e-01,6.650257110595703125e-02,-1.234767436981201172e-01,-8.202552795410156250e-03,4.237586855888366699e-01
2.800000000000000266e-01,-4.829910025000572205e-02,-5.142539739608764648e-01,1.028586387634277344e+00,3.365096151828765869e-01,-1.213244870305061340e-01,4.264054894447326660e-01,9.788413047790527344e-01,1.213447675108909607e-01,1.647579520940780640e-01,-1.066712662577629089e-01,9.897269010543823242e-01,-9.519384801387786865e-02,-1.746166497468948364e-01,7.560473680496215820e-02,9.817295670509338379e-01,6.527379900217056274e-02,1.647139489650726318e-01,-1.996613293886184692e-02,1.000000000000000000e+00,0.000000000000000000e+00,-4.829910025000572205e-02,-5.142539739608764648e-01,1.028586387634277344e+00,3.365096151828765869e-01,-1.213244870305061340e-01,4.264054894447326660e-01,1.000000000000000000e+00,2.190653607249259949e-02,5.828447937965393066e-01,1.017959475517272949e+00,3.362627327442169189e-01,-1.722514927387237549e-01,5.000131130218505859e-01,1.000000000000000000e+00,2.626879453659057617e+00,1.351753622293472290e-01,8.874242901802062988e-01,-2.844156324863433838e-01,5.133653804659843445e-02,1.513951178640127182e-02,1.000000000000000000e+00,2.612684726715087891e+00,4.046939909458160400e-01,9.513425827026367188e-01,-2.784639000892639160e-01,-9.973297268152236938e-02,-1.998731633648276329e-03,1.000000000000000000e+00,0.000000000000000000e+00,1.000000000000000000e+00,1.000000000000000000e+00,0.000000000000000000e+00,2.190653607249259949e-02,5.828447937965393066e-01,1.017959475517272949e+00,3.362627327442169189e-01,-1.722514927387237549e-01,5.000131130218505859e-01,9.791240692138671875e-01,1.164112836122512817e-01,1.666275560855865479e-01,-1.039443016052246094e-01,9.912211894989013672e-01,-8.170898258686065674e-02,-1.746765971183776855e-01,6.268323957920074463e-02,9.826287031173706055e-01,-3.532785773277282715e-01,1.815588772296905518e-01,-3.386105969548225403e-02,0.000000000000000000e+00,1.000000000000000000e+00,-4.829910025000572205e-02,-5.142539739608764648e-01,1.028586387634277344e+00,3.365096151828765869e-01,-1.213244870305061340e-01,4.264054894447326660e-01,1.000000000000000000e+00,2.190653607249259949e-02,5.828447937965393066e-01,1.017959475517272949e+00,3.362627327442169189e-01,-1.722514927387237549e-01,5.000131130218505859e-01,1.000000000000000000e+00,2.626879453659057617e+00,1.351753622293472290e-01,8.874242901802062988e-01,-2.844156324863433838e-01,5.133653804659843445e-02,1.513951178640127182e-02,1.000000000000000000e+00,2.612684726715087891e+00,4.046939909458160400e-01,9.513425827026367188e-01,-2.784639000892639160e-01,-9.973297268152236938e-02,-1.998731633648276329e-03,1.000000000000000000e+00,0.000000000000000000e+00,1.000000000000000000e+00,1.000000000000000000e+00,0.000000000000000000e+00,2.626879453659057617e+00,1.351753622293472290e-01,8.874242901802062988e-01,-2.844156324863433838e-01,5.133653804659843445e-02,1.513951178640127182e-02,-2.377538221415004260e-02,-1.519173372957647317e-01,4.926062249538456020e-03,1.000000000000000000e+00,2.612684726715087891e+00,4.046939909458160400e-01,9.513425827026367188e-01,-2.784639000892639160e-01,-9.973297268152236938e-02,-1.998731633648276329e-03,5.793711742865409464e-02,-1.463767553012913503e-01,-1.068647718078990019e-02,1.000000000000000000e+00,6.893272697925567627e-02,1.999999731779098511e-01,-1.000000014901161194e-01,4.701238274574279785e-01,1.309154927730560303e-02,1.999989598989486694e-01,-1.000000014901161194e-01,4.339576959609985352e-01,-4.852771759033203125e-03,-1.259257793426513672e-01,6.093978881835937500e-04,4.366842508316040039e-01,6.908917427062988281e-02,-1.117217540740966797e-01,-7.714748382568359375e-03,4.271828234195709229e-01
2.999999999999999889e-01,-4.124099016189575195e-02,-5.168744325637817383e-01,1.037401199340820312e+00,3.729280829429626465e-01,-1.428022086620330811e-01,4.575348496437072754e-01,9.782536029815673828e-01,1.214593127369880676e-01,1.681293249130249023e-01,-1.064678356051445007e-01,9.897183775901794434e-01,-9.550965577363967896e-02,-1.780012249946594238e-01,7.553229480981826782e-02,9.811270833015441895e-01,-7.576724886894226074e-02,1.764399558305740356e-01,8.063654415309429169e-03,1.000000000000000000e+00,0.000000000000000000e+00,-4.124099016189575195e-02,-5.168744325637817383e-01,1.037401199340820312e+00,3.729280829429626465e-01,-1.428022086620330811e-01,4.575348496437072754e-01,1.000000000000000000e+00,2.894345857203006744e-02,5.792520642280578613e-01,1.028121232986450195e+00,3.708752989768981934e-01,-1.882962435483932495e-01,5.171067714691162109e-01,1.000000000000000000e+00,2.620929956436157227e+00,1.362404078245162964e-01,8.878070712089538574e-01,-3.133293092250823975e-01,5.550665780901908875e-02,2.432019263505935669e-02,1.000000000000000000e+00,2.606868743896484375e+00,4.026022851467132568e-01,9.513521790504455566e-01,-3.057639300823211670e-01,-1.105578243732452393e-01,3.749019932001829147e-03,1.000000000000000000e+00,0.000000000000000000e+00,1.000000000000000000e+00,1.000000000000000000e+00,0.000000000000000000e+00,2.894345857203006744e-02,5.792520642280578613e-01,1.028121232986450195e+00,3.708752989768981934e-01,-1.882962435483932495e-01,5.171067714691162109e-01,9.784799814224243164e-01,1.156081929802894592e-01,1.709146350622177124e-01,-1.040812507271766663e-01,9.917399883270263672e-01,-7.496048510074615479e-02,-1.781689077615737915e-01,5.555832386016845703e-02,9.824302792549133301e-01,-3.593607246875762939e-01,1.686127334833145142e-01,-6.871345918625593185e-03,0.000000000000000000e+00,1.000000000000000000e+00,-4.124099016189575195e-02,-5.168744325637817383e-01,1.037401199340820312e+00,3.729280829429626465e-01,-1.428022086620330811e-01,4.575348496437072754e-01,1.000000000000000000e+00,2.894345857203006744e-02,5.792520642280578613e-01,1.028121232986450195e+00,3.708752989768981934e-01,-1.882962435483932495e-01,5.171067714691162109e-01,1.000000000000000000e+00,2.620929956436157227e+00,1.362404078245162964e-01,8.878070712089538574e-01,-3.133293092250823975e-01,5.550665780901908875e-02,2.432019263505935669e-02,1.000000000000000000e+00,2.606868743896484375e+00,4.026022851467132568e-01,9.513521790504455566e-01,-3.057639300823211670e-01,-1.105578243732452393e-01,3.749019932001829147e-03,1.000000000000000000e+00,0.000000000000000000e+00,1.000000000000000000e+00,1.000000000000000000e+00,0.000000000000000000e+00,2.620929956436157227e+00,1.362404078245162964e-01,8.878070712089538574e-01,-3.133293092250823975e-01,5.550665780901908875e-02,2.432019263505935669e-02,-2.136334573604448117e-02,-1.487707013607149076e-01,4.212167897420958027e-03,1.000000000000000000e+00,2.606868743896484375e+00,4.026022851467132568e-01,9.513521790504455566e-01,-3.057639300823211670e-01,-1.105578243732452393e-01,3.749019932001829147e-03,5.906709307522473029e-02,-1.423018340486190692e-01,-1.014366125240053276e-02,1.000000000000000000e+00,5.521062761545181274e-02,2.000000029802322388e-01,-1.000000014901161194e-01,4.589448273181915283e-01,9.958242066204547882e-03,1.999977827072143555e-01,-1.000000014901161194e-01,4.306042194366455078e-01,-3.879070281982421875e-04,-1.166722774505615234e-01,4.506111145019531250e-05,4.395797252655029297e-01,7.229018211364746094e-02,-9.999823570251464844e-02,-7.229328155517578125e-03,4.306766986846923828e-01
3.200000000000000067e-01,-3.345524519681930542e-02,-5.199190378189086914e-01,1.046802282333374023e+00,4.092563092708587646e-01,-1.635705828666687012e-01,4.845594763755798340e-01,9.777145385742187500e-01,1.207266896963119507e-01,1.717548519372940063e-01,-1.058099567890167236e-01,9.899778366088867188e-01,-9.353341162204742432e-02,-1.813254505395889282e-01,7.327558100223541260e-02,9.806895852088928223e-01,-1.632115840911865234e-01,1.585910767316818237e-01,2.594725973904132843e-02,1.000000000000000000e+00,0.000000000000000000e+00,-3.345524519681930542e-02,-5.199190378189086914e-01,1.046802282333374023e+00,4.092563092708587646e-01,-1.635705828666687012e-01,4.845594763755798340e-01,1.000000000000000000e+00,3.667198121547698975e-02,5.753558874130249023e-01,1.038585186004638672e+00,4.054224789142608643e-01,-2.024382948875427246e-01,5.299346446990966797e-01,1.000000000000000000e+00,2.614408254623413086e+00,1.373844146728515625e-01,8.883875012397766113e-01,-3.415620028972625732e-01,5.917620658874511719e-02,3.504187241196632385e-02,1.000000000000000000e+00,2.600514173507690430e+00,4.002917110919952393e-01,9.514889121055603027e-01,-3.321509361267089844e-01,-1.216685101389884949e-01,1.087373774498701096e-02,1.000000000000000000e+00,0.000000000000000000e+00,1.000000000000000000e+00,1.000000000000000000e+00,0.000000000000000000e+00,3.667198121547698975e-02,5.753558874130249023e-01,1.038585186004638672e+00,4.054224789142608643e-01,-2.024382948875427246e-01,5.299346446990966797e-01,9.779343605041503906e-01,1.143653839826583862e-01,1.748287826776504517e-01,-1.038161218166351318e-01,9.922438859939575195e-01,-6.836976855993270874e-02,-1.812919229269027710e-01,4.871109127998352051e-02,9.822222590446472168e-01,-3.314396739006042480e-01,1.458303630352020264e-01,1.105981227010488510e-02,0.000000000000000000e+00,1.000000000000000000e+00,-3.345524519681930542e-02,-5.199190378189086914e-01,1.046802282333374023e+00,4.092563092708587646e-01,-1.635705828666687012e-01,4.845594763755798340e-01,1.000000000000000000e+00,3.667198121547698975e-02,5.753558874130249023e-01,1.038585186004638672e+00,4.054224789142608643e-01,-2.024382948875427246e-01,5.299346446990966797e-01,1.000000000000000000e+00,2.614408254623413086e+00,1.373844146728515625e-01,8.883875012397766113e-01,-3.415620028972625732e-01,5.917620658874511719e-02,3.504187241196632385e-02,1.000000000000000000e+00,2.600514173507690430e+00,4.002917110919952393e-01,9.514889121055603027e-01,-3.321509361267089844e-01,-1.216685101389884949e-01,1.087373774498701096e-02,1.000000000000000000e+00,0.000000000000000000e+00,1.000000000000000000e+00,1.000000000000000000e+00,0.000000000000000000e+00,2.614408254623413086e+00,1.373844146728515625e-01,8.883875012397766113e-01,-3.415620028972625732e-01,5.917620658874511719e-02,3.504187241196632385e-02,-1.870375913177162175e-02,-1.452207512239922504e-01,3.463128303261278282e-03,1.000000000000000000e+00,2.600514173507690430e+00,4.002917110919952393e-01,9.514889121055603027e-01,-3.321509361267089844e-01,-1.216685101389884949e-01,1.087373774498701096e-02,6.059886782436886554e-02,-1.374994848780246581e-01,-9.620362819198743920e-03,1.000000000000000000e+00,3.748611733317375183e-02,2.000000029802322388e-01,-1.000000014901161194e-01,4.495741128921508789e-01,9.923971258103847504e-03,1.999944746494293213e-01,-1.000000014901161194e-01,4.290857911109924316e-01,3.795623779296875000e-03,-1.077284812927246094e-01,-4.081726074218750000e-04,4.421652555465698242e-01,7.594633102416992188e-02,-8.842539787292480469e-02,-6.719589233398437500e-03,4.341039955615997314e-01
3.400000000000000244e-01,-2.494435571134090424e-02,-5.233692526817321777e-01,1.056705117225646973e+00,4.454045593738555908e-01,-1.831795722246170044e-01,5.072523951530456543e-01,9.772912859916687012e-01,1.194389611482620239e-01,1.750319451093673706e-01,-1.049279570579528809e-01,9.904018640518188477e-01,-8.996870368719100952e-02,-1.840977221727371216e-01,6.955987960100173950e-02,9.804435372352600098e-01,-2.379336804151535034e-01,1.247959509491920471e-01,3.628386184573173523e-02,1.000000000000000000e+00,0.000000000000000000e+00,-2.494435571134090424e-02,-5.233692526817321777e-01,1.056705117225646973e+00,4.454045593738555908e-01,-1.831795722246170044e-01,5.072523951530456543e-01,1.000000000000000000e+00,4.509098082780838013e-02,5.711923837661743164e-01,1.049273729324340820e+00,4.399163126945495605e-01,-2.148931026458740234e-01,5.393556952476501465e-01,1.000000000000000000e+00,2.607328653335571289e+00,1.385969072580337524e-01,8.891960382461547852e-01,-3.689945638179779053e-01,6.229250505566596985e-02,4.726305231451988220e-02,1.000000000000000000e+00,2.593641281127929688e+00,3.977557122707366943e-01,9.517810344696044922e-01,-3.574648201465606689e-01,-1.331495940685272217e-01,1.944624446332454681e-02,1.000000000000000000e+00,0.000000000000000000e+00,1.000000000000000000e+00,1.000000000000000000e+00,0.000000000000000000e+00,4.509098082780838013e-02,5.711923837661743164e-01,1.049273729324340820e+00,4.399163126945495605e-01,-2.148931026458740234e-01,5.393556952476501465e-01,9.774989485740661621e-01,1.129481494426727295e-01,1.781530827283859253e-01,-1.033141613006591797e-01,9.926839470863342285e-01,-6.248748674988746643e-02,-1.839075535535812378e-01,4.267571493983268738e-02,9.820166826248168945e-01,-2.819439768791198730e-01,1.196829825639724731e-01,2.194266766309738159e-02,0.000000000000000000e+00,1.000000000000000000e+00,-2.494435571134090424e-02,-5.233692526817321777e-01,1.056705117225646973e+00,4.454045593738555908e-01,-1.831795722246170044e-01,5.072523951530456543e-01,1.000000000000000000e+00,4.509098082780838013e-02,5.711923837661743164e-01,1.049273729324340820e+00,4.399163126945495605e-01,-2.148931026458740234e-01,5.393556952476501465e-01,1.000000000000000000e+00,2.607328653335571289e+00,1.385969072580337524e-01,8.891960382461547852e-01,-3.689945638179779053e-01,6.229250505566596985e-02,4.726305231451988220e-02,1.000000000000000000e+00,2.593641281127929688e+00,3.977557122707366943e-01,9.517810344696044922e-01,-3.574648201465606689e-01,-1.331495940685272217e-01,1.944624446332454681e-02,1.000000000000000000e+00,0.000000000000000000e+00,1.000000000000000000e+00,1.000000000000000000e+00,0.000000000000000000e+00,2.607328653335571289e+00,1.385969072580337524e-01,8.891960382461547852e-01,-3.689945638179779053e-01,6.229250505566596985e-02,4.726305231451988220e-02,-1.582649260834150667e-02,-1.409952386149042614e-01,2.701331892387567879e-03,1.000000000000000000e+00,2.593641281127929688e+00,3.977557122707366943e-01,9.517810344696044922e-01,-3.574648201465606689e-01,-1.331495940685272217e-01,1.944624446332454681e-02,6.247687681900396944e-02,-1.317891696090371934e-01,-9.119451847193031646e-03,1.000000000000000000e+00,2.355237305164337158e-02,2.000000029802322388e-01,-1.000000014901161194e-01,4.408816397190093994e-01,1.310127228498458862e-02,1.999832987785339355e-01,-1.000000014901161194e-01,4.278720617294311523e-01,7.679939270019531250e-03,-9.909915924072265625e-02,-7.598400115966796875e-04,4.444664120674133301e-01,7.991385459899902344e-02,-7.710337638854980469e-02,-6.168603897094726562e-03,4.373607635498046875e-01
3.599999999999999867e-01,-1.571310684084892273e-02,-5.271986722946166992e-01,1.067023038864135742e+00,4.812408983707427979e-01,-2.013074904680252075e-01,5.256537199020385742e-01,9.769911766052246094e-01,1.177172139286994934e-01,1.778514236211776733e-01,-1.039641574025154114e-01,9.909598827362060547e-01,-8.479531854391098022e-02,-1.862254589796066284e-01,6.435409933328628540e-02,9.803972840309143066e-01,-3.150590062141418457e-01,9.675583988428115845e-02,4.093757644295692444e-02,1.000000000000000000e+00,0.000000000000000000e+00,-1.571310684084892273e-02,-5.271986722946166992e-01,1.067023038864135742e+00,4.812408983707427979e-01,-2.013074904680252075e-01,5.256537199020385742e-01,1.000000000000000000e+00,5.419924110174179077e-02,5.667929649353027344e-01,1.060125708580017090e+00,4.743371605873107910e-01,-2.259434908628463745e-01,5.461273789405822754e-01,1.000000000000000000e+00,2.599708795547485352e+00,1.398664116859436035e-01,8.902619481086730957e-01,-3.954509794712066650e-01,6.480608135461807251e-02,6.092813611030578613e-02,1.000000000000000000e+00,2.586273193359375000e+00,3.949861824512481689e-01,9.522580504417419434e-01,-3.815057873725891113e-01,-1.450699269771575928e-01,2.951421588659286499e-02,1.000000000000000000e+00,0.000000000000000000e+00,1.000000000000000000e+00,1.000000000000000000e+00,0.000000000000000000e+00,5.419924110174179077e-02,5.667929649353027344e-01,1.060125708580017090e+00,4.743371605873107910e-01,-2.259434908628463745e-01,5.461273789405822754e-01,9.771614074707031250e-01,1.115485504269599915e-01,1.808663755655288696e-01,-1.026897057890892029e-01,9.930412173271179199e-01,-5.765518173575401306e-02,-1.860391050577163696e-01,3.776529803872108459e-02,9.818163514137268066e-01,-2.194672822952270508e-01,9.847581386566162109e-02,2.754778042435646057e-02,0.000000000000000000e+00,1.000000000000000000e+00,-1.571310684084892273e-02,-5.271986722946166992e-01,1.067023038864135742e+00,4.812408983707427979e-01,-2.013074904680252075e-01,5.256537199020385742e-01,1.000000000000000000e+00,5.419924110174179077e-02,5.667929649353027344e-01,1.060125708580017090e+00,4.743371605873107910e-01,-2.259434908628463745e-01,5.461273789405822754e-01,1.000000000000000000e+00,2.599708795547485352e+00,1.398664116859436035e-01,8.902619481086730957e-01,-3.954509794712066650e-01,6.480608135461807251e-02,6.092813611030578613e-02,1.000000000000000000e+00,2.586273193359375000e+00,3.949861824512481689e-01,9.522580504417419434e-01,-3.815057873725891113e-01,-1.450699269771575928e-01,2.951421588659286499e-02,1.000000000000000000e+00,0.000000000000000000e+00,1.000000000000000000e+00,1.000000000000000000e+00,0.000000000000000000e+00,2.599708795547485352e+00,1.398664116859436035e-01,8.902619481086730957e-01,-3.954509794712066650e-01,6.480608135461807251e-02,6.092813611030578613e-02,-1.275460238849638120e-02,-1.359225921449451757e-01,1.950813727876177760e-03,1.000000000000000000e+00,2.586273193359375000e+00,3.949861824512481689e-01,9.522580504417419434e-01,-3.815057873725891113e-01,-1.450699269771575928e-01,2.951421588659286499e-02,6.462171611692929529e-02,-1.250857649205343591e-01,-8.637567007262439422e-03,1.000000000000000000e+00,1.046897564083337784e-02,2.000000029802322388e-01,-1.000000014901161194e-01,4.325794577598571777e-01,1.832060329616069794e-02,1.999482959508895874e-01,-1.000000014901161194e-01,4.264053702354431152e-01,1.126694679260253906e-02,-9.080839157104492188e-02,-1.021862030029296875e-03,4.465157985687255859e-01,8.405947685241699219e-02,-6.612849235534667969e-02,-5.567789077758789062e-03,4.403646886348724365e-01
3.800000000000000044e-01,-5.768708419054746628e-03,-5.313752293586730957e-01,1.077671051025390625e+00,5.166665315628051758e-01,-2.176621705293655396e-01,5.398817062377929688e-01,9.767699837684631348e-01,1.156745404005050659e-01,1.803884208202362061e-01,-1.029954403638839722e-01,9.916056394577026367e-01,-7.816839963197708130e-02,-1.879162490367889404e-01,5.777335539460182190e-02,9.804844856262207031e-01,-3.751496672630310059e-01,8.111338317394256592e-02,4.161756485700607300e-02,1.000000000000000000e+00,0.000000000000000000e+00,-5.768708419054746628e-03,-5.313752293586730957e-01,1.077671051025390625e+00,5.166665315628051758e-01,-2.176621705293655396e-01,5.398817062377929688e-01,1.000000000000000000e+00,6.399501115083694458e-02,5.621830224990844727e-01,1.071093440055847168e+00,5.086492896080017090e-01,-2.358990460634231567e-01,5.507973432540893555e-01,1.000000000000000000e+00,2.591569900512695312e+00,1.411804407835006714e-01,8.916137218475341797e-01,-4.207418262958526611e-01,6.667397171258926392e-02,7.596706598997116089e-02,1.000000000000000000e+00,2.578437566757202148e+00,3.919739127159118652e-01,9.529500007629394531e-01,-4.040702283382415771e-01,-1.574844568967819214e-01,4.109217971563339233e-02,1.000000000000000000e+00,0.000000000000000000e+00,1.000000000000000000e+00,1.000000000000000000e+00,0.000000000000000000e+00,6.399501115083694458e-02,5.621830224990844727e-01,1.071093440055847168e+00,5.086492896080017090e-01,-2.358990460634231567e-01,5.507973432540893555e-01,9.768919348716735840e-01,1.103037595748901367e-01,1.830722689628601074e-01,-1.020191013813018799e-01,9.933103919029235840e-01,-5.410010740160942078e-02,-1.878150105476379395e-01,3.417308256030082703e-02,9.816098809242248535e-01,-1.493447571992874146e-01,8.398549258708953857e-02,2.939303964376449585e-02,0.000000000000000000e+00,1.000000000000000000e+00,-5.768708419054746628e-03,-5.313752293586730957e-01,1.077671051025390625e+00,5.166665315628051758e-01,-2.176621705293655396e-01,5.398817062377929688e-01,1.000000000000000000e+00,6.399501115083694458e-02,5.621830224990844727e-01,1.071093440055847168e+00,5.086492896080017090e-01,-2.358990460634231567e-01,5.507973432540893555e-01,1.000000000000000000e+00,2.591569900512695312e+00,1.411804407835006714e-01,8.916137218475341797e-01,-4.207418262958526611e-01,6.667397171258926392e-02,7.596706598997116089e-02,1.000000000000000000e+00,2.578437566757202148e+00,3.919739127159118652e-01,9.529500007629394531e-01,-4.040702283382415771e-01,-1.574844568967819214e-01,4.109217971563339233e-02,1.000000000000000000e+00,0.000000000000000000e+00,1.000000000000000000e+00,1.000000000000000000e+00,0.000000000000000000e+00,2.591569900512695312e+00,1.411804407835006714e-01,8.916137218475341797e-01,-4.207418262958526611e-01,6.667397171258926392e-02,7.596706598997116089e-02,-9.542895178797201894e-03,-1.301072325672154584e-01,1.237367139912330487e-03,1.000000000000000000e+00,2.578437566757202148e+00,3.919739127159118652e-01,9.529500007629394531e-01,-4.040702283382415771e-01,-1.574844568967819214e-01,4.109217971563339233e-02,6.699914257941189111e-02,-1.175291714723123437e-01,-8.175689388720198264e-03,1.000000000000000000e+00,-2.470492850989103317e-03,2.000000029802322388e-01,-1.000000014901161194e-01,4.261446595191955566e-01,2.304203435778617859e-02,2.000000029802322388e-01,-1.000000014901161194e-01,4.226468503475189209e-01,1.457309722900390625e-02,-8.289170265197753906e-02,-1.206636428833007812e-03,4.483309090137481689e-01,8.825516700744628906e-02,-5.559134483337402344e-02,-4.916429519653320312e-03,4.430422186851501465e-01
4.000000000000000222e-01,4.880220629274845123e-03,-5.358613133430480957e-01,1.088567733764648438e+00,5.516516566276550293e-01,-2.320473343133926392e-01,5.501664280891418457e-01,9.765843152999877930e-01,1.134445518255233765e-01,1.827942132949829102e-01,-1.020685434341430664e-01,9.922751784324645996e-01,-7.051463425159454346e-02,-1.893816292285919189e-01,5.020593851804733276e-02,9.806193113327026367e-01,-4.143610894680023193e-01,7.251578569412231445e-02,3.967906162142753601e-02,1.000000000000000000e+00,0.000000000000000000e+00,4.880220629274845123e-03,-5.358613133430480957e-01,1.088567733764648438e+00,5.516516566276550293e-01,-2.320473343133926392e-01,5.501664280891418457e-01,1.000000000000000000e+00,7.447562366724014282e-02,5.573815107345581055e-01,1.082137703895568848e+00,5.427907705307006836e-01,-2.450717985630035400e-01,5.536023378372192383e-01,1.000000000000000000e+00,2.582937479019165039e+00,1.425257772207260132e-01,8.932779431343078613e-01,-4.447185695171356201e-01,6.786709278821945190e-02,9.229327738285064697e-02,1.000000000000000000e+00,2.570164680480957031e+00,3.887085318565368652e-01,9.538869857788085938e-01,-4.249929785728454590e-01,-1.704432815313339233e-01,5.415384471416473389e-02,1.000000000000000000e+00,0.000000000000000000e+00,1.000000000000000000e+00,1.000000000000000000e+00,0.000000000000000000e+00,7.447562366724014282e-02,5.573815107345581055e-01,1.082137703895568848e+00,5.427907705307006836e-01,-2.450717985630035400e-01,5.536023378372192383e-01,9.766650199890136719e-01,1.092946082353591919e-01,1.848790794610977173e-01,-1.013543009757995605e-01,9.934959411621093750e-01,-5.189640074968338013e-02,-1.893485933542251587e-01,3.194710612297058105e-02,9.813901782035827637e-01,-8.382762968540191650e-02,7.361163198947906494e-02,2.872768044471740723e-02,0.000000000000000000e+00,1.000000000000000000e+00,4.880220629274845123e-03,-5.358613133430480957e-01,1.088567733764648438e+00,5.516516566276550293e-01,-2.320473343133926392e-01,5.501664280891418457e-01,1.000000000000000000e+00,7.447562366724014282e-02,5.573815107345581055e-01,1.082137703895568848e+00,5.427907705307006836e-01,-2.450717985630035400e-01,5.536023378372192383e-01,1.000000000000000000e+00,2.582937479019165039e+00,1.425257772207260132e-01,8.932779431343078613e-01,-4.447185695171356201e-01,6.786709278821945190e-02,9.229327738285064697e-02,1.000000000000000000e+00,2.570164680480957031e+00,3.887085318565368652e-01,9.538869857788085938e-01,-4.249929785728454590e-01,-1.704432815313339233e-01,5.415384471416473389e-02,1.000000000000000000e+00,0.000000000000000000e+00,1.000000000000000000e+00,1.000000000000000000e+00,0.000000000000000000e+00,2.582937479019165039e+00,1.425257772207260132e-01,8.932779431343078613e-01,-4.447185695171356201e-01,6.786709278821945190e-02,9.229327738285064697e-02,-6.271639354688218759e-03,-1.238358267225587728e-01,5.833545512247575830e-04,1.000000000000000000e+00,2.570164680480957031e+00,3.887085318565368652e-01,9.538869857788085938e-01,-4.249929785728454590e-01,-1.704432815313339233e-01,5.415384471416473389e-02,6.961577237541877183e-02,-1.094029030930718793e-01,-7.737306449616503101e-03,1.000000000000000000e+00,-1.487997174263000488e-02,2.000000029802322388e-01,-1.000000014901161194e-01,4.216780960559844971e-01,2.877997420728206635e-02,1.999998539686203003e-01,-1.000000014901161194e-01,4.180935919284820557e-01,1.762723922729492188e-02,-7.538437843322753906e-02,-1.327753067016601562e-03,4.499000906944274902e-01,9.239554405212402344e-02,-4.555726051330566406e-02,-4.219770431518554688e-03,4.453385174274444580e-01
4.199999999999999845e-01,1.622508093714714050e-02,-5.406167507171630859e-01,1.099637269973754883e+00,5.862277150154113770e-01,-2.443797886371612549e-01,5.569156408309936523e-01,9.764160513877868652e-01,1.111288964748382568e-01,1.851002424955368042e-01,-1.012183576822280884e-01,9.929187893867492676e-01,-6.218652054667472839e-02,-1.907002180814743042e-01,4.198437556624412537e-02,9.807500839233398438e-01,-4.409732818603515625e-01,6.453739851713180542e-02,3.613392263650894165e-02,1.000000000000000000e+00,0.000000000000000000e+00,1.622508093714714050e-02,-5.406167507171630859e-01,1.099637269973754883e+00,5.862277150154113770e-01,-2.443797886371612549e-01,5.569156408309936523e-01,1.000000000000000000e+00,8.563689142465591431e-02,5.524014234542846680e-01,1.093221306800842285e+00,5.766745209693908691e-01,-2.537388801574707031e-01,5.545157194137573242e-01,1.000000000000000000e+00,2.573837280273437500e+00,1.438888013362884521e-01,8.952795267105102539e-01,-4.672956764698028564e-01,6.837374716997146606e-02,1.098039224743843079e-01,1.000000000000000000e+00,2.561489582061767578e+00,3.851786851882934570e-01,9.550980329513549805e-01,-4.441651105880737305e-01,-1.839962452650070190e-01,6.863101571798324585e-02,1.000000000000000000e+00,0.000000000000000000e+00,1.000000000000000000e+00,1.000000000000000000e+00,0.000000000000000000e+00,8.563689142465591431e-02,5.524014234542846680e-01,1.093221306800842285e+00,5.766745209693908691e-01,-2.537388801574707031e-01,5.545157194137573242e-01,9.764677882194519043e-01,1.085327789187431335e-01,1.863641589879989624e-01,-1.007305309176445007e-01,9.936128258705139160e-01,-5.086516216397285461e-02,-1.906943172216415405e-01,3.089562989771366119e-02,9.811633229255676270e-01,-3.007037192583084106e-02,6.440348178148269653e-02,2.648284845054149628e-02,0.000000000000000000e+00,1.000000000000000000e+00,1.622508093714714050e-02,-5.406167507171630859e-01,1.099637269973754883e+00,5.862277150154113770e-01,-2.443797886371612549e-01,5.569156408309936523e-01,1.000000000000000000e+00,8.563689142465591431e-02,5.524014234542846680e-01,1.093221306800842285e+00,5.766745209693908691e-01,-2.537388801574707031e-01,5.545157194137573242e-01,1.000000000000000000e+00,2.573837280273437500e+00,1.438888013362884521e-01,8.952795267105102539e-01,-4.672956764698028564e-01,6.837374716997146606e-02,1.098039224743843079e-01,1.000000000000000000e+00,2.561489582061767578e+00,3.851786851882934570e-01,9.550980329513549805e-01,-4.441651105880737305e-01,-1.839962452650070190e-01,6.863101571798324585e-02,1.000000000000000000e+00,0.000000000000000000e+00,1.000000000000000000e+00,1.000000000000000000e+00,0.000000000000000000e+00,2.573837280273437500e+00,1.438888013362884521e-01,8.952795267105102539e-01,-4.672956764698028564e-01,6.837374716997146606e-02,1.098039224743843079e-01,-3.017024482548238441e-03,-1.173866304933759430e-01,3.652399611377447550e-06,1.000000000000000000e+00,2.561489582061767578e+00,3.851786851882934570e-01,9.550980329513549805e-01,-4.441651105880737305e-01,-1.839962452650070190e-01,6.863101571798324585e-02,7.247712489711241601e-02,-1.009805951144997493e-01,-7.321396410667986576e-03,1.000000000000000000e+00,-2.743617258965969086e-02,2.000000029802322388e-01,-1.000000014901161194e-01,4.187607765197753906e-01,3.381099179387092590e-02,1.999943554401397705e-01,-1.000000014901161194e-01,4.131132364273071289e-01,2.046489715576171875e-02,-6.831526756286621094e-02,-1.397132873535156250e-03,4.511867463588714600e-01,9.640455245971679688e-02,-3.605771064758300781e-02,-3.486156463623046875e-03,4.472312629222869873e-01
4.400000000000000022e-01,2.825818769633769989e-02,-5.456001162528991699e-01,1.110813736915588379e+00,6.204509735107421875e-01,-2.546400725841522217e-01,5.606452822685241699e-01,9.762662649154663086e-01,1.087815240025520325e-01,1.872718185186386108e-01,-1.004685238003730774e-01,9.935087561607360840e-01,-5.335218086838722229e-02,-1.918599158525466919e-01,3.327101096510887146e-02,9.808582067489624023e-01,-4.638251364231109619e-01,5.526761338114738464e-02,3.174607455730438232e-02,1.000000000000000000e+00,0.000000000000000000e+00,2.825818769633769989e-02,-5.456001162528991699e-01,1.110813736915588379e+00,6.204509735107421875e-01,-2.546400725841522217e-01,5.606452822685241699e-01,1.000000000000000000e+00,9.747289121150970459e-02,5.472508072853088379e-01,1.104305624961853027e+00,6.102147698402404785e-01,-2.621219456195831299e-01,5.534471273422241211e-01,1.000000000000000000e+00,2.564299106597900391e+00,1.452558040618896484e-01,8.976410627365112305e-01,-4.884363412857055664e-01,6.819705665111541748e-02,1.283821314573287964e-01,1.000000000000000000e+00,2.552447080612182617e+00,3.813721239566802979e-01,9.566106200218200684e-01,-4.615238904953002930e-01,-1.981891244649887085e-01,8.441924303770065308e-02,1.000000000000000000e+00,0.000000000000000000e+00,1.000000000000000000e+00,1.000000000000000000e+00,0.000000000000000000e+00,9.747289121150970459e-02,5.472508072853088379e-01,1.104305624961853027e+00,6.102147698402404785e-01,-2.621219456195831299e-01,5.534471273422241211e-01,9.762968420982360840e-01,1.080043241381645203e-01,1.875626444816589355e-01,-1.001700237393379211e-01,9.936735033988952637e-01,-5.078491196036338806e-02,-1.918610036373138428e-01,3.079299069941043854e-02,9.809390306472778320e-01,1.259371358901262283e-02,5.520152300596237183e-02,2.338155545294284821e-02,0.000000000000000000e+00,1.000000000000000000e+00,2.825818769633769989e-02,-5.456001162528991699e-01,1.110813736915588379e+00,6.204509735107421875e-01,-2.546400725841522217e-01,5.606452822685241699e-01,1.000000000000000000e+00,9.747289121150970459e-02,5.472508072853088379e-01,1.104305624961853027e+00,6.102147698402404785e-01,-2.621219456195831299e-01,5.534471273422241211e-01,1.000000000000000000e+00,2.564299106597900391e+00,1.452558040618896484e-01,8.976410627365112305e-01,-4.884363412857055664e-01,6.819705665111541748e-02,1.283821314573287964e-01,1.000000000000000000e+00,2.552447080612182617e+00,3.813721239566802979e-01,9.566106200218200684e-01,-4.615238904953002930e-01,-1.981891244649887085e-01,8.441924303770065308e-02,1.000000000000000000e+00,0.000000000000000000e+00,1.000000000000000000e+00,1.000000000000000000e+00,0.000000000000000000e+00,2.564299106597900391e+00,1.452558040618896484e-01,8.976410627365112305e-01,-4.884363412857055664e-01,6.819705665111541748e-02,1.283821314573287964e-01,1.718594299819252371e-04,-1.109118970863227638e-01,-4.944569643383443097e-04,1.000000000000000000e+00,2.552447080612182617e+00,3.813721239566802979e-01,9.566106200218200684e-01,-4.615238904953002930e-01,-1.981891244649887085e-01,8.441924303770065308e-02,7.555545169013923312e-02,-9.243244043290821388e-02,-6.918455866450137770e-03,1.000000000000000000e+00,-4.078298062086105347e-02,1.999999880790710449e-01,-1.000000014901161194e-01,4.168355762958526611e-01,3.835888579487800598e-02,1.998025476932525635e-01,-1.000000014901161194e-01,4.082924425601959229e-01,2.312421798706054688e-02,-6.170105934143066406e-02,-1.426219940185546875e-03,4.521518051624298096e-01,1.002259254455566406e-01,-2.710080146789550781e-02,-2.724885940551757812e-03,4.487277269363403320e-01
4.600000000000000200e-01,4.097300767898559570e-02,-5.507700443267822266e-01,1.122041463851928711e+00,6.543794274330139160e-01,-2.628214955329895020e-01,5.618877410888671875e-01,9.761378765106201172e-01,1.064151749014854431e-01,1.892898231744766235e-01,-9.982896596193313599e-02,9.940302371978759766e-01,-4.402280226349830627e-02,-1.928444951772689819e-01,2.407571859657764435e-02,9.809339046478271484e-01,-4.894076287746429443e-01,4.612542316317558289e-02,2.707473374903202057e-02,1.000000000000000000e+00,0.000000000000000000e+00,4.097300767898559570e-02,-5.507700443267822266e-01,1.122041463851928711e+00,6.543794274330139160e-01,-2.628214955329895020e-01,5.618877410888671875e-01,1.000000000000000000e+00,1.099760308861732483e-01,5.419338941574096680e-01,1.115350008010864258e+00,6.433359384536743164e-01,-2.703913152217864990e-01,5.503209233283996582e-01,1.000000000000000000e+00,2.554351329803466797e+00,1.466131955385208130e-01,9.003828763961791992e-01,-5.081247091293334961e-01,6.734897941350936890e-02,1.478993296623229980e-01,1.000000000000000000e+00,2.543074131011962891e+00,3.772756755352020264e-01,9.584498405456542969e-01,-4.770319759845733643e-01,-2.130562812089920044e-01,1.013872250914573669e-01,1.000000000000000000e+00,0.000000000000000000e+00,1.000000000000000000e+00,1.000000000000000000e+00,0.000000000000000000e+00,1.099760308861732483e-01,5.419338941574096680e-01,1.115350008010864258e+00,6.433359384536743164e-01,-2.703913152217864990e-01,5.503209233283996582e-01,9.761518239974975586e-01,1.076816394925117493e-01,1.885002702474594116e-01,-9.968367964029312134e-02,9.936888813972473145e-01,-5.143570899963378906e-02,-1.928492933511734009e-01,3.141865879297256470e-02,9.807252883911132812e-01,4.451609030365943909e-02,4.603268578648567200e-02,1.995567046105861664e-02,0.000000000000000000e+00,1.000000000000000000e+00,4.097300767898559570e-02,-5.507700443267822266e-01,1.122041463851928711e+00,6.543794274330139160e-01,-2.628214955329895020e-01,5.618877410888671875e-01,1.000000000000000000e+00,1.099760308861732483e-01,5.419338941574096680e-01,1.115350008010864258e+00,6.433359384536743164e-01,-2.703913152217864990e-01,5.503209233283996582e-01,1.000000000000000000e+00,2.554351329803466797e+00,1.466131955385208130e-01,9.003828763961791992e-01,-5.081247091293334961e-01,6.734897941350936890e-02,1.478993296623229980e-01,1.000000000000000000e+00,2.543074131011962891e+00,3.772756755352020264e-01,9.584498405456542969e-01,-4.770319759845733643e-01,-2.130562812089920044e-01,1.013872250914573669e-01,1.000000000000000000e+00,0.000000000000000000e+00,1.000000000000000000e+00,1.000000000000000000e+00,0.000000000000000000e+00,2.554351329803466797e+00,1.466131955385208130e-01,9.003828763961791992e-01,-5.081247091293334961e-01,6.734897941350936890e-02,1.478993296623229980e-01,3.275977223103104796e-03,-1.044457098629627545e-01,-9.091093734159389709e-04,1.000000000000000000e+00,2.543074131011962891e+00,3.772756755352020264e-01,9.584498405456542969e-01,-4.770319759845733643e-01,-2.130562812089920044e-01,1.013872250914573669e-01,7.878923047315108952e-02,-8.382983698330170874e-02,-6.512485864860882712e-03,1.000000000000000000e+00,-5.499532446265220642e-02,1.999999135732650757e-01,-1.000000014901161194e-01,4.154691696166992188e-01,4.207475110888481140e-02,1.986567229032516479e-01,-1.000000014901161194e-01,4.034664630889892578e-01,2.564263343811035156e-02,-5.555558204650878906e-02,-1.424074172973632812e-03,4.527620971202850342e-01,1.038126945495605469e-01,-1.868748664855957031e-02,-1.946926116943359375e-03,4.498530328273773193e-01
4.799999999999999822e-01,5.436413735151290894e-02,-5.560846924781799316e-01,1.133275270462036133e+00,6.880663037300109863e-01,-2.688977420330047607e-01,5.611234307289123535e-01,9.760286808013916016e-01,1.040154471993446350e-01,1.911784559488296509e-01,-9.929812699556350708e-02,9.944728016853332520e-01,-3.411848098039627075e-02,-1.936705857515335083e-01,1.431694999337196350e-02,9.809623360633850098e-01,-5.199689865112304688e-01,3.866084292531013489e-02,2.250200323760509491e-02,1.000000000000000000e+00,0.000000000000000000e+00,5.436413735151290894e-02,-5.560846924781799316e-01,1.133275270462036133e+00,6.880663037300109863e-01,-2.688977420330047607e-01,5.611234307289123535e-01,1.000000000000000000e+00,1.231373623013496399e-01,5.364516377449035645e-01,1.126313090324401855e+00,6.759758591651916504e-01,-2.786701619625091553e-01,5.451011657714843750e-01,1.000000000000000000e+00,2.544022321701049805e+00,1.479476988315582275e-01,9.035224914550781250e-01,-5.263482928276062012e-01,6.584508717060089111e-02,1.682162284851074219e-01,1.000000000000000000e+00,2.533407688140869141e+00,3.728756606578826904e-01,9.606380462646484375e-01,-4.906634986400604248e-01,-2.286153882741928101e-01,1.193862333893775940e-01,1.000000000000000000e+00,0.000000000000000000e+00,1.000000000000000000e+00,1.000000000000000000e+00,0.000000000000000000e+00,1.231373623013496399e-01,5.364516377449035645e-01,1.126313090324401855e+00,6.759758591651916504e-01,-2.786701619625091553e-01,5.451011657714843750e-01,9.760361313819885254e-01,1.075289249420166016e-01,1.891859024763107300e-01,-9.927371144294738770e-02,9.936684370040893555e-01,-5.261160433292388916e-02,-1.936453133821487427e-01,3.256963193416595459e-02,9.805309772491455078e-01,6.646887958049774170e-02,3.444927930831909180e-02,1.668206788599491119e-02,0.000000000000000000e+00,1.000000000000000000e+00,5.436413735151290894e-02,-5.560846924781799316e-01,1.133275270462036133e+00,6.880663037300109863e-01,-2.688977420330047607e-01,5.611234307289123535e-01,1.000000000000000000e+00,1.231373623013496399e-01,5.364516377449035645e-01,1.126313090324401855e+00,6.759758591651916504e-01,-2.786701619625091553e-01,5.451011657714843750e-01,1.000000000000000000e+00,2.544022321701049805e+00,1.479476988315582275e-01,9.035224914550781250e-01,-5.263482928276062012e-01,6.584508717060089111e-02,1.682162284851074219e-01,1.000000000000000000e+00,2.533407688140869141e+00,3.728756606578826904e-01,9.606380462646484375e-01,-4.906634986400604248e-01,-2.286153882741928101e-01,1.193862333893775940e-01,1.000000000000000000e+00,0.000000000000000000e+00,1.000000000000000000e+00,1.000000000000000000e+00,0.000000000000000000e+00,2.544022321701049805e+00,1.479476988315582275e-01,9.035224914550781250e-01,-5.263482928276062012e-01,6.584508717060089111e-02,1.682162284851074219e-01,6.294346398188449369e-03,-9.798283539425955979e-02,-1.241955759388610470e-03,1.000000000000000000e+00,2.533407688140869141e+00,3.728756606578826904e-01,9.606380462646484375e-01,-4.906634986400604248e-01,-2.286153882741928101e-01,1.193862333893775940e-01,8.210486790442493577e-02,-7.520542537797281213e-02,-6.086603602462811735e-03,1.000000000000000000e+00,-7.003867626190185547e-02,2.000000029802322388e-01,-1.000000014901161194e-01,4.143717586994171143e-01,4.533093050122261047e-02,1.903288513422012329e-01,-1.000000014901161194e-01,3.990926444530487061e-01,2.805471420288085938e-02,-4.989075660705566406e-02,-1.399517059326171875e-03,4.529908001422882080e-01,1.071181297302246094e-01,-1.082062721252441406e-02,-1.163482666015625000e-03,4.506386816501617432e-01
5.000000000000000000e-01,6.842719018459320068e-02,-5.615015029907226562e-01,1.144478678703308105e+00,7.215600609779357910e-01,-2.728119492530822754e-01,5.587475895881652832e-01,9.759324193000793457e-01,1.015599071979522705e-01,1.929803192615509033e-01,-9.886786341667175293e-02,9.948217272758483887e-01,-2.355495840311050415e-02,-1.943732500076293945e-01,3.908496350049972534e-03,9.809198379516601562e-01,-5.538814663887023926e-01,3.307057172060012817e-02,1.826780661940574646e-02,1.000000000000000000e+00,0.000000000000000000e+00,6.842719018459320068e-02,-5.615015029907226562e-01,1.144478678703308105e+00,7.215600609779357910e-01,-2.728119492530822754e-01,5.587475895881652832e-01,1.000000000000000000e+00,1.369467526674270630e-01,5.308030843734741211e-01,1.137152910232543945e+00,7.080749869346618652e-01,-2.870389819145202637e-01,5.377994775772094727e-01,1.000000000000000000e+00,2.533342361450195312e+00,1.492463648319244385e-01,9.070745706558227539e-01,-5.430964231491088867e-01,6.370221078395843506e-02,1.891824901103973389e-01,1.000000000000000000e+00,2.523485660552978516e+00,3.681581914424896240e-01,9.631942510604858398e-01,-5.024027824401855469e-01,-2.448670566082000732e-01,1.382573843002319336e-01,1.000000000000000000e+00,0.000000000000000000e+00,1.000000000000000000e+00,1.000000000000000000e+00,0.000000000000000000e+00,1.369467526674270630e-01,5.308030843734741211e-01,1.137152910232543945e+00,7.080749869346618652e-01,-2.870389819145202637e-01,5.377994775772094727e-01,9.759891033172607422e-01,1.074955686926841736e-01,1.894463598728179932e-01,-9.893526881933212280e-02,9.936218261718750000e-01,-5.410604178905487061e-02,-1.940541863441467285e-01,3.406397998332977295e-02,9.803991913795471191e-01,8.016367256641387939e-02,-2.315614605322480202e-03,1.482262089848518372e-02,0.000000000000000000e+00,1.000000000000000000e+00,6.842719018459320068e-02,-5.615015029907226562e-01,1.144478678703308105e+00,7.215600609779357910e-01,-2.728119492530822754e-01,5.587475895881652832e-01,1.000000000000000000e+00,1.369467526674270630e-01,5.308030843734741211e-01,1.137152910232543945e+00,7.080749869346618652e-01,-2.870389819145202637e-01,5.377994775772094727e-01,1.000000000000000000e+00,2.533342361450195312e+00,1.492463648319244385e-01,9.070745706558227539e-01,-5.430964231491088867e-01,6.370221078395843506e-02,1.891824901103973389e-01,1.000000000000000000e+00,2.523485660552978516e+00,3.681581914424896240e-01,9.631942510604858398e-01,-5.024027824401855469e-01,-2.448670566082000732e-01,1.382573843002319336e-01,1.000000000000000000e+00,0.000000000000000000e+00,1.000000000000000000e+00,1.000000000000000000e+00,0.000000000000000000e+00,2.533342361450195312e+00,1.492463648319244385e-01,9.070745706558227539e-01,-5.430964231491088867e-01,6.370221078395843506e-02,1.891824901103973389e-01,9.230285020971708276e-03,-9.154682587391671511e-02,-1.497400836715484518e-03,1.000000000000000000e+00,2.523485660552978516e+00,3.681581914424896240e-01,9.631942510604858398e-01,-5.024027824401855469e-01,-2.448670566082000732e-01,1.382573843002319336e-01,8.543827201812193017e-02,-6.660650859128991463e-02,-5.628202817164577876e-03,1.000000000000000000e+00,-8.551570028066635132e-02,2.000000029802322388e-01,-1.000000014901161194e-01,4.138233363628387451e-01,4.804747924208641052e-02,1.787783652544021606e-01,-1.000000014901161194e-01,3.954390287399291992e-01,3.038930892944335938e-02,-4.471802711486816406e-02,-1.358985900878906250e-03,4.528174698352813721e-01,1.100928783416748047e-01,-3.506422042846679688e-03,-3.876686096191406250e-04,4.511150717735290527e-01
5.200000000000000178e-01,8.315870910882949829e-02,-5.669765472412109375e-01,1.155622720718383789e+00,7.549077868461608887e-01,-2.744844853878021240e-01,5.550903677940368652e-01,9.758454561233520508e-01,9.903194010257720947e-02,1.947264820337295532e-01,-9.852743148803710938e-02,9.950583577156066895e-01,-1.229938957840204239e-02,-1.949822455644607544e-01,-7.183596026152372360e-03,9.807805418968200684e-01,-5.875498652458190918e-01,2.865049056708812714e-02,1.450097374618053436e-02,1.000000000000000000e+00,0.000000000000000000e+00,8.315870910882949829e-02,-5.669765472412109375e-01,1.155622720718383789e+00,7.549077868461608887e-01,-2.744844853878021240e-01,5.550903677940368652e-01,1.000000000000000000e+00,1.513924449682235718e-01,5.249860286712646484e-01,1.147828578948974609e+00,7.395119071006774902e-01,-2.955384254455566406e-01,5.285224318504333496e-01,1.000000000000000000e+00,2.522340536117553711e+00,1.504965424537658691e-01,9.110505580902099609e-01,-5.583699345588684082e-01,6.093845516443252563e-02,2.106361836194992065e-01,1.000000000000000000e+00,2.513345956802368164e+00,3.631096184253692627e-01,9.661346077919006348e-01,-5.122501850128173828e-01,-2.617978155612945557e-01,1.578371375799179077e-01,1.000000000000000000e+00,0.000000000000000000e+00,1.000000000000000000e+00,1.000000000000000000e+00,0.000000000000000000e+00,1.513924449682235718e-01,5.249860286712646484e-01,1.147828578948974609e+00,7.395119071006774902e-01,-2.955384254455566406e-01,5.285224318504333496e-01,9.761488437652587891e-01,1.075244843959808350e-01,1.886052042245864868e-01,-9.867849946022033691e-02,9.935588240623474121e-01,-5.570889264345169067e-02,-1.933804303407669067e-01,3.576889634132385254e-02,9.804716110229492188e-01,8.809635043144226074e-02,-7.946211099624633789e-02,1.454896666109561920e-02,0.000000000000000000e+00,1.000000000000000000e+00,8.315870910882949829e-02,-5.669765472412109375e-01,1.155622720718383789e+00,7.549077868461608887e-01,-2.744844853878021240e-01,5.550903677940368652e-01,1.000000000000000000e+00,1.513924449682235718e-01,5.249860286712646484e-01,1.147828578948974609e+00,7.395119071006774902e-01,-2.955384254455566406e-01,5.285224318504333496e-01,1.000000000000000000e+00,2.522340536117553711e+00,1.504965424537658691e-01,9.110505580902099609e-01,-5.583699345588684082e-01,6.093845516443252563e-02,2.106361836194992065e-01,1.000000000000000000e+00,2.513345956802368164e+00,3.631096184253692627e-01,9.661346077919006348e-01,-5.122501850128173828e-01,-2.617978155612945557e-01,1.578371375799179077e-01,1.000000000000000000e+00,0.000000000000000000e+00,1.000000000000000000e+00,1.000000000000000000e+00,0.000000000000000000e+00,2.522340536117553711e+00,1.504965424537658691e-01,9.110505580902099609e-01,-5.583699345588684082e-01,6.093845516443252563e-02,2.106361836194992065e-01,1.208481840768771409e-02,-8.520575976871680446e-02,-1.682355505704623104e-03,1.000000000000000000e+00,2.513345956802368164e+00,3.631096184253692627e-01,9.661346077919006348e-01,-5.122501850128173828e-01,-2.617978155612945557e-01,1.578371375799179077e-01,8.874173920542947902e-02,-5.810910989258388781e-02,-5.130967058707525119e-03,1.000000000000000000e+00,-1.015195250511169434e-01,1.999994516372680664e-01,-1.000000014901161194e-01,4.137254953384399414e-01,5.082762241363525391e-02,1.656502038240432739e-01,-1.000000014901161194e-01,3.945000469684600830e-01,3.267049789428710938e-02,-4.004597663879394531e-02,-1.308441162109375000e-03,4.522310495376586914e-01,1.126835346221923828e-01,3.243684768676757812e-03,3.671646118164062500e-04,4.513111710548400879e-01
5.400000000000000355e-01,9.855625033378601074e-02,-5.724642872810363770e-01,1.166684150695800781e+00,7.881569862365722656e-01,-2.738275527954101562e-01,5.504457950592041016e-01,9.757658839225769043e-01,9.642609953880310059e-02,1.964260041713714600e-01,-9.826499223709106445e-02,9.951603412628173828e-01,-3.859315766021609306e-04,-1.955125629901885986e-01,-1.892521791160106659e-02,9.805186986923217773e-01,-6.186173558235168457e-01,2.475103922188282013e-02,1.128653809428215027e-02,1.000000000000000000e+00,0.000000000000000000e+00,9.855625033378601074e-02,-5.724642872810363770e-01,1.166684150695800781e+00,7.881569862365722656e-01,-2.738275527954101562e-01,5.504457950592041016e-01,1.000000000000000000e+00,1.664593666791915894e-01,5.189977884292602539e-01,1.158302903175354004e+00,7.700684070587158203e-01,-3.041816949844360352e-01,5.175940394401550293e-01,1.000000000000000000e+00,2.511046409606933594e+00,1.516859978437423706e-01,9.154587984085083008e-01,-5.721889734268188477e-01,5.757377669215202332e-02,2.324042469263076782e-01,1.000000000000000000e+00,2.503026008605957031e+00,3.577164113521575928e-01,9.694716334342956543e-01,-5.202280879020690918e-01,-2.793833315372467041e-01,1.779615134000778198e-01,1.000000000000000000e+00,0.000000000000000000e+00,1.000000000000000000e+00,1.000000000000000000e+00,0.000000000000000000e+00,1.664593666791915894e-01,5.189977884292602539e-01,1.158302903175354004e+00,7.700684070587158203e-01,-3.041816949844360352e-01,5.175940394401550293e-01,9.766401648521423340e-01,1.075667515397071838e-01,1.860199719667434692e-01,-9.851492196321487427e-02,9.934865236282348633e-01,-5.726528540253639221e-02,-1.909681707620620728e-01,3.760183230042457581e-02,9.808757305145263672e-01,9.344956278800964355e-02,-1.766040921211242676e-01,1.563751138746738434e-02,0.000000000000000000e+00,1.000000000000000000e+00,9.855625033378601074e-02,-5.724642872810363770e-01,1.166684150695800781e+00,7.881569862365722656e-01,-2.738275527954101562e-01,5.504457950592041016e-01,1.000000000000000000e+00,1.664593666791915894e-01,5.189977884292602539e-01,1.158302903175354004e+00,7.700684070587158203e-01,-3.041816949844360352e-01,5.175940394401550293e-01,1.000000000000000000e+00,2.511046409606933594e+00,1.516859978437423706e-01,9.154587984085083008e-01,-5.721889734268188477e-01,5.757377669215202332e-02,2.324042469263076782e-01,1.000000000000000000e+00,2.503026008605957031e+00,3.577164113521575928e-01,9.694716334342956543e-01,-5.202280879020690918e-01,-2.793833315372467041e-01,1.779615134000778198e-01,1.000000000000000000e+00,0.000000000000000000e+00,1.000000000000000000e+00,1.000000000000000000e+00,0.000000000000000000e+00,2.511046409606933594e+00,1.516859978437423706e-01,9.154587984085083008e-01,-5.721889734268188477e-01,5.757377669215202332e-02,2.324042469263076782e-01,1.485765148847923746e-02,-7.904600628494740100e-02,-1.805670007218809422e-03,1.000000000000000000e+00,2.503026008605957031e+00,3.577164113521575928e-01,9.694716334342956543e-01,-5.202280879020690918e-01,-2.793833315372467041e-01,1.779615134000778198e-01,9.197709411763374532e-02,-4.979998845289590470e-02,-4.593898294809099780e-03,1.000000000000000000e+00,-1.179326772689819336e-01,1.999998241662979126e-01,-1.000000014901161194e-01,4.139069914817810059e-01,5.430355295538902283e-02,1.488680541515350342e-01,-1.000000014901161194e-01,3.963605165481567383e-01,3.491950035095214844e-02,-3.587174415588378906e-02,-1.252889633178710938e-03,4.512464702129364014e-01,1.148350238800048828e-01,9.421110153198242188e-03,1.086711883544921875e-03,4.512574970722198486e-01
5.600000000000000533e-01,1.146181821823120117e-01,-5.779172778129577637e-01,1.177645564079284668e+00,8.213488459587097168e-01,-2.707548737525939941e-01,5.450593233108520508e-01,9.756938219070434570e-01,9.374007582664489746e-02,1.980771273374557495e-01,-9.806749224662780762e-02,9.951059818267822266e-01,1.212934590876102448e-02,-1.959706991910934448e-01,-3.125945106148719788e-02,9.801114797592163086e-01,-6.471606492996215820e-01,2.118323743343353271e-02,8.612490259110927582e-03,1.000000000000000000e+00,0.000000000000000000e+00,1.146181821823120117e-01,-5.779172778129577637e-01,1.177645564079284668e+00,8.213488459587097168e-01,-2.707548737525939941e-01,5.450593233108520508e-01,1.000000000000000000e+00,1.821276843547821045e-01,5.128352046012878418e-01,1.168548226356506348e+00,7.995013594627380371e-01,-3.129796981811523438e-01,5.056195259094238281e-01,1.000000000000000000e+00,2.499488592147827148e+00,1.528029143810272217e-01,9.203039407730102539e-01,-5.845938324928283691e-01,5.362986028194427490e-02,2.543051242828369141e-01,1.000000000000000000e+00,2.492563009262084961e+00,3.519659340381622314e-01,9.732148647308349609e-01,-5.263804793357849121e-01,-2.975893914699554443e-01,1.984701156616210938e-01,1.000000000000000000e+00,0.000000000000000000e+00,1.000000000000000000e+00,1.000000000000000000e+00,0.000000000000000000e+00,1.821276843547821045e-01,5.128352046012878418e-01,1.168548226356506348e+00,7.995013594627380371e-01,-3.129796981811523438e-01,5.056195259094238281e-01,9.774866700172424316e-01,1.075879484415054321e-01,1.815073490142822266e-01,-9.843181073665618896e-02,9.934083819389343262e-01,-5.874690786004066467e-02,-1.866313517093658447e-01,3.955821320414543152e-02,9.816333651542663574e-01,1.010963395237922668e-01,-2.743923664093017578e-01,1.824035309255123138e-02,0.000000000000000000e+00,1.000000000000000000e+00,1.146181821823120117e-01,-5.779172778129577637e-01,1.177645564079284668e+00,8.213488459587097168e-01,-2.707548737525939941e-01,5.450593233108520508e-01,1.000000000000000000e+00,1.821276843547821045e-01,5.128352046012878418e-01,1.168548226356506348e+00,7.995013594627380371e-01,-3.129796981811523438e-01,5.056195259094238281e-01,1.000000000000000000e+00,2.499488592147827148e+00,1.528029143810272217e-01,9.203039407730102539e-01,-5.845938324928283691e-01,5.362986028194427490e-02,2.543051242828369141e-01,1.000000000000000000e+00,2.492563009262084961e+00,3.519659340381622314e-01,9.732148647308349609e-01,-5.263804793357849121e-01,-2.975893914699554443e-01,1.984701156616210938e-01,1.000000000000000000e+00,0.000000000000000000e+00,1.000000000000000000e+00,1.000000000000000000e+00,0.000000000000000000e+00,2.499488592147827148e+00,1.528029143810272217e-01,9.203039407730102539e-01,-5.845938324928283691e-01,5.362986028194427490e-02,2.543051242828369141e-01,1.755119441638362462e-02,-7.313892036335012392e-02,-1.877058410735783084e-03,1.000000000000000000e+00,2.492563009262084961e+00,3.519659340381622314e-01,9.732148647308349609e-01,-5.263804793357849121e-01,-2.975893914699554443e-01,1.984701156616210938e-01,9.510478960240387192e-02,-4.175290215640736768e-02,-4.019306972037207937e-03,1.000000000000000000e+00,0.000000000000000000e+00,0.000000000000000000e+00,0.000000000000000000e+00,0.000000000000000000e+00,0.000000000000000000e+00,0.000000000000000000e+00,0.000000000000000000e+00,0.000000000000000000e+00,0.000000000000000000e+00,0.000000000000000000e+00,0.000000000000000000e+00,0.000000000000000000e+00,0.000000000000000000e+00,0.000000000000000000e+00,0.000000000000000000e+00,0.000000000000000000e+00
