time,agent0_obs0,agent0_obs1,agent0_obs2,agent0_obs3,agent0_obs4,agent0_obs5,agent0_obs6,agent0_obs7,agent0_obs8,agent0_obs9,agent0_obs10,agent0_obs11,agent0_obs12,agent0_obs13,agent0_obs14,agent0_obs15,agent0_obs16,agent0_obs17,agent0_obs18,agent0_obs19,agent0_obs20,agent0_obs21,agent0_obs22,agent0_obs23,agent0_obs24,agent0_obs25,agent0_obs26,agent0_obs27,agent0_obs28,agent0_obs29,agent0_obs30,agent0_obs31,agent0_obs32,agent0_obs33,agent0_obs34,agent0_obs35,agent0_obs36,agent0_obs37,agent0_obs38,agent0_obs39,agent0_obs40,agent0_obs41,agent0_obs42,agent0_obs43,agent0_obs44,agent0_obs45,agent0_obs46,agent0_obs47,agent0_obs48,agent0_obs49,agent0_obs50,agent0_obs51,agent1_obs0,agent1_obs1,agent1_obs2,agent1_obs3,agent1_obs4,agent1_obs5,agent1_obs6,agent1_obs7,agent1_obs8,agent1_obs9,agent1_obs10,agent1_obs11,agent1_obs12,agent1_obs13,agent1_obs14,agent1_obs15,agent1_obs16,agent1_obs17,agent1_obs18,agent1_obs19,agent1_obs20,agent1_obs21,agent1_obs22,agent1_obs23,agent1_obs24,agent1_obs25,agent1_obs26,agent1_obs27,agent1_obs28,agent1_obs29,agent1_obs30,agent1_obs31,agent1_obs32,agent1_obs33,agent1_obs34,agent1_obs35,agent1_obs36,agent1_obs37,agent1_obs38,agent1_obs39,agent1_obs40,agent1_obs41,agent1_obs42,agent1_obs43,agent1_obs44,agent1_obs45,agent1_obs46,agent1_obs47,agent1_obs48,agent1_obs49,agent1_obs50,agent1_obs51,red0_pos_x,red0_pos_y,red0_pos_z,red0_vel_x,red0_vel_y,red0_vel_z,red0_roll,red0_pitch,red0_yaw,red0_active,red1_pos_x,red1_pos_y,red1_pos_z,red1_vel_x,red1_vel_y,red1_vel_z,red1_roll,red1_pitch,red1_yaw,red1_active,blue0_cmd_roll,blue0_cmd_pitch,blue0_cmd_yaw,blue0_cmd_thrust,blue1_cmd_roll,blue1_cmd_pitch,blue1_cmd_yaw,blue1_cmd_thrust,red0_cmd_roll,red0_cmd_pitch,red0_cmd_yaw,red0_cmd_thrust,red1_cmd_roll,red1_cmd_pitch,red1_cmd_yaw,red1_cmd_thrust
0.000000000000000000e+00,1.330516394227743149e-02,-5.099202990531921387e-01,9.461387395858764648e-01,0.000000000000000000e+00,0.000000000000000000e+00,0.000000000000000000e+00,1.000000000000000000e+00,0.000000000000000000e+00,0.000000000000000000e+00,0.000000000000000000e+00,1.000000000000000000e+00,0.000000000000000000e+00,0.000000000000000000e+00,0.000000000000000000e+00,1.000000000000000000e+00,0.000000000000000000e+00,0.000000000000000000e+00,0.000000000000000000e+00,1.000000000000000000e+00,0.000000000000000000e+00,1.330516394227743149e-02,-5.099202990531921387e-01,9.461387395858764648e-01,0.000000000000000000e+00,0.000000000000000000e+00,0.000000000000000000e+00,1.000000000000000000e+00,3.975253179669380188e-02,4.020512700080871582e-01,1.074863791465759277e+00,0.000000000000000000e+00,0.000000000000000000e+00,0.000000000000000000e+00,1.000000000000000000e+00,3.211701154708862305e+00,5.142688751220703125e-04,9.110383987426757812e-01,0.000000000000000000e+00,0.000000000000000000e+00,0.000000000000000000e+00,1.000000000000000000e+00,3.461146354675292969e+00,1.100659370422363281e-01,1.068150877952575684e+00,0.000000000000000000e+00,0.000000000000000000e+00,0.000000000000000000e+00,1.000000000000000000e+00,1.000000000000000000e+00,0.000000000000000000e+00,0.000000000000000000e+00,1.000000000000000000e+00,3.975253179669380188e-02,4.020512700080871582e-01,1.074863791465759277e+00,0.000000000000000000e+00,0.000000000000000000e+00,0.000000000000000000e+00,1.000000000000000000e+00,0.000000000000000000e+00,0.000000000000000000e+00,0.000000000000000000e+00,1.000000000000000000e+00,0.000000000000000000e+00,0.000000000000000000e+00,0.000000000000000000e+00,1.000000000000000000e+00,0.000000000000000000e+00,0.000000000000000000e+00,0.000000000000000000e+00,0.000000000000000000e+00,1.000000000000000000e+00,1.330516394227743149e-02,-5.099202990531921387e-01,9.461387395858764648e-01,0.000000000000000000e+00,0.000000000000000000e+00,0.000000000000000000e+00,1.000000000000000000e+00,3.975253179669380188e-02,4.020512700080871582e-01,1.074863791465759277e+00,0.000000000000000000e+00,0.000000000000000000e+00,0.000000000000000000e+00,1.000000000000000000e+00,3.211701154708862305e+00,5.142688751220703125e-04,9.110383987426757812e-01,0.000000000000000000e+00,0.000000000000000000e+00,0.000000000000000000e+00,1.000000000000000000e+00,3.461146354675292969e+00,1.100659370422363281e-01,1.068150877952575684e+00,0.000000000000000000e+00,0.000000000000000000e+00,0.000000000000000000e+00,1.000000000000000000e+00,1.000000000000000000e+00,0.000000000000000000e+00,0.000000000000000000e+00,1.000000000000000000e+00,3.211701154708862305e+00,5.142688751220703125e-04,9.110383987426757812e-01,0.000000000000000000e+00,0.000000000000000000e+00,0.000000000000000000e+00,0.000000000000000000e+00,0.000000000000000000e+00,0.000000000000000000e+00,1.000000000000000000e+00,3.461146354675292969e+00,1.100659370422363281e-01,1.068150877952575684e+00,0.000000000000000000e+00,0.000000000000000000e+00,0.000000000000000000e+00,0.000000000000000000e+00,0.000000000000000000e+00,0.000000000000000000e+00,1.000000000000000000e+00,-6.346096843481063843e-02,1.704876422882080078e-01,-1.000000014901161194e-01,4.428289532661437988e-01,1.823878735303878784e-01,1.290050595998764038e-01,-1.000000014901161194e-01,3.387748599052429199e-01,3.694486618041992188e-02,-2.000000029802322388e-01,-8.134603500366210938e-03,3.992759585380554199e-01,-1.999330520629882812e-02,-2.000000029802322388e-01,4.451274871826171875e-03,3.984646201133728027e-01
2.000000000000000042e-02,1.330540794879198074e-02,-5.099201798439025879e-01,9.461410045623779297e-01,9.914641123032197356e-05,4.493202504818327725e-05,5.674454732798039913e-04,9.999915361404418945e-01,3.135496517643332481e-03,2.728428691625595093e-03,-3.138801781460642815e-03,9.999945163726806641e-01,1.207915134727954865e-03,-2.724625635892152786e-03,-1.216468634083867073e-03,9.999957084655761719e-01,-1.980488598346710205e-01,4.631025195121765137e-01,-3.172020018100738525e-01,1.000000000000000000e+00,0.000000000000000000e+00,1.330540794879198074e-02,-5.099201798439025879e-01,9.461410045623779297e-01,9.914641123032197356e-05,4.493202504818327725e-05,5.674454732798039913e-04,1.000000000000000000e+00,3.975266590714454651e-02,4.020510315895080566e-01,1.074833512306213379e+00,5.567968401010148227e-05,-1.001726195681840181e-04,-5.331189371645450592e-03,1.000000000000000000e+00,3.211700916290283203e+00,5.142175359651446342e-04,9.110320806503295898e-01,-1.138152001658454537e-04,-2.069922084046993405e-05,-1.004995079711079597e-03,1.000000000000000000e+00,3.461146116256713867e+00,1.100659668445587158e-01,1.068144321441650391e+00,-1.138934530899859965e-04,1.120703745982609689e-05,-1.044001197442412376e-03,1.000000000000000000e+00,1.000000000000000000e+00,0.000000000000000000e+00,0.000000000000000000e+00,1.000000000000000000e+00,3.975266590714454651e-02,4.020510315895080566e-01,1.074833512306213379e+00,5.567968401010148227e-05,-1.001726195681840181e-04,-5.331189371645450592e-03,9.999921321868896484e-01,3.659412497654557228e-03,1.637248322367668152e-03,-3.654635278508067131e-03,9.999892711639404297e-01,-2.911458723247051239e-03,-1.647884724661707878e-03,2.905451692640781403e-03,9.999945759773254395e-01,4.962989687919616699e-01,2.870638668537139893e-01,-3.824928104877471924e-01,0.000000000000000000e+00,1.000000000000000000e+00,1.330540794879198074e-02,-5.099201798439025879e-01,9.461410045623779297e-01,9.914641123032197356e-05,4.493202504818327725e-05,5.674454732798039913e-04,1.000000000000000000e+00,3.975266590714454651e-02,4.020510315895080566e-01,1.074833512306213379e+00,5.567968401010148227e-05,-1.001726195681840181e-04,-5.331189371645450592e-03,1.000000000000000000e+00,3.211700916290283203e+00,5.142175359651446342e-04,9.110320806503295898e-01,-1.138152001658454537e-04,-2.069922084046993405e-05,-1.004995079711079597e-03,1.000000000000000000e+00,3.461146116256713867e+00,1.100659668445587158e-01,1.068144321441650391e+00,-1.138934530899859965e-04,1.120703745982609689e-05,-1.044001197442412376e-03,1.000000000000000000e+00,1.000000000000000000e+00,0.000000000000000000e+00,0.000000000000000000e+00,1.000000000000000000e+00,3.211700916290283203e+00,5.142175359651446342e-04,9.110320806503295898e-01,-1.138152001658454537e-04,-2.069922084046993405e-05,-1.004995079711079597e-03,5.769688413494768187e-04,-3.177102430856448834e-03,-2.659873456369844466e-04,1.000000000000000000e+00,3.461146116256713867e+00,1.100659668445587158e-01,1.068144321441650391e+00,-1.138934530899859965e-04,1.120703745982609689e-05,-1.044001197442412376e-03,-3.124753333174353854e-04,-3.180413726727060464e-03,1.455066408610820015e-04,1.000000000000000000e+00,-1.027321219444274902e-01,1.994311362504959106e-01,-1.000000014901161194e-01,4.755690395832061768e-01,1.999576538801193237e-01,1.692172586917877197e-01,-1.000000014901161194e-01,3.302159607410430908e-01,3.693938255310058594e-02,-2.000000029802322388e-01,-8.132219314575195312e-03,3.995690345764160156e-01,-1.999020576477050781e-02,-2.000000029802322388e-01,4.449844360351562500e-03,3.987527191638946533e-01
4.000000000000000083e-02,1.331816427409648895e-02,-5.099146962165832520e-01,9.461830258369445801e-01,1.897289534099400043e-03,8.009960292838513851e-04,5.073356442153453827e-03,9.997453093528747559e-01,1.101206429302692413e-02,1.969819329679012299e-02,-1.117371581494808197e-02,9.999046325683593750e-01,8.115261793136596680e-03,-1.960694976150989532e-02,-8.333297446370124817e-03,9.997730255126953125e-01,-5.404927730560302734e-01,1.301934242248535156e+00,-4.809255003929138184e-01,1.000000000000000000e+00,0.000000000000000000e+00,1.331816427409648895e-02,-5.099146962165832520e-01,9.461830258369445801e-01,1.897289534099400043e-03,8.009960292838513851e-04,5.073356442153453827e-03,1.000000000000000000e+00,3.975983709096908569e-02,4.020385146141052246e-01,1.074614644050598145e+00,1.068394631147384644e-03,-1.830996363423764706e-03,-1.908162049949169159e-02,1.000000000000000000e+00,3.211686611175537109e+00,5.116089596413075924e-04,9.109987616539001465e-01,-2.115153707563877106e-03,-3.817267715930938721e-04,-2.491994760930538177e-03,1.000000000000000000e+00,3.461131811141967773e+00,1.100673824548721313e-01,1.068109273910522461e+00,-2.115580718964338303e-03,2.065602748189121485e-04,-2.649239031597971916e-03,1.000000000000000000e+00,1.000000000000000000e+00,0.000000000000000000e+00,0.000000000000000000e+00,1.000000000000000000e+00,3.975983709096908569e-02,4.020385146141052246e-01,1.074614644050598145e+00,1.068394631147384644e-03,-1.830996363423764706e-03,-1.908162049949169159e-02,9.998208880424499512e-01,1.401069853454828262e-02,1.273209322243928909e-02,-1.374095771461725235e-02,9.996844530105590820e-01,-2.103205397725105286e-02,-1.302274782210588455e-02,2.085333317518234253e-02,9.996978044509887695e-01,1.365738391876220703e+00,9.168507456779479980e-01,-6.362752914428710938e-01,0.000000000000000000e+00,1.000000000000000000e+00,1.331816427409648895e-02,-5.099146962165832520e-01,9.461830258369445801e-01,1.897289534099400043e-03,8.009960292838513851e-04,5.073356442153453827e-03,1.000000000000000000e+00,3.975983709096908569e-02,4.020385146141052246e-01,1.074614644050598145e+00,1.068394631147384644e-03,-1.830996363423764706e-03,-1.908162049949169159e-02,1.000000000000000000e+00,3.211686611175537109e+00,5.116089596413075924e-04,9.109987616539001465e-01,-2.115153707563877106e-03,-3.817267715930938721e-04,-2.491994760930538177e-03,1.000000000000000000e+00,3.461131811141967773e+00,1.100673824548721313e-01,1.068109273910522461e+00,-2.115580718964338303e-03,2.065602748189121485e-04,-2.649239031597971916e-03,1.000000000000000000e+00,1.000000000000000000e+00,0.000000000000000000e+00,0.000000000000000000e+00,1.000000000000000000e+00,3.211686611175537109e+00,5.116089596413075924e-04,9.109987616539001465e-01,-2.115153707563877106e-03,-3.817267715930938721e-04,-2.491994760930538177e-03,4.038453761254954047e-03,-2.234551458534372870e-02,-8.587091618032995262e-04,1.000000000000000000e+00,3.461131811141967773e+00,1.100673824548721313e-01,1.068109273910522461e+00,-2.115580718964338303e-03,2.065602748189121485e-04,-2.649239031597971916e-03,-2.186501345936405372e-03,-2.236279777177485606e-02,4.705747580587734931e-04,1.000000000000000000e+00,-1.482666134834289551e-01,1.999367028474807739e-01,-1.000000014901161194e-01,5.421988964080810547e-01,2.000000029802322388e-01,1.999999880790710449e-01,-1.000000014901161194e-01,3.493095338344573975e-01,3.683400154113769531e-02,-2.000000029802322388e-01,-8.088111877441406250e-03,4.012444913387298584e-01,-1.992988586425781250e-02,-2.000000029802322388e-01,4.425287246704101562e-03,4.003881812095642090e-01
5.999999999999999778e-02,1.340684108436107635e-02,-5.098778009414672852e-01,9.463795423507690430e-01,8.777723647654056549e-03,3.624367993324995041e-03,1.756760478019714355e-02,9.984822273254394531e-01,2.086182497441768646e-02,5.097304284572601318e-02,-2.196521125733852386e-02,9.995344281196594238e-01,2.118299528956413269e-02,-5.050738900899887085e-02,-2.227047458291053772e-02,9.984754323959350586e-01,-8.434296250343322754e-01,1.749349951744079590e+00,-5.529892444610595703e-01,1.000000000000000000e+00,0.000000000000000000e+00,1.340684108436107635e-02,-5.098778009414672852e-01,9.463795423507690430e-01,8.777723647654056549e-03,3.624367993324995041e-03,1.756760478019714355e-02,1.000000000000000000e+00,3.980981931090354919e-02,4.019559025764465332e-01,1.074066519737243652e+00,4.938950296491384506e-03,-7.948243059217929840e-03,-3.830401971936225891e-02,1.000000000000000000e+00,3.211591482162475586e+00,4.944800166413187981e-04,9.109308719635009766e-01,-9.116323664784431458e-03,-1.637307927012443542e-03,-4.661706741899251938e-03,1.000000000000000000e+00,3.461036682128906250e+00,1.100766435265541077e-01,1.068036794662475586e+00,-9.112799540162086487e-03,8.855530177243053913e-04,-4.994685295969247818e-03,1.000000000000000000e+00,1.000000000000000000e+00,0.000000000000000000e+00,0.000000000000000000e+00,1.000000000000000000e+00,3.980981931090354919e-02,4.019559025764465332e-01,1.074066519737243652e+00,4.938950296491384506e-03,-7.948243059217929840e-03,-3.830401971936225891e-02,9.989773631095886230e-01,2.866625040769577026e-02,3.496476262807846069e-02,-2.678552269935607910e-02,9.982288479804992676e-01,-5.312057584524154663e-02,-3.642559796571731567e-02,5.212970077991485596e-02,9.979758262634277344e-01,1.710138559341430664e+00,1.357680320739746094e+00,-7.452980279922485352e-01,0.000000000000000000e+00,1.000000000000000000e+00,1.340684108436107635e-02,-5.098778009414672852e-01,9.463795423507690430e-01,8.777723647654056549e-03,3.624367993324995041e-03,1.756760478019714355e-02,1.000000000000000000e+00,3.980981931090354919e-02,4.019559025764465332e-01,1.074066519737243652e+00,4.938950296491384506e-03,-7.948243059217929840e-03,-3.830401971936225891e-02,1.000000000000000000e+00,3.211591482162475586e+00,4.944800166413187981e-04,9.109308719635009766e-01,-9.116323664784431458e-03,-1.637307927012443542e-03,-4.661706741899251938e-03,1.000000000000000000e+00,3.461036682128906250e+00,1.100766435265541077e-01,1.068036794662475586e+00,-9.112799540162086487e-03,8.855530177243053913e-04,-4.994685295969247818e-03,1.000000000000000000e+00,1.000000000000000000e+00,0.000000000000000000e+00,0.000000000000000000e+00,1.000000000000000000e+00,3.211591482162475586e+00,4.944800166413187981e-04,9.109308719635009766e-01,-9.116323664784431458e-03,-1.637307927012443542e-03,-4.661706741899251938e-03,9.835475385094261808e-03,-5.441682488966170794e-02,-1.784878271088610920e-03,1.000000000000000000e+00,3.461036682128906250e+00,1.100766435265541077e-01,1.068036794662475586e+00,-9.112799540162086487e-03,8.855530177243053913e-04,-4.994685295969247818e-03,-5.323712831970652502e-03,-5.443434338536934369e-02,9.775758130882690813e-04,1.000000000000000000e+00,-1.970916986465454102e-01,1.999999135732650757e-01,-1.000000014901161194e-01,5.727918148040771484e-01,2.000000029802322388e-01,2.000000029802322388e-01,-1.000000014901161194e-01,3.960865437984466553e-01,3.645324707031250000e-02,-2.000000029802322388e-01,-7.931947708129882812e-03,4.036896824836730957e-01,-1.969337463378906250e-02,-2.000000029802322388e-01,4.334688186645507812e-03,4.027081131935119629e-01
8.000000000000000167e-02,1.370021887123584747e-02,-5.097551941871643066e-01,9.469201564788818359e-01,2.340547554194927216e-02,9.975451976060867310e-03,4.058298468589782715e-02,9.958483576774597168e-01,3.073409758508205414e-02,8.568377047777175903e-02,-3.421484306454658508e-02,9.986355304718017578e-01,3.945476561784744263e-02,-8.435424417257308960e-02,-4.222261160612106323e-02,9.955410361289978027e-01,-1.102163076400756836e+00,1.569735884666442871e+00,-5.672889351844787598e-01,1.000000000000000000e+00,0.000000000000000000e+00,1.370021887123584747e-02,-5.097551941871643066e-01,9.469201564788818359e-01,2.340547554194927216e-02,9.975451976060867310e-03,4.058298468589782715e-02,1.000000000000000000e+00,3.997460752725601196e-02,4.016991257667541504e-01,1.073113679885864258e+00,1.314355339854955673e-02,-1.991289295256137848e-02,-5.868489667773246765e-02,1.000000000000000000e+00,3.211299896240234375e+00,4.421516496222466230e-04,9.108133912086486816e-01,-2.239097654819488525e-02,-4.011912737041711807e-03,-7.357652299106121063e-03,1.000000000000000000e+00,3.460745334625244141e+00,1.101049482822418213e-01,1.067910790443420410e+00,-2.236975543200969696e-02,2.169008133932948112e-03,-7.908726111054420471e-03,1.000000000000000000e+00,1.000000000000000000e+00,0.000000000000000000e+00,0.000000000000000000e+00,1.000000000000000000e+00,3.997460752725601196e-02,4.016991257667541504e-01,1.073113679885864258e+00,1.314355339854955673e-02,-1.991289295256137848e-02,-5.868489667773246765e-02,9.970786571502685547e-01,4.537475854158401489e-02,6.144427135586738586e-02,-3.998990356922149658e-02,9.954751729965209961e-01,-8.619787544012069702e-02,-6.507745385169982910e-02,8.348890393972396851e-02,9.943814873695373535e-01,1.404716014862060547e+00,1.334838390350341797e+00,-7.679980397224426270e-01,0.000000000000000000e+00,1.000000000000000000e+00,1.370021887123584747e-02,-5.097551941871643066e-01,9.469201564788818359e-01,2.340547554194927216e-02,9.975451976060867310e-03,4.058298468589782715e-02,1.000000000000000000e+00,3.997460752725601196e-02,4.016991257667541504e-01,1.073113679885864258e+00,1.314355339854955673e-02,-1.991289295256137848e-02,-5.868489667773246765e-02,1.000000000000000000e+00,3.211299896240234375e+00,4.421516496222466230e-04,9.108133912086486816e-01,-2.239097654819488525e-02,-4.011912737041711807e-03,-7.357652299106121063e-03,1.000000000000000000e+00,3.460745334625244141e+00,1.101049482822418213e-01,1.067910790443420410e+00,-2.236975543200969696e-02,2.169008133932948112e-03,-7.908726111054420471e-03,1.000000000000000000e+00,1.000000000000000000e+00,0.000000000000000000e+00,0.000000000000000000e+00,1.000000000000000000e+00,3.211299896240234375e+00,4.421516496222466230e-04,9.108133912086486816e-01,-2.239097654819488525e-02,-4.011912737041711807e-03,-7.357652299106121063e-03,1.555615331874475940e-02,-8.562619149547923136e-02,-2.951397530979480571e-03,1.000000000000000000e+00,3.460745334625244141e+00,1.101049482822418213e-01,1.067910790443420410e+00,-2.236975543200969696e-02,2.169008133932948112e-03,-7.908726111054420471e-03,-8.418262098943413499e-03,-8.562001770778615573e-02,1.614829072255925552e-03,1.000000000000000000e+00,-1.999999880790710449e-01,1.999962627887725830e-01,-1.000000014901161194e-01,5.781590342521667480e-01,1.999993175268173218e-01,1.999547481536865234e-01,-1.000000014901161194e-01,4.073714315891265869e-01,3.567957878112792969e-02,-2.000000029802322388e-01,-7.626533508300781250e-03,4.056656360626220703e-01,-1.916718482971191406e-02,-2.000000029802322388e-01,4.148244857788085938e-03,4.043639600276947021e-01
1.000000000000000056e-01,1.435974892228841782e-02,-5.094632506370544434e-01,9.480124711990356445e-01,4.600818455219268799e-02,2.125913277268409729e-02,7.339048385620117188e-02,9.928039312362670898e-01,3.955663368105888367e-02,1.130302995443344116e-01,-4.675013944506645203e-02,9.969983696937561035e-01,6.171637773513793945e-02,-1.102497130632400513e-01,-6.655643880367279053e-02,9.916730523109436035e-01,-1.204858779907226562e+00,1.014975070953369141e+00,-5.489815473556518555e-01,1.000000000000000000e+00,0.000000000000000000e+00,1.435974892228841782e-02,-5.094632506370544434e-01,9.480124711990356445e-01,4.600818455219268799e-02,2.125913277268409729e-02,7.339048385620117188e-02,1.000000000000000000e+00,4.034549370408058167e-02,4.011524319648742676e-01,1.071773290634155273e+00,2.592699415981769562e-02,-3.725890070199966431e-02,-7.664633542299270630e-02,1.000000000000000000e+00,3.210692405700683594e+00,3.334065841045230627e-04,9.106447696685791016e-01,-4.086730629205703735e-02,-7.317227311432361603e-03,-9.621472097933292389e-03,1.000000000000000000e+00,3.460139036178588867e+00,1.101637259125709534e-01,1.067728996276855469e+00,-4.080731421709060669e-02,3.954285755753517151e-03,-1.044347416609525681e-02,1.000000000000000000e+00,1.000000000000000000e+00,0.000000000000000000e+00,0.000000000000000000e+00,1.000000000000000000e+00,4.034549370408058167e-02,4.011524319648742676e-01,1.071773290634155273e+00,2.592699415981769562e-02,-3.725890070199966431e-02,-7.664633542299270630e-02,9.945247769355773926e-01,6.225841864943504333e-02,8.393170684576034546e-02,-5.282335355877876282e-02,9.924945831298828125e-01,-1.102921739220619202e-01,-9.016837924718856812e-02,1.052547320723533630e-01,9.903490543365478516e-01,8.524277210235595703e-01,9.850276112556457520e-01,-7.502629160881042480e-01,0.000000000000000000e+00,1.000000000000000000e+00,1.435974892228841782e-02,-5.094632506370544434e-01,9.480124711990356445e-01,4.600818455219268799e-02,2.125913277268409729e-02,7.339048385620117188e-02,1.000000000000000000e+00,4.034549370408058167e-02,4.011524319648742676e-01,1.071773290634155273e+00,2.592699415981769562e-02,-3.725890070199966431e-02,-7.664633542299270630e-02,1.000000000000000000e+00,3.210692405700683594e+00,3.334065841045230627e-04,9.106447696685791016e-01,-4.086730629205703735e-02,-7.317227311432361603e-03,-9.621472097933292389e-03,1.000000000000000000e+00,3.460139036178588867e+00,1.101637259125709534e-01,1.067728996276855469e+00,-4.080731421709060669e-02,3.954285755753517151e-03,-1.044347416609525681e-02,1.000000000000000000e+00,1.000000000000000000e+00,0.000000000000000000e+00,0.000000000000000000e+00,1.000000000000000000e+00,3.210692405700683594e+00,3.334065841045230627e-04,9.106447696685791016e-01,-4.086730629205703735e-02,-7.317227311432361603e-03,-9.621472097933292389e-03,1.952236033529804876e-02,-1.069022035173230467e-01,-4.003394353405314091e-03,1.000000000000000000e+00,3.460139036178588867e+00,1.101637259125709534e-01,1.067728996276855469e+00,-4.080731421709060669e-02,3.954285755753517151e-03,-1.044347416609525681e-02,-1.055925807403148078e-02,-1.068648858013354630e-01,2.189026184950255798e-03,1.000000000000000000e+00,-1.999999433755874634e-01,1.900266259908676147e-01,-1.000000014901161194e-01,5.588696002960205078e-01,2.000000029802322388e-01,2.000000029802322388e-01,-1.000000014901161194e-01,3.965485990047454834e-01,3.444933891296386719e-02,-2.000000029802322388e-01,-7.175445556640625000e-03,4.069312810897827148e-01,-1.826953887939453125e-02,-2.000000029802322388e-01,3.860712051391601562e-03,4.049487411975860596e-01
1.199999999999999956e-01,1.552925165742635727e-02,-5.088945627212524414e-01,9.498298168182373047e-01,7.453325390815734863e-02,3.824226930737495422e-02,1.130958497524261475e-01,9.905043244361877441e-01,4.724054783582687378e-02,1.291102916002273560e-01,-5.837596952915191650e-02,9.947654008865356445e-01,8.386930823326110840e-02,-1.244724243879318237e-01,-9.060984849929809570e-02,9.880771636962890625e-01,-1.040296554565429688e+00,4.838252961635589600e-01,-4.983628988265991211e-01,1.000000000000000000e+00,0.000000000000000000e+00,1.552925165742635727e-02,-5.088945627212524414e-01,9.498298168182373047e-01,7.453325390815734863e-02,3.824226930737495422e-02,1.130958497524261475e-01,1.000000000000000000e+00,4.100652784109115601e-02,4.002229869365692139e-01,1.070095300674438477e+00,4.228178411722183228e-02,-5.821210518479347229e-02,-9.259034693241119385e-02,1.000000000000000000e+00,3.209683895111083984e+00,1.529285800643265247e-04,9.104357957839965820e-01,-6.250010430812835693e-02,-1.117831747978925705e-02,-1.139688678085803986e-02,1.000000000000000000e+00,3.459132432937622070e+00,1.102612316608428955e-01,1.067500472068786621e+00,-6.237724795937538147e-02,6.036536768078804016e-03,-1.258824300020933151e-02,1.000000000000000000e+00,1.000000000000000000e+00,0.000000000000000000e+00,0.000000000000000000e+00,1.000000000000000000e+00,4.100652784109115601e-02,4.002229869365692139e-01,1.070095300674438477e+00,4.228178411722183228e-02,-5.821210518479347229e-02,-9.259034693241119385e-02,9.920156002044677734e-01,7.780975848436355591e-02,9.925161302089691162e-02,-6.522417813539505005e-02,9.900999665260314941e-01,-1.242904961109161377e-01,-1.079400181770324707e-01,1.168244928121566772e-01,9.872695803642272949e-01,4.770976305007934570e-01,6.377169489860534668e-01,-6.810786724090576172e-01,0.000000000000000000e+00,1.000000000000000000e+00,1.552925165742635727e-02,-5.088945627212524414e-01,9.498298168182373047e-01,7.453325390815734863e-02,3.824226930737495422e-02,1.130958497524261475e-01,1.000000000000000000e+00,4.100652784109115601e-02,4.002229869365692139e-01,1.070095300674438477e+00,4.228178411722183228e-02,-5.821210518479347229e-02,-9.259034693241119385e-02,1.000000000000000000e+00,3.209683895111083984e+00,1.529285800643265247e-04,9.104357957839965820e-01,-6.250010430812835693e-02,-1.117831747978925705e-02,-1.139688678085803986e-02,1.000000000000000000e+00,3.459132432937622070e+00,1.102612316608428955e-01,1.067500472068786621e+00,-6.237724795937538147e-02,6.036536768078804016e-03,-1.258824300020933151e-02,1.000000000000000000e+00,1.000000000000000000e+00,0.000000000000000000e+00,0.000000000000000000e+00,1.000000000000000000e+00,3.209683895111083984e+00,1.529285800643265247e-04,9.104357957839965820e-01,-6.250010430812835693e-02,-1.117831747978925705e-02,-1.139688678085803986e-02,2.159705718059642954e-02,-1.185232483696625483e-01,-4.773743661694390683e-03,1.000000000000000000e+00,3.459132432937622070e+00,1.102612316608428955e-01,1.067500472068786621e+00,-6.237724795937538147e-02,6.036536768078804016e-03,-1.258824300020933151e-02,-1.166225883933493489e-02,-1.184815834869938911e-01,2.607604530892770195e-03,1.000000000000000000e+00,-1.999855190515518188e-01,1.728676259517669678e-01,-1.000000014901161194e-01,5.088177323341369629e-01,2.000000029802322388e-01,2.000000029802322388e-01,-1.000000014901161194e-01,3.956308662891387939e-01,3.268361091613769531e-02,-2.000000029802322388e-01,-6.593942642211914062e-03,4.079631567001342773e-01,-1.695632934570312500e-02,-2.000000029802322388e-01,3.482341766357421875e-03,4.047836065292358398e-01
1.400000000000000133e-01,1.730094663798809052e-02,-5.079389810562133789e-01,9.524680376052856445e-01,1.060529351234436035e-01,6.019538268446922302e-02,1.546664834022521973e-01,9.891355037689208984e-01,5.409951135516166687e-02,1.366913765668869019e-01,-6.827494502067565918e-02,9.925167560577392578e-01,1.012390106916427612e-01,-1.301914900541305542e-01,-1.094716787338256836e-01,9.854270219802856445e-01,-7.070578932762145996e-01,2.078657299280166626e-01,-4.277786612510681152e-01,1.000000000000000000e+00,0.000000000000000000e+00,1.730094663798809052e-02,-5.079389810562133789e-01,9.524680376052856445e-01,1.060529351234436035e-01,6.019538268446922302e-02,1.546664834022521973e-01,1.000000000000000000e+00,4.201706126332283020e-02,3.988543748855590820e-01,1.068106412887573242e+00,6.094275414943695068e-02,-8.121350407600402832e-02,-1.076741740107536316e-01,1.000000000000000000e+00,3.208226203918457031e+00,-1.074316242011263967e-04,9.101948142051696777e-01,-8.584517240524291992e-02,-1.529824733734130859e-02,-1.273075956851243973e-02,1.000000000000000000e+00,3.457678079605102539e+00,1.104017347097396851e-01,1.067231178283691406e+00,-8.563498407602310181e-02,8.250147104263305664e-03,-1.446654461324214935e-02,1.000000000000000000e+00,1.000000000000000000e+00,0.000000000000000000e+00,0.000000000000000000e+00,1.000000000000000000e+00,4.201706126332283020e-02,3.988543748855590820e-01,1.068106412887573242e+00,6.094275414943695068e-02,-8.121350407600402832e-02,-1.076741740107536316e-01,9.897913336753845215e-01,9.138063341379165649e-02,1.093736663460731506e-01,-7.647617906332015991e-02,9.880983233451843262e-01,-1.334653794765472412e-01,-1.202680990099906921e-01,1.237384080886840820e-01,9.849996566772460938e-01,4.084114730358123779e-01,4.705724418163299561e-01,-5.877624750137329102e-01,0.000000000000000000e+00,1.000000000000000000e+00,1.730094663798809052e-02,-5.079389810562133789e-01,9.524680376052856445e-01,1.060529351234436035e-01,6.019538268446922302e-02,1.546664834022521973e-01,1.000000000000000000e+00,4.201706126332283020e-02,3.988543748855590820e-01,1.068106412887573242e+00,6.094275414943695068e-02,-8.121350407600402832e-02,-1.076741740107536316e-01,1.000000000000000000e+00,3.208226203918457031e+00,-1.074316242011263967e-04,9.101948142051696777e-01,-8.584517240524291992e-02,-1.529824733734130859e-02,-1.273075956851243973e-02,1.000000000000000000e+00,3.457678079605102539e+00,1.104017347097396851e-01,1.067231178283691406e+00,-8.563498407602310181e-02,8.250147104263305664e-03,-1.446654461324214935e-02,1.000000000000000000e+00,1.000000000000000000e+00,0.000000000000000000e+00,0.000000000000000000e+00,1.000000000000000000e+00,3.208226203918457031e+00,-1.074316242011263967e-04,9.101948142051696777e-01,-8.584517240524291992e-02,-1.529824733734130859e-02,-1.273075956851243973e-02,2.264975129977507204e-02,-1.260500810745748268e-01,-5.320274377833732887e-03,1.000000000000000000e+00,3.457678079605102539e+00,1.104017347097396851e-01,1.067231178283691406e+00,-8.563498407602310181e-02,8.250147104263305664e-03,-1.446654461324214935e-02,-1.218086253520046791e-02,-1.260522112474984358e-01,2.899882032869578047e-03,1.000000000000000000e+00,-1.999991089105606079e-01,1.771487742662429810e-01,-1.000000014901161194e-01,4.506944119930267334e-01,1.999999880790710449e-01,1.999999880790710449e-01,-1.000000014901161194e-01,3.975535929203033447e-01,3.029155731201171875e-02,-1.957547664642333984e-01,-5.893707275390625000e-03,4.091904759407043457e-01,-1.520586013793945312e-02,-2.000000029802322388e-01,3.025531768798828125e-03,4.042603373527526855e-01
1.600000000000000033e-01,1.971155777573585510e-02,-5.065140128135681152e-01,9.559078812599182129e-01,1.381722837686538696e-01,8.506754040718078613e-02,1.916308403015136719e-01,9.881760478019714355e-01,6.013993546366691589e-02,1.410371214151382446e-01,-7.635048776865005493e-02,9.907144904136657715e-01,1.124967262148857117e-01,-1.329619735479354858e-01,-1.219348087906837463e-01,9.835919737815856934e-01,-4.671018123626708984e-01,2.043206691741943359e-01,-3.381192386150360107e-01,1.000000000000000000e+00,0.000000000000000000e+00,1.971155777573585510e-02,-5.065140128135681152e-01,9.559078812599182129e-01,1.381722837686538696e-01,8.506754040718078613e-02,1.916308403015136719e-01,1.000000000000000000e+00,4.341614991426467896e-02,3.970111310482025146e-01,1.065823912620544434e+00,8.124185353517532349e-02,-1.058607921004295349e-01,-1.218229532241821289e-01,1.000000000000000000e+00,3.206289291381835938e+00,-4.515935142990201712e-04,9.099332094192504883e-01,-1.105924025177955627e-01,-1.956836692988872528e-02,-1.335420645773410797e-02,1.000000000000000000e+00,3.455745935440063477e+00,1.105871424078941345e-01,1.066928029060363770e+00,-1.102650389075279236e-01,1.052727457135915756e-02,-1.592471264302730560e-02,1.000000000000000000e+00,1.000000000000000000e+00,0.000000000000000000e+00,0.000000000000000000e+00,1.000000000000000000e+00,4.341614991426467896e-02,3.970111310482025146e-01,1.065823912620544434e+00,8.124185353517532349e-02,-1.058607921004295349e-01,-1.218229532241821289e-01,9.877102375030517578e-01,1.031376793980598450e-01,1.174357458949089050e-01,-8.596275001764297485e-02,9.859908819198608398e-01,-1.429421454668045044e-01,-1.305332928895950317e-01,1.310903280973434448e-01,9.827392697334289551e-01,4.922040402889251709e-01,4.425781667232513428e-01,-4.889602065086364746e-01,0.000000000000000000e+00,1.000000000000000000e+00,1.971155777573585510e-02,-5.065140128135681152e-01,9.559078812599182129e-01,1.381722837686538696e-01,8.506754040718078613e-02,1.916308403015136719e-01,1.000000000000000000e+00,4.341614991426467896e-02,3.970111310482025146e-01,1.065823912620544434e+00,8.124185353517532349e-02,-1.058607921004295349e-01,-1.218229532241821289e-01,1.000000000000000000e+00,3.206289291381835938e+00,-4.515935142990201712e-04,9.099332094192504883e-01,-1.105924025177955627e-01,-1.956836692988872528e-02,-1.335420645773410797e-02,1.000000000000000000e+00,3.455745935440063477e+00,1.105871424078941345e-01,1.066928029060363770e+00,-1.102650389075279236e-01,1.052727457135915756e-02,-1.592471264302730560e-02,1.000000000000000000e+00,1.000000000000000000e+00,0.000000000000000000e+00,0.000000000000000000e+00,1.000000000000000000e+00,3.206289291381835938e+00,-4.515935142990201712e-04,9.099332094192504883e-01,-1.105924025177955627e-01,-1.956836692988872528e-02,-1.335420645773410797e-02,2.352254558771508380e-02,-1.340871602462350154e-01,-5.707723566715805844e-03,1.000000000000000000e+00,3.455745935440063477e+00,1.105871424078941345e-01,1.066928029060363770e+00,-1.102650389075279236e-01,1.052727457135915756e-02,-1.592471264302730560e-02,-1.255173266750243648e-02,-1.342290337211446971e-01,3.096329757756361226e-03,1.000000000000000000e+00,-1.840583980083465576e-01,1.662463992834091187e-01,-1.000000014901161194e-01,4.130821824073791504e-01,1.999994218349456787e-01,1.999998241662979126e-01,-1.000000014901161194e-01,4.011228382587432861e-01,2.726888656616210938e-02,-1.879868507385253906e-01,-5.097150802612304688e-03,4.106377363204956055e-01,-1.296782493591308594e-02,-1.934046745300292969e-01,2.492666244506835938e-03,4.035674035549163818e-01
1.799999999999999933e-01,2.276125922799110413e-02,-5.045801997184753418e-01,9.600067138671875000e-01,1.698811799287796021e-01,1.109836697578430176e-01,2.192180156707763672e-01,9.871010780334472656e-01,6.494306772947311401e-02,1.463358402252197266e-01,-8.293295651674270630e-02,9.892562031745910645e-01,1.203934848308563232e-01,-1.369448900222778320e-01,-1.309765875339508057e-01,9.818816184997558594e-01,-3.671545386314392090e-01,2.726210951805114746e-01,-2.636821866035461426e-01,1.000000000000000000e+00,0.000000000000000000e+00,2.276125922799110413e-02,-5.045801997184753418e-01,9.600067138671875000e-01,1.698811799287796021e-01,1.109836697578430176e-01,2.192180156707763672e-01,1.000000000000000000e+00,4.523439332842826843e-02,3.946583271026611328e-01,1.063267827033996582e+00,1.029948815703392029e-01,-1.324133276939392090e-01,-1.349067687988281250e-01,1.000000000000000000e+00,3.203842639923095703e+00,-8.824661490507423878e-04,9.096656441688537598e-01,-1.369616836309432983e-01,-2.398541197180747986e-02,-1.330624893307685852e-02,1.000000000000000000e+00,3.453307628631591797e+00,1.108185499906539917e-01,1.066598653793334961e+00,-1.365004032850265503e-01,1.285318564623594284e-02,-1.714321412146091461e-02,1.000000000000000000e+00,1.000000000000000000e+00,0.000000000000000000e+00,0.000000000000000000e+00,1.000000000000000000e+00,4.523439332842826843e-02,3.946583271026611328e-01,1.063267827033996582e+00,1.029948815703392029e-01,-1.324133276939392090e-01,-1.349067687988281250e-01,9.856762290000915527e-01,1.131690144538879395e-01,1.250405460596084595e-01,-9.340755641460418701e-02,9.836541414260864258e-01,-1.539465337991714478e-01,-1.404186338186264038e-01,1.400616914033889771e-01,9.801353216171264648e-01,5.306772589683532715e-01,4.381255209445953369e-01,-3.905085921287536621e-01,0.000000000000000000e+00,1.000000000000000000e+00,2.276125922799110413e-02,-5.045801997184753418e-01,9.600067138671875000e-01,1.698811799287796021e-01,1.109836697578430176e-01,2.192180156707763672e-01,1.000000000000000000e+00,4.523439332842826843e-02,3.946583271026611328e-01,1.063267827033996582e+00,1.029948815703392029e-01,-1.324133276939392090e-01,-1.349067687988281250e-01,1.000000000000000000e+00,3.203842639923095703e+00,-8.824661490507423878e-04,9.096656441688537598e-01,-1.369616836309432983e-01,-2.398541197180747986e-02,-1.330624893307685852e-02,1.000000000000000000e+00,3.453307628631591797e+00,1.108185499906539917e-01,1.066598653793334961e+00,-1.365004032850265503e-01,1.285318564623594284e-02,-1.714321412146091461e-02,1.000000000000000000e+00,1.000000000000000000e+00,0.000000000000000000e+00,0.000000000000000000e+00,1.000000000000000000e+00,3.203842639923095703e+00,-8.824661490507423878e-04,9.096656441688537598e-01,-1.369616836309432983e-01,-2.398541197180747986e-02,-1.330624893307685852e-02,2.443418920004992306e-02,-1.432649846734335153e-01,-5.953896692486061737e-03,1.000000000000000000e+00,3.453307628631591797e+00,1.108185499906539917e-01,1.066598653793334961e+00,-1.365004032850265503e-01,1.285318564623594284e-02,-1.714321412146091461e-02,-1.288137530282605983e-02,-1.438519553137951323e-01,3.206489198937941508e-03,1.000000000000000000e+00,-1.612775474786758423e-01,1.625325530767440796e-01,-1.000000014901161194e-01,3.856665790081024170e-01,2.000000029802322388e-01,2.000000029802322388e-01,-1.000000014901161194e-01,4.053265154361724854e-01,2.370285987854003906e-02,-1.798276901245117188e-01,-4.240274429321289062e-03,4.120446443557739258e-01,-1.014947891235351562e-02,-1.860878467559814453e-01,1.877784729003906250e-03,4.027035534381866455e-01
2.000000000000000111e-01,2.644061855971813202e-02,-5.021259188652038574e-01,9.645596742630004883e-01,2.010702937841415405e-01,1.370039433240890503e-01,2.358674407005310059e-01,9.859947562217712402e-01,6.864161789417266846e-02,1.519957035779953003e-01,-8.824056386947631836e-02,9.880724549293518066e-01,1.261998713016510010e-01,-1.415202170610427856e-01,-1.378445923328399658e-01,9.802912473678588867e-01,-2.375891953706741333e-01,2.375971674919128418e-01,-2.020217180252075195e-01,1.000000000000000000e+00,0.000000000000000000e+00,2.644061855971813202e-02,-5.021259188652038574e-01,9.645596742630004883e-01,2.010702937841415405e-01,1.370039433240890503e-01,2.358674407005310059e-01,1.000000000000000000e+00,4.750052094459533691e-02,3.917556107044219971e-01,1.060460329055786133e+00,1.261651813983917236e-01,-1.610712260007858276e-01,-1.468366682529449463e-01,1.000000000000000000e+00,3.200853824615478516e+00,-1.402954105287790298e-03,9.094038605690002441e-01,-1.649974137544631958e-01,-2.853607386350631714e-02,-1.271521113812923431e-02,1.000000000000000000e+00,3.450329065322875977e+00,1.110967770218849182e-01,1.066244244575500488e+00,-1.644129306077957153e-01,1.520592998713254929e-02,-1.842691190540790558e-02,1.000000000000000000e+00,1.000000000000000000e+00,0.000000000000000000e+00,0.000000000000000000e+00,1.000000000000000000e+00,4.750052094459533691e-02,3.917556107044219971e-01,1.060460329055786133e+00,1.261651813983917236e-01,-1.610712260007858276e-01,-1.468366682529449463e-01,9.837673306465148926e-01,1.213342919945716858e-01,1.322124451398849487e-01,-9.889931231737136841e-02,9.813676476478576660e-01,-1.647321581840515137e-01,-1.497366577386856079e-01,1.489823758602142334e-01,9.774371981620788574e-01,4.619011878967285156e-01,4.016871750354766846e-01,-2.984364032745361328e-01,0.000000000000000000e+00,1.000000000000000000e+00,2.644061855971813202e-02,-5.021259188652038574e-01,9.645596742630004883e-01,2.010702937841415405e-01,1.370039433240890503e-01,2.358674407005310059e-01,1.000000000000000000e+00,4.750052094459533691e-02,3.917556107044219971e-01,1.060460329055786133e+00,1.261651813983917236e-01,-1.610712260007858276e-01,-1.468366682529449463e-01,1.000000000000000000e+00,3.200853824615478516e+00,-1.402954105287790298e-03,9.094038605690002441e-01,-1.649974137544631958e-01,-2.853607386350631714e-02,-1.271521113812923431e-02,1.000000000000000000e+00,3.450329065322875977e+00,1.110967770218849182e-01,1.066244244575500488e+00,-1.644129306077957153e-01,1.520592998713254929e-02,-1.842691190540790558e-02,1.000000000000000000e+00,1.000000000000000000e+00,0.000000000000000000e+00,0.000000000000000000e+00,1.000000000000000000e+00,3.200853824615478516e+00,-1.402954105287790298e-03,9.094038605690002441e-01,-1.649974137544631958e-01,-2.853607386350631714e-02,-1.271521113812923431e-02,2.507638971961595464e-02,-1.514638962651178034e-01,-6.031649308606105986e-03,1.000000000000000000e+00,3.450329065322875977e+00,1.110967770218849182e-01,1.066244244575500488e+00,-1.644129306077957153e-01,1.520592998713254929e-02,-1.842691190540790558e-02,-1.299688886117875315e-02,-1.527558124663956907e-01,3.213363013794037423e-03,1.000000000000000000e+00,-1.364250034093856812e-01,1.518232971429824829e-01,-1.000000014901161194e-01,3.602998256683349609e-01,2.000000029802322388e-01,2.000000029802322388e-01,-1.000000014901161194e-01,4.064789712429046631e-01,1.969075202941894531e-02,-1.713449954986572266e-01,-3.357887268066406250e-03,4.131619930267333984e-01,-6.649255752563476562e-03,-1.783092021942138672e-01,1.179456710815429688e-03,4.016209542751312256e-01
2.200000000000000011e-01,3.073721192777156830e-02,-4.991554915904998779e-01,9.693453311920166016e-01,2.314447313547134399e-01,1.624159365892410278e-01,2.414024621248245239e-01,9.851595759391784668e-01,7.174637168645858765e-02,1.559273004531860352e-01,-9.229326993227005005e-02,9.873664379119873047e-01,1.288013160228729248e-01,-1.447163224220275879e-01,-1.412808597087860107e-01,9.793350696563720703e-01,-2.797733433544635773e-02,1.183425858616828918e-01,-1.556180566549301147e-01,1.000000000000000000e+00,0.000000000000000000e+00,3.073721192777156830e-02,-4.991554915904998779e-01,9.693453311920166016e-01,2.314447313547134399e-01,1.624159365892410278e-01,2.414024621248245239e-01,1.000000000000000000e+00,5.024220049381256104e-02,3.882618248462677002e-01,1.057424902915954590e+00,1.506563872098922729e-01,-1.916491538286209106e-01,-1.575761288404464722e-01,1.000000000000000000e+00,3.197291851043701172e+00,-2.015103818848729134e-03,9.091593027114868164e-01,-1.943071335554122925e-01,-3.313624113798141479e-02,-1.150957774370908737e-02,1.000000000000000000e+00,3.446779727935791016e+00,1.114219054579734802e-01,1.065863609313964844e+00,-1.936256438493728638e-01,1.752439327538013458e-02,-1.978695020079612732e-02,1.000000000000000000e+00,1.000000000000000000e+00,0.000000000000000000e+00,0.000000000000000000e+00,1.000000000000000000e+00,5.024220049381256104e-02,3.882618248462677002e-01,1.057424902915954590e+00,1.506563872098922729e-01,-1.916491538286209106e-01,-1.575761288404464722e-01,9.821016788482666016e-01,1.275708228349685669e-01,1.385718882083892822e-01,-1.027478501200675964e-01,9.794601202011108398e-01,-1.734961718320846558e-01,-1.578586697578430176e-01,1.561528891324996948e-01,9.750369787216186523e-01,3.407939076423645020e-01,3.404360115528106689e-01,-2.172621786594390869e-01,0.000000000000000000e+00,1.000000000000000000e+00,3.073721192777156830e-02,-4.991554915904998779e-01,9.693453311920166016e-01,2.314447313547134399e-01,1.624159365892410278e-01,2.414024621248245239e-01,1.000000000000000000e+00,5.024220049381256104e-02,3.882618248462677002e-01,1.057424902915954590e+00,1.506563872098922729e-01,-1.916491538286209106e-01,-1.575761288404464722e-01,1.000000000000000000e+00,3.197291851043701172e+00,-2.015103818848729134e-03,9.091593027114868164e-01,-1.943071335554122925e-01,-3.313624113798141479e-02,-1.150957774370908737e-02,1.000000000000000000e+00,3.446779727935791016e+00,1.114219054579734802e-01,1.065863609313964844e+00,-1.936256438493728638e-01,1.752439327538013458e-02,-1.978695020079612732e-02,1.000000000000000000e+00,1.000000000000000000e+00,0.000000000000000000e+00,0.000000000000000000e+00,1.000000000000000000e+00,3.197291851043701172e+00,-2.015103818848729134e-03,9.091593027114868164e-01,-1.943071335554122925e-01,-3.313624113798141479e-02,-1.150957774370908737e-02,2.503874880021816213e-02,-1.566334506308979524e-01,-5.892687706875570849e-03,1.000000000000000000e+00,3.446779727935791016e+00,1.114219054579734802e-01,1.065863609313964844e+00,-1.936256438493728638e-01,1.752439327538013458e-02,-1.978695020079612732e-02,-1.264875548078609607e-02,-1.586924931800666183e-01,3.086298698129419198e-03,1.000000000000000000e+00,-1.116408631205558777e-01,1.369154006242752075e-01,-1.000000014901161194e-01,3.486149013042449951e-01,1.999942362308502197e-01,1.999998837709426880e-01,-1.000000014901161194e-01,4.045426845550537109e-01,1.535320281982421875e-02,-1.627008914947509766e-01,-2.487182617187500000e-03,4.138489663600921631e-01,-2.399444580078125000e-03,-1.701672077178955078e-01,4.062652587890625000e-04,4.003399014472961426e-01
2.399999999999999911e-01,3.563046455383300781e-02,-4.956877827644348145e-01,9.741473197937011719e-01,2.605448961257934570e-01,1.864880472421646118e-01,2.368149310350418091e-01,9.847899079322814941e-01,7.475197315216064453e-02,1.568480730056762695e-01,-9.520518779754638672e-02,9.872944355010986328e-01,1.272243708372116089e-01,-1.453449428081512451e-01,-1.402219980955123901e-01,9.793941974639892578e-01,1.983001679182052612e-01,-2.964662387967109680e-02,-1.226582452654838562e-01,1.000000000000000000e+00,0.000000000000000000e+00,3.563046455383300781e-02,-4.956877827644348145e-01,9.741473197937011719e-01,2.605448961257934570e-01,1.864880472421646118e-01,2.368149310350418091e-01,1.000000000000000000e+00,5.348414927721023560e-02,3.841426074504852295e-01,1.054183959960937500e+00,1.762614399194717407e-01,-2.236691117286682129e-01,-1.673715561628341675e-01,1.000000000000000000e+00,3.193136930465698242e+00,-2.718656091019511223e-03,9.089446663856506348e-01,-2.242178469896316528e-01,-3.764038532972335815e-02,-9.665351361036300659e-03,1.000000000000000000e+00,3.442639589309692383e+00,1.117923557758331299e-01,1.065455079078674316e+00,-2.234620302915573120e-01,1.970802992582321167e-02,-2.125182561576366425e-02,1.000000000000000000e+00,1.000000000000000000e+00,0.000000000000000000e+00,0.000000000000000000e+00,1.000000000000000000e+00,5.348414927721023560e-02,3.841426074504852295e-01,1.054183959960937500e+00,1.762614399194717407e-01,-2.236691117286682129e-01,-1.673715561628341675e-01,9.807435870170593262e-01,1.320182830095291138e-01,1.439217329025268555e-01,-1.052626520395278931e-01,9.780460596084594727e-01,-1.798497587442398071e-01,-1.645055115222930908e-01,1.612368971109390259e-01,9.731088876724243164e-01,2.395850419998168945e-01,2.765897214412689209e-01,-1.469146162271499634e-01,0.000000000000000000e+00,1.000000000000000000e+00,3.563046455383300781e-02,-4.956877827644348145e-01,9.741473197937011719e-01,2.605448961257934570e-01,1.864880472421646118e-01,2.368149310350418091e-01,1.000000000000000000e+00,5.348414927721023560e-02,3.841426074504852295e-01,1.054183959960937500e+00,1.762614399194717407e-01,-2.236691117286682129e-01,-1.673715561628341675e-01,1.000000000000000000e+00,3.193136930465698242e+00,-2.718656091019511223e-03,9.089446663856506348e-01,-2.242178469896316528e-01,-3.764038532972335815e-02,-9.665351361036300659e-03,1.000000000000000000e+00,3.442639589309692383e+00,1.117923557758331299e-01,1.065455079078674316e+00,-2.234620302915573120e-01,1.970802992582321167e-02,-2.125182561576366425e-02,1.000000000000000000e+00,1.000000000000000000e+00,0.000000000000000000e+00,0.000000000000000000e+00,1.000000000000000000e+00,3.193136930465698242e+00,-2.718656091019511223e-03,9.089446663856506348e-01,-2.242178469896316528e-01,-3.764038532972335815e-02,-9.665351361036300659e-03,2.416784236875407429e-02,-1.583879931535061569e-01,-5.539583275125287837e-03,1.000000000000000000e+00,3.442639589309692383e+00,1.117923557758331299e-01,1.065455079078674316e+00,-2.234620302915573120e-01,1.970802992582321167e-02,-2.125182561576366425e-02,-1.169701877397073472e-02,-1.612122787337988417e-01,2.814263426105913582e-03,1.000000000000000000e+00,-8.206587284803390503e-02,1.156011223793029785e-01,-1.000000014901161194e-01,3.419360518455505371e-01,1.998246312141418457e-01,1.999995708465576172e-01,-1.000000014901161194e-01,4.004383683204650879e-01,1.082992553710937500e-02,-1.541001796722412109e-01,-1.662254333496093750e-03,4.140738248825073242e-01,2.617359161376953125e-03,-1.618504524230957031e-01,-4.217624664306640625e-04,3.989338278770446777e-01
2.600000000000000089e-01,4.109145700931549072e-02,-4.917550086975097656e-01,9.787809252738952637e-01,2.880014479160308838e-01,2.086548507213592529e-01,2.240657806396484375e-01,9.849151372909545898e-01,7.787898927927017212e-02,1.545221805572509766e-01,-9.720288962125778198e-02,9.877936244010925293e-01,1.217186003923416138e-01,-1.431567072868347168e-01,-1.349024921655654907e-01,9.804629683494567871e-01,3.936273455619812012e-01,-1.775580644607543945e-01,-1.012894287705421448e-01,1.000000000000000000e+00,0.000000000000000000e+00,4.109145700931549072e-02,-4.917550086975097656e-01,9.787809252738952637e-01,2.880014479160308838e-01,2.086548507213592529e-01,2.240657806396484375e-01,1.000000000000000000e+00,5.724626407027244568e-02,3.793737292289733887e-01,1.050752162933349609e+00,2.027115225791931152e-01,-2.566308379173278809e-01,-1.767057627439498901e-01,1.000000000000000000e+00,3.188382863998413086e+00,-3.510284936055541039e-03,9.087722897529602051e-01,-2.541056275367736816e-01,-4.189635813236236572e-02,-7.231014315038919449e-03,1.000000000000000000e+00,3.437901020050048828e+00,1.122044101357460022e-01,1.065015196800231934e+00,-2.533002197742462158e-01,2.164133265614509583e-02,-2.292490005493164062e-02,1.000000000000000000e+00,1.000000000000000000e+00,0.000000000000000000e+00,0.000000000000000000e+00,1.000000000000000000e+00,5.724626407027244568e-02,3.793737292289733887e-01,1.050752162933349609e+00,2.027115225791931152e-01,-2.566308379173278809e-01,-1.767057627439498901e-01,9.796864986419677734e-01,1.349835544824600220e-01,1.483034640550613403e-01,-1.066775619983673096e-01,9.770152568817138672e-01,-1.845568865537643433e-01,-1.698068827390670776e-01,1.649872213602066040e-01,9.715682864189147949e-01,1.910037100315093994e-01,2.265047729015350342e-01,-8.854284137487411499e-02,0.000000000000000000e+00,1.000000000000000000e+00,4.109145700931549072e-02,-4.917550086975097656e-01,9.787809252738952637e-01,2.880014479160308838e-01,2.086548507213592529e-01,2.240657806396484375e-01,1.000000000000000000e+00,5.724626407027244568e-02,3.793737292289733887e-01,1.050752162933349609e+00,2.027115225791931152e-01,-2.566308379173278809e-01,-1.767057627439498901e-01,1.000000000000000000e+00,3.188382863998413086e+00,-3.510284936055541039e-03,9.087722897529602051e-01,-2.541056275367736816e-01,-4.189635813236236572e-02,-7.231014315038919449e-03,1.000000000000000000e+00,3.437901020050048828e+00,1.122044101357460022e-01,1.065015196800231934e+00,-2.533002197742462158e-01,2.164133265614509583e-02,-2.292490005493164062e-02,1.000000000000000000e+00,1.000000000000000000e+00,0.000000000000000000e+00,0.000000000000000000e+00,1.000000000000000000e+00,3.188382863998413086e+00,-3.510284936055541039e-03,9.087722897529602051e-01,-2.541056275367736816e-01,-4.189635813236236572e-02,-7.231014315038919449e-03,2.259740579395882326e-02,-1.577387728538843792e-01,-5.030670092777283359e-03,1.000000000000000000e+00,3.437901020050048828e+00,1.122044101357460022e-01,1.065015196800231934e+00,-2.533002197742462158e-01,2.164133265614509583e-02,-2.292490005493164062e-02,-1.013865245625258059e-02,-1.613757424709509891e-01,2.418981631903696205e-03,1.000000000000000000e+00,-5.372471734881401062e-02,8.962389826774597168e-02,-1.000000014901161194e-01,3.325466215610504150e-01,1.953226774930953979e-01,1.999999880790710449e-01,-1.000000014901161194e-01,3.973527848720550537e-01,6.244659423828125000e-03,-1.456987857818603516e-01,-9.067058563232421875e-04,4.138665497303009033e-01,8.386611938476562500e-03,-1.535332202911376953e-01,-1.282691955566406250e-03,3.974620699882507324e-01
2.800000000000000266e-01,4.708424955606460571e-02,-4.873992204666137695e-01,9.830982685089111328e-01,3.134620785713195801e-01,2.284964770078659058e-01,2.047232687473297119e-01,9.855051636695861816e-01,8.117765933275222778e-02,1.489625871181488037e-01,-9.851797670125961304e-02,9.887012839317321777e-01,1.129781156778335571e-01,-1.381081938743591309e-01,-1.260160058736801147e-01,9.823676347732543945e-01,5.502691268920898438e-01,-3.292241990566253662e-01,-8.773699402809143066e-02,1.000000000000000000e+00,0.000000000000000000e+00,4.708424955606460571e-02,-4.873992204666137695e-01,9.830982685089111328e-01,3.134620785713195801e-01,2.284964770078659058e-01,2.047232687473297119e-01,1.000000000000000000e+00,6.154312938451766968e-02,3.739397525787353516e-01,1.047134399414062500e+00,2.297606021165847778e-01,-2.902106642723083496e-01,-1.860358566045761108e-01,1.000000000000000000e+00,3.183034420013427734e+00,-4.383916035294532776e-03,9.086534380912780762e-01,-2.835963666439056396e-01,-4.578905552625656128e-02,-4.273089114576578140e-03,1.000000000000000000e+00,3.432568788528442383e+00,1.126520633697509766e-01,1.064539790153503418e+00,-2.827865183353424072e-01,2.321607060730457306e-02,-2.483513951301574707e-02,1.000000000000000000e+00,1.000000000000000000e+00,0.000000000000000000e+00,0.000000000000000000e+00,1.000000000000000000e+00,6.154312938451766968e-02,3.739397525787353516e-01,1.047134399414062500e+00,2.297606021165847778e-01,-2.902106642723083496e-01,-1.860358566045761108e-01,9.788713455200195312e-01,1.368518024682998657e-01,1.519290804862976074e-01,-1.072135493159294128e-01,9.761943817138671875e-01,-1.885464638471603394e-01,-1.741152405738830566e-01,1.682738810777664185e-01,9.702411293983459473e-01,1.692193597555160522e-01,1.933779269456863403e-01,-4.448498785495758057e-02,0.000000000000000000e+00,1.000000000000000000e+00,4.708424955606460571e-02,-4.873992204666137695e-01,9.830982685089111328e-01,3.134620785713195801e-01,2.284964770078659058e-01,2.047232687473297119e-01,1.000000000000000000e+00,6.154312938451766968e-02,3.739397525787353516e-01,1.047134399414062500e+00,2.297606021165847778e-01,-2.902106642723083496e-01,-1.860358566045761108e-01,1.000000000000000000e+00,3.183034420013427734e+00,-4.383916035294532776e-03,9.086534380912780762e-01,-2.835963666439056396e-01,-4.578905552625656128e-02,-4.273089114576578140e-03,1.000000000000000000e+00,3.432568788528442383e+00,1.126520633697509766e-01,1.064539790153503418e+00,-2.827865183353424072e-01,2.321607060730457306e-02,-2.483513951301574707e-02,1.000000000000000000e+00,1.000000000000000000e+00,0.000000000000000000e+00,0.000000000000000000e+00,1.000000000000000000e+00,3.183034420013427734e+00,-4.383916035294532776e-03,9.086534380912780762e-01,-2.835963666439056396e-01,-4.578905552625656128e-02,-4.273089114576578140e-03,2.056465415033715410e-02,-1.559950905054245940e-01,-4.422070721990705236e-03,1.000000000000000000e+00,3.432568788528442383e+00,1.126520633697509766e-01,1.064539790153503418e+00,-2.827865183353424072e-01,2.321607060730457306e-02,-2.483513951301574707e-02,-8.025759433605606646e-03,-1.604466199048939501e-01,1.924448432885449319e-03,1.000000000000000000e+00,-2.968442440032958984e-02,6.891526281833648682e-02,-1.000000014901161194e-01,3.340792357921600342e-01,1.810999810695648193e-01,1.999999433755874634e-01,-1.000000014901161194e-01,3.943534791469573975e-01,1.704692840576171875e-03,-1.375753879547119141e-01,-2.338886260986328125e-04,4.132409393787384033e-01,1.489400863647460938e-02,-1.453149318695068359e-01,-2.156972885131835938e-03,3.959452807903289795e-01
2.999999999999999889e-01,5.356598645448684692e-02,-4.826694726943969727e-01,9.869800806045532227e-01,3.366378247737884521e-01,2.457822114229202271e-01,1.803515404462814331e-01,9.865016341209411621e-01,8.455320447683334351e-02,1.402331292629241943e-01,-9.931344538927078247e-02,9.898324608802795410e-01,1.018259450793266296e-01,-1.301975846290588379e-01,-1.143784895539283752e-01,9.848685860633850098e-01,6.597498655319213867e-01,-4.631296098232269287e-01,-7.594532519578933716e-02,1.000000000000000000e+00,0.000000000000000000e+00,5.356598645448684692e-02,-4.826694726943969727e-01,9.869800806045532227e-01,3.366378247737884521e-01,2.457822114229202271e-01,1.803515404462814331e-01,1.000000000000000000e+00,6.638493388891220093e-02,3.678300678730010986e-01,1.043327331542968750e+00,2.572216391563415527e-01,-3.242077231407165527e-01,-1.957459747791290283e-01,1.000000000000000000e+00,3.177101135253906250e+00,-5.331553518772125244e-03,9.085977077484130859e-01,-3.125304579734802246e-01,-4.924271255731582642e-02,-8.995135431177914143e-04,1.000000000000000000e+00,3.426651239395141602e+00,1.131272688508033752e-01,1.064023733139038086e+00,-3.117619752883911133e-01,2.433235198259353638e-02,-2.703865617513656616e-02,1.000000000000000000e+00,1.000000000000000000e+00,0.000000000000000000e+00,0.000000000000000000e+00,1.000000000000000000e+00,6.638493388891220093e-02,3.678300678730010986e-01,1.043327331542968750e+00,2.572216391563415527e-01,-3.242077231407165527e-01,-1.957459747791290283e-01,9.782263040542602539e-01,1.378754675388336182e-01,1.551249921321868896e-01,-1.070841178297996521e-01,9.755721092224121094e-01,-1.918128281831741333e-01,-1.777818799018859863e-01,1.710249334573745728e-01,9.690945148468017578e-01,1.062378808856010437e-01,1.745398491621017456e-01,-1.279224734753370285e-02,0.000000000000000000e+00,1.000000000000000000e+00,5.356598645448684692e-02,-4.826694726943969727e-01,9.869800806045532227e-01,3.366378247737884521e-01,2.457822114229202271e-01,1.803515404462814331e-01,1.000000000000000000e+00,6.638493388891220093e-02,3.678300678730010986e-01,1.043327331542968750e+00,2.572216391563415527e-01,-3.242077231407165527e-01,-1.957459747791290283e-01,1.000000000000000000e+00,3.177101135253906250e+00,-5.331553518772125244e-03,9.085977077484130859e-01,-3.125304579734802246e-01,-4.924271255731582642e-02,-8.995135431177914143e-04,1.000000000000000000e+00,3.426651239395141602e+00,1.131272688508033752e-01,1.064023733139038086e+00,-3.117619752883911133e-01,2.433235198259353638e-02,-2.703865617513656616e-02,1.000000000000000000e+00,1.000000000000000000e+00,0.000000000000000000e+00,0.000000000000000000e+00,1.000000000000000000e+00,3.177101135253906250e+00,-5.331553518772125244e-03,9.085977077484130859e-01,-3.125304579734802246e-01,-4.924271255731582642e-02,-8.995135431177914143e-04,1.822054927270726210e-02,-1.538636325962758900e-01,-3.748438278402278431e-03,1.000000000000000000e+00,3.426651239395141602e+00,1.131272688508033752e-01,1.064023733139038086e+00,-3.117619752883911133e-01,2.433235198259353638e-02,-2.703865617513656616e-02,-5.377052841230895060e-03,-1.589852970912155605e-01,1.343591010949990797e-03,1.000000000000000000e+00,-1.348434388637542725e-02,5.722670629620552063e-02,-1.000000014901161194e-01,3.480805158615112305e-01,1.623926609754562378e-01,1.999999731779098511e-01,-1.000000014901161194e-01,3.914117217063903809e-01,-2.709150314331054688e-03,-1.297409534454345703e-01,3.504753112792968750e-04,4.122214913368225098e-01,2.213025093078613281e-02,-1.372370719909667969e-01,-3.028154373168945312e-03,3.943845331668853760e-01
3.200000000000000067e-01,6.048996001482009888e-02,-4.776169955730438232e-01,9.903466105461120605e-01,3.574636280536651611e-01,2.605362236499786377e-01,1.534275412559509277e-01,9.877250194549560547e-01,8.779168874025344849e-02,1.291972845792770386e-01,-9.975526481866836548e-02,9.910024404525756836e-01,8.923553675413131714e-02,-1.202006861567497253e-01,-1.010282859206199646e-01,9.875956177711486816e-01,7.065130472183227539e-01,-5.279842615127563477e-01,-6.370652467012405396e-02,1.000000000000000000e+00,0.000000000000000000e+00,6.048996001482009888e-02,-4.776169955730438232e-01,9.903466105461120605e-01,3.574636280536651611e-01,2.605362236499786377e-01,1.534275412559509277e-01,1.000000000000000000e+00,7.177882641553878784e-02,3.610386848449707031e-01,1.039320468902587891e+00,2.849918603897094727e-01,-3.583262562751770020e-01,-2.060981392860412598e-01,1.000000000000000000e+00,3.170594692230224609e+00,-6.343887653201818466e-03,9.086121320724487305e-01,-3.408171236515045166e-01,-5.220011249184608459e-02,2.729426370933651924e-03,1.000000000000000000e+00,3.420159816741943359e+00,1.136199459433555603e-01,1.063460350036621094e+00,-3.401090204715728760e-01,2.489116601645946503e-02,-2.961582317948341370e-02,1.000000000000000000e+00,1.000000000000000000e+00,0.000000000000000000e+00,0.000000000000000000e+00,1.000000000000000000e+00,7.177882641553878784e-02,3.610386848449707031e-01,1.039320468902587891e+00,2.849918603897094727e-01,-3.583262562751770020e-01,-2.060981392860412598e-01,9.776951074600219727e-01,1.380699276924133301e-01,1.582689285278320312e-01,-1.064755544066429138e-01,9.753752350807189941e-01,-1.931481659412384033e-01,-1.810395419597625732e-01,1.719882488250732422e-01,9.683206081390380859e-01,-3.189946711063385010e-02,1.588838249444961548e-01,9.057511575520038605e-03,0.000000000000000000e+00,1.000000000000000000e+00,6.048996001482009888e-02,-4.776169955730438232e-01,9.903466105461120605e-01,3.574636280536651611e-01,2.605362236499786377e-01,1.534275412559509277e-01,1.000000000000000000e+00,7.177882641553878784e-02,3.610386848449707031e-01,1.039320468902587891e+00,2.849918603897094727e-01,-3.583262562751770020e-01,-2.060981392860412598e-01,1.000000000000000000e+00,3.170594692230224609e+00,-6.343887653201818466e-03,9.086121320724487305e-01,-3.408171236515045166e-01,-5.220011249184608459e-02,2.729426370933651924e-03,1.000000000000000000e+00,3.420159816741943359e+00,1.136199459433555603e-01,1.063460350036621094e+00,-3.401090204715728760e-01,2.489116601645946503e-02,-2.961582317948341370e-02,1.000000000000000000e+00,1.000000000000000000e+00,0.000000000000000000e+00,0.000000000000000000e+00,1.000000000000000000e+00,3.170594692230224609e+00,-6.343887653201818466e-03,9.086121320724487305e-01,-3.408171236515045166e-01,-5.220011249184608459e-02,2.729426370933651924e-03,1.560580764788549457e-02,-1.513465001583542691e-01,-3.037198455933498055e-03,1.000000000000000000e+00,3.420159816741943359e+00,1.136199459433555603e-01,1.063460350036621094e+00,-3.401090204715728760e-01,2.489116601645946503e-02,-2.961582317948341370e-02,-2.167833988598058537e-03,-1.568677947477621348e-01,6.800860820208632935e-04,1.000000000000000000e+00,2.677155425772070885e-03,4.575209319591522217e-02,-1.000000014901161194e-01,3.633990585803985596e-01,1.350469142198562622e-01,1.999999284744262695e-01,-1.000000014901161194e-01,3.885699808597564697e-01,-6.954193115234375000e-03,-1.221663951873779297e-01,8.475780487060546875e-04,4.109069406986236572e-01,3.006052970886230469e-02,-1.293261051177978516e-01,-3.877878189086914062e-03,3.927827477455139160e-01
3.400000000000000244e-01,6.781015545129776001e-02,-4.722911119461059570e-01,9.931708574295043945e-01,3.760699629783630371e-01,2.729090154170989990e-01,1.264902055263519287e-01,9.889285564422607422e-01,9.067334979772567749e-02,1.174685135483741760e-01,-1.000195369124412537e-01,9.920582771301269531e-01,7.626666873693466187e-02,-1.096202507615089417e-01,-8.717142790555953979e-02,9.901437759399414062e-01,7.045605778694152832e-01,-5.239121317863464355e-01,-5.062114447355270386e-02,1.000000000000000000e+00,0.000000000000000000e+00,6.781015545129776001e-02,-4.722911119461059570e-01,9.931708574295043945e-01,3.760699629783630371e-01,2.729090154170989990e-01,1.264902055263519287e-01,1.000000000000000000e+00,7.773064821958541870e-02,3.535675406455993652e-01,1.035099744796752930e+00,3.130394220352172852e-01,-3.920380771160125732e-01,-2.171939909458160400e-01,1.000000000000000000e+00,3.163529634475708008e+00,-7.410507183521986008e-03,9.087002277374267578e-01,-3.683317005634307861e-01,-5.460743978619575500e-02,6.452945992350578308e-03,1.000000000000000000e+00,3.413108110427856445e+00,1.141180247068405151e-01,1.062841773033142090e+00,-3.676725327968597412e-01,2.478787675499916077e-02,-3.262150287628173828e-02,1.000000000000000000e+00,1.000000000000000000e+00,0.000000000000000000e+00,0.000000000000000000e+00,1.000000000000000000e+00,7.773064821958541870e-02,3.535675406455993652e-01,1.035099744796752930e+00,3.130394220352172852e-01,-3.920380771160125732e-01,-2.171939909458160400e-01,9.772623181343078613e-01,1.373808234930038452e-01,1.615082174539566040e-01,-1.055836826562881470e-01,9.758553504943847656e-01,-1.912029534578323364e-01,-1.838762611150741577e-01,1.698027998208999634e-01,9.681717753410339355e-01,-2.280644476413726807e-01,1.364682018756866455e-01,2.310281060636043549e-02,0.000000000000000000e+00,1.000000000000000000e+00,6.781015545129776001e-02,-4.722911119461059570e-01,9.931708574295043945e-01,3.760699629783630371e-01,2.729090154170989990e-01,1.264902055263519287e-01,1.000000000000000000e+00,7.773064821958541870e-02,3.535675406455993652e-01,1.035099744796752930e+00,3.130394220352172852e-01,-3.920380771160125732e-01,-2.171939909458160400e-01,1.000000000000000000e+00,3.163529634475708008e+00,-7.410507183521986008e-03,9.087002277374267578e-01,-3.683317005634307861e-01,-5.460743978619575500e-02,6.452945992350578308e-03,1.000000000000000000e+00,3.413108110427856445e+00,1.141180247068405151e-01,1.062841773033142090e+00,-3.676725327968597412e-01,2.478787675499916077e-02,-3.262150287628173828e-02,1.000000000000000000e+00,1.000000000000000000e+00,0.000000000000000000e+00,0.000000000000000000e+00,1.000000000000000000e+00,3.163529634475708008e+00,-7.410507183521986008e-03,9.087002277374267578e-01,-3.683317005634307861e-01,-5.460743978619575500e-02,6.452945992350578308e-03,1.272332784759263105e-02,-1.481511500754444377e-01,-2.311205560954698694e-03,1.000000000000000000e+00,3.413108110427856445e+00,1.141180247068405151e-01,1.062841773033142090e+00,-3.676725327968597412e-01,2.478787675499916077e-02,-3.262150287628173828e-02,1.652896147886072364e-03,-1.538537564258255497e-01,-5.773716006056016283e-05,1.000000000000000000e+00,2.048239484429359436e-02,3.871797770261764526e-02,-1.000000014901161194e-01,3.782702386379241943e-01,1.039014682173728943e-01,1.999994218349456787e-01,-1.000000014901161194e-01,3.895398676395416260e-01,-1.099300384521484375e-02,-1.148302555084228516e-01,1.259565353393554688e-03,4.094314873218536377e-01,3.859066963195800781e-02,-1.216127872467041016e-01,-4.683732986450195312e-03,3.911513388156890869e-01
3.599999999999999867e-01,7.548402994871139526e-02,-4.667381048202514648e-01,9.954696297645568848e-01,3.926673829555511475e-01,2.830468714237213135e-01,1.012726128101348877e-01,9.899846315383911133e-01,9.311236441135406494e-02,1.061164811253547668e-01,-1.001861542463302612e-01,9.929472208023071289e-01,6.339344382286071777e-02,-9.946534782648086548e-02,-7.338993251323699951e-02,9.923309683799743652e-01,6.979068517684936523e-01,-4.869640767574310303e-01,-3.681046888232231140e-02,1.000000000000000000e+00,0.000000000000000000e+00,7.548402994871139526e-02,-4.667381048202514648e-01,9.954696297645568848e-01,3.926673829555511475e-01,2.830468714237213135e-01,1.012726128101348877e-01,1.000000000000000000e+00,8.424603193998336792e-02,3.454308211803436279e-01,1.030651807785034180e+00,3.413875699043273926e-01,-4.246595203876495361e-01,-2.288205921649932861e-01,1.000000000000000000e+00,3.155921936035156250e+00,-8.519954048097133636e-03,9.088626503944396973e-01,-3.949038386344909668e-01,-5.641609430313110352e-02,1.012856978923082352e-02,1.000000000000000000e+00,3.405513286590576172e+00,1.146072447299957275e-01,1.062159061431884766e+00,-3.942764103412628174e-01,2.390998601913452148e-02,-3.609223663806915283e-02,1.000000000000000000e+00,1.000000000000000000e+00,0.000000000000000000e+00,0.000000000000000000e+00,1.000000000000000000e+00,8.424603193998336792e-02,3.454308211803436279e-01,1.030651807785034180e+00,3.413875699043273926e-01,-4.246595203876495361e-01,-2.288205921649932861e-01,9.769322276115417480e-01,1.357817053794860840e-01,1.648240685462951660e-01,-1.045768633484840393e-01,9.771354198455810547e-01,-1.851222664117813110e-01,-1.861916184425354004e-01,1.636150926351547241e-01,9.687945842742919922e-01,-4.444852769374847412e-01,1.093204990029335022e-01,3.181142359972000122e-02,0.000000000000000000e+00,1.000000000000000000e+00,7.548402994871139526e-02,-4.667381048202514648e-01,9.954696297645568848e-01,3.926673829555511475e-01,2.830468714237213135e-01,1.012726128101348877e-01,1.000000000000000000e+00,8.424603193998336792e-02,3.454308211803436279e-01,1.030651807785034180e+00,3.413875699043273926e-01,-4.246595203876495361e-01,-2.288205921649932861e-01,1.000000000000000000e+00,3.155921936035156250e+00,-8.519954048097133636e-03,9.088626503944396973e-01,-3.949038386344909668e-01,-5.641609430313110352e-02,1.012856978923082352e-02,1.000000000000000000e+00,3.405513286590576172e+00,1.146072447299957275e-01,1.062159061431884766e+00,-3.942764103412628174e-01,2.390998601913452148e-02,-3.609223663806915283e-02,1.000000000000000000e+00,1.000000000000000000e+00,0.000000000000000000e+00,0.000000000000000000e+00,1.000000000000000000e+00,3.155921936035156250e+00,-8.519954048097133636e-03,9.088626503944396973e-01,-3.949038386344909668e-01,-5.641609430313110352e-02,1.012856978923082352e-02,9.622760739135321692e-03,-1.441400231455436387e-01,-1.595930072691589471e-03,1.000000000000000000e+00,3.405513286590576172e+00,1.146072447299957275e-01,1.062159061431884766e+00,-3.942764103412628174e-01,2.390998601913452148e-02,-3.609223663806915283e-02,6.124059276318984460e-03,-1.499561916511500392e-01,-8.554673911769310711e-04,1.000000000000000000e+00,4.062501713633537292e-02,3.086663596332073212e-02,-1.000000014901161194e-01,3.916217982769012451e-01,7.540155947208404541e-02,1.999928057193756104e-01,-1.000000014901161194e-01,3.954395651817321777e-01,-1.477169990539550781e-02,-1.077351570129394531e-01,1.588582992553710938e-03,4.079102873802185059e-01,4.755973815917968750e-02,-1.141293048858642578e-01,-5.420207977294921875e-03,3.895157575607299805e-01
3.800000000000000044e-01,8.347339928150177002e-02,-4.610019028186798096e-01,9.972881078720092773e-01,4.074703752994537354e-01,2.910104393959045410e-01,7.887895405292510986e-02,9.908702373504638672e-01,9.513994306325912476e-02,9.552329033613204956e-02,-1.002637669444084167e-01,9.936863780021667480e-01,5.034488439559936523e-02,-9.013038128614425659e-02,-5.946277081966400146e-02,9.941533207893371582e-01,7.190291285514831543e-01,-4.469695389270782471e-01,-2.385587245225906372e-02,1.000000000000000000e+00,0.000000000000000000e+00,8.347339928150177002e-02,-4.610019028186798096e-01,9.972881078720092773e-01,4.074703752994537354e-01,2.910104393959045410e-01,7.887895405292510986e-02,1.000000000000000000e+00,9.133170545101165771e-02,3.366565704345703125e-01,1.025970935821533203e+00,3.701293170452117920e-01,-4.555112421512603760e-01,-2.403091490268707275e-01,1.000000000000000000e+00,3.147793054580688477e+00,-9.659922681748867035e-03,9.090971350669860840e-01,-4.203678667545318604e-01,-5.759235844016075134e-02,1.362337730824947357e-02,1.000000000000000000e+00,3.397396564483642578e+00,1.150710880756378174e-01,1.061402320861816406e+00,-4.197745621204376221e-01,2.214270085096359253e-02,-4.005718231201171875e-02,1.000000000000000000e+00,1.000000000000000000e+00,0.000000000000000000e+00,0.000000000000000000e+00,1.000000000000000000e+00,9.133170545101165771e-02,3.366565704345703125e-01,1.025970935821533203e+00,3.701293170452117920e-01,-4.555112421512603760e-01,-2.403091490268707275e-01,9.767012596130371094e-01,1.333358734846115112e-01,1.681560575962066650e-01,-1.035483106970787048e-01,9.791201949119567871e-01,-1.749332100152969360e-01,-1.879698336124420166e-01,1.534451991319656372e-01,9.701145291328430176e-01,-6.294162273406982422e-01,8.379298448562622070e-02,3.687718510627746582e-02,0.000000000000000000e+00,1.000000000000000000e+00,8.347339928150177002e-02,-4.610019028186798096e-01,9.972881078720092773e-01,4.074703752994537354e-01,2.910104393959045410e-01,7.887895405292510986e-02,1.000000000000000000e+00,9.133170545101165771e-02,3.366565704345703125e-01,1.025970935821533203e+00,3.701293170452117920e-01,-4.555112421512603760e-01,-2.403091490268707275e-01,1.000000000000000000e+00,3.147793054580688477e+00,-9.659922681748867035e-03,9.090971350669860840e-01,-4.203678667545318604e-01,-5.759235844016075134e-02,1.362337730824947357e-02,1.000000000000000000e+00,3.397396564483642578e+00,1.150710880756378174e-01,1.061402320861816406e+00,-4.197745621204376221e-01,2.214270085096359253e-02,-4.005718231201171875e-02,1.000000000000000000e+00,1.000000000000000000e+00,0.000000000000000000e+00,0.000000000000000000e+00,1.000000000000000000e+00,3.147793054580688477e+00,-9.659922681748867035e-03,9.090971350669860840e-01,-4.203678667545318604e-01,-5.759235844016075134e-02,1.362337730824947357e-02,6.387778791625598612e-03,-1.394724143099210778e-01,-9.119962249290575716e-04,1.000000000000000000e+00,3.397396564483642578e+00,1.150710880756378174e-01,1.061402320861816406e+00,-4.197745621204376221e-01,2.214270085096359253e-02,-4.005718231201171875e-02,1.124071667966883813e-02,-1.454090607479963104e-01,-1.695599049345648118e-03,1.000000000000000000e+00,5.918067693710327148e-02,2.352298796176910400e-02,-1.000000014901161194e-01,4.054324030876159668e-01,5.236867815256118774e-02,1.999387890100479126e-01,-1.000000014901161194e-01,4.048400819301605225e-01,-1.821923255920410156e-02,-1.008942127227783203e-01,1.835346221923828125e-03,4.064354300498962402e-01,5.675721168518066406e-02,-1.068904399871826172e-01,-6.061553955078125000e-03,3.879252374172210693e-01
4.000000000000000222e-01,9.174394607543945312e-02,-4.551265239715576172e-01,9.986898899078369141e-01,4.206438362598419189e-01,2.967155873775482178e-01,6.008324399590492249e-02,9.916224479675292969e-01,9.683741629123687744e-02,8.548515290021896362e-02,-1.002479940652847290e-01,9.942914843559265137e-01,3.653899580240249634e-02,-8.145879954099655151e-02,-4.480259865522384644e-02,9.956693649291992188e-01,7.652588486671447754e-01,-4.241173863410949707e-01,-1.200105156749486923e-02,1.000000000000000000e+00,0.000000000000000000e+00,9.174394607543945312e-02,-4.551265239715576172e-01,9.986898899078369141e-01,4.206438362598419189e-01,2.967155873775482178e-01,6.008324399590492249e-02,1.000000000000000000e+00,9.899672120809555054e-02,3.272853791713714600e-01,1.021068215370178223e+00,3.993988931179046631e-01,-4.840483069419860840e-01,-2.507401108741760254e-01,1.000000000000000000e+00,3.139165401458740234e+00,-1.081759389489889145e-02,9.093990921974182129e-01,-4.446143805980682373e-01,-5.812003090977668762e-02,1.683456450700759888e-02,1.000000000000000000e+00,3.388780355453491211e+00,1.154907941818237305e-01,1.060561656951904297e+00,-4.440754652023315430e-01,1.937789283692836761e-02,-4.453918337821960449e-02,1.000000000000000000e+00,1.000000000000000000e+00,0.000000000000000000e+00,0.000000000000000000e+00,1.000000000000000000e+00,9.899672120809555054e-02,3.272853791713714600e-01,1.021068215370178223e+00,3.993988931179046631e-01,-4.840483069419860840e-01,-2.507401108741760254e-01,9.765486121177673340e-01,1.302546411752700806e-01,1.714253723621368408e-01,-1.025436148047447205e-01,9.815095067024230957e-01,-1.616291999816894531e-01,-1.893085837364196777e-01,1.402601897716522217e-01,9.718484878540039062e-01,-7.431566715240478516e-01,6.565099209547042847e-02,3.890534117817878723e-02,0.000000000000000000e+00,1.000000000000000000e+00,9.174394607543945312e-02,-4.551265239715576172e-01,9.986898899078369141e-01,4.206438362598419189e-01,2.967155873775482178e-01,6.008324399590492249e-02,1.000000000000000000e+00,9.899672120809555054e-02,3.272853791713714600e-01,1.021068215370178223e+00,3.993988931179046631e-01,-4.840483069419860840e-01,-2.507401108741760254e-01,1.000000000000000000e+00,3.139165401458740234e+00,-1.081759389489889145e-02,9.093990921974182129e-01,-4.446143805980682373e-01,-5.812003090977668762e-02,1.683456450700759888e-02,1.000000000000000000e+00,3.388780355453491211e+00,1.154907941818237305e-01,1.060561656951904297e+00,-4.440754652023315430e-01,1.937789283692836761e-02,-4.453918337821960449e-02,1.000000000000000000e+00,1.000000000000000000e+00,0.000000000000000000e+00,0.000000000000000000e+00,1.000000000000000000e+00,3.139165401458740234e+00,-1.081759389489889145e-02,9.093990921974182129e-01,-4.446143805980682373e-01,-5.812003090977668762e-02,1.683456450700759888e-02,3.092641699133299570e-03,-1.344352132958537283e-01,-2.756129187915733712e-04,1.000000000000000000e+00,3.388780355453491211e+00,1.154907941818237305e-01,1.060561656951904297e+00,-4.440754652023315430e-01,1.937789283692836761e-02,-4.453918337821960449e-02,1.695458615499825100e-02,-1.404628003914554224e-01,-2.560409336269581226e-03,1.000000000000000000e+00,7.616135478019714355e-02,1.798841729760169983e-02,-1.000000014901161194e-01,4.203560054302215576e-01,3.372069075703620911e-02,1.995265185832977295e-01,-1.000000014901161194e-01,4.110319614410400391e-01,-2.124190330505371094e-02,-9.430718421936035156e-02,2.000570297241210938e-03,4.050863981246948242e-01,6.595230102539062500e-02,-9.989571571350097656e-02,-6.586790084838867188e-03,3.864493370056152344e-01
4.199999999999999845e-01,1.002639457583427429e-01,-4.491587579250335693e-01,9.997531771659851074e-01,4.322641789913177490e-01,2.999532520771026611e-01,4.555847123265266418e-02,9.922844171524047852e-01,9.824003279209136963e-02,7.563485205173492432e-02,-1.001411229372024536e-01,9.947354197502136230e-01,2.175772748887538910e-02,-7.309918105602264404e-02,-2.916401065886020660e-02,9.968982338905334473e-01,8.074468970298767090e-01,-4.146616160869598389e-01,-1.421102439053356647e-03,1.000000000000000000e+00,0.000000000000000000e+00,1.002639457583427429e-01,-4.491587579250335693e-01,9.997531771659851074e-01,4.322641789913177490e-01,2.999532520771026611e-01,4.555847123265266418e-02,1.000000000000000000e+00,1.072526946663856506e-01,3.173669874668121338e-01,1.015971899032592773e+00,4.292968809604644775e-01,-5.099135041236877441e-01,-2.594124078750610352e-01,1.000000000000000000e+00,3.130064010620117188e+00,-1.197995711117982864e-02,9.097621440887451172e-01,-4.675932824611663818e-01,-5.799736827611923218e-02,1.969143375754356384e-02,1.000000000000000000e+00,3.379689216613769531e+00,1.158455163240432739e-01,1.059626698493957520e+00,-4.671315848827362061e-01,1.552078593522310257e-02,-4.955101758241653442e-02,1.000000000000000000e+00,1.000000000000000000e+00,0.000000000000000000e+00,0.000000000000000000e+00,1.000000000000000000e+00,1.072526946663856506e-01,3.173669874668121338e-01,1.015971899032592773e+00,4.292968809604644775e-01,-5.099135041236877441e-01,-2.594124078750610352e-01,9.764392375946044922e-01,1.268473118543624878e-01,1.745751798152923584e-01,-1.015892624855041504e-01,9.839463829994201660e-01,-1.467288583517074585e-01,-1.903847455978393555e-01,1.255368441343307495e-01,9.736500382423400879e-01,-7.787893414497375488e-01,5.597993358969688416e-02,3.841525688767433167e-02,0.000000000000000000e+00,1.000000000000000000e+00,1.002639457583427429e-01,-4.491587579250335693e-01,9.997531771659851074e-01,4.322641789913177490e-01,2.999532520771026611e-01,4.555847123265266418e-02,1.000000000000000000e+00,1.072526946663856506e-01,3.173669874668121338e-01,1.015971899032592773e+00,4.292968809604644775e-01,-5.099135041236877441e-01,-2.594124078750610352e-01,1.000000000000000000e+00,3.130064010620117188e+00,-1.197995711117982864e-02,9.097621440887451172e-01,-4.675932824611663818e-01,-5.799736827611923218e-02,1.969143375754356384e-02,1.000000000000000000e+00,3.379689216613769531e+00,1.158455163240432739e-01,1.059626698493957520e+00,-4.671315848827362061e-01,1.552078593522310257e-02,-4.955101758241653442e-02,1.000000000000000000e+00,1.000000000000000000e+00,0.000000000000000000e+00,0.000000000000000000e+00,1.000000000000000000e+00,3.130064010620117188e+00,-1.197995711117982864e-02,9.097621440887451172e-01,-4.675932824611663818e-01,-5.799736827611923218e-02,1.969143375754356384e-02,-2.016503207844970783e-04,-1.292223842330861849e-01,3.019399705621391046e-04,1.000000000000000000e+00,3.379689216613769531e+00,1.158455163240432739e-01,1.059626698493957520e+00,-4.671315848827362061e-01,1.552078593522310257e-02,-4.955101758241653442e-02,2.319142572337775515e-02,-1.352585878108405470e-01,-3.430240756749091541e-03,1.000000000000000000e+00,9.275853633880615234e-02,1.663388311862945557e-02,-1.000000014901161194e-01,4.281806349754333496e-01,1.852253824472427368e-02,1.983269006013870239e-01,-1.000000014901161194e-01,4.136490523815155029e-01,-2.372884750366210938e-02,-8.795976638793945312e-02,2.084970474243164062e-03,4.039418399333953857e-01,7.492518424987792969e-02,-9.314179420471191406e-02,-6.981611251831054688e-03,3.851527571678161621e-01
4.400000000000000022e-01,1.090022921562194824e-01,-4.431503117084503174e-01,1.000566959381103516e+00,4.423133134841918945e-01,3.004757463932037354e-01,3.555970638990402222e-02,9.928671717643737793e-01,9.933889657258987427e-02,6.592812389135360718e-02,-9.996891766786575317e-02,9.949705004692077637e-01,6.318864878267049789e-03,-6.496883183717727661e-02,-1.286455709487199783e-02,9.978043437004089355e-01,8.241541981697082520e-01,-3.948181569576263428e-01,7.404961157590150833e-03,1.000000000000000000e+00,0.000000000000000000e+00,1.090022921562194824e-01,-4.431503117084503174e-01,1.000566959381103516e+00,4.423133134841918945e-01,3.004757463932037354e-01,3.555970638990402222e-02,1.000000000000000000e+00,1.161124333739280701e-01,3.069567978382110596e-01,1.010719776153564453e+00,4.598317742347717285e-01,-5.329344868659973145e-01,-2.661662101745605469e-01,1.000000000000000000e+00,3.120514631271362305e+00,-1.313408371061086655e-02,9.101788401603698730e-01,-4.892859458923339844e-01,-5.723502486944198608e-02,2.215616963803768158e-02,1.000000000000000000e+00,3.370147943496704102e+00,1.161126643419265747e-01,1.058586835861206055e+00,-4.889169931411743164e-01,1.049312390387058258e-02,-5.508859828114509583e-02,1.000000000000000000e+00,1.000000000000000000e+00,0.000000000000000000e+00,0.000000000000000000e+00,1.000000000000000000e+00,1.161124333739280701e-01,3.069567978382110596e-01,1.010719776153564453e+00,4.598317742347717285e-01,-5.329344868659973145e-01,-2.661662101745605469e-01,9.763469696044921875e-01,1.233948767185211182e-01,1.775403618812561035e-01,-1.007034331560134888e-01,9.861725568771362305e-01,-1.316160261631011963e-01,-1.913261413574218750e-01,1.106239631772041321e-01,9.752727150917053223e-01,-7.587828636169433594e-01,4.860252141952514648e-02,3.592110052704811096e-02,0.000000000000000000e+00,1.000000000000000000e+00,1.090022921562194824e-01,-4.431503117084503174e-01,1.000566959381103516e+00,4.423133134841918945e-01,3.004757463932037354e-01,3.555970638990402222e-02,1.000000000000000000e+00,1.161124333739280701e-01,3.069567978382110596e-01,1.010719776153564453e+00,4.598317742347717285e-01,-5.329344868659973145e-01,-2.661662101745605469e-01,1.000000000000000000e+00,3.120514631271362305e+00,-1.313408371061086655e-02,9.101788401603698730e-01,-4.892859458923339844e-01,-5.723502486944198608e-02,2.215616963803768158e-02,1.000000000000000000e+00,3.370147943496704102e+00,1.161126643419265747e-01,1.058586835861206055e+00,-4.889169931411743164e-01,1.049312390387058258e-02,-5.508859828114509583e-02,1.000000000000000000e+00,1.000000000000000000e+00,0.000000000000000000e+00,0.000000000000000000e+00,1.000000000000000000e+00,3.120514631271362305e+00,-1.313408371061086655e-02,9.101788401603698730e-01,-4.892859458923339844e-01,-5.723502486944198608e-02,2.215616963803768158e-02,-3.435703673019800935e-03,-1.238868187507617957e-01,8.122023026031969899e-04,1.000000000000000000e+00,3.370147943496704102e+00,1.161126643419265747e-01,1.058586835861206055e+00,-4.889169931411743164e-01,1.049312390387058258e-02,-5.508859828114509583e-02,2.986225576880830249e-02,-1.298418818829076837e-01,-4.282507194823873681e-03,1.000000000000000000e+00,1.084392890334129333e-01,1.559730153530836105e-02,-1.000000014901161194e-01,4.299639165401458740e-01,6.629430688917636871e-03,1.897245049476623535e-01,-1.000000014901161194e-01,4.127449989318847656e-01,-2.556443214416503906e-02,-8.183789253234863281e-02,2.090215682983398438e-03,4.030580520629882812e-01,8.349156379699707031e-02,-8.663296699523925781e-02,-7.240772247314453125e-03,3.840679824352264404e-01
4.600000000000000200e-01,1.179272010922431946e-01,-4.371572732925415039e-01,1.001218795776367188e+00,4.507589936256408691e-01,2.980945706367492676e-01,2.963573858141899109e-02,9.933508634567260742e-01,1.001320406794548035e-01,5.681362003087997437e-02,-9.976454824209213257e-02,9.949679374694824219e-01,-9.275295771658420563e-03,-5.745647847652435303e-02,3.545637940987944603e-03,9.983417987823486328e-01,8.151956796646118164e-01,-3.496229946613311768e-01,1.421229820698499680e-02,1.000000000000000000e+00,0.000000000000000000e+00,1.179272010922431946e-01,-4.371572732925415039e-01,1.001218795776367188e+00,4.507589936256408691e-01,2.980945706367492676e-01,2.963573858141899109e-02,1.000000000000000000e+00,1.255880892276763916e-01,2.961119115352630615e-01,1.005347967147827148e+00,4.909204840660095215e-01,-5.530984401702880859e-01,-2.712632119655609131e-01,1.000000000000000000e+00,3.110543489456176758e+00,-1.426736544817686081e-02,9.106412529945373535e-01,-5.096831321716308594e-01,-5.585622414946556091e-02,2.422981895506381989e-02,1.000000000000000000e+00,3.360182762145996094e+00,1.162682771682739258e-01,1.057431459426879883e+00,-5.094148516654968262e-01,4.234894178807735443e-03,-6.112794205546379089e-02,1.000000000000000000e+00,1.000000000000000000e+00,0.000000000000000000e+00,0.000000000000000000e+00,1.000000000000000000e+00,1.255880892276763916e-01,2.961119115352630615e-01,1.005347967147827148e+00,4.909204840660095215e-01,-5.530984401702880859e-01,-2.712632119655609131e-01,9.762940406799316406e-01,1.200682446360588074e-01,1.800940483808517456e-01,-9.991817921400070190e-02,9.880819320678710938e-01,-1.170929148793220520e-01,-1.920067816972732544e-01,9.632242470979690552e-02,9.766553640365600586e-01,-7.149257063865661621e-01,1.880804821848869324e-02,3.319244459271430969e-02,0.000000000000000000e+00,1.000000000000000000e+00,1.179272010922431946e-01,-4.371572732925415039e-01,1.001218795776367188e+00,4.507589936256408691e-01,2.980945706367492676e-01,2.963573858141899109e-02,1.000000000000000000e+00,1.255880892276763916e-01,2.961119115352630615e-01,1.005347967147827148e+00,4.909204840660095215e-01,-5.530984401702880859e-01,-2.712632119655609131e-01,1.000000000000000000e+00,3.110543489456176758e+00,-1.426736544817686081e-02,9.106412529945373535e-01,-5.096831321716308594e-01,-5.585622414946556091e-02,2.422981895506381989e-02,1.000000000000000000e+00,3.360182762145996094e+00,1.162682771682739258e-01,1.057431459426879883e+00,-5.094148516654968262e-01,4.234894178807735443e-03,-6.112794205546379089e-02,1.000000000000000000e+00,1.000000000000000000e+00,0.000000000000000000e+00,0.000000000000000000e+00,1.000000000000000000e+00,3.110543489456176758e+00,-1.426736544817686081e-02,9.106412529945373535e-01,-5.096831321716308594e-01,-5.585622414946556091e-02,2.422981895506381989e-02,-6.540868925471520628e-03,-1.184236286669329008e-01,1.248025780993380039e-03,1.000000000000000000e+00,3.360182762145996094e+00,1.162682771682739258e-01,1.057431459426879883e+00,-5.094148516654968262e-01,4.234894178807735443e-03,-6.112794205546379089e-02,3.686465536757042860e-02,-1.242356805814679444e-01,-5.093273806308650647e-03,1.000000000000000000e+00,1.241727992892265320e-01,1.533948630094528198e-02,-1.000000014901161194e-01,4.303896129131317139e-01,-1.625650911591947079e-03,1.787432581186294556e-01,-1.000000014901161194e-01,4.097285568714141846e-01,-2.665519714355468750e-02,-7.594323158264160156e-02,2.022743225097656250e-03,4.024406671524047852e-01,9.151005744934082031e-02,-8.038353919982910156e-02,-7.368326187133789062e-03,3.831930160522460938e-01
4.799999999999999822e-01,1.270069628953933716e-01,-4.312386810779571533e-01,1.001783251762390137e+00,4.576658904552459717e-01,2.927271127700805664e-01,2.703056111931800842e-02,9.937251806259155273e-01,1.006520465016365051e-01,4.878080636262893677e-02,-9.954256564378738403e-02,9.947275519371032715e-01,-2.466966211795806885e-02,-5.100665986537933350e-02,1.965909823775291443e-02,9.985048770904541016e-01,7.954730987548828125e-01,-2.888407111167907715e-01,1.888832077383995056e-02,1.000000000000000000e+00,0.000000000000000000e+00,1.270069628953933716e-01,-4.312386810779571533e-01,1.001783251762390137e+00,4.576658904552459717e-01,2.927271127700805664e-01,2.703056111931800842e-02,1.000000000000000000e+00,1.356890499591827393e-01,2.848890125751495361e-01,9.998858571052551270e-01,5.223457813262939453e-01,-5.704748630523681641e-01,-2.752090394496917725e-01,1.000000000000000000e+00,3.100175619125366211e+00,-1.536778453737497330e-02,9.111418128013610840e-01,-5.287793874740600586e-01,-5.389837175607681274e-02,2.594673633575439453e-02,1.000000000000000000e+00,3.349819660186767578e+00,1.162873357534408569e-01,1.056151270866394043e+00,-5.286161303520202637e-01,-3.293864894658327103e-03,-6.762867420911788940e-02,1.000000000000000000e+00,1.000000000000000000e+00,0.000000000000000000e+00,0.000000000000000000e+00,1.000000000000000000e+00,1.356890499591827393e-01,2.848890125751495361e-01,9.998858571052551270e-01,5.223457813262939453e-01,-5.704748630523681641e-01,-2.752090394496917725e-01,9.764072895050048828e-01,1.169393956661224365e-01,1.815326064825057983e-01,-9.930895268917083740e-02,9.896724820137023926e-01,-1.033737957477569580e-01,-1.917462795972824097e-01,8.290711045265197754e-02,9.779365062713623047e-01,-6.655131578445434570e-01,-5.415761470794677734e-02,3.004080243408679962e-02,0.000000000000000000e+00,1.000000000000000000e+00,1.270069628953933716e-01,-4.312386810779571533e-01,1.001783251762390137e+00,4.576658904552459717e-01,2.927271127700805664e-01,2.703056111931800842e-02,1.000000000000000000e+00,1.356890499591827393e-01,2.848890125751495361e-01,9.998858571052551270e-01,5.223457813262939453e-01,-5.704748630523681641e-01,-2.752090394496917725e-01,1.000000000000000000e+00,3.100175619125366211e+00,-1.536778453737497330e-02,9.111418128013610840e-01,-5.287793874740600586e-01,-5.389837175607681274e-02,2.594673633575439453e-02,1.000000000000000000e+00,3.349819660186767578e+00,1.162873357534408569e-01,1.056151270866394043e+00,-5.286161303520202637e-01,-3.293864894658327103e-03,-6.762867420911788940e-02,1.000000000000000000e+00,1.000000000000000000e+00,0.000000000000000000e+00,0.000000000000000000e+00,1.000000000000000000e+00,3.100175619125366211e+00,-1.536778453737497330e-02,9.111418128013610840e-01,-5.287793874740600586e-01,-5.389837175607681274e-02,2.594673633575439453e-02,-9.436981555895160301e-03,-1.128502145359269182e-01,1.603890249732076341e-03,1.000000000000000000e+00,3.349819660186767578e+00,1.162873357534408569e-01,1.056151270866394043e+00,-5.286161303520202637e-01,-3.293864894658327103e-03,-6.762867420911788940e-02,4.408350118881815272e-02,-1.184857939584127440e-01,-5.840080716811212047e-03,1.000000000000000000e+00,1.399418264627456665e-01,1.720439828932285309e-02,-1.000000014901161194e-01,4.302454590797424316e-01,-9.533181786537170410e-03,1.661994755268096924e-01,-1.000000014901161194e-01,4.065133929252624512e-01,-2.694296836853027344e-02,-7.028841972351074219e-02,1.892566680908203125e-03,4.020637571811676025e-01,9.887099266052246094e-02,-7.440924644470214844e-02,-7.374048233032226562e-03,3.824984729290008545e-01
5.000000000000000000e-01,1.362121403217315674e-01,-4.254544973373413086e-01,1.002319931983947754e+00,4.631953537464141846e-01,2.843635976314544678e-01,2.702253684401512146e-02,9.940024018287658691e-01,1.009664833545684814e-01,4.201252385973930359e-02,-9.930932521820068359e-02,9.942593574523925781e-01,-3.982525318861007690e-02,-4.579235985875129700e-02,3.541415929794311523e-02,9.983230829238891602e-01,7.819302082061767578e-01,-2.264968305826187134e-01,2.107556723058223724e-02,1.000000000000000000e+00,0.000000000000000000e+00,1.362121403217315674e-01,-4.254544973373413086e-01,1.002319931983947754e+00,4.631953537464141846e-01,2.843635976314544678e-01,2.702253684401512146e-02,1.000000000000000000e+00,1.464188694953918457e-01,2.733429074287414551e-01,9.943515062332153320e-01,5.537308454513549805e-01,-5.851669907569885254e-01,-2.784967422485351562e-01,1.000000000000000000e+00,3.089437484741210938e+00,-1.642421260476112366e-02,9.116740226745605469e-01,-5.465785264968872070e-01,-5.141445994377136230e-02,2.736362256109714508e-02,1.000000000000000000e+00,3.339083909988403320e+00,1.161442324519157410e-01,1.054737091064453125e+00,-5.465232729911804199e-01,-1.211162004619836807e-02,-7.454051822423934937e-02,1.000000000000000000e+00,1.000000000000000000e+00,0.000000000000000000e+00,0.000000000000000000e+00,1.000000000000000000e+00,1.464188694953918457e-01,2.733429074287414551e-01,9.943515062332153320e-01,5.537308454513549805e-01,-5.851669907569885254e-01,-2.784967422485351562e-01,9.768311977386474609e-01,1.140390411019325256e-01,1.810971945524215698e-01,-9.892725199460983276e-02,9.909781813621520996e-01,-9.042093902826309204e-02,-1.897748559713363647e-01,7.041054219007492065e-02,9.792997837066650391e-01,-6.199081540107727051e-01,-1.555115878582000732e-01,2.677544765174388885e-02,0.000000000000000000e+00,1.000000000000000000e+00,1.362121403217315674e-01,-4.254544973373413086e-01,1.002319931983947754e+00,4.631953537464141846e-01,2.843635976314544678e-01,2.702253684401512146e-02,1.000000000000000000e+00,1.464188694953918457e-01,2.733429074287414551e-01,9.943515062332153320e-01,5.537308454513549805e-01,-5.851669907569885254e-01,-2.784967422485351562e-01,1.000000000000000000e+00,3.089437484741210938e+00,-1.642421260476112366e-02,9.116740226745605469e-01,-5.465785264968872070e-01,-5.141445994377136230e-02,2.736362256109714508e-02,1.000000000000000000e+00,3.339083909988403320e+00,1.161442324519157410e-01,1.054737091064453125e+00,-5.465232729911804199e-01,-1.211162004619836807e-02,-7.454051822423934937e-02,1.000000000000000000e+00,1.000000000000000000e+00,0.000000000000000000e+00,0.000000000000000000e+00,1.000000000000000000e+00,3.089437484741210938e+00,-1.642421260476112366e-02,9.116740226745605469e-01,-5.465785264968872070e-01,-5.141445994377136230e-02,2.736362256109714508e-02,-1.203875435403036626e-02,-1.072195785677823032e-01,1.876586712354513450e-03,1.000000000000000000e+00,3.339083909988403320e+00,1.161442324519157410e-01,1.054737091064453125e+00,-5.465232729911804199e-01,-1.211162004619836807e-02,-7.454051822423934937e-02,5.139737979264889095e-02,-1.126588466424747192e-01,-6.504161004522543421e-03,1.000000000000000000e+00,1.562136560678482056e-01,2.148930728435516357e-02,-1.000000014901161194e-01,4.302301704883575439e-01,-1.382793392986059189e-02,1.554255187511444092e-01,-1.000000014901161194e-01,4.073298275470733643e-01,-2.640080451965332031e-02,-6.488513946533203125e-02,1.712322235107421875e-03,4.018914401531219482e-01,1.054778099060058594e-01,-6.872391700744628906e-02,-7.270097732543945312e-03,3.819462656974792480e-01
5.200000000000000178e-01,1.455170065164566040e-01,-4.198645055294036865e-01,1.002875328063964844e+00,4.675474464893341064e-01,2.730039954185485840e-01,2.899662405252456665e-02,9.942013025283813477e-01,1.011615470051765442e-01,3.647157922387123108e-02,-9.908080846071243286e-02,9.935613274574279785e-01,-5.494500696659088135e-02,-4.179507121443748474e-02,5.101276189088821411e-02,9.978231191635131836e-01,7.822229266166687012e-01,-1.661020666360855103e-01,2.038949914276599884e-02,1.000000000000000000e+00,0.000000000000000000e+00,1.455170065164566040e-01,-4.198645055294036865e-01,1.002875328063964844e+00,4.675474464893341064e-01,2.730039954185485840e-01,2.899662405252456665e-02,1.000000000000000000e+00,1.577727943658828735e-01,2.615261971950531006e-01,9.887554645538330078e-01,5.846440196037292480e-01,-5.973051786422729492e-01,-2.813024818897247314e-01,1.000000000000000000e+00,3.078355073928833008e+00,-1.742671988904476166e-02,9.122322797775268555e-01,-5.630963444709777832e-01,-4.847297817468643188e-02,2.854838036000728607e-02,1.000000000000000000e+00,3.328001260757446289e+00,1.158131733536720276e-01,1.053181171417236328e+00,-5.631508231163024902e-01,-2.221510745584964752e-02,-8.181024342775344849e-02,1.000000000000000000e+00,1.000000000000000000e+00,0.000000000000000000e+00,0.000000000000000000e+00,1.000000000000000000e+00,1.577727943658828735e-01,2.615261971950531006e-01,9.887554645538330078e-01,5.846440196037292480e-01,-5.973051786422729492e-01,-2.813024818897247314e-01,9.776015877723693848e-01,1.113833263516426086e-01,1.785754263401031494e-01,-9.875728935003280640e-02,9.920401573181152344e-01,-7.812637090682983398e-02,-1.858559250831604004e-01,5.874082818627357483e-02,9.808197617530822754e-01,-5.754070878028869629e-01,-2.455893158912658691e-01,2.341442555189132690e-02,0.000000000000000000e+00,1.000000000000000000e+00,1.455170065164566040e-01,-4.198645055294036865e-01,1.002875328063964844e+00,4.675474464893341064e-01,2.730039954185485840e-01,2.899662405252456665e-02,1.000000000000000000e+00,1.577727943658828735e-01,2.615261971950531006e-01,9.887554645538330078e-01,5.846440196037292480e-01,-5.973051786422729492e-01,-2.813024818897247314e-01,1.000000000000000000e+00,3.078355073928833008e+00,-1.742671988904476166e-02,9.122322797775268555e-01,-5.630963444709777832e-01,-4.847297817468643188e-02,2.854838036000728607e-02,1.000000000000000000e+00,3.328001260757446289e+00,1.158131733536720276e-01,1.053181171417236328e+00,-5.631508231163024902e-01,-2.221510745584964752e-02,-8.181024342775344849e-02,1.000000000000000000e+00,1.000000000000000000e+00,0.000000000000000000e+00,0.000000000000000000e+00,1.000000000000000000e+00,3.078355073928833008e+00,-1.742671988904476166e-02,9.122322797775268555e-01,-5.630963444709777832e-01,-4.847297817468643188e-02,2.854838036000728607e-02,-1.426577414492528548e-02,-1.015934850098318964e-01,2.065820387478032628e-03,1.000000000000000000e+00,3.328001260757446289e+00,1.158131733536720276e-01,1.053181171417236328e+00,-5.631508231163024902e-01,-2.221510745584964752e-02,-8.181024342775344849e-02,5.868705066555130606e-02,-1.068197835457986855e-01,-7.070945537287813554e-03,1.000000000000000000e+00,1.857443004846572876e-01,2.834018133580684662e-02,-9.999999403953552246e-02,4.315999746322631836e-01,-1.624472066760063171e-02,1.448139399290084839e-01,-1.000000014901161194e-01,4.090509116649627686e-01,-2.501845359802246094e-02,-5.974292755126953125e-02,1.494169235229492188e-03,4.018864631652832031e-01,1.112415790557861328e-01,-6.333279609680175781e-02,-7.069587707519531250e-03,3.815165758132934570e-01
5.400000000000000355e-01,1.548998504877090454e-01,-4.145288765430450439e-01,1.003484487533569336e+00,4.709337949752807617e-01,2.586070299148559570e-01,3.251116350293159485e-02,9.943341612815856934e-01,1.013319715857505798e-01,3.211511299014091492e-02,-9.887918084859848022e-02,9.926008582115173340e-01,-7.047297805547714233e-02,-3.901865705847740173e-02,6.689817458391189575e-02,9.969965219497680664e-01,8.252772688865661621e-01,-1.022262945771217346e-01,1.665585301816463470e-02,1.000000000000000000e+00,0.000000000000000000e+00,1.548998504877090454e-01,-4.145288765430450439e-01,1.003484487533569336e+00,4.709337949752807617e-01,2.586070299148559570e-01,3.251116350293159485e-02,1.000000000000000000e+00,1.697380393743515015e-01,2.494886070489883423e-01,9.831083416938781738e-01,6.147320866584777832e-01,-6.070464253425598145e-01,-2.835228443145751953e-01,1.000000000000000000e+00,3.066953659057617188e+00,-1.836687326431274414e-02,9.128127098083496094e-01,-5.783585309982299805e-01,-4.515625163912773132e-02,2.957158163189888000e-02,1.000000000000000000e+00,3.316597700119018555e+00,1.152686402201652527e-01,1.051477074623107910e+00,-5.785223245620727539e-01,-3.358033671975135803e-02,-8.938552439212799072e-02,1.000000000000000000e+00,1.000000000000000000e+00,0.000000000000000000e+00,0.000000000000000000e+00,1.000000000000000000e+00,1.697380393743515015e-01,2.494886070489883423e-01,9.831083416938781738e-01,6.147320866584777832e-01,-6.070464253425598145e-01,-2.835228443145751953e-01,9.786118865013122559e-01,1.090049445629119873e-01,1.744610965251922607e-01,-9.871363639831542969e-02,9.928818345069885254e-01,-6.664344668388366699e-02,-1.804836988449096680e-01,4.799637943506240845e-02,9.824061989784240723e-01,-5.196222066879272461e-01,-2.991400361061096191e-01,2.019336074590682983e-02,0.000000000000000000e+00,1.000000000000000000e+00,1.548998504877090454e-01,-4.145288765430450439e-01,1.003484487533569336e+00,4.709337949752807617e-01,2.586070299148559570e-01,3.251116350293159485e-02,1.000000000000000000e+00,1.697380393743515015e-01,2.494886070489883423e-01,9.831083416938781738e-01,6.147320866584777832e-01,-6.070464253425598145e-01,-2.835228443145751953e-01,1.000000000000000000e+00,3.066953659057617188e+00,-1.836687326431274414e-02,9.128127098083496094e-01,-5.783585309982299805e-01,-4.515625163912773132e-02,2.957158163189888000e-02,1.000000000000000000e+00,3.316597700119018555e+00,1.152686402201652527e-01,1.051477074623107910e+00,-5.785223245620727539e-01,-3.358033671975135803e-02,-8.938552439212799072e-02,1.000000000000000000e+00,1.000000000000000000e+00,0.000000000000000000e+00,0.000000000000000000e+00,1.000000000000000000e+00,3.066953659057617188e+00,-1.836687326431274414e-02,9.128127098083496094e-01,-5.783585309982299805e-01,-4.515625163912773132e-02,2.957158163189888000e-02,-1.604906765118156373e-02,-9.601916322713743845e-02,2.174276615804826562e-03,1.000000000000000000e+00,3.316597700119018555e+00,1.152686402201652527e-01,1.051477074623107910e+00,-5.785223245620727539e-01,-3.358033671975135803e-02,-8.938552439212799072e-02,6.584001814585745127e-02,-1.010180369771038755e-01,-7.529791560866850447e-03,1.000000000000000000e+00,1.999994516372680664e-01,3.965856507420539856e-02,-1.000000014901161194e-01,4.336542189121246338e-01,-1.769446767866611481e-02,1.332224160432815552e-01,-1.000000014901161194e-01,4.115112423896789551e-01,-2.278900146484375000e-02,-5.486202239990234375e-02,1.249790191650390625e-03,4.020184874534606934e-01,1.160886287689208984e-01,-5.823731422424316406e-02,-6.787300109863281250e-03,3.812102675437927246e-01
5.600000000000000533e-01,1.643433868885040283e-01,-4.095097184181213379e-01,1.004175782203674316e+00,4.735799133777618408e-01,2.409884035587310791e-01,3.730195388197898865e-02,9.944021701812744141e-01,1.016002967953681946e-01,2.901455201208591461e-02,-9.873344749212265015e-02,9.912764430046081543e-01,-8.730901032686233521e-02,-3.763206303119659424e-02,8.395556360483169556e-02,9.957587122917175293e-01,8.887730240821838379e-01,-2.321976423263549805e-02,8.038113825023174286e-03,1.000000000000000000e+00,0.000000000000000000e+00,1.643433868885040283e-01,-4.095097184181213379e-01,1.004175782203674316e+00,4.735799133777618408e-01,2.409884035587310791e-01,3.730195388197898865e-02,1.000000000000000000e+00,1.822959184646606445e-01,2.372763007879257202e-01,9.774231910705566406e-01,6.437778472900390625e-01,-6.145996451377868652e-01,-2.849953174591064453e-01,1.000000000000000000e+00,3.055258035659790039e+00,-1.923799701035022736e-02,9.134125113487243652e-01,-5.923966169357299805e-01,-4.155811667442321777e-02,3.050213679671287537e-02,1.000000000000000000e+00,3.304897785186767578e+00,1.144857481122016907e-01,1.049619078636169434e+00,-5.926681160926818848e-01,-4.616402089595794678e-02,-9.721501171588897705e-02,1.000000000000000000e+00,1.000000000000000000e+00,0.000000000000000000e+00,0.000000000000000000e+00,1.000000000000000000e+00,1.822959184646606445e-01,2.372763007879257202e-01,9.774231910705566406e-01,6.437778472900390625e-01,-6.145996451377868652e-01,-2.849953174591064453e-01,9.797250628471374512e-01,1.069524064660072327e-01,1.694111526012420654e-01,-9.872361272573471069e-02,9.935212135314941406e-01,-5.629783868789672852e-02,-1.743347346782684326e-01,3.843151777982711792e-02,9.839363098144531250e-01,-4.521687328815460205e-01,-3.254745900630950928e-01,1.688725315034389496e-02,0.000000000000000000e+00,1.000000000000000000e+00,1.643433868885040283e-01,-4.095097184181213379e-01,1.004175782203674316e+00,4.735799133777618408e-01,2.409884035587310791e-01,3.730195388197898865e-02,1.000000000000000000e+00,1.822959184646606445e-01,2.372763007879257202e-01,9.774231910705566406e-01,6.437778472900390625e-01,-6.145996451377868652e-01,-2.849953174591064453e-01,1.000000000000000000e+00,3.055258035659790039e+00,-1.923799701035022736e-02,9.134125113487243652e-01,-5.923966169357299805e-01,-4.155811667442321777e-02,3.050213679671287537e-02,1.000000000000000000e+00,3.304897785186767578e+00,1.144857481122016907e-01,1.049619078636169434e+00,-5.926681160926818848e-01,-4.616402089595794678e-02,-9.721501171588897705e-02,1.000000000000000000e+00,1.000000000000000000e+00,0.000000000000000000e+00,0.000000000000000000e+00,1.000000000000000000e+00,3.055258035659790039e+00,-1.923799701035022736e-02,9.134125113487243652e-01,-5.923966169357299805e-01,-4.155811667442321777e-02,3.050213679671287537e-02,-1.733126081987734074e-02,-9.052633813120380957e-02,2.206811162706837949e-03,1.000000000000000000e+00,3.304897785186767578e+00,1.144857481122016907e-01,1.049619078636169434e+00,-5.926681160926818848e-01,-4.616402089595794678e-02,-9.721501171588897705e-02,7.275030980760913146e-02,-9.528901662574362774e-02,-7.873865859189803362e-03,1.000000000000000000e+00,1.999962776899337769e-01,5.380026623606681824e-02,-1.000000014901161194e-01,4.358586370944976807e-01,-1.745058223605155945e-02,1.207365319132804871e-01,-1.000000014901161194e-01,4.150928556919097900e-01,-1.968574523925781250e-02,-5.023455619812011719e-02,9.887218475341796875e-04,4.022671878337860107e-01,1.199817657470703125e-01,-5.343818664550781250e-02,-6.439447402954101562e-03,3.810330629348754883e-01
5.799999999999999600e-01,1.738351136445999146e-01,-4.048740565776824951e-01,1.004972815513610840e+00,4.757645726203918457e-01,2.198811173439025879e-01,4.312068223953247070e-02,9.943920373916625977e-01,1.020871326327323914e-01,2.761927805840969086e-02,-9.867604821920394897e-02,9.895671010017395020e-01,-1.049768477678298950e-01,-3.804790973663330078e-02,1.016627699136734009e-01,9.940911531448364258e-01,8.675292730331420898e-01,7.984797656536102295e-02,-6.660591345280408859e-03,1.000000000000000000e+00,0.000000000000000000e+00,1.738351136445999146e-01,-4.048740565776824951e-01,1.004972815513610840e+00,4.757645726203918457e-01,2.198811173439025879e-01,4.312068223953247070e-02,1.000000000000000000e+00,1.954244822263717651e-01,2.249307185411453247e-01,9.717168211936950684e-01,6.716741919517517090e-01,-6.202265620231628418e-01,-2.855181097984313965e-01,1.000000000000000000e+00,3.043292284011840820e+00,-2.003537863492965698e-02,9.140308499336242676e-01,-6.052455902099609375e-01,-3.778208047151565552e-02,3.140490874648094177e-02,1.000000000000000000e+00,3.292926073074340820e+00,1.134406477212905884e-01,1.047602772712707520e+00,-6.056219339370727539e-01,-5.990492179989814758e-02,-1.052468344569206238e-01,1.000000000000000000e+00,1.000000000000000000e+00,0.000000000000000000e+00,0.000000000000000000e+00,1.000000000000000000e+00,1.954244822263717651e-01,2.249307185411453247e-01,9.717168211936950684e-01,6.716741919517517090e-01,-6.202265620231628418e-01,-2.855181097984313965e-01,9.808747172355651855e-01,1.052477210760116577e-01,1.637305170297622681e-01,-9.876136481761932373e-02,9.939870238304138184e-01,-4.728708416223526001e-02,-1.677228659391403198e-01,3.021245449781417847e-02,9.853711128234863281e-01,-3.807965219020843506e-01,-3.491494655609130859e-01,1.379867922514677048e-02,0.000000000000000000e+00,1.000000000000000000e+00,1.738351136445999146e-01,-4.048740565776824951e-01,1.004972815513610840e+00,4.757645726203918457e-01,2.198811173439025879e-01,4.312068223953247070e-02,1.000000000000000000e+00,1.954244822263717651e-01,2.249307185411453247e-01,9.717168211936950684e-01,6.716741919517517090e-01,-6.202265620231628418e-01,-2.855181097984313965e-01,1.000000000000000000e+00,3.043292284011840820e+00,-2.003537863492965698e-02,9.140308499336242676e-01,-6.052455902099609375e-01,-3.778208047151565552e-02,3.140490874648094177e-02,1.000000000000000000e+00,3.292926073074340820e+00,1.134406477212905884e-01,1.047602772712707520e+00,-6.056219339370727539e-01,-5.990492179989814758e-02,-1.052468344569206238e-01,1.000000000000000000e+00,1.000000000000000000e+00,0.000000000000000000e+00,0.000000000000000000e+00,1.000000000000000000e+00,3.043292284011840820e+00,-2.003537863492965698e-02,9.140308499336242676e-01,-6.052455902099609375e-01,-3.778208047151565552e-02,3.140490874648094177e-02,-1.806286716443403217e-02,-8.513571266423602957e-02,2.169922948798837584e-03,1.000000000000000000e+00,3.292926073074340820e+00,1.134406477212905884e-01,1.047602772712707520e+00,-6.056219339370727539e-01,-5.990492179989814758e-02,-1.052468344569206238e-01,7.931780860466204619e-02,-8.966166197354108469e-02,-8.100388456503640477e-03,1.000000000000000000e+00,1.999999582767486572e-01,6.289997696876525879e-02,-1.000000014901161194e-01,4.408673942089080811e-01,-1.548313256353139877e-02,1.078060492873191833e-01,-1.000000014901161194e-01,4.188782274723052979e-01,-1.566815376281738281e-02,-4.584741592407226562e-02,7.181167602539062500e-04,4.026128351688385010e-01,1.229217052459716797e-01,-4.893708229064941406e-02,-6.043434143066406250e-03,3.809956610202789307e-01
5.999999999999999778e-01,1.833692640066146851e-01,-4.006922841072082520e-01,1.005894899368286133e+00,4.778908193111419678e-01,1.952732354402542114e-01,4.994346201419830322e-02,9.942949414253234863e-01,1.028018444776535034e-01,2.845020592212677002e-02,-9.864869713783264160e-02,9.876998066902160645e-01,-1.213160157203674316e-01,-4.057177156209945679e-02,1.178173273801803589e-01,9.922061562538146973e-01,7.322970032691955566e-01,1.763426363468170166e-01,-1.998354494571685791e-02,1.000000000000000000e+00,0.000000000000000000e+00,1.833692640066146851e-01,-4.006922841072082520e-01,1.005894899368286133e+00,4.778908193111419678e-01,1.952732354402542114e-01,4.994346201419830322e-02,1.000000000000000000e+00,2.091000229120254517e-01,2.124878913164138794e-01,9.660100340843200684e-01,6.983313560485839844e-01,-6.242049336433410645e-01,-2.848884165287017822e-01,1.000000000000000000e+00,3.031080245971679688e+00,-2.075645886361598969e-02,9.146672487258911133e-01,-6.169421672821044922e-01,-3.394029289484024048e-02,3.233914449810981750e-02,1.000000000000000000e+00,3.280705451965332031e+00,1.121108755469322205e-01,1.045424461364746094e+00,-6.174216866493225098e-01,-7.472533732652664185e-02,-1.134267821907997131e-01,1.000000000000000000e+00,1.000000000000000000e+00,0.000000000000000000e+00,0.000000000000000000e+00,1.000000000000000000e+00,2.091000229120254517e-01,2.124878913164138794e-01,9.660100340843200684e-01,6.983313560485839844e-01,-6.242049336433410645e-01,-2.848884165287017822e-01,9.820685386657714844e-01,1.038792356848716736e-01,1.573231518268585205e-01,-9.882607311010360718e-02,9.943153262138366699e-01,-3.963010385632514954e-02,-1.605455577373504639e-01,2.337184920907020569e-02,9.867517352104187012e-01,-3.104260563850402832e-01,-3.843975663185119629e-01,1.106448564678430557e-02,0.000000000000000000e+00,1.000000000000000000e+00,1.833692640066146851e-01,-4.006922841072082520e-01,1.005894899368286133e+00,4.778908193111419678e-01,1.952732354402542114e-01,4.994346201419830322e-02,1.000000000000000000e+00,2.091000229120254517e-01,2.124878913164138794e-01,9.660100340843200684e-01,6.983313560485839844e-01,-6.242049336433410645e-01,-2.848884165287017822e-01,1.000000000000000000e+00,3.031080245971679688e+00,-2.075645886361598969e-02,9.146672487258911133e-01,-6.169421672821044922e-01,-3.394029289484024048e-02,3.233914449810981750e-02,1.000000000000000000e+00,3.280705451965332031e+00,1.121108755469322205e-01,1.045424461364746094e+00,-6.174216866493225098e-01,-7.472533732652664185e-02,-1.134267821907997131e-01,1.000000000000000000e+00,1.000000000000000000e+00,0.000000000000000000e+00,0.000000000000000000e+00,1.000000000000000000e+00,3.031080245971679688e+00,-2.075645886361598969e-02,9.146672487258911133e-01,-6.169421672821044922e-01,-3.394029289484024048e-02,3.233914449810981750e-02,-1.819785062407453316e-02,-7.986597176985976709e-02,2.071194604346342227e-03,1.000000000000000000e+00,3.280705451965332031e+00,1.121108755469322205e-01,1.045424461364746094e+00,-6.174216866493225098e-01,-7.472533732652664185e-02,-1.134267821907997131e-01,8.545086962718338730e-02,-8.416349213283336184e-02,-8.210817650492099884e-03,1.000000000000000000e+00,1.999999880790710449e-01,6.184206157922744751e-02,-1.000000014901161194e-01,4.472810029983520508e-01,-1.096122246235609055e-02,9.468018263578414917e-02,-1.000000014901161194e-01,4.238488972187042236e-01,-1.074361801147460938e-02,-4.168772697448730469e-02,4.477500915527343750e-04,4.030550718307495117e-01,1.249334812164306641e-01,-4.473376274108886719e-02,-5.616188049316406250e-03,3.811118900775909424e-01
6.199999999999999956e-01,1.929487287998199463e-01,-3.970315754413604736e-01,1.006963968276977539e+00,4.804025292396545410e-01,1.675626337528228760e-01,5.802408978343009949e-02,9.941282272338867188e-01,1.036612540483474731e-01,3.103905543684959412e-02,-9.861002862453460693e-02,9.859837293624877930e-01,-1.345818340778350830e-01,-4.455492272973060608e-02,1.307308375835418701e-01,9.904162883758544922e-01,5.552382469177246094e-01,2.080043554306030273e-01,-2.770076692104339600e-02,1.000000000000000000e+00,0.000000000000000000e+00,1.929487287998199463e-01,-3.970315754413604736e-01,1.006963968276977539e+00,4.804025292396545410e-01,1.675626337528228760e-01,5.802408978343009949e-02,1.000000000000000000e+00,2.232966274023056030e-01,1.999783217906951904e-01,9.603278040885925293e-01,7.236210703849792480e-01,-6.268047094345092773e-01,-2.828774452209472656e-01,1.000000000000000000e+00,3.018644094467163086e+00,-2.140098996460437775e-02,9.153230190277099609e-01,-6.275246143341064453e-01,-3.015327826142311096e-02,3.335638716816902161e-02,1.000000000000000000e+00,3.268259286880493164e+00,1.104756444692611694e-01,1.043081521987915039e+00,-6.281083822250366211e-01,-9.053321182727813721e-02,-1.216971352696418762e-01,1.000000000000000000e+00,1.000000000000000000e+00,0.000000000000000000e+00,0.000000000000000000e+00,1.000000000000000000e+00,2.232966274023056030e-01,1.999783217906951904e-01,9.603278040885925293e-01,7.236210703849792480e-01,-6.268047094345092773e-01,-2.828774452209472656e-01,9.833305478096008301e-01,1.028223484754562378e-01,1.499624252319335938e-01,-9.891796112060546875e-02,9.945387840270996094e-01,-3.328670561313629150e-02,-1.525660455226898193e-01,1.789785735309123993e-02,9.881312847137451172e-01,-2.393802553415298462e-01,-4.291788041591644287e-01,8.944640867412090302e-03,0.000000000000000000e+00,1.000000000000000000e+00,1.929487287998199463e-01,-3.970315754413604736e-01,1.006963968276977539e+00,4.804025292396545410e-01,1.675626337528228760e-01,5.802408978343009949e-02,1.000000000000000000e+00,2.232966274023056030e-01,1.999783217906951904e-01,9.603278040885925293e-01,7.236210703849792480e-01,-6.268047094345092773e-01,-2.828774452209472656e-01,1.000000000000000000e+00,3.018644094467163086e+00,-2.140098996460437775e-02,9.153230190277099609e-01,-6.275246143341064453e-01,-3.015327826142311096e-02,3.335638716816902161e-02,1.000000000000000000e+00,3.268259286880493164e+00,1.104756444692611694e-01,1.043081521987915039e+00,-6.281083822250366211e-01,-9.053321182727813721e-02,-1.216971352696418762e-01,1.000000000000000000e+00,1.000000000000000000e+00,0.000000000000000000e+00,0.000000000000000000e+00,1.000000000000000000e+00,3.018644094467163086e+00,-2.140098996460437775e-02,9.153230190277099609e-01,-6.275246143341064453e-01,-3.015327826142311096e-02,3.335638716816902161e-02,-1.769230105239134182e-02,-7.473351236954828281e-02,1.917743419251138545e-03,1.000000000000000000e+00,3.268259286880493164e+00,1.104756444692611694e-01,1.043081521987915039e+00,-6.281083822250366211e-01,-9.053321182727813721e-02,-1.216971352696418762e-01,9.107173857023981300e-02,-7.882114490362335246e-02,-8.210765991697267785e-03,1.000000000000000000e+00,1.999999880790710449e-01,5.934069678187370300e-02,-1.000000014901161194e-01,4.493074715137481689e-01,-5.279676057398319244e-03,8.016774058341979980e-02,-1.000000014901161194e-01,4.297500550746917725e-01,-4.995107650756835938e-03,-3.774547576904296875e-02,1.885890960693359375e-04,4.036200642585754395e-01,1.260521411895751953e-01,-4.083037376403808594e-02,-5.172729492187500000e-03,3.814019262790679932e-01
6.400000000000000133e-01,2.025839388370513916e-01,-3.939483165740966797e-01,1.008207082748413086e+00,4.835324585437774658e-01,1.373980641365051270e-01,6.744935363531112671e-02,9.939441084861755371e-01,1.045556291937828064e-01,3.381320834159851074e-02,-9.865150600671768188e-02,9.845666289329528809e-01,-1.445561498403549194e-01,-4.840551316738128662e-02,1.403449922800064087e-01,9.889187216758728027e-01,4.155298769474029541e-01,1.565682291984558105e-01,-3.021914511919021606e-02,1.000000000000000000e+00,0.000000000000000000e+00,2.025839388370513916e-01,-3.939483165740966797e-01,1.008207082748413086e+00,4.835324585437774658e-01,1.373980641365051270e-01,6.744935363531112671e-02,1.000000000000000000e+00,2.379855364561080933e-01,1.874272227287292480e-01,9.547003507614135742e-01,7.473787069320678711e-01,-6.282929182052612305e-01,-2.791970372200012207e-01,1.000000000000000000e+00,3.006006240844726562e+00,-2.197120897471904755e-02,9.160003066062927246e-01,-6.370326876640319824e-01,-2.654926665127277374e-02,3.450357168912887573e-02,1.000000000000000000e+00,3.255609273910522461e+00,1.085161268711090088e-01,1.040572881698608398e+00,-6.377266645431518555e-01,-1.072252616286277771e-01,-1.299957334995269775e-01,1.000000000000000000e+00,1.000000000000000000e+00,0.000000000000000000e+00,0.000000000000000000e+00,1.000000000000000000e+00,2.379855364561080933e-01,1.874272227287292480e-01,9.547003507614135742e-01,7.473787069320678711e-01,-6.282929182052612305e-01,-2.791970372200012207e-01,9.846592545509338379e-01,1.020554453134536743e-01,1.415312141180038452e-01,-9.902763366699218750e-02,9.946824908256530762e-01,-2.829267270863056183e-02,-1.436660140752792358e-01,1.384313963353633881e-02,9.895294904708862305e-01,-1.651007533073425293e-01,-4.758269488811492920e-01,7.570403628051280975e-03,0.000000000000000000e+00,1.000000000000000000e+00,2.025839388370513916e-01,-3.939483165740966797e-01,1.008207082748413086e+00,4.835324585437774658e-01,1.373980641365051270e-01,6.744935363531112671e-02,1.000000000000000000e+00,2.379855364561080933e-01,1.874272227287292480e-01,9.547003507614135742e-01,7.473787069320678711e-01,-6.282929182052612305e-01,-2.791970372200012207e-01,1.000000000000000000e+00,3.006006240844726562e+00,-2.197120897471904755e-02,9.160003066062927246e-01,-6.370326876640319824e-01,-2.654926665127277374e-02,3.450357168912887573e-02,1.000000000000000000e+00,3.255609273910522461e+00,1.085161268711090088e-01,1.040572881698608398e+00,-6.377266645431518555e-01,-1.072252616286277771e-01,-1.299957334995269775e-01,1.000000000000000000e+00,1.000000000000000000e+00,0.000000000000000000e+00,0.000000000000000000e+00,1.000000000000000000e+00,3.006006240844726562e+00,-2.197120897471904755e-02,9.160003066062927246e-01,-6.370326876640319824e-01,-2.654926665127277374e-02,3.450357168912887573e-02,-1.650799714711979546e-02,-6.975090082878265818e-02,1.716500420789188359e-03,1.000000000000000000e+00,3.255609273910522461e+00,1.085161268711090088e-01,1.040572881698608398e+00,-6.377266645431518555e-01,-1.072252616286277771e-01,-1.299957334995269775e-01,9.612009348984118517e-02,-7.365856355003308487e-02,-8.109478012382535794e-03,1.000000000000000000e+00,1.999999433755874634e-01,5.758922174572944641e-02,-1.000000014901161194e-01,4.432915747165679932e-01,-1.098786364309489727e-03,6.402204930782318115e-02,-1.000000014901161194e-01,4.367924034595489502e-01,1.448631286621093750e-03,-3.401780128479003906e-02,-4.935264587402343750e-05,4.043239653110504150e-01,1.263236999511718750e-01,-3.722643852233886719e-02,-4.726648330688476562e-03,3.818962872028350830e-01
6.600000000000000311e-01,2.122866660356521606e-01,-3.914854526519775391e-01,1.009648084640502930e+00,4.871571063995361328e-01,1.054466441273689270e-01,7.772392034530639648e-02,9.938002824783325195e-01,1.054095178842544556e-01,3.535490855574607849e-02,-9.888909757137298584e-02,9.833852052688598633e-01,-1.522321254014968872e-01,-5.081420764327049255e-02,1.477921158075332642e-01,9.877122640609741211e-01,3.449777662754058838e-01,6.945532560348510742e-02,-2.843558229506015778e-02,1.000000000000000000e+00,0.000000000000000000e+00,2.122866660356521606e-01,-3.914854526519775391e-01,1.009648084640502930e+00,4.871571063995361328e-01,1.054466441273689270e-01,7.772392034530639648e-02,1.000000000000000000e+00,2.531344890594482422e-01,1.748543530702590942e-01,9.491638541221618652e-01,7.694227695465087891e-01,-6.289449334144592285e-01,-2.735216021537780762e-01,1.000000000000000000e+00,2.993188142776489258e+00,-2.247197367250919342e-02,9.167019724845886230e-01,-6.455076932907104492e-01,-2.326257154345512390e-02,3.582830354571342468e-02,1.000000000000000000e+00,3.242775678634643555e+00,1.062156185507774353e-01,1.037898421287536621e+00,-6.463238000869750977e-01,-1.246904134750366211e-01,-1.382543444633483887e-01,1.000000000000000000e+00,1.000000000000000000e+00,0.000000000000000000e+00,0.000000000000000000e+00,1.000000000000000000e+00,2.531344890594482422e-01,1.748543530702590942e-01,9.491638541221618652e-01,7.694227695465087891e-01,-6.289449334144592285e-01,-2.735216021537780762e-01,9.860314726829528809e-01,1.015470400452613831e-01,1.320235431194305420e-01,-9.914504736661911011e-02,9.947674274444580078e-01,-2.465889230370521545e-02,-1.338367462158203125e-01,1.122496277093887329e-02,9.909398555755615234e-01,-9.644372761249542236e-02,-5.219933986663818359e-01,6.771232467144727707e-03,0.000000000000000000e+00,1.000000000000000000e+00,2.122866660356521606e-01,-3.914854526519775391e-01,1.009648084640502930e+00,4.871571063995361328e-01,1.054466441273689270e-01,7.772392034530639648e-02,1.000000000000000000e+00,2.531344890594482422e-01,1.748543530702590942e-01,9.491638541221618652e-01,7.694227695465087891e-01,-6.289449334144592285e-01,-2.735216021537780762e-01,1.000000000000000000e+00,2.993188142776489258e+00,-2.247197367250919342e-02,9.167019724845886230e-01,-6.455076932907104492e-01,-2.326257154345512390e-02,3.582830354571342468e-02,1.000000000000000000e+00,3.242775678634643555e+00,1.062156185507774353e-01,1.037898421287536621e+00,-6.463238000869750977e-01,-1.246904134750366211e-01,-1.382543444633483887e-01,1.000000000000000000e+00,1.000000000000000000e+00,0.000000000000000000e+00,0.000000000000000000e+00,1.000000000000000000e+00,2.993188142776489258e+00,-2.247197367250919342e-02,9.167019724845886230e-01,-6.455076932907104492e-01,-2.326257154345512390e-02,3.582830354571342468e-02,-1.461937157314644777e-02,-6.492972991499090796e-02,1.475684139015350990e-03,1.000000000000000000e+00,3.242775678634643555e+00,1.062156185507774353e-01,1.037898421287536621e+00,-6.463238000869750977e-01,-1.246904134750366211e-01,-1.382543444633483887e-01,1.005521044121314989e-01,-6.869528842697203430e-02,-7.918729479264106919e-03,1.000000000000000000e+00,2.000000029802322388e-01,5.705618485808372498e-02,-1.000000014901161194e-01,4.233391582965850830e-01,3.938099835067987442e-03,4.830668494105339050e-02,-1.000000014901161194e-01,4.436072409152984619e-01,8.448600769042968750e-03,-3.050756454467773438e-02,-2.577304840087890625e-04,4.051349163055419922e-01,1.258075237274169922e-01,-3.392195701599121094e-02,-4.289388656616210938e-03,3.826331496238708496e-01
6.800000000000000488e-01,2.220637053251266479e-01,-3.896731734275817871e-01,1.011291503906250000e+00,4.909135997295379639e-01,7.232538610696792603e-02,8.720310032367706299e-02,9.937165975570678711e-01,1.061684936285018921e-01,3.543721139430999756e-02,-9.928232431411743164e-02,9.822939038276672363e-01,-1.588772684335708618e-01,-5.167751014232635498e-02,1.543606668710708618e-01,9.866622686386108398e-01,3.262725174427032471e-01,1.381760649383068085e-02,-2.360646240413188934e-02,1.000000000000000000e+00,0.000000000000000000e+00,2.220637053251266479e-01,-3.896731734275817871e-01,1.011291503906250000e+00,4.909135997295379639e-01,7.232538610696792603e-02,8.720310032367706299e-02,1.000000000000000000e+00,2.687074542045593262e-01,1.622740179300308228e-01,9.437611699104309082e-01,7.895585894584655762e-01,-6.290187239646911621e-01,-2.655500173568725586e-01,1.000000000000000000e+00,2.980208635330200195e+00,-2.291087247431278229e-02,9.174320697784423828e-01,-6.529920101165771484e-01,-2.043030038475990295e-02,3.737841919064521790e-02,1.000000000000000000e+00,3.229778766632080078e+00,1.035596951842308044e-01,1.035059809684753418e+00,-6.539497375488281250e-01,-1.428126841783523560e-01,-1.463970541954040527e-01,1.000000000000000000e+00,1.000000000000000000e+00,0.000000000000000000e+00,0.000000000000000000e+00,1.000000000000000000e+00,2.687074542045593262e-01,1.622740179300308228e-01,9.437611699104309082e-01,7.895585894584655762e-01,-6.290187239646911621e-01,-2.655500173568725586e-01,9.874179959297180176e-01,1.012323275208473206e-01,1.214813143014907837e-01,-9.926306456327438354e-02,9.948142170906066895e-01,-2.216980978846549988e-02,-1.230956465005874634e-01,9.832262061536312103e-03,9.923461079597473145e-01,-4.263893514871597290e-02,-5.651775002479553223e-01,6.646799389272928238e-03,0.000000000000000000e+00,1.000000000000000000e+00,2.220637053251266479e-01,-3.896731734275817871e-01,1.011291503906250000e+00,4.909135997295379639e-01,7.232538610696792603e-02,8.720310032367706299e-02,1.000000000000000000e+00,2.687074542045593262e-01,1.622740179300308228e-01,9.437611699104309082e-01,7.895585894584655762e-01,-6.290187239646911621e-01,-2.655500173568725586e-01,1.000000000000000000e+00,2.980208635330200195e+00,-2.291087247431278229e-02,9.174320697784423828e-01,-6.529920101165771484e-01,-2.043030038475990295e-02,3.737841919064521790e-02,1.000000000000000000e+00,3.229778766632080078e+00,1.035596951842308044e-01,1.035059809684753418e+00,-6.539497375488281250e-01,-1.428126841783523560e-01,-1.463970541954040527e-01,1.000000000000000000e+00,1.000000000000000000e+00,0.000000000000000000e+00,0.000000000000000000e+00,1.000000000000000000e+00,2.980208635330200195e+00,-2.291087247431278229e-02,9.174320697784423828e-01,-6.529920101165771484e-01,-2.043030038475990295e-02,3.737841919064521790e-02,-1.202411214923491262e-02,-6.027979259233040565e-02,1.204788648061346813e-03,1.000000000000000000e+00,3.229778766632080078e+00,1.035596951842308044e-01,1.035059809684753418e+00,-6.539497375488281250e-01,-1.428126841783523560e-01,-1.463970541954040527e-01,1.043373323455320661e-01,-6.394585641739380932e-02,-7.651200669521004971e-03,1.000000000000000000e+00,1.999999880790710449e-01,5.841817334294319153e-02,-1.000000014901161194e-01,4.063279032707214355e-01,9.513621218502521515e-03,3.437868878245353699e-02,-1.000000014901161194e-01,4.498950541019439697e-01,1.586985588073730469e-02,-2.723050117492675781e-02,-4.320144653320312500e-04,4.059193134307861328e-01,1.245727539062500000e-01,-3.091645240783691406e-02,-3.870725631713867188e-03,3.836515843868255615e-01
7.000000000000000666e-01,2.319146245718002319e-01,-3.885300159454345703e-01,1.013101220130920410e+00,4.944951236248016357e-01,3.852621093392372131e-02,9.381482750177383423e-02,9.936621785163879395e-01,1.068308278918266296e-01,3.496704623103141785e-02,-9.967929869890213013e-02,9.812119603157043457e-01,-1.651882231235504150e-01,-5.195727571845054626e-02,1.606557965278625488e-01,9.856420159339904785e-01,3.094101250171661377e-01,1.591605320572853088e-02,-1.996773295104503632e-02,1.000000000000000000e+00,0.000000000000000000e+00,2.319146245718002319e-01,-3.885300159454345703e-01,1.013101220130920410e+00,4.944951236248016357e-01,3.852621093392372131e-02,9.381482750177383423e-02,1.000000000000000000e+00,2.846645116806030273e-01,1.496958732604980469e-01,9.385401606559753418e-01,8.075831532478332520e-01,-6.287189126014709473e-01,-2.550865113735198975e-01,1.000000000000000000e+00,2.967088222503662109e+00,-2.329821325838565826e-02,9.181954860687255859e-01,-6.595287322998046875e-01,-1.818750984966754913e-02,3.919347375631332397e-02,1.000000000000000000e+00,3.216637849807739258e+00,1.005362868309020996e-01,1.032059907913208008e+00,-6.606553196907043457e-01,-1.614735871553421021e-01,-1.543398797512054443e-01,1.000000000000000000e+00,1.000000000000000000e+00,0.000000000000000000e+00,0.000000000000000000e+00,1.000000000000000000e+00,2.846645116806030273e-01,1.496958732604980469e-01,9.385401606559753418e-01,8.075831532478332520e-01,-6.287189126014709473e-01,-2.550865113735198975e-01,9.887758493423461914e-01,1.010403782129287720e-01,1.100613921880722046e-01,-9.937198460102081299e-02,9.948382377624511719e-01,-2.055403031408786774e-02,-1.115700453519821167e-01,9.386307559907436371e-03,9.937124252319335938e-01,-8.730897097848355770e-04,-5.963699221611022949e-01,7.174659520387649536e-03,0.000000000000000000e+00,1.000000000000000000e+00,2.319146245718002319e-01,-3.885300159454345703e-01,1.013101220130920410e+00,4.944951236248016357e-01,3.852621093392372131e-02,9.381482750177383423e-02,1.000000000000000000e+00,2.846645116806030273e-01,1.496958732604980469e-01,9.385401606559753418e-01,8.075831532478332520e-01,-6.287189126014709473e-01,-2.550865113735198975e-01,1.000000000000000000e+00,2.967088222503662109e+00,-2.329821325838565826e-02,9.181954860687255859e-01,-6.595287322998046875e-01,-1.818750984966754913e-02,3.919347375631332397e-02,1.000000000000000000e+00,3.216637849807739258e+00,1.005362868309020996e-01,1.032059907913208008e+00,-6.606553196907043457e-01,-1.614735871553421021e-01,-1.543398797512054443e-01,1.000000000000000000e+00,1.000000000000000000e+00,0.000000000000000000e+00,0.000000000000000000e+00,1.000000000000000000e+00,2.967088222503662109e+00,-2.329821325838565826e-02,9.181954860687255859e-01,-6.595287322998046875e-01,-1.818750984966754913e-02,3.919347375631332397e-02,-8.747253927083809000e-03,-5.580843736147222955e-02,9.143670924802796418e-04,1.000000000000000000e+00,3.216637849807739258e+00,1.005362868309020996e-01,1.032059907913208008e+00,-6.606553196907043457e-01,-1.614735871553421021e-01,-1.543398797512054443e-01,1.074583534860816536e-01,-5.942106117684242683e-02,-7.319261159437019659e-03,1.000000000000000000e+00,2.000000029802322388e-01,6.225929409265518188e-02,-1.000000014901161194e-01,3.974525928497314453e-01,1.504012104123830795e-02,2.215448580682277679e-02,-1.000000014901161194e-01,4.555006921291351318e-01,2.360177040100097656e-02,-2.420353889465332031e-02,-5.712509155273437500e-04,4.064957499504089355e-01,1.226892471313476562e-01,-2.820920944213867188e-02,-3.478050231933593750e-03,3.849815726280212402e-01
7.199999999999999734e-01,2.418350428342819214e-01,-3.880667984485626221e-01,1.015009403228759766e+00,4.978567659854888916e-01,4.323591943830251694e-03,9.663233160972595215e-02,9.935985207557678223e-01,1.074262410402297974e-01,3.495145216584205627e-02,-9.996099770069122314e-02,9.801869988441467285e-01,-1.710004657506942749e-01,-5.262890085577964783e-02,1.664120405912399292e-01,9.846507906913757324e-01,2.696256041526794434e-01,5.257742106914520264e-02,-1.904224976897239685e-02,1.000000000000000000e+00,0.000000000000000000e+00,2.418350428342819214e-01,-3.880667984485626221e-01,1.015009403228759766e+00,4.978567659854888916e-01,4.323591943830251694e-03,9.663233160972595215e-02,1.000000000000000000e+00,3.009617328643798828e-01,1.371258795261383057e-01,9.335515499114990234e-01,8.233206868171691895e-01,-6.282060146331787109e-01,-2.420474737882614136e-01,1.000000000000000000e+00,2.953845500946044922e+00,-2.364695258438587189e-02,9.189977049827575684e-01,-6.651602983474731445e-01,-1.666228100657463074e-02,4.128987714648246765e-02,1.000000000000000000e+00,3.203371286392211914e+00,9.713568538427352905e-02,1.028903722763061523e+00,-6.664928197860717773e-01,-1.805547028779983521e-01,-1.619889140129089355e-01,1.000000000000000000e+00,1.000000000000000000e+00,0.000000000000000000e+00,0.000000000000000000e+00,1.000000000000000000e+00,3.009617328643798828e-01,1.371258795261383057e-01,9.335515499114990234e-01,8.233206868171691895e-01,-6.282060146331787109e-01,-2.420474737882614136e-01,9.900460243225097656e-01,1.009192466735839844e-01,9.810461103916168213e-02,-9.946021437644958496e-02,9.948474168777465820e-01,-1.966329291462898254e-02,-9.958350658416748047e-02,9.710058569908142090e-03,9.949820041656494141e-01,3.509323298931121826e-02,-6.069961786270141602e-01,8.193459361791610718e-03,0.000000000000000000e+00,1.000000000000000000e+00,2.418350428342819214e-01,-3.880667984485626221e-01,1.015009403228759766e+00,4.978567659854888916e-01,4.323591943830251694e-03,9.663233160972595215e-02,1.000000000000000000e+00,3.009617328643798828e-01,1.371258795261383057e-01,9.335515499114990234e-01,8.233206868171691895e-01,-6.282060146331787109e-01,-2.420474737882614136e-01,1.000000000000000000e+00,2.953845500946044922e+00,-2.364695258438587189e-02,9.189977049827575684e-01,-6.651602983474731445e-01,-1.666228100657463074e-02,4.128987714648246765e-02,1.000000000000000000e+00,3.203371286392211914e+00,9.713568538427352905e-02,1.028903722763061523e+00,-6.664928197860717773e-01,-1.805547028779983521e-01,-1.619889140129089355e-01,1.000000000000000000e+00,1.000000000000000000e+00,0.000000000000000000e+00,0.000000000000000000e+00,1.000000000000000000e+00,2.953845500946044922e+00,-2.364695258438587189e-02,9.189977049827575684e-01,-6.651602983474731445e-01,-1.666228100657463074e-02,4.128987714648246765e-02,-4.836272935140079055e-03,-5.152167837038401643e-02,6.155603809690677296e-04,1.000000000000000000e+00,3.203371286392211914e+00,9.713568538427352905e-02,1.028903722763061523e+00,-6.664928197860717773e-01,-1.805547028779983521e-01,-1.619889140129089355e-01,1.099088143978803472e-01,-5.513022889307550578e-02,-6.935433347013131300e-03,1.000000000000000000e+00,2.000000029802322388e-01,6.786248832941055298e-02,-1.000000014901161194e-01,3.947673439979553223e-01,2.019320055842399597e-02,1.186540722846984863e-02,-1.000000014901161194e-01,4.593494236469268799e-01,3.158330917358398438e-02,-2.142262458801269531e-02,-6.768703460693359375e-04,4.067709743976593018e-01,1.202304363250732422e-01,-2.579712867736816406e-02,-3.116369247436523438e-03,3.866402506828308105e-01
7.399999999999999911e-01,2.518217861652374268e-01,-3.882901668548583984e-01,1.016940832138061523e+00,5.011518001556396484e-01,-3.014372289180755615e-02,9.592253714799880981e-02,9.935040473937988281e-01,1.080020591616630554e-01,3.585245832800865173e-02,-1.001059189438819885e-01,9.792891144752502441e-01,-1.759880632162094116e-01,-5.411699041724205017e-02,1.712558120489120483e-01,9.837392568588256836e-01,2.198986858129501343e-01,9.578254073858261108e-02,-2.104365639388561249e-02,1.000000000000000000e+00,0.000000000000000000e+00,2.518217861652374268e-01,-3.882901668548583984e-01,1.016940832138061523e+00,5.011518001556396484e-01,-3.014372289180755615e-02,9.592253714799880981e-02,1.000000000000000000e+00,3.175522089004516602e-01,1.245670169591903687e-01,9.288464784622192383e-01,8.366579413414001465e-01,-6.276224851608276367e-01,-2.264999747276306152e-01,1.000000000000000000e+00,2.940497636795043945e+00,-2.397251687943935394e-02,9.198442697525024414e-01,-6.699281334877014160e-01,-1.597201265394687653e-02,4.365105554461479187e-02,1.000000000000000000e+00,3.189995050430297852e+00,9.335053712129592896e-02,1.025597810745239258e+00,-6.715157032012939453e-01,-1.999396830797195435e-01,-1.692370176315307617e-01,1.000000000000000000e+00,1.000000000000000000e+00,0.000000000000000000e+00,0.000000000000000000e+00,1.000000000000000000e+00,3.175522089004516602e-01,1.245670169591903687e-01,9.288464784622192383e-01,8.366579413414001465e-01,-6.276224851608276367e-01,-2.264999747276306152e-01,9.911749362945556641e-01,1.008350104093551636e-01,8.605095744132995605e-02,-9.951929748058319092e-02,9.948455095291137695e-01,-1.945612579584121704e-02,-8.756925165653228760e-02,1.072069350630044937e-02,9.961008429527282715e-01,6.767291575670242310e-02,-5.957934260368347168e-01,9.464401751756668091e-03,0.000000000000000000e+00,1.000000000000000000e+00,2.518217861652374268e-01,-3.882901668548583984e-01,1.016940832138061523e+00,5.011518001556396484e-01,-3.014372289180755615e-02,9.592253714799880981e-02,1.000000000000000000e+00,3.175522089004516602e-01,1.245670169591903687e-01,9.288464784622192383e-01,8.366579413414001465e-01,-6.276224851608276367e-01,-2.264999747276306152e-01,1.000000000000000000e+00,2.940497636795043945e+00,-2.397251687943935394e-02,9.198442697525024414e-01,-6.699281334877014160e-01,-1.597201265394687653e-02,4.365105554461479187e-02,1.000000000000000000e+00,3.189995050430297852e+00,9.335053712129592896e-02,1.025597810745239258e+00,-6.715157032012939453e-01,-1.999396830797195435e-01,-1.692370176315307617e-01,1.000000000000000000e+00,1.000000000000000000e+00,0.000000000000000000e+00,0.000000000000000000e+00,1.000000000000000000e+00,2.940497636795043945e+00,-2.397251687943935394e-02,9.198442697525024414e-01,-6.699281334877014160e-01,-1.597201265394687653e-02,4.365105554461479187e-02,-3.502103829179607905e-04,-4.742643039319371923e-02,3.194251238885735793e-04,1.000000000000000000e+00,3.189995050430297852e+00,9.335053712129592896e-02,1.025597810745239258e+00,-6.715157032012939453e-01,-1.999396830797195435e-01,-1.692370176315307617e-01,1.116929562887715999e-01,-5.108348916211036261e-02,-6.513349851969461868e-03,1.000000000000000000e+00,2.000000029802322388e-01,7.591981440782546997e-02,-1.000000014901161194e-01,3.943127095699310303e-01,2.657507359981536865e-02,4.748391918838024139e-03,-1.000000014901161194e-01,4.618226587772369385e-01,3.978729248046875000e-02,-1.886296272277832031e-02,-7.507801055908203125e-04,4.067541956901550293e-01,1.172831058502197266e-01,-2.367544174194335938e-02,-2.789258956909179688e-03,3.886254727840423584e-01
7.600000000000000089e-01,2.618753314018249512e-01,-3.892046213150024414e-01,1.018831729888916016e+00,5.045883059501647949e-01,-6.479462981224060059e-02,9.243080019950866699e-02,9.933683872222900391e-01,1.086235195398330688e-01,3.768506273627281189e-02,-1.001669615507125854e-01,9.785281419754028320e-01,-1.801369488239288330e-01,-5.644300207495689392e-02,1.751675605773925781e-01,9.829193949699401855e-01,1.788226515054702759e-01,1.368162333965301514e-01,-2.641004510223865509e-02,1.000000000000000000e+00,0.000000000000000000e+00,2.618753314018249512e-01,-3.892046213150024414e-01,1.018831729888916016e+00,5.045883059501647949e-01,-6.479462981224060059e-02,9.243080019950866699e-02,1.000000000000000000e+00,3.343875110149383545e-01,1.120194420218467712e-01,9.244733452796936035e-01,8.475622534751892090e-01,-6.271061301231384277e-01,-2.086693048477172852e-01,1.000000000000000000e+00,2.927062273025512695e+00,-2.429257333278656006e-02,9.207401871681213379e-01,-6.738742589950561523e-01,-1.622169092297554016e-02,4.622951522469520569e-02,1.000000000000000000e+00,3.176525115966796875e+00,8.917577564716339111e-02,1.022151708602905273e+00,-6.757786273956298828e-01,-2.195159643888473511e-01,-1.759661734104156494e-01,1.000000000000000000e+00,1.000000000000000000e+00,0.000000000000000000e+00,0.000000000000000000e+00,1.000000000000000000e+00,3.343875110149383545e-01,1.120194420218467712e-01,9.244733452796936035e-01,8.475622534751892090e-01,-6.271061301231384277e-01,-2.086693048477172852e-01,9.921307563781738281e-01,1.007625982165336609e-01,7.432147860527038574e-02,-9.954494982957839966e-02,9.948337674140930176e-01,-1.991936005651950836e-02,-7.594463229179382324e-02,1.236428134143352509e-02,9.970354437828063965e-01,9.921420365571975708e-02,-5.646544694900512695e-01,1.089365128427743912e-02,0.000000000000000000e+00,1.000000000000000000e+00,2.618753314018249512e-01,-3.892046213150024414e-01,1.018831729888916016e+00,5.045883059501647949e-01,-6.479462981224060059e-02,9.243080019950866699e-02,1.000000000000000000e+00,3.343875110149383545e-01,1.120194420218467712e-01,9.244733452796936035e-01,8.475622534751892090e-01,-6.271061301231384277e-01,-2.086693048477172852e-01,1.000000000000000000e+00,2.927062273025512695e+00,-2.429257333278656006e-02,9.207401871681213379e-01,-6.738742589950561523e-01,-1.622169092297554016e-02,4.622951522469520569e-02,1.000000000000000000e+00,3.176525115966796875e+00,8.917577564716339111e-02,1.022151708602905273e+00,-6.757786273956298828e-01,-2.195159643888473511e-01,-1.759661734104156494e-01,1.000000000000000000e+00,1.000000000000000000e+00,0.000000000000000000e+00,0.000000000000000000e+00,1.000000000000000000e+00,2.927062273025512695e+00,-2.429257333278656006e-02,9.207401871681213379e-01,-6.738742589950561523e-01,-1.622169092297554016e-02,4.622951522469520569e-02,4.652660347244490409e-03,-4.353029175774381088e-02,3.623364594840076947e-05,1.000000000000000000e+00,3.176525115966796875e+00,8.917577564716339111e-02,1.022151708602905273e+00,-6.757786273956298828e-01,-2.195159643888473511e-01,-1.759661734104156494e-01,1.128273286181511736e-01,-4.729034666883547011e-02,-6.066839148307766327e-03,1.000000000000000000e+00,2.000000029802322388e-01,8.605151623487472534e-02,-1.000000014901161194e-01,3.951200842857360840e-01,3.336814418435096741e-02,-5.592361503659049049e-06,-1.000000014901161194e-01,4.627525210380554199e-01,4.820156097412109375e-02,-1.649332046508789062e-02,-7.956027984619140625e-04,4.065011143684387207e-01,1.139495372772216797e-01,-2.183461189270019531e-02,-2.498626708984375000e-03,3.909136652946472168e-01
7.800000000000000266e-01,2.720003426074981689e-01,-3.908134698867797852e-01,1.020633697509765625e+00,5.083631277084350586e-01,-9.959338605403900146e-02,8.691766858100891113e-02,9.931790828704833984e-01,1.093656346201896667e-01,4.042882472276687622e-02,-1.002017185091972351e-01,9.778636097908020020e-01,-1.836912035942077637e-01,-5.962337553501129150e-02,1.783872246742248535e-01,9.821522831916809082e-01,1.518723517656326294e-01,1.821377873420715332e-01,-3.491539135575294495e-02,1.000000000000000000e+00,0.000000000000000000e+00,2.720003426074981689e-01,-3.908134698867797852e-01,1.020633697509765625e+00,5.083631277084350586e-01,-9.959338605403900146e-02,8.691766858100891113e-02,1.000000000000000000e+00,3.514193296432495117e-01,9.948054701089859009e-02,9.204750657081604004e-01,8.560869693756103516e-01,-6.267985105514526367e-01,-1.888931393623352051e-01,1.000000000000000000e+00,2.913554668426513672e+00,-2.462677657604217529e-02,9.216890335083007812e-01,-6.770410537719726562e-01,-1.750436611473560333e-02,4.895578697323799133e-02,1.000000000000000000e+00,3.162976980209350586e+00,8.460857719182968140e-02,1.018576264381408691e+00,-6.793369650840759277e-01,-2.391763776540756226e-01,-1.820510774850845337e-01,1.000000000000000000e+00,1.000000000000000000e+00,0.000000000000000000e+00,0.000000000000000000e+00,1.000000000000000000e+00,3.514193296432495117e-01,9.948054701089859009e-02,9.204750657081604004e-01,8.560869693756103516e-01,-6.267985105514526367e-01,-1.888931393623352051e-01,9.929029941558837891e-01,1.006878614425659180e-01,6.329118460416793823e-02,-9.953615069389343262e-02,9.948102235794067383e-01,-2.110214158892631531e-02,-6.508744508028030396e-02,1.465261727571487427e-02,9.977720379829406738e-01,1.325202435255050659e-01,-5.168563127517700195e-01,1.225387677550315857e-02,0.000000000000000000e+00,1.000000000000000000e+00,2.720003426074981689e-01,-3.908134698867797852e-01,1.020633697509765625e+00,5.083631277084350586e-01,-9.959338605403900146e-02,8.691766858100891113e-02,1.000000000000000000e+00,3.514193296432495117e-01,9.948054701089859009e-02,9.204750657081604004e-01,8.560869693756103516e-01,-6.267985105514526367e-01,-1.888931393623352051e-01,1.000000000000000000e+00,2.913554668426513672e+00,-2.462677657604217529e-02,9.216890335083007812e-01,-6.770410537719726562e-01,-1.750436611473560333e-02,4.895578697323799133e-02,1.000000000000000000e+00,3.162976980209350586e+00,8.460857719182968140e-02,1.018576264381408691e+00,-6.793369650840759277e-01,-2.391763776540756226e-01,-1.820510774850845337e-01,1.000000000000000000e+00,1.000000000000000000e+00,0.000000000000000000e+00,0.000000000000000000e+00,1.000000000000000000e+00,2.913554668426513672e+00,-2.462677657604217529e-02,9.216890335083007812e-01,-6.770410537719726562e-01,-1.750436611473560333e-02,4.895578697323799133e-02,1.012372914332566182e-02,-3.983818757408164046e-02,-2.256197701456649427e-04,1.000000000000000000e+00,3.162976980209350586e+00,8.460857719182968140e-02,1.018576264381408691e+00,-6.793369650840759277e-01,-2.391763776540756226e-01,-1.820510774850845337e-01,1.133403659473214420e-01,-4.375762897510404592e-02,-5.608898721904273521e-03,1.000000000000000000e+00,2.000000029802322388e-01,9.661994129419326782e-02,-1.000000014901161194e-01,3.985177576541900635e-01,4.037127643823623657e-02,-3.194995224475860596e-03,-1.000000014901161194e-01,4.621713459491729736e-01,5.682468414306640625e-02,-1.428055763244628906e-02,-8.122920989990234375e-04,4.060747325420379639e-01,1.103432178497314453e-01,-2.026152610778808594e-02,-2.244710922241210938e-03,3.934639692306518555e-01
8.000000000000000444e-01,2.822053730487823486e-01,-3.931197822093963623e-01,1.022312760353088379e+00,5.126798152923583984e-01,-1.345748305320739746e-01,8.015901595354080200e-02,9.929181337356567383e-01,1.102840080857276917e-01,4.417246207594871521e-02,-1.002293452620506287e-01,9.772527217864990234e-01,-1.868994385004043579e-01,-6.377967447042465210e-02,1.811484545469284058e-01,9.813855290412902832e-01,1.333532184362411499e-01,2.325150668621063232e-01,-4.495673999190330505e-02,1.000000000000000000e+00,0.000000000000000000e+00,2.822053730487823486e-01,-3.931197822093963623e-01,1.022312760353088379e+00,5.126798152923583984e-01,-1.345748305320739746e-01,8.015901595354080200e-02,1.000000000000000000e+00,3.686011731624603271e-01,8.694480359554290771e-02,9.168866872787475586e-01,8.623644113540649414e-01,-6.268544197082519531e-01,-1.676025092601776123e-01,1.000000000000000000e+00,2.899991273880004883e+00,-2.499654516577720642e-02,9.226932525634765625e-01,-6.794716119766235352e-01,-1.990285143256187439e-02,5.174843966960906982e-02,1.000000000000000000e+00,3.149362802505493164e+00,7.964815199375152588e-02,1.014886021614074707e+00,-6.822461485862731934e-01,-2.588203251361846924e-01,-1.873645335435867310e-01,1.000000000000000000e+00,1.000000000000000000e+00,0.000000000000000000e+00,0.000000000000000000e+00,1.000000000000000000e+00,3.686011731624603271e-01,8.694480359554290771e-02,9.168866872787475586e-01,8.623644113540649414e-01,-6.268544197082519531e-01,-1.676025092601776123e-01,9.935017228126525879e-01,1.006033793091773987e-01,5.323134362697601318e-02,-9.949631243944168091e-02,9.947708249092102051e-01,-2.306068129837512970e-02,-5.527295917272567749e-02,1.761450059711933136e-02,9.983160495758056641e-01,1.661897003650665283e-01,-4.598600268363952637e-01,1.336224749684333801e-02,0.000000000000000000e+00,1.000000000000000000e+00,2.822053730487823486e-01,-3.931197822093963623e-01,1.022312760353088379e+00,5.126798152923583984e-01,-1.345748305320739746e-01,8.015901595354080200e-02,1.000000000000000000e+00,3.686011731624603271e-01,8.694480359554290771e-02,9.168866872787475586e-01,8.623644113540649414e-01,-6.268544197082519531e-01,-1.676025092601776123e-01,1.000000000000000000e+00,2.899991273880004883e+00,-2.499654516577720642e-02,9.226932525634765625e-01,-6.794716119766235352e-01,-1.990285143256187439e-02,5.174843966960906982e-02,1.000000000000000000e+00,3.149362802505493164e+00,7.964815199375152588e-02,1.014886021614074707e+00,-6.822461485862731934e-01,-2.588203251361846924e-01,-1.873645335435867310e-01,1.000000000000000000e+00,1.000000000000000000e+00,0.000000000000000000e+00,0.000000000000000000e+00,1.000000000000000000e+00,2.899991273880004883e+00,-2.499654516577720642e-02,9.226932525634765625e-01,-6.794716119766235352e-01,-1.990285143256187439e-02,5.174843966960906982e-02,1.602549651520269319e-02,-3.634907634707396085e-02,-4.601872668136353442e-04,1.000000000000000000e+00,3.149362802505493164e+00,7.964815199375152588e-02,1.014886021614074707e+00,-6.822461485862731934e-01,-2.588203251361846924e-01,-1.873645335435867310e-01,1.132713610008097282e-01,-4.048823443604465666e-02,-5.151130762745585734e-03,1.000000000000000000e+00,2.000000029802322388e-01,1.076678559184074402e-01,-1.000000014901161194e-01,4.034029841423034668e-01,4.704678803682327271e-02,-5.070696119219064713e-03,-1.000000014901161194e-01,4.607864618301391602e-01,6.567311286926269531e-02,-1.218795776367187500e-02,-8.015632629394531250e-04,4.055444002151489258e-01,1.065881252288818359e-01,-1.893734931945800781e-02,-2.026081085205078125e-03,3.962205648422241211e-01
8.200000000000000622e-01,2.925032377243041992e-01,-3.961280286312103271e-01,1.023851156234741211e+00,5.177599787712097168e-01,-1.698249876499176025e-01,7.294591516256332397e-02,9.925700426101684570e-01,1.113985404372215271e-01,4.894061759114265442e-02,-1.002533063292503357e-01,9.766783714294433594e-01,-1.898651570081710815e-01,-6.894993782043457031e-02,1.835479885339736938e-01,9.805896878242492676e-01,1.163994297385215759e-01,2.807664573192596436e-01,-5.513846874237060547e-02,1.000000000000000000e+00,0.000000000000000000e+00,2.925032377243041992e-01,-3.961280286312103271e-01,1.023851156234741211e+00,5.177599787712097168e-01,-1.698249876499176025e-01,7.294591516256332397e-02,1.000000000000000000e+00,3.858896493911743164e-01,7.440347224473953247e-02,9.137344360351562500e-01,8.665829300880432129e-01,-6.274346113204956055e-01,-1.452647149562835693e-01,1.000000000000000000e+00,2.886384963989257812e+00,-2.542487904429435730e-02,9.237532615661621094e-01,-6.812083721160888672e-01,-2.349140867590904236e-02,5.452392995357513428e-02,1.000000000000000000e+00,3.135696649551391602e+00,7.429566979408264160e-02,1.011097311973571777e+00,-6.845609545707702637e-01,-2.783548831939697266e-01,-1.917833089828491211e-01,1.000000000000000000e+00,1.000000000000000000e+00,0.000000000000000000e+00,0.000000000000000000e+00,1.000000000000000000e+00,3.858896493911743164e-01,7.440347224473953247e-02,9.137344360351562500e-01,8.665829300880432129e-01,-6.274346113204956055e-01,-1.452647149562835693e-01,9.939520955085754395e-01,1.005040779709815979e-01,4.425299540162086487e-02,-9.943314641714096069e-02,9.947104454040527344e-01,-2.577594853937625885e-02,-4.660950228571891785e-02,2.121984027326107025e-02,9.986878633499145508e-01,1.956516802310943604e-01,-4.020031392574310303e-01,1.404410693794488907e-02,0.000000000000000000e+00,1.000000000000000000e+00,2.925032377243041992e-01,-3.961280286312103271e-01,1.023851156234741211e+00,5.177599787712097168e-01,-1.698249876499176025e-01,7.294591516256332397e-02,1.000000000000000000e+00,3.858896493911743164e-01,7.440347224473953247e-02,9.137344360351562500e-01,8.665829300880432129e-01,-6.274346113204956055e-01,-1.452647149562835693e-01,1.000000000000000000e+00,2.886384963989257812e+00,-2.542487904429435730e-02,9.237532615661621094e-01,-6.812083721160888672e-01,-2.349140867590904236e-02,5.452392995357513428e-02,1.000000000000000000e+00,3.135696649551391602e+00,7.429566979408264160e-02,1.011097311973571777e+00,-6.845609545707702637e-01,-2.783548831939697266e-01,-1.917833089828491211e-01,1.000000000000000000e+00,1.000000000000000000e+00,0.000000000000000000e+00,0.000000000000000000e+00,1.000000000000000000e+00,2.886384963989257812e+00,-2.542487904429435730e-02,9.237532615661621094e-01,-6.812083721160888672e-01,-2.349140867590904236e-02,5.452392995357513428e-02,2.232817941400496581e-02,-3.305471912368407317e-02,-6.636174295713975768e-04,1.000000000000000000e+00,3.135696649551391602e+00,7.429566979408264160e-02,1.011097311973571777e+00,-6.845609545707702637e-01,-2.783548831939697266e-01,-1.917833089828491211e-01,1.126702373127615314e-01,-3.748132823673788749e-02,-4.703469972868287718e-03,1.000000000000000000e+00,1.999999880790710449e-01,1.181562468409538269e-01,-1.000000014901161194e-01,4.087400138378143311e-01,5.379757285118103027e-02,-5.443223752081394196e-03,-1.000000014901161194e-01,4.585092365741729736e-01,7.477593421936035156e-02,-1.017498970031738281e-02,-7.622241973876953125e-04,4.049865901470184326e-01,1.028082370758056641e-01,-1.784062385559082031e-02,-1.840591430664062500e-03,3.991199433803558350e-01
8.399999999999999689e-01,3.029112219810485840e-01,-3.998442292213439941e-01,1.025246143341064453e+00,5.238187909126281738e-01,-2.054174244403839111e-01,6.590937823057174683e-02,9.921251535415649414e-01,1.127032637596130371e-01,5.464144423604011536e-02,-1.002803146839141846e-01,9.761409759521484375e-01,-1.925946325063705444e-01,-7.504379749298095703e-02,1.855985075235366821e-01,9.797559380531311035e-01,1.000541374087333679e-01,3.213712573051452637e-01,-6.462240219116210938e-02,1.000000000000000000e+00,0.000000000000000000e+00,3.029112219810485840e-01,-3.998442292213439941e-01,1.025246143341064453e+00,5.238187909126281738e-01,-2.054174244403839111e-01,6.590937823057174683e-02,1.000000000000000000e+00,4.032455682754516602e-01,6.184474751353263855e-02,9.110349416732788086e-01,8.689556717872619629e-01,-6.286829113960266113e-01,-1.223386526107788086e-01,1.000000000000000000e+00,2.872749805450439453e+00,-2.593619190156459808e-02,9.248681664466857910e-01,-6.822924613952636719e-01,-2.833708375692367554e-02,5.720591545104980469e-02,1.000000000000000000e+00,3.121988773345947266e+00,6.855413317680358887e-02,1.007228970527648926e+00,-6.863347887992858887e-01,-2.976958453655242920e-01,-1.951937675476074219e-01,1.000000000000000000e+00,1.000000000000000000e+00,0.000000000000000000e+00,0.000000000000000000e+00,1.000000000000000000e+00,4.032455682754516602e-01,6.184474751353263855e-02,9.110349416732788086e-01,8.689556717872619629e-01,-6.286829113960266113e-01,-1.223386526107788086e-01,9.942843914031982422e-01,1.003870815038681030e-01,3.634424135088920593e-02,-9.935690462589263916e-02,9.946255087852478027e-01,-2.912520058453083038e-02,-3.907270357012748718e-02,2.534768171608448029e-02,9.989147782325744629e-01,2.177309691905975342e-01,-3.469377458095550537e-01,1.418094057589769363e-02,0.000000000000000000e+00,1.000000000000000000e+00,3.029112219810485840e-01,-3.998442292213439941e-01,1.025246143341064453e+00,5.238187909126281738e-01,-2.054174244403839111e-01,6.590937823057174683e-02,1.000000000000000000e+00,4.032455682754516602e-01,6.184474751353263855e-02,9.110349416732788086e-01,8.689556717872619629e-01,-6.286829113960266113e-01,-1.223386526107788086e-01,1.000000000000000000e+00,2.872749805450439453e+00,-2.593619190156459808e-02,9.248681664466857910e-01,-6.822924613952636719e-01,-2.833708375692367554e-02,5.720591545104980469e-02,1.000000000000000000e+00,3.121988773345947266e+00,6.855413317680358887e-02,1.007228970527648926e+00,-6.863347887992858887e-01,-2.976958453655242920e-01,-1.951937675476074219e-01,1.000000000000000000e+00,1.000000000000000000e+00,0.000000000000000000e+00,0.000000000000000000e+00,1.000000000000000000e+00,2.872749805450439453e+00,-2.593619190156459808e-02,9.248681664466857910e-01,-6.822924613952636719e-01,-2.833708375692367554e-02,5.720591545104980469e-02,2.900739189095825205e-02,-2.994082332478442687e-02,-8.336041715413192860e-04,1.000000000000000000e+00,3.121988773345947266e+00,6.855413317680358887e-02,1.007228970527648926e+00,-6.863347887992858887e-01,-2.976958453655242920e-01,-1.951937675476074219e-01,1.115974771703715090e-01,-3.473303685144091268e-02,-4.274090105645556026e-03,1.000000000000000000e+00,1.999999880790710449e-01,1.281480938196182251e-01,-1.000000014901161194e-01,4.129074811935424805e-01,6.234741210937500000e-02,-2.549054566770792007e-03,-9.999983757734298706e-02,4.552313685417175293e-01,8.416199684143066406e-02,-8.202314376831054688e-03,-6.918907165527343750e-04,4.044672548770904541e-01,9.911632537841796875e-02,-1.694726943969726562e-02,-1.685142517089843750e-03,4.020966589450836182e-01
8.599999999999999867e-01,3.134505748748779297e-01,-4.042756855487823486e-01,1.026504993438720703e+00,5.310406684875488281e-01,-2.413872033357620239e-01,5.945507064461708069e-02,9.915803670883178711e-01,1.141825169324874878e-01,6.108102574944496155e-02,-1.003301888704299927e-01,9.756419062614440918e-01,-1.950818598270416260e-01,-8.186813443899154663e-02,1.873110532760620117e-01,9.788832068443298340e-01,8.459261804819107056e-02,3.504709303379058838e-01,-7.317648082971572876e-02,1.000000000000000000e+00,0.000000000000000000e+00,3.134505748748779297e-01,-4.042756855487823486e-01,1.026504993438720703e+00,5.310406684875488281e-01,-2.413872033357620239e-01,5.945507064461708069e-02,1.000000000000000000e+00,4.206338822841644287e-01,4.925420880317687988e-02,9.087957739830017090e-01,8.697013258934020996e-01,-6.307100057601928711e-01,-9.929342567920684814e-02,1.000000000000000000e+00,2.859098911285400391e+00,-2.655618637800216675e-02,9.260353446006774902e-01,-6.827623248100280762e-01,-3.450107946991920471e-02,5.973242595791816711e-02,1.000000000000000000e+00,3.108250141143798828e+00,6.242805719375610352e-02,1.003302454948425293e+00,-6.876191496849060059e-01,-3.167689740657806396e-01,-1.974970102310180664e-01,1.000000000000000000e+00,1.000000000000000000e+00,0.000000000000000000e+00,0.000000000000000000e+00,1.000000000000000000e+00,4.206338822841644287e-01,4.925420880317687988e-02,9.087957739830017090e-01,8.697013258934020996e-01,-6.307100057601928711e-01,-9.929342567920684814e-02,9.945243597030639648e-01,1.002549678087234497e-01,2.950240112841129303e-02,-9.927502274513244629e-02,9.945129156112670898e-01,-3.299519047141075134e-02,-3.264844790101051331e-02,2.988566830754280090e-02,9.990200996398925781e-01,2.385676503181457520e-01,-2.878229618072509766e-01,1.360027492046356201e-02,0.000000000000000000e+00,1.000000000000000000e+00,3.134505748748779297e-01,-4.042756855487823486e-01,1.026504993438720703e+00,5.310406684875488281e-01,-2.413872033357620239e-01,5.945507064461708069e-02,1.000000000000000000e+00,4.206338822841644287e-01,4.925420880317687988e-02,9.087957739830017090e-01,8.697013258934020996e-01,-6.307100057601928711e-01,-9.929342567920684814e-02,1.000000000000000000e+00,2.859098911285400391e+00,-2.655618637800216675e-02,9.260353446006774902e-01,-6.827623248100280762e-01,-3.450107946991920471e-02,5.973242595791816711e-02,1.000000000000000000e+00,3.108250141143798828e+00,6.242805719375610352e-02,1.003302454948425293e+00,-6.876191496849060059e-01,-3.167689740657806396e-01,-1.974970102310180664e-01,1.000000000000000000e+00,1.000000000000000000e+00,0.000000000000000000e+00,0.000000000000000000e+00,1.000000000000000000e+00,2.859098911285400391e+00,-2.655618637800216675e-02,9.260353446006774902e-01,-6.827623248100280762e-01,-3.450107946991920471e-02,5.973242595791816711e-02,3.604476608261282522e-02,-2.698979905815201974e-02,-9.688260032848262926e-04,1.000000000000000000e+00,3.108250141143798828e+00,6.242805719375610352e-02,1.003302454948425293e+00,-6.876191496849060059e-01,-3.167689740657806396e-01,-1.974970102310180664e-01,1.101234739673491725e-01,-3.223709414352282643e-02,-3.869405583314264319e-03,1.000000000000000000e+00,2.000000029802322388e-01,1.373360604047775269e-01,-1.000000014901161194e-01,4.151951670646667480e-01,6.930416077375411987e-02,2.450065920129418373e-03,-9.999991208314895630e-02,4.519886672496795654e-01,9.385251998901367188e-02,-6.233453750610351562e-03,-5.867481231689453125e-04,4.040345251560211182e-01,9.560680389404296875e-02,-1.623129844665527344e-02,-1.556396484375000000e-03,4.050814807415008545e-01
8.800000000000000044e-01,3.241458833217620850e-01,-4.094298481941223145e-01,1.027641296386718750e+00,5.395584106445312500e-01,-2.777213454246520996e-01,5.373647063970565796e-02,9.909405112266540527e-01,1.158092543482780457e-01,6.800916045904159546e-02,-1.004244163632392883e-01,9.751799702644348145e-01,-1.973299235105514526e-01,-8.917380124330520630e-02,1.887124329805374146e-01,9.779753684997558594e-01,7.116221636533737183e-02,3.667120039463043213e-01,-8.006396889686584473e-02,1.000000000000000000e+00,0.000000000000000000e+00,3.241458833217620850e-01,-4.094298481941223145e-01,1.027641296386718750e+00,5.395584106445312500e-01,-2.777213454246520996e-01,5.373647063970565796e-02,1.000000000000000000e+00,4.380242526531219482e-01,3.661540895700454712e-02,9.070151448249816895e-01,8.690631389617919922e-01,-6.336126923561096191e-01,-7.659087330102920532e-02,1.000000000000000000e+00,2.845443487167358398e+00,-2.731174789369106293e-02,9.272511601448059082e-01,-6.826530694961547852e-01,-4.204058274626731873e-02,6.205955520272254944e-02,1.000000000000000000e+00,3.094489574432373047e+00,5.592340603470802307e-02,9.993406534194946289e-01,-6.884633302688598633e-01,-3.355114161968231201e-01,-1.986130774021148682e-01,1.000000000000000000e+00,1.000000000000000000e+00,0.000000000000000000e+00,0.000000000000000000e+00,1.000000000000000000e+00,4.380242526531219482e-01,3.661540895700454712e-02,9.070151448249816895e-01,8.690631389617919922e-01,-6.336126923561096191e-01,-7.659087330102920532e-02,9.946869015693664551e-01,1.001335829496383667e-01,2.390454895794391632e-02,-9.920170903205871582e-02,9.943634867668151855e-01,-3.742152452468872070e-02,-2.751695923507213593e-02,3.485132753849029541e-02,9.990136623382568359e-01,2.594509124755859375e-01,-2.152329087257385254e-01,1.152826100587844849e-02,0.000000000000000000e+00,1.000000000000000000e+00,3.241458833217620850e-01,-4.094298481941223145e-01,1.027641296386718750e+00,5.395584106445312500e-01,-2.777213454246520996e-01,5.373647063970565796e-02,1.000000000000000000e+00,4.380242526531219482e-01,3.661540895700454712e-02,9.070151448249816895e-01,8.690631389617919922e-01,-6.336126923561096191e-01,-7.659087330102920532e-02,1.000000000000000000e+00,2.845443487167358398e+00,-2.731174789369106293e-02,9.272511601448059082e-01,-6.826530694961547852e-01,-4.204058274626731873e-02,6.205955520272254944e-02,1.000000000000000000e+00,3.094489574432373047e+00,5.592340603470802307e-02,9.993406534194946289e-01,-6.884633302688598633e-01,-3.355114161968231201e-01,-1.986130774021148682e-01,1.000000000000000000e+00,1.000000000000000000e+00,0.000000000000000000e+00,0.000000000000000000e+00,1.000000000000000000e+00,2.845443487167358398e+00,-2.731174789369106293e-02,9.272511601448059082e-01,-6.826530694961547852e-01,-4.204058274626731873e-02,6.205955520272254944e-02,4.342955494845084086e-02,-2.418189837023376754e-02,-1.068409919516618428e-03,1.000000000000000000e+00,3.094489574432373047e+00,5.592340603470802307e-02,9.993406534194946289e-01,-6.884633302688598633e-01,-3.355114161968231201e-01,-1.986130774021148682e-01,1.083257866997545810e-01,-2.998491612587272925e-02,-3.494097494383258118e-03,1.000000000000000000e+00,2.000000029802322388e-01,1.456462144851684570e-01,-1.000000014901161194e-01,4.149563312530517578e-01,7.471028715372085571e-02,9.430794976651668549e-03,-9.999995678663253784e-02,4.492215812206268311e-01,1.038556098937988281e-01,-4.236459732055664062e-03,-4.415512084960937500e-04,4.037134349346160889e-01,9.236264228820800781e-02,-1.566576957702636719e-02,-1.451015472412109375e-03,4.080041944980621338e-01
9.000000000000000222e-01,3.350236713886260986e-01,-4.153136312961578369e-01,1.028669595718383789e+00,5.494413971900939941e-01,-3.143607079982757568e-01,4.866319894790649414e-02,9.902179241180419922e-01,1.175454407930374146e-01,7.517801225185394287e-02,-1.005738079547882080e-01,9.747513532638549805e-01,-1.993613392114639282e-01,-9.671387076377868652e-02,1.898502260446548462e-01,9.770381450653076172e-01,6.034448370337486267e-02,3.719936311244964600e-01,-8.481637388467788696e-02,1.000000000000000000e+00,0.000000000000000000e+00,3.350236713886260986e-01,-4.153136312961578369e-01,1.028669595718383789e+00,5.494413971900939941e-01,-3.143607079982757568e-01,4.866319894790649414e-02,1.000000000000000000e+00,4.553915560245513916e-01,2.390994876623153687e-02,9.056828022003173828e-01,8.673440217971801758e-01,-6.374878883361816406e-01,-5.459345132112503052e-02,1.000000000000000000e+00,2.831795454025268555e+00,-2.823088504374027252e-02,9.285116195678710938e-01,-6.819962859153747559e-01,-5.101070553064346313e-02,6.416143476963043213e-02,1.000000000000000000e+00,3.080715417861938477e+00,4.904726520180702209e-02,9.953674077987670898e-01,-6.889140605926513672e-01,-3.538724184036254883e-01,-1.984843909740447998e-01,1.000000000000000000e+00,1.000000000000000000e+00,0.000000000000000000e+00,0.000000000000000000e+00,1.000000000000000000e+00,4.553915560245513916e-01,2.390994876623153687e-02,9.056828022003173828e-01,8.673440217971801758e-01,-6.374878883361816406e-01,-5.459345132112503052e-02,9.947845339775085449e-01,1.000537276268005371e-01,1.982660032808780670e-02,-9.914824366569519043e-02,9.941715598106384277e-01,-4.233899340033531189e-02,-2.394721470773220062e-02,4.015240445733070374e-02,9.989066123962402344e-01,2.696044445037841797e-01,-1.317582130432128906e-01,7.943100295960903168e-03,0.000000000000000000e+00,1.000000000000000000e+00,3.350236713886260986e-01,-4.153136312961578369e-01,1.028669595718383789e+00,5.494413971900939941e-01,-3.143607079982757568e-01,4.866319894790649414e-02,1.000000000000000000e+00,4.553915560245513916e-01,2.390994876623153687e-02,9.056828022003173828e-01,8.673440217971801758e-01,-6.374878883361816406e-01,-5.459345132112503052e-02,1.000000000000000000e+00,2.831795454025268555e+00,-2.823088504374027252e-02,9.285116195678710938e-01,-6.819962859153747559e-01,-5.101070553064346313e-02,6.416143476963043213e-02,1.000000000000000000e+00,3.080715417861938477e+00,4.904726520180702209e-02,9.953674077987670898e-01,-6.889140605926513672e-01,-3.538724184036254883e-01,-1.984843909740447998e-01,1.000000000000000000e+00,1.000000000000000000e+00,0.000000000000000000e+00,0.000000000000000000e+00,1.000000000000000000e+00,2.831795454025268555e+00,-2.823088504374027252e-02,9.285116195678710938e-01,-6.819962859153747559e-01,-5.101070553064346313e-02,6.416143476963043213e-02,5.115728253046951390e-02,-2.149563660900954964e-02,-1.131552856931880569e-03,1.000000000000000000e+00,3.080715417861938477e+00,4.904726520180702209e-02,9.953674077987670898e-01,-6.889140605926513672e-01,-3.538724184036254883e-01,-1.984843909740447998e-01,1.062850640865456719e-01,-2.796550535957731398e-02,-3.151193702110997863e-03,1.000000000000000000e+00,2.000000029802322388e-01,1.536185443401336670e-01,-1.000000014901161194e-01,4.125463664531707764e-01,7.789582014083862305e-02,1.643348485231399536e-02,-9.999991953372955322e-02,4.467060863971710205e-01,1.141662597656250000e-01,-2.184629440307617188e-03,-2.505779266357421875e-04,4.035046696662902832e-01,8.946061134338378906e-02,-1.522517204284667969e-02,-1.365661621093750000e-03,4.108065962791442871e-01
9.200000000000000400e-01,3.461115658283233643e-01,-4.219321906566619873e-01,1.029599905014038086e+00,5.606968402862548828e-01,-3.512077927589416504e-01,4.393655434250831604e-02,9.894270300865173340e-01,1.193500086665153503e-01,8.240076154470443726e-02,-1.007746383547782898e-01,9.743511080741882324e-01,-2.012076973915100098e-01,-1.043014004826545715e-01,1.907764077186584473e-01,9.760767221450805664e-01,5.179015919566154480e-02,3.708888292312622070e-01,-8.746360987424850464e-02,1.000000000000000000e+00,0.000000000000000000e+00,3.461115658283233643e-01,-4.219321906566619873e-01,1.029599905014038086e+00,5.606968402862548828e-01,-3.512077927589416504e-01,4.393655434250831604e-02,1.000000000000000000e+00,4.727172851562500000e-01,1.111773680895566940e-02,9.047821164131164551e-01,8.648999929428100586e-01,-6.423959732055664062e-01,-3.353703022003173828e-02,1.000000000000000000e+00,2.818165302276611328e+00,-2.934269793331623077e-02,9.298121333122253418e-01,-6.808189153671264648e-01,-6.146577745676040649e-02,6.602709740400314331e-02,1.000000000000000000e+00,3.066935539245605469e+00,4.180763289332389832e-02,9.914082288742065430e-01,-6.890155673027038574e-01,-3.718134164810180664e-01,-1.970779597759246826e-01,1.000000000000000000e+00,1.000000000000000000e+00,0.000000000000000000e+00,0.000000000000000000e+00,1.000000000000000000e+00,4.727172851562500000e-01,1.111773680895566940e-02,9.047821164131164551e-01,8.648999929428100586e-01,-6.423959732055664062e-01,-3.353703022003173828e-02,9.948315024375915527e-01,1.000373512506484985e-01,1.739902794361114502e-02,-9.911793470382690430e-02,9.939431548118591309e-01,-4.746174812316894531e-02,-2.204159274697303772e-02,4.549188911914825439e-02,9.987214803695678711e-01,2.607198059558868408e-01,-5.219798535108566284e-02,3.568983636796474457e-03,0.000000000000000000e+00,1.000000000000000000e+00,3.461115658283233643e-01,-4.219321906566619873e-01,1.029599905014038086e+00,5.606968402862548828e-01,-3.512077927589416504e-01,4.393655434250831604e-02,1.000000000000000000e+00,4.727172851562500000e-01,1.111773680895566940e-02,9.047821164131164551e-01,8.648999929428100586e-01,-6.423959732055664062e-01,-3.353703022003173828e-02,1.000000000000000000e+00,2.818165302276611328e+00,-2.934269793331623077e-02,9.298121333122253418e-01,-6.808189153671264648e-01,-6.146577745676040649e-02,6.602709740400314331e-02,1.000000000000000000e+00,3.066935539245605469e+00,4.180763289332389832e-02,9.914082288742065430e-01,-6.890155673027038574e-01,-3.718134164810180664e-01,-1.970779597759246826e-01,1.000000000000000000e+00,1.000000000000000000e+00,0.000000000000000000e+00,0.000000000000000000e+00,1.000000000000000000e+00,2.818165302276611328e+00,-2.934269793331623077e-02,9.298121333122253418e-01,-6.808189153671264648e-01,-6.146577745676040649e-02,6.602709740400314331e-02,5.922605778180747849e-02,-1.890813557802473177e-02,-1.157217494210997094e-03,1.000000000000000000e+00,3.066935539245605469e+00,4.180763289332389832e-02,9.914082288742065430e-01,-6.890155673027038574e-01,-3.718134164810180664e-01,-1.970779597759246826e-01,1.040811686377455941e-01,-2.616544054247915696e-02,-2.842223896764681235e-03,1.000000000000000000e+00,2.000000029802322388e-01,1.617650091648101807e-01,-1.000000014901161194e-01,4.086461365222930908e-01,7.886843383312225342e-02,2.021915838122367859e-02,-9.999988228082656860e-02,4.429853558540344238e-01,1.247651576995849609e-01,-5.745887756347656250e-05,-7.152557373046875000e-06,4.033853113651275635e-01,8.695936203002929688e-02,-1.488518714904785156e-02,-1.297712326049804688e-03,4.134467244148254395e-01
9.400000000000000577e-01,3.574366569519042969e-01,-4.292887151241302490e-01,1.030435562133789062e+00,5.732858180999755859e-01,-3.881399333477020264e-01,3.911609947681427002e-02,9.885776042938232422e-01,1.211813613772392273e-01,8.960767835378646851e-02,-1.010000929236412048e-01,9.739767313003540039e-01,-2.029000222682952881e-01,-1.118634864687919617e-01,1.915320158004760742e-01,9.750908613204956055e-01,4.474050179123878479e-02,3.704704344272613525e-01,-8.798199146986007690e-02,1.000000000000000000e+00,0.000000000000000000e+00,3.574366569519042969e-01,-4.292887151241302490e-01,1.030435562133789062e+00,5.732858180999755859e-01,-3.881399333477020264e-01,3.911609947681427002e-02,1.000000000000000000e+00,4.899902641773223877e-01,-1.781858270987868309e-03,9.042925238609313965e-01,8.620797395706176758e-01,-6.483148932456970215e-01,-1.364658214151859283e-02,1.000000000000000000e+00,2.804563045501708984e+00,-3.067737258970737457e-02,9.311477541923522949e-01,-6.791434884071350098e-01,-7.345965504646301270e-02,6.765516102313995361e-02,1.000000000000000000e+00,3.053156614303588867e+00,3.421315550804138184e-02,9.874888062477111816e-01,-6.888086199760437012e-01,-3.893085420131683350e-01,-1.943854391574859619e-01,1.000000000000000000e+00,1.000000000000000000e+00,0.000000000000000000e+00,0.000000000000000000e+00,1.000000000000000000e+00,4.899902641773223877e-01,-1.781858270987868309e-03,9.042925238609313965e-01,8.620797395706176758e-01,-6.483148932456970215e-01,-1.364658214151859283e-02,9.948436617851257324e-01,1.000885292887687683e-01,1.639241538941860199e-02,-9.911041706800460815e-02,9.936978220939636230e-01,-5.236469581723213196e-02,-2.153020910918712616e-02,5.047002062201499939e-02,9.984936714172363281e-01,2.321917414665222168e-01,8.033628691919147968e-04,-3.778151294682174921e-04,0.000000000000000000e+00,1.000000000000000000e+00,3.574366569519042969e-01,-4.292887151241302490e-01,1.030435562133789062e+00,5.732858180999755859e-01,-3.881399333477020264e-01,3.911609947681427002e-02,1.000000000000000000e+00,4.899902641773223877e-01,-1.781858270987868309e-03,9.042925238609313965e-01,8.620797395706176758e-01,-6.483148932456970215e-01,-1.364658214151859283e-02,1.000000000000000000e+00,2.804563045501708984e+00,-3.067737258970737457e-02,9.311477541923522949e-01,-6.791434884071350098e-01,-7.345965504646301270e-02,6.765516102313995361e-02,1.000000000000000000e+00,3.053156614303588867e+00,3.421315550804138184e-02,9.874888062477111816e-01,-6.888086199760437012e-01,-3.893085420131683350e-01,-1.943854391574859619e-01,1.000000000000000000e+00,1.000000000000000000e+00,0.000000000000000000e+00,0.000000000000000000e+00,1.000000000000000000e+00,2.804563045501708984e+00,-3.067737258970737457e-02,9.311477541923522949e-01,-6.791434884071350098e-01,-7.345965504646301270e-02,6.765516102313995361e-02,6.763269861198352439e-02,-1.639581209107698889e-02,-1.143891545502317975e-03,1.000000000000000000e+00,3.053156614303588867e+00,3.421315550804138184e-02,9.874888062477111816e-01,-6.888086199760437012e-01,-3.893085420131683350e-01,-1.943854391574859619e-01,1.017912221179400334e-01,-2.456937115022173046e-02,-2.567459107109516803e-03,1.000000000000000000e+00,2.000000029802322388e-01,1.700944304466247559e-01,-1.000000014901161194e-01,4.041553735733032227e-01,7.941651344299316406e-02,2.369206212460994720e-02,-1.000000014901161194e-01,4.385359585285186768e-01,1.356234550476074219e-01,2.161264419555664062e-03,2.949237823486328125e-04,4.033135175704956055e-01,8.488702774047851562e-02,-1.462316513061523438e-02,-1.244306564331054688e-03,4.158851802349090576e-01
9.599999999999999645e-01,3.690251111984252930e-01,-4.373837113380432129e-01,1.031170725822448730e+00,5.871526598930358887e-01,-4.250266253948211670e-01,3.370648249983787537e-02,9.876685738563537598e-01,1.230082288384437561e-01,9.684964269399642944e-02,-1.012099906802177429e-01,9.736277461051940918e-01,-2.044643610715866089e-01,-1.194462850689888000e-01,1.921408623456954956e-01,9.740711450576782227e-01,3.829728439450263977e-02,3.742778599262237549e-01,-8.759140223264694214e-02,1.000000000000000000e+00,0.000000000000000000e+00,3.690251111984252930e-01,-4.373837113380432129e-01,1.031170725822448730e+00,5.871526598930358887e-01,-4.250266253948211670e-01,3.370648249983787537e-02,1.000000000000000000e+00,5.072054862976074219e-01,-1.480811741203069687e-02,9.041883349418640137e-01,8.591341972351074219e-01,-6.551249027252197266e-01,4.801344592124223709e-03,1.000000000000000000e+00,2.790998697280883789e+00,-3.226617351174354553e-02,9.325137734413146973e-01,-6.769872903823852539e-01,-8.704517781734466553e-02,6.904729455709457397e-02,1.000000000000000000e+00,3.039384126663208008e+00,2.627290785312652588e-02,9.836347699165344238e-01,-6.883308291435241699e-01,-4.063440859317779541e-01,-1.904223263263702393e-01,1.000000000000000000e+00,1.000000000000000000e+00,0.000000000000000000e+00,0.000000000000000000e+00,1.000000000000000000e+00,5.072054862976074219e-01,-1.480811741203069687e-02,9.041883349418640137e-01,8.591341972351074219e-01,-6.551249027252197266e-01,4.801344592124223709e-03,9.948355555534362793e-01,1.001980006694793701e-01,1.621040701866149902e-02,-9.913590550422668457e-02,9.934589266777038574e-01,-5.667147412896156311e-02,-2.178274095058441162e-02,5.477175489068031311e-02,9.982613921165466309e-01,1.950504332780838013e-01,2.303137630224227905e-02,-3.604691242799162865e-03,0.000000000000000000e+00,1.000000000000000000e+00,3.690251111984252930e-01,-4.373837113380432129e-01,1.031170725822448730e+00,5.871526598930358887e-01,-4.250266253948211670e-01,3.370648249983787537e-02,1.000000000000000000e+00,5.072054862976074219e-01,-1.480811741203069687e-02,9.041883349418640137e-01,8.591341972351074219e-01,-6.551249027252197266e-01,4.801344592124223709e-03,1.000000000000000000e+00,2.790998697280883789e+00,-3.226617351174354553e-02,9.325137734413146973e-01,-6.769872903823852539e-01,-8.704517781734466553e-02,6.904729455709457397e-02,1.000000000000000000e+00,3.039384126663208008e+00,2.627290785312652588e-02,9.836347699165344238e-01,-6.883308291435241699e-01,-4.063440859317779541e-01,-1.904223263263702393e-01,1.000000000000000000e+00,1.000000000000000000e+00,0.000000000000000000e+00,0.000000000000000000e+00,1.000000000000000000e+00,2.790998697280883789e+00,-3.226617351174354553e-02,9.325137734413146973e-01,-6.769872903823852539e-01,-8.704517781734466553e-02,6.904729455709457397e-02,7.637044168055009963e-02,-1.393535406427415246e-02,-1.089462347369847539e-03,1.000000000000000000e+00,3.039384126663208008e+00,2.627290785312652588e-02,9.836347699165344238e-01,-6.883308291435241699e-01,-4.063440859317779541e-01,-1.904223263263702393e-01,9.948848631606890813e-02,-2.316056952467282493e-02,-2.326162528491278192e-03,1.000000000000000000e+00,2.000000029802322388e-01,1.795846819877624512e-01,-1.000000014901161194e-01,4.008464813232421875e-01,7.994151115417480469e-02,2.603681385517120361e-02,-1.000000014901161194e-01,4.334394633769989014e-01,1.467082500457763672e-01,4.484891891479492188e-03,6.628036499023437500e-04,4.032360613346099854e-01,8.323311805725097656e-02,-1.441931724548339844e-02,-1.202821731567382812e-03,4.180760979652404785e-01
9.799999999999999822e-01,3.809021115303039551e-01,-4.462151825428009033e-01,1.031789422035217285e+00,6.022583842277526855e-01,-4.617667198181152344e-01,2.733870409429073334e-02,9.866897463798522949e-01,1.248262599110603333e-01,1.042206808924674988e-01,-1.013812944293022156e-01,9.733018875122070312e-01,-2.059260159730911255e-01,-1.271431446075439453e-01,1.926190406084060669e-01,9.730018973350524902e-01,3.279531002044677734e-02,3.840870261192321777e-01,-8.784330636262893677e-02,1.000000000000000000e+00,0.000000000000000000e+00,3.809021115303039551e-01,-4.462151825428009033e-01,1.031789422035217285e+00,6.022583842277526855e-01,-4.617667198181152344e-01,2.733870409429073334e-02,1.000000000000000000e+00,5.243616104125976562e-01,-2.797731384634971619e-02,9.044379591941833496e-01,8.561863899230957031e-01,-6.626502871513366699e-01,2.152675203979015350e-02,1.000000000000000000e+00,2.777481794357299805e+00,-3.414137661457061768e-02,9.339054226875305176e-01,-6.743624210357666016e-01,-1.022729650139808655e-01,7.020162791013717651e-02,1.000000000000000000e+00,3.025623559951782227e+00,1.799610257148742676e-02,9.798710346221923828e-01,-6.876161694526672363e-01,-4.229183495044708252e-01,-1.852270811796188354e-01,1.000000000000000000e+00,1.000000000000000000e+00,0.000000000000000000e+00,0.000000000000000000e+00,1.000000000000000000e+00,5.243616104125976562e-01,-2.797731384634971619e-02,9.044379591941833496e-01,8.561863899230957031e-01,-6.626502871513366699e-01,2.152675203979015350e-02,9.948170781135559082e-01,1.003515720367431641e-01,1.638336293399333954e-02,-9.919923543930053711e-02,9.932386279106140137e-01,-6.030286476016044617e-02,-2.232407592236995697e-02,5.836510285735130310e-02,9.980456233024597168e-01,1.637792289257049561e-01,3.037067316472530365e-02,-5.904176272451877594e-03,0.000000000000000000e+00,1.000000000000000000e+00,3.809021115303039551e-01,-4.462151825428009033e-01,1.031789422035217285e+00,6.022583842277526855e-01,-4.617667198181152344e-01,2.733870409429073334e-02,1.000000000000000000e+00,5.243616104125976562e-01,-2.797731384634971619e-02,9.044379591941833496e-01,8.561863899230957031e-01,-6.626502871513366699e-01,2.152675203979015350e-02,1.000000000000000000e+00,2.777481794357299805e+00,-3.414137661457061768e-02,9.339054226875305176e-01,-6.743624210357666016e-01,-1.022729650139808655e-01,7.020162791013717651e-02,1.000000000000000000e+00,3.025623559951782227e+00,1.799610257148742676e-02,9.798710346221923828e-01,-6.876161694526672363e-01,-4.229183495044708252e-01,-1.852270811796188354e-01,1.000000000000000000e+00,1.000000000000000000e+00,0.000000000000000000e+00,0.000000000000000000e+00,1.000000000000000000e+00,2.777481794357299805e+00,-3.414137661457061768e-02,9.339054226875305176e-01,-6.743624210357666016e-01,-1.022729650139808655e-01,7.020162791013717651e-02,8.542840336690109282e-02,-1.150462532506102420e-02,-9.911979370118007004e-04,1.000000000000000000e+00,3.025623559951782227e+00,1.799610257148742676e-02,9.798710346221923828e-01,-6.876161694526672363e-01,-4.229183495044708252e-01,-1.852270811796188354e-01,9.723973596407192721e-02,-2.192164034816124207e-02,-2.116817522865611922e-03,1.000000000000000000e+00,1.999999880790710449e-01,1.891553848981857300e-01,-1.000000014901161194e-01,3.984999954700469971e-01,8.120571076869964600e-02,2.762556634843349457e-02,-1.000000014901161194e-01,4.284656345844268799e-01,1.579918861389160156e-01,6.926536560058593750e-03,1.103639602661132812e-03,4.031082093715667725e-01,8.195924758911132812e-02,-1.425671577453613281e-02,-1.171112060546875000e-03,4.199722707271575928e-01
1.000000000000000000e+00,3.930923640727996826e-01,-4.557797908782958984e-01,1.032270908355712891e+00,6.186019778251647949e-01,-4.983109235763549805e-01,1.986659131944179535e-02,9.856232404708862305e-01,1.266457736492156982e-01,1.118384003639221191e-01,-1.014994755387306213e-01,9.729951620101928711e-01,-2.073123753070831299e-01,-1.350734531879425049e-01,1.929803490638732910e-01,9.718610644340515137e-01,2.794221229851245880e-02,3.985324800014495850e-01,-8.851306140422821045e-02,1.000000000000000000e+00,0.000000000000000000e+00,3.930923640727996826e-01,-4.557797908782958984e-01,1.032270908355712891e+00,6.186019778251647949e-01,-4.983109235763549805e-01,1.986659131944179535e-02,1.000000000000000000e+00,5.414590835571289062e-01,-4.130223020911216736e-02,9.050048589706420898e-01,8.532846570014953613e-01,-6.707292795181274414e-01,3.630255535244941711e-02,1.000000000000000000e+00,2.764021396636962891e+00,-3.633626550436019897e-02,9.353181123733520508e-01,-6.712766289710998535e-01,-1.191901117563247681e-01,7.110751420259475708e-02,1.000000000000000000e+00,3.011879444122314453e+00,9.391903877258300781e-03,9.762218594551086426e-01,-6.866955161094665527e-01,-4.390404224395751953e-01,-1.788609772920608521e-01,1.000000000000000000e+00,1.000000000000000000e+00,0.000000000000000000e+00,0.000000000000000000e+00,1.000000000000000000e+00,5.414590835571289062e-01,-4.130223020911216736e-02,9.050048589706420898e-01,8.532846570014953613e-01,-6.707292795181274414e-01,3.630255535244941711e-02,9.947931766510009766e-01,1.005348339676856995e-01,1.671172492206096649e-02,-9.929149597883224487e-02,9.930345416069030762e-01,-6.343206763267517090e-02,-2.297245152294635773e-02,6.144245713949203491e-02,9.978461861610412598e-01,1.453187465667724609e-01,3.421828150749206543e-02,-7.306859362870454788e-03,0.000000000000000000e+00,1.000000000000000000e+00,3.930923640727996826e-01,-4.557797908782958984e-01,1.032270908355712891e+00,6.186019778251647949e-01,-4.983109235763549805e-01,1.986659131944179535e-02,1.000000000000000000e+00,5.414590835571289062e-01,-4.130223020911216736e-02,9.050048589706420898e-01,8.532846570014953613e-01,-6.707292795181274414e-01,3.630255535244941711e-02,1.000000000000000000e+00,2.764021396636962891e+00,-3.633626550436019897e-02,9.353181123733520508e-01,-6.712766289710998535e-01,-1.191901117563247681e-01,7.110751420259475708e-02,1.000000000000000000e+00,3.011879444122314453e+00,9.391903877258300781e-03,9.762218594551086426e-01,-6.866955161094665527e-01,-4.390404224395751953e-01,-1.788609772920608521e-01,1.000000000000000000e+00,1.000000000000000000e+00,0.000000000000000000e+00,0.000000000000000000e+00,1.000000000000000000e+00,2.764021396636962891e+00,-3.633626550436019897e-02,9.353181123733520508e-01,-6.712766289710998535e-01,-1.191901117563247681e-01,7.110751420259475708e-02,9.479162983295778833e-02,-9.083223385880412337e-03,-8.457861393873361555e-04,1.000000000000000000e+00,3.011879444122314453e+00,9.391903877258300781e-03,9.762218594551086426e-01,-6.866955161094665527e-01,-4.390404224395751953e-01,-1.788609772920608521e-01,9.510097738870476602e-02,-2.083507436150200398e-02,-1.937336289548195756e-03,1.000000000000000000e+00,1.999999880790710449e-01,1.985157132148742676e-01,-1.000000014901161194e-01,3.964291214942932129e-01,8.264644443988800049e-02,2.863449230790138245e-02,-1.000000014901161194e-01,4.242450296878814697e-01,1.694574356079101562e-01,9.503841400146484375e-03,1.626014709472656250e-03,4.029067158699035645e-01,8.102297782897949219e-02,-1.412177085876464844e-02,-1.146554946899414062e-03,4.215342104434967041e-01
1.020000000000000018e+00,4.056207537651062012e-01,-4.660733640193939209e-01,1.032592654228210449e+00,6.362090110778808594e-01,-5.346391797065734863e-01,1.125789899379014969e-02,9.844582676887512207e-01,1.284710019826889038e-01,1.197388842701911926e-01,-1.015606895089149475e-01,9.727053046226501465e-01,-2.086387127637863159e-01,-1.432746499776840210e-01,1.932353228330612183e-01,9.706352353096008301e-01,2.365223504602909088e-02,4.113899469375610352e-01,-8.920983970165252686e-02,1.000000000000000000e+00,0.000000000000000000e+00,4.056207537651062012e-01,-4.660733640193939209e-01,1.032592654228210449e+00,6.362090110778808594e-01,-5.346391797065734863e-01,1.125789899379014969e-02,1.000000000000000000e+00,5.584991574287414551e-01,-5.479287728667259216e-02,9.058488011360168457e-01,8.504514694213867188e-01,-6.792567372322082520e-01,4.902771487832069397e-02,1.000000000000000000e+00,2.750626802444458008e+00,-3.888501971960067749e-02,9.367465376853942871e-01,-6.677332520484924316e-01,-1.378390491008758545e-01,7.174349576234817505e-02,1.000000000000000000e+00,2.998155117034912109e+00,4.692114307545125484e-04,9.727100133895874023e-01,-6.855958700180053711e-01,-4.547277688980102539e-01,-1.714074015617370605e-01,1.000000000000000000e+00,1.000000000000000000e+00,0.000000000000000000e+00,0.000000000000000000e+00,1.000000000000000000e+00,5.584991574287414551e-01,-5.479287728667259216e-02,9.058488011360168457e-01,8.504514694213867188e-01,-6.792567372322082520e-01,4.902771487832069397e-02,9.947658777236938477e-01,1.007351279258728027e-01,1.713723130524158478e-02,-9.939751029014587402e-02,9.928364753723144531e-01,-6.630353629589080811e-02,-2.369355969130992889e-02,6.425309181213378906e-02,9.976524710655212402e-01,1.370709240436553955e-01,3.725960105657577515e-02,-7.923885248601436615e-03,0.000000000000000000e+00,1.000000000000000000e+00,4.056207537651062012e-01,-4.660733640193939209e-01,1.032592654228210449e+00,6.362090110778808594e-01,-5.346391797065734863e-01,1.125789899379014969e-02,1.000000000000000000e+00,5.584991574287414551e-01,-5.479287728667259216e-02,9.058488011360168457e-01,8.504514694213867188e-01,-6.792567372322082520e-01,4.902771487832069397e-02,1.000000000000000000e+00,2.750626802444458008e+00,-3.888501971960067749e-02,9.367465376853942871e-01,-6.677332520484924316e-01,-1.378390491008758545e-01,7.174349576234817505e-02,1.000000000000000000e+00,2.998155117034912109e+00,4.692114307545125484e-04,9.727100133895874023e-01,-6.855958700180053711e-01,-4.547277688980102539e-01,-1.714074015617370605e-01,1.000000000000000000e+00,1.000000000000000000e+00,0.000000000000000000e+00,0.000000000000000000e+00,1.000000000000000000e+00,2.750626802444458008e+00,-3.888501971960067749e-02,9.367465376853942871e-01,-6.677332520484924316e-01,-1.378390491008758545e-01,7.174349576234817505e-02,1.044428466494556340e-01,-6.652191869449985973e-03,-6.493218660189592484e-04,1.000000000000000000e+00,2.998155117034912109e+00,4.692114307545125484e-04,9.727100133895874023e-01,-6.855958700180053711e-01,-4.547277688980102539e-01,-1.714074015617370605e-01,9.311320874583960128e-02,-1.988378890799080700e-02,-1.785232498114935895e-03,1.000000000000000000e+00,1.999999582767486572e-01,1.997630745172500610e-01,-1.000000014901161194e-01,3.939270079135894775e-01,8.544085919857025146e-02,2.975459210574626923e-02,-1.000000014901161194e-01,4.199562370777130127e-01,1.810958385467529297e-01,1.223587989807128906e-02,2.240419387817382812e-03,4.026210606098175049e-01,8.039426803588867188e-02,-1.400303840637207031e-02,-1.128196716308593750e-03,4.227409958839416504e-01
1.040000000000000036e+00,4.185128211975097656e-01,-4.770913720130920410e-01,1.032731771469116211e+00,6.550950407981872559e-01,-5.707330703735351562e-01,1.480998704209923744e-03,9.832236766815185547e-01,1.302409470081329346e-01,1.277047544717788696e-01,-1.015502810478210449e-01,9.724363088607788086e-01,-2.098933309316635132e-01,-1.515214294195175171e-01,1.934036463499069214e-01,9.693483710289001465e-01,1.992171630263328552e-02,3.947969377040863037e-01,-8.366988599300384521e-02,1.000000000000000000e+00,0.000000000000000000e+00,4.185128211975097656e-01,-4.770913720130920410e-01,1.032731771469116211e+00,6.550950407981872559e-01,-5.707330703735351562e-01,1.480998704209923744e-03,1.000000000000000000e+00,5.754832625389099121e-01,-6.845767050981521606e-02,9.069287776947021484e-01,8.477010726928710938e-01,-6.881779432296752930e-01,5.968157947063446045e-02,1.000000000000000000e+00,2.737307548522949219e+00,-4.182261973619461060e-02,9.381848573684692383e-01,-6.637315750122070312e-01,-1.582569479942321777e-01,7.207769900560379028e-02,1.000000000000000000e+00,2.984454393386840820e+00,-8.763483725488185883e-03,9.693562984466552734e-01,-6.843408346176147461e-01,-4.700036346912384033e-01,-1.629699021577835083e-01,1.000000000000000000e+00,1.000000000000000000e+00,0.000000000000000000e+00,0.000000000000000000e+00,1.000000000000000000e+00,5.754832625389099121e-01,-6.845767050981521606e-02,9.069287776947021484e-01,8.477010726928710938e-01,-6.881779432296752930e-01,5.968157947063446045e-02,9.947361946105957031e-01,1.009427234530448914e-01,1.762454956769943237e-02,-9.950575977563858032e-02,9.926365017890930176e-01,-6.907671689987182617e-02,-2.446756139397621155e-02,6.695936620235443115e-02,9.974557757377624512e-01,1.357632726430892944e-01,3.951107338070869446e-02,-8.076967671513557434e-03,0.000000000000000000e+00,1.000000000000000000e+00,4.185128211975097656e-01,-4.770913720130920410e-01,1.032731771469116211e+00,6.550950407981872559e-01,-5.707330703735351562e-01,1.480998704209923744e-03,1.000000000000000000e+00,5.754832625389099121e-01,-6.845767050981521606e-02,9.069287776947021484e-01,8.477010726928710938e-01,-6.881779432296752930e-01,5.968157947063446045e-02,1.000000000000000000e+00,2.737307548522949219e+00,-4.182261973619461060e-02,9.381848573684692383e-01,-6.637315750122070312e-01,-1.582569479942321777e-01,7.207769900560379028e-02,1.000000000000000000e+00,2.984454393386840820e+00,-8.763483725488185883e-03,9.693562984466552734e-01,-6.843408346176147461e-01,-4.700036346912384033e-01,-1.629699021577835083e-01,1.000000000000000000e+00,1.000000000000000000e+00,0.000000000000000000e+00,0.000000000000000000e+00,1.000000000000000000e+00,2.737307548522949219e+00,-4.182261973619461060e-02,9.381848573684692383e-01,-6.637315750122070312e-01,-1.582569479942321777e-01,7.207769900560379028e-02,1.143645126600917328e-01,-4.193076091949077266e-03,-3.971884275965967270e-04,1.000000000000000000e+00,2.984454393386840820e+00,-8.763483725488185883e-03,9.693562984466552734e-01,-6.843408346176147461e-01,-4.700036346912384033e-01,-1.629699021577835083e-01,9.130207555914493511e-02,-1.905138573415188219e-02,-1.657780756122571864e-03,1.000000000000000000e+00,1.999999880790710449e-01,1.999651640653610229e-01,-1.000000014901161194e-01,3.877496719360351562e-01,8.878408372402191162e-02,3.037963807582855225e-02,-1.000000014901161194e-01,4.131141901016235352e-01,1.928982734680175781e-01,1.514124870300292969e-02,2.957344055175781250e-03,4.022406339645385742e-01,8.005571365356445312e-02,-1.389288902282714844e-02,-1.114606857299804688e-03,4.235857725143432617e-01
1.060000000000000053e+00,4.317935109138488770e-01,-4.888287186622619629e-01,1.032663464546203613e+00,6.751487851142883301e-01,-6.065164804458618164e-01,-9.711616672575473785e-03,9.820402264595031738e-01,1.318534910678863525e-01,1.349509060382843018e-01,-1.015356704592704773e-01,9.721970558166503906e-01,-2.110060602426528931e-01,-1.590207517147064209e-01,1.935140937566757202e-01,9.681243896484375000e-01,1.678516156971454620e-02,3.368615210056304932e-01,-7.406195998191833496e-02,1.000000000000000000e+00,0.000000000000000000e+00,4.317935109138488770e-01,-4.888287186622619629e-01,1.032663464546203613e+00,6.751487851142883301e-01,-6.065164804458618164e-01,-9.711616672575473785e-03,1.000000000000000000e+00,5.924131274223327637e-01,-8.230417966842651367e-02,9.082022309303283691e-01,8.450376987457275391e-01,-6.974582076072692871e-01,6.809329241514205933e-02,1.000000000000000000e+00,2.724072217941284180e+00,-4.518473520874977112e-02,9.396269917488098145e-01,-6.592671871185302734e-01,-1.804755926132202148e-01,7.206897437572479248e-02,1.000000000000000000e+00,2.970779895782470703e+00,-1.829818636178970337e-02,9.661792516708374023e-01,-6.829512715339660645e-01,-4.848946928977966309e-01,-1.536691337823867798e-01,1.000000000000000000e+00,1.000000000000000000e+00,0.000000000000000000e+00,0.000000000000000000e+00,1.000000000000000000e+00,5.924131274223327637e-01,-8.230417966842651367e-02,9.082022309303283691e-01,8.450376987457275391e-01,-6.974582076072692871e-01,6.809329241514205933e-02,9.947056770324707031e-01,1.011511012911796570e-01,1.814196072518825531e-02,-9.960832446813583374e-02,9.924268722534179688e-01,-7.188307493925094604e-02,-2.527561970055103302e-02,6.969540566205978394e-02,9.972481131553649902e-01,1.403883695602416992e-01,4.008150845766067505e-02,-7.803479209542274475e-03,0.000000000000000000e+00,1.000000000000000000e+00,4.317935109138488770e-01,-4.888287186622619629e-01,1.032663464546203613e+00,6.751487851142883301e-01,-6.065164804458618164e-01,-9.711616672575473785e-03,1.000000000000000000e+00,5.924131274223327637e-01,-8.230417966842651367e-02,9.082022309303283691e-01,8.450376987457275391e-01,-6.974582076072692871e-01,6.809329241514205933e-02,1.000000000000000000e+00,2.724072217941284180e+00,-4.518473520874977112e-02,9.396269917488098145e-01,-6.592671871185302734e-01,-1.804755926132202148e-01,7.206897437572479248e-02,1.000000000000000000e+00,2.970779895782470703e+00,-1.829818636178970337e-02,9.661792516708374023e-01,-6.829512715339660645e-01,-4.848946928977966309e-01,-1.536691337823867798e-01,1.000000000000000000e+00,1.000000000000000000e+00,0.000000000000000000e+00,0.000000000000000000e+00,1.000000000000000000e+00,2.724072217941284180e+00,-4.518473520874977112e-02,9.396269917488098145e-01,-6.592671871185302734e-01,-1.804755926132202148e-01,7.206897437572479248e-02,1.245408724841836345e-01,-1.687070322253347854e-03,-8.392753880444997483e-05,1.000000000000000000e+00,2.970779895782470703e+00,-1.829818636178970337e-02,9.661792516708374023e-01,-6.829512715339660645e-01,-4.848946928977966309e-01,-1.536691337823867798e-01,8.968189630889536468e-02,-1.832242380105419954e-02,-1.552176061996660139e-03,1.000000000000000000e+00,1.999999880790710449e-01,1.999733000993728638e-01,-1.000000014901161194e-01,3.781505227088928223e-01,9.280268847942352295e-02,3.062534891068935394e-02,-1.000000014901161194e-01,4.058959782123565674e-01,2.000000029802322388e-01,1.822876930236816406e-02,3.786802291870117188e-03,4.017265141010284424e-01,7.999920845031738281e-02,-1.378369331359863281e-02,-1.105070114135742188e-03,4.240446090698242188e-01
1.080000000000000071e+00,4.454836249351501465e-01,-5.012777447700500488e-01,1.032354354858398438e+00,6.960601806640625000e-01,-6.418228149414062500e-01,-2.289672009646892548e-02,9.810152053833007812e-01,1.332506537437438965e-01,1.409023106098175049e-01,-1.015857011079788208e-01,9.719909429550170898e-01,-2.119292169809341431e-01,-1.651954650878906250e-01,1.935921162366867065e-01,9.670742750167846680e-01,1.423083618283271790e-02,2.679402828216552734e-01,-6.260507553815841675e-02,1.000000000000000000e+00,0.000000000000000000e+00,4.454836249351501465e-01,-5.012777447700500488e-01,1.032354354858398438e+00,6.960601806640625000e-01,-6.418228149414062500e-01,-2.289672009646892548e-02,1.000000000000000000e+00,6.092904806137084961e-01,-9.633936733007431030e-02,9.096214771270751953e-01,8.424535393714904785e-01,-7.070752382278442383e-01,7.395251840353012085e-02,1.000000000000000000e+00,2.710930824279785156e+00,-4.900762438774108887e-02,9.410655498504638672e-01,-6.543315649032592773e-01,-2.045190185308456421e-01,7.167156785726547241e-02,1.000000000000000000e+00,2.957134008407592773e+00,-2.812745794653892517e-02,9.631950259208679199e-01,-6.814445257186889648e-01,-4.994294643402099609e-01,-1.436401754617691040e-01,1.000000000000000000e+00,1.000000000000000000e+00,0.000000000000000000e+00,0.000000000000000000e+00,1.000000000000000000e+00,6.092904806137084961e-01,-9.633936733007431030e-02,9.096214771270751953e-01,8.424535393714904785e-01,-7.070752382278442383e-01,7.395251840353012085e-02,9.946761131286621094e-01,1.013543307781219482e-01,1.862847059965133667e-02,-9.970092773437500000e-02,9.922008514404296875e-01,-7.481675595045089722e-02,-2.606618031859397888e-02,7.256115227937698364e-02,9.970234632492065430e-01,1.490290462970733643e-01,3.729419410228729248e-02,-7.180571556091308594e-03,0.000000000000000000e+00,1.000000000000000000e+00,4.454836249351501465e-01,-5.012777447700500488e-01,1.032354354858398438e+00,6.960601806640625000e-01,-6.418228149414062500e-01,-2.289672009646892548e-02,1.000000000000000000e+00,6.092904806137084961e-01,-9.633936733007431030e-02,9.096214771270751953e-01,8.424535393714904785e-01,-7.070752382278442383e-01,7.395251840353012085e-02,1.000000000000000000e+00,2.710930824279785156e+00,-4.900762438774108887e-02,9.410655498504638672e-01,-6.543315649032592773e-01,-2.045190185308456421e-01,7.167156785726547241e-02,1.000000000000000000e+00,2.957134008407592773e+00,-2.812745794653892517e-02,9.631950259208679199e-01,-6.814445257186889648e-01,-4.994294643402099609e-01,-1.436401754617691040e-01,1.000000000000000000e+00,1.000000000000000000e+00,0.000000000000000000e+00,0.000000000000000000e+00,1.000000000000000000e+00,2.710930824279785156e+00,-4.900762438774108887e-02,9.410655498504638672e-01,-6.543315649032592773e-01,-2.045190185308456421e-01,7.167156785726547241e-02,1.348755460201305212e-01,8.861928716852318644e-04,2.964542501889128046e-04,1.000000000000000000e+00,2.957134008407592773e+00,-2.812745794653892517e-02,9.631950259208679199e-01,-6.814445257186889648e-01,-4.994294643402099609e-01,-1.436401754617691040e-01,8.826182164959900378e-02,-1.768262358110361809e-02,-1.465651610491960910e-03,1.000000000000000000e+00,1.999999731779098511e-01,1.998815238475799561e-01,-1.000000014901161194e-01,3.692258298397064209e-01,9.749972075223922729e-02,3.053717687726020813e-02,-1.000000014901161194e-01,3.995936512947082520e-01,2.000000029802322388e-01,2.149105072021484375e-02,4.733562469482421875e-03,4.009886980056762695e-01,8.022284507751464844e-02,-1.366925239562988281e-02,-1.098871231079101562e-03,4.240759313106536865e-01
1.100000000000000089e+00,4.595968723297119141e-01,-5.144273638725280762e-01,1.031759500503540039e+00,7.174611091613769531e-01,-6.764810085296630859e-01,-3.863949701189994812e-02,9.801667332649230957e-01,1.344118118286132812e-01,1.456249803304672241e-01,-1.016687676310539246e-01,9.718182682991027832e-01,-2.126799374818801880e-01,-1.701077073812484741e-01,1.936562806367874146e-01,9.662094116210937500e-01,1.212409511208534241e-02,2.159082144498825073e-01,-5.081955716013908386e-02,1.000000000000000000e+00,0.000000000000000000e+00,4.595968723297119141e-01,-5.144273638725280762e-01,1.031759500503540039e+00,7.174611091613769531e-01,-6.764810085296630859e-01,-3.863949701189994812e-02,1.000000000000000000e+00,6.261168122291564941e-01,-1.105698868632316589e-01,9.111332893371582031e-01,8.399286866188049316e-01,-7.170286774635314941e-01,7.707483321428298950e-02,1.000000000000000000e+00,2.697891950607299805e+00,-5.332763120532035828e-02,9.424918889999389648e-01,-6.489124298095703125e-01,-2.303501218557357788e-01,7.079732418060302734e-02,1.000000000000000000e+00,2.943519592285156250e+00,-3.824443370103836060e-02,9.604169130325317383e-01,-6.798353195190429688e-01,-5.136377215385437012e-01,-1.330325603485107422e-01,1.000000000000000000e+00,1.000000000000000000e+00,0.000000000000000000e+00,0.000000000000000000e+00,1.000000000000000000e+00,6.261168122291564941e-01,-1.105698868632316589e-01,9.111332893371582031e-01,8.399286866188049316e-01,-7.170286774635314941e-01,7.707483321428298950e-02,9.946491718292236328e-01,1.015474274754524231e-01,1.900875382125377655e-02,-9.978253394365310669e-02,9.919520020484924316e-01,-7.794084399938583374e-02,-2.677046321332454681e-02,7.562705129384994507e-02,9.967768192291259766e-01,1.607968360185623169e-01,3.134962171316146851e-02,-6.282702554017305374e-03,0.000000000000000000e+00,1.000000000000000000e+00,4.595968723297119141e-01,-5.144273638725280762e-01,1.031759500503540039e+00,7.174611091613769531e-01,-6.764810085296630859e-01,-3.863949701189994812e-02,1.000000000000000000e+00,6.261168122291564941e-01,-1.105698868632316589e-01,9.111332893371582031e-01,8.399286866188049316e-01,-7.170286774635314941e-01,7.707483321428298950e-02,1.000000000000000000e+00,2.697891950607299805e+00,-5.332763120532035828e-02,9.424918889999389648e-01,-6.489124298095703125e-01,-2.303501218557357788e-01,7.079732418060302734e-02,1.000000000000000000e+00,2.943519592285156250e+00,-3.824443370103836060e-02,9.604169130325317383e-01,-6.798353195190429688e-01,-5.136377215385437012e-01,-1.330325603485107422e-01,1.000000000000000000e+00,1.000000000000000000e+00,0.000000000000000000e+00,0.000000000000000000e+00,1.000000000000000000e+00,2.697891950607299805e+00,-5.332763120532035828e-02,9.424918889999389648e-01,-6.489124298095703125e-01,-2.303501218557357788e-01,7.079732418060302734e-02,1.448290758695011671e-01,3.542827869013498443e-03,7.528142622135886031e-04,1.000000000000000000e+00,2.943519592285156250e+00,-3.824443370103836060e-02,9.604169130325317383e-01,-6.798353195190429688e-01,-5.136377215385437012e-01,-1.330325603485107422e-01,8.705061999408865436e-02,-1.711895384405459630e-02,-1.395580243656213693e-03,1.000000000000000000e+00,1.999998837709426880e-01,1.995430439710617065e-01,-1.000000014901161194e-01,3.638194203376770020e-01,1.028372198343276978e-01,3.013170138001441956e-02,-1.000000014901161194e-01,3.941801786422729492e-01,2.000000029802322388e-01,2.491545677185058594e-02,5.801200866699218750e-03,3.999200463294982910e-01,8.073067665100097656e-02,-1.354622840881347656e-02,-1.096010208129882812e-03,4.236564934253692627e-01
1.120000000000000107e+00,4.741406142711639404e-01,-5.282636284828186035e-01,1.030825257301330566e+00,7.390959858894348145e-01,-7.104188799858093262e-01,-5.709097161889076233e-02,9.794524312019348145e-01,1.353394389152526855e-01,1.495202779769897461e-01,-1.017022952437400818e-01,9.716774225234985352e-01,-2.133069485425949097e-01,-1.741543114185333252e-01,1.937174350023269653e-01,9.654760956764221191e-01,1.033491455018520355e-02,1.841057389974594116e-01,-3.952323645353317261e-02,1.000000000000000000e+00,0.000000000000000000e+00,4.741406142711639404e-01,-5.282636284828186035e-01,1.030825257301330566e+00,7.390959858894348145e-01,-7.104188799858093262e-01,-5.709097161889076233e-02,1.000000000000000000e+00,6.428928971290588379e-01,-1.250026524066925049e-01,9.126827120780944824e-01,8.374334573745727539e-01,-7.273402214050292969e-01,7.744979113340377808e-02,1.000000000000000000e+00,2.684966325759887695e+00,-5.817914381623268127e-02,9.438962340354919434e-01,-6.429954767227172852e-01,-2.577851712703704834e-01,6.940516829490661621e-02,1.000000000000000000e+00,2.929938077926635742e+00,-4.864286631345748901e-02,9.578549861907958984e-01,-6.781358718872070312e-01,-5.275506377220153809e-01,-1.220101639628410339e-01,1.000000000000000000e+00,1.000000000000000000e+00,0.000000000000000000e+00,0.000000000000000000e+00,1.000000000000000000e+00,6.428928971290588379e-01,-1.250026524066925049e-01,9.126827120780944824e-01,8.374334573745727539e-01,-7.273402214050292969e-01,7.744979113340377808e-02,9.946267604827880859e-01,1.017263233661651611e-01,1.922518759965896606e-02,-9.985275566577911377e-02,9.916746020317077637e-01,-8.130937069654464722e-02,-2.733642980456352234e-02,7.895278185606002808e-02,9.965036511421203613e-01,1.754221320152282715e-01,2.356611937284469604e-02,-5.167827010154724121e-03,0.000000000000000000e+00,1.000000000000000000e+00,4.741406142711639404e-01,-5.282636284828186035e-01,1.030825257301330566e+00,7.390959858894348145e-01,-7.104188799858093262e-01,-5.709097161889076233e-02,1.000000000000000000e+00,6.428928971290588379e-01,-1.250026524066925049e-01,9.126827120780944824e-01,8.374334573745727539e-01,-7.273402214050292969e-01,7.744979113340377808e-02,1.000000000000000000e+00,2.684966325759887695e+00,-5.817914381623268127e-02,9.438962340354919434e-01,-6.429954767227172852e-01,-2.577851712703704834e-01,6.940516829490661621e-02,1.000000000000000000e+00,2.929938077926635742e+00,-4.864286631345748901e-02,9.578549861907958984e-01,-6.781358718872070312e-01,-5.275506377220153809e-01,-1.220101639628410339e-01,1.000000000000000000e+00,1.000000000000000000e+00,0.000000000000000000e+00,0.000000000000000000e+00,1.000000000000000000e+00,2.684966325759887695e+00,-5.817914381623268127e-02,9.438962340354919434e-01,-6.429954767227172852e-01,-2.577851712703704834e-01,6.940516829490661621e-02,1.534821149781849525e-01,6.290742108395530607e-03,1.296293022472555512e-03,1.000000000000000000e+00,2.929938077926635742e+00,-4.864286631345748901e-02,9.578549861907958984e-01,-6.781358718872070312e-01,-5.275506377220153809e-01,-1.220101639628410339e-01,8.605830682652820807e-02,-1.661947354769055529e-02,-1.339534798638179758e-03,1.000000000000000000e+00,1.999999880790710449e-01,1.998155862092971802e-01,-1.000000014901161194e-01,3.623009026050567627e-01,1.084949597716331482e-01,2.950595878064632416e-02,-1.000000014901161194e-01,3.899469375610351562e-01,2.000000029802322388e-01,2.850127220153808594e-02,6.996154785156250000e-03,3.984434604644775391e-01,8.153200149536132812e-02,-1.341176033020019531e-02,-1.095771789550781250e-03,4.227894842624664307e-01
1.140000000000000124e+00,4.891182184219360352e-01,-5.427724123001098633e-01,1.029499411582946777e+00,7.608637809753417969e-01,-7.436831593513488770e-01,-7.791717350482940674e-02,9.788305759429931641e-01,1.360549032688140869e-01,1.529055684804916382e-01,-1.016392484307289124e-01,9.715650677680969238e-01,-2.138482928276062012e-01,-1.776527911424636841e-01,1.937800049781799316e-01,9.648259878158569336e-01,8.801663294434547424e-03,1.633125692605972290e-01,-2.983254380524158478e-02,1.000000000000000000e+00,0.000000000000000000e+00,4.891182184219360352e-01,-5.427724123001098633e-01,1.029499411582946777e+00,7.608637809753417969e-01,-7.436831593513488770e-01,-7.791717350482940674e-02,1.000000000000000000e+00,6.596191525459289551e-01,-1.396451443433761597e-01,9.142157435417175293e-01,8.349331617355346680e-01,-7.380511164665222168e-01,7.520524412393569946e-02,1.000000000000000000e+00,2.672163486480712891e+00,-6.359141319990158081e-02,9.452677369117736816e-01,-6.365647912025451660e-01,-2.864909470081329346e-01,6.746605783700942993e-02,1.000000000000000000e+00,2.916391134262084961e+00,-5.931713804602622986e-02,9.555159211158752441e-01,-6.763561964035034180e-01,-5.412008762359619141e-01,-1.107490435242652893e-01,1.000000000000000000e+00,1.000000000000000000e+00,0.000000000000000000e+00,0.000000000000000000e+00,1.000000000000000000e+00,6.596191525459289551e-01,-1.396451443433761597e-01,9.142157435417175293e-01,8.349331617355346680e-01,-7.380511164665222168e-01,7.520524412393569946e-02,9.946097135543823242e-01,1.018877625465393066e-01,1.924812421202659607e-02,-9.991070628166198730e-02,9.913619160652160645e-01,-8.496814221143722534e-02,-2.773907035589218140e-02,8.258704096078872681e-02,9.961978197097778320e-01,1.916531920433044434e-01,1.523871999233961105e-02,-3.907682374119758606e-03,0.000000000000000000e+00,1.000000000000000000e+00,4.891182184219360352e-01,-5.427724123001098633e-01,1.029499411582946777e+00,7.608637809753417969e-01,-7.436831593513488770e-01,-7.791717350482940674e-02,1.000000000000000000e+00,6.596191525459289551e-01,-1.396451443433761597e-01,9.142157435417175293e-01,8.349331617355346680e-01,-7.380511164665222168e-01,7.520524412393569946e-02,1.000000000000000000e+00,2.672163486480712891e+00,-6.359141319990158081e-02,9.452677369117736816e-01,-6.365647912025451660e-01,-2.864909470081329346e-01,6.746605783700942993e-02,1.000000000000000000e+00,2.916391134262084961e+00,-5.931713804602622986e-02,9.555159211158752441e-01,-6.763561964035034180e-01,-5.412008762359619141e-01,-1.107490435242652893e-01,1.000000000000000000e+00,1.000000000000000000e+00,0.000000000000000000e+00,0.000000000000000000e+00,1.000000000000000000e+00,2.672163486480712891e+00,-6.359141319990158081e-02,9.452677369117736816e-01,-6.365647912025451660e-01,-2.864909470081329346e-01,6.746605783700942993e-02,1.604082708673389146e-01,9.141126347109729267e-03,1.936582975891804059e-03,1.000000000000000000e+00,2.916391134262084961e+00,-5.931713804602622986e-02,9.555159211158752441e-01,-6.763561964035034180e-01,-5.412008762359619141e-01,-1.107490435242652893e-01,8.529560506346500759e-02,-1.617343724232633839e-02,-1.295342652429996855e-03,1.000000000000000000e+00,1.999999582767486572e-01,1.989863365888595581e-01,-1.000000014901161194e-01,3.634785413742065430e-01,1.139296069741249084e-01,2.899560891091823578e-02,-1.000000014901161194e-01,3.872809708118438721e-01,2.000000029802322388e-01,3.226518630981445312e-02,8.333206176757812500e-03,3.965626358985900879e-01,8.264112472534179688e-02,-1.326346397399902344e-02,-1.098632812500000000e-03,4.215001165866851807e-01
1.159999999999999920e+00,5.045323967933654785e-01,-5.579412579536437988e-01,1.027740240097045898e+00,7.827642560005187988e-01,-7.763961553573608398e-01,-1.004814729094505310e-01,9.782839417457580566e-01,1.365830600261688232e-01,1.559030413627624512e-01,-1.014777868986129761e-01,9.714776873588562012e-01,-2.143211066722869873e-01,-1.807289421558380127e-01,1.938461959362030029e-01,9.642410874366760254e-01,7.512472104281187057e-03,1.422300040721893311e-01,-2.097496017813682556e-02,1.000000000000000000e+00,0.000000000000000000e+00,5.045323967933654785e-01,-5.579412579536437988e-01,1.027740240097045898e+00,7.827642560005187988e-01,-7.763961553573608398e-01,-1.004814729094505310e-01,1.000000000000000000e+00,6.762950420379638672e-01,-1.545058786869049072e-01,9.156821966171264648e-01,8.323944807052612305e-01,-7.492196559906005859e-01,7.060860097408294678e-02,1.000000000000000000e+00,2.659493923187255859e+00,-6.958657503128051758e-02,9.465950727462768555e-01,-6.296029090881347656e-01,-3.161135613918304443e-01,6.489276140928268433e-02,1.000000000000000000e+00,2.902880430221557617e+00,-7.026229798793792725e-02,9.534029364585876465e-01,-6.745038032531738281e-01,-5.546230077743530273e-01,-9.943313896656036377e-02,1.000000000000000000e+00,1.000000000000000000e+00,0.000000000000000000e+00,0.000000000000000000e+00,1.000000000000000000e+00,6.762950420379638672e-01,-1.545058786869049072e-01,9.156821966171264648e-01,8.323944807052612305e-01,-7.492196559906005859e-01,7.060860097408294678e-02,9.945984482765197754e-01,1.020300239324569702e-01,1.907946169376373291e-02,-9.995615482330322266e-02,9.910104870796203613e-01,-8.892214298248291016e-02,-2.798067405819892883e-02,8.653470873832702637e-02,9.958559274673461914e-01,2.060570567846298218e-01,8.024284616112709045e-03,-2.674970775842666626e-03,0.000000000000000000e+00,1.000000000000000000e+00,5.045323967933654785e-01,-5.579412579536437988e-01,1.027740240097045898e+00,7.827642560005187988e-01,-7.763961553573608398e-01,-1.004814729094505310e-01,1.000000000000000000e+00,6.762950420379638672e-01,-1.545058786869049072e-01,9.156821966171264648e-01,8.323944807052612305e-01,-7.492196559906005859e-01,7.060860097408294678e-02,1.000000000000000000e+00,2.659493923187255859e+00,-6.958657503128051758e-02,9.465950727462768555e-01,-6.296029090881347656e-01,-3.161135613918304443e-01,6.489276140928268433e-02,1.000000000000000000e+00,2.902880430221557617e+00,-7.026229798793792725e-02,9.534029364585876465e-01,-6.745038032531738281e-01,-5.546230077743530273e-01,-9.943313896656036377e-02,1.000000000000000000e+00,1.000000000000000000e+00,0.000000000000000000e+00,0.000000000000000000e+00,1.000000000000000000e+00,2.659493923187255859e+00,-6.958657503128051758e-02,9.465950727462768555e-01,-6.296029090881347656e-01,-3.161135613918304443e-01,6.489276140928268433e-02,1.659325177045893329e-01,1.211116377215537554e-02,2.680883585951990278e-03,1.000000000000000000e+00,2.902880430221557617e+00,-7.026229798793792725e-02,9.534029364585876465e-01,-6.745038032531738281e-01,-5.546230077743530273e-01,-9.943313896656036377e-02,8.477296157178498826e-02,-1.577134749310915574e-02,-1.261123815046470698e-03,1.000000000000000000e+00,1.999999731779098511e-01,1.973435282707214355e-01,-1.000000014901161194e-01,3.665078878402709961e-01,1.190007328987121582e-01,2.925268374383449554e-02,-1.000000014901161194e-01,3.866555094718933105e-01,2.000000029802322388e-01,3.623676300048828125e-02,9.834051132202148438e-03,3.943623304367065430e-01,8.407664299011230469e-02,-1.309847831726074219e-02,-1.103878021240234375e-03,4.198364019393920898e-01
1.179999999999999938e+00,5.203860402107238770e-01,-5.737605690956115723e-01,1.025519609451293945e+00,8.048272132873535156e-01,-8.087059855461120605e-01,-1.240451410412788391e-01,9.778288006782531738e-01,1.369383037090301514e-01,1.584265530109405518e-01,-1.012510284781455994e-01,9.714130759239196777e-01,-2.147208750247955322e-01,-1.833011209964752197e-01,1.939193904399871826e-01,9.637407064437866211e-01,6.440155673772096634e-03,1.134756207466125488e-01,-1.266501471400260925e-02,1.000000000000000000e+00,0.000000000000000000e+00,5.203860402107238770e-01,-5.737605690956115723e-01,1.025519609451293945e+00,8.048272132873535156e-01,-8.087059855461120605e-01,-1.240451410412788391e-01,1.000000000000000000e+00,6.929196715354919434e-01,-1.695946007966995239e-01,9.170384407043457031e-01,8.297928571701049805e-01,-7.609135508537292480e-01,6.407958269119262695e-02,1.000000000000000000e+00,2.646968841552734375e+00,-7.618044316768646240e-02,9.478644132614135742e-01,-6.220909953117370605e-01,-3.463945090770721436e-01,6.158246472477912903e-02,1.000000000000000000e+00,2.889407396316528320e+00,-8.147411793470382690e-02,9.515151977539062500e-01,-6.725845336914062500e-01,-5.678523182868957520e-01,-8.826541155576705933e-02,1.000000000000000000e+00,1.000000000000000000e+00,0.000000000000000000e+00,0.000000000000000000e+00,1.000000000000000000e+00,6.929196715354919434e-01,-1.695946007966995239e-01,9.170384407043457031e-01,8.297928571701049805e-01,-7.609135508537292480e-01,6.407958269119262695e-02,9.945913553237915039e-01,1.021551489830017090e-01,1.877438649535179138e-02,-9.999001026153564453e-02,9.906226992607116699e-01,-9.310632944107055664e-02,-2.810962498188018799e-02,9.072549641132354736e-02,9.954792261123657227e-01,2.152474224567413330e-01,5.242699757218360901e-03,-1.841597259044647217e-03,0.000000000000000000e+00,1.000000000000000000e+00,5.203860402107238770e-01,-5.737605690956115723e-01,1.025519609451293945e+00,8.048272132873535156e-01,-8.087059855461120605e-01,-1.240451410412788391e-01,1.000000000000000000e+00,6.929196715354919434e-01,-1.695946007966995239e-01,9.170384407043457031e-01,8.297928571701049805e-01,-7.609135508537292480e-01,6.407958269119262695e-02,1.000000000000000000e+00,2.646968841552734375e+00,-7.618044316768646240e-02,9.478644132614135742e-01,-6.220909953117370605e-01,-3.463945090770721436e-01,6.158246472477912903e-02,1.000000000000000000e+00,2.889407396316528320e+00,-8.147411793470382690e-02,9.515151977539062500e-01,-6.725845336914062500e-01,-5.678523182868957520e-01,-8.826541155576705933e-02,1.000000000000000000e+00,1.000000000000000000e+00,0.000000000000000000e+00,0.000000000000000000e+00,1.000000000000000000e+00,2.646968841552734375e+00,-7.618044316768646240e-02,9.478644132614135742e-01,-6.220909953117370605e-01,-3.463945090770721436e-01,6.158246472477912903e-02,1.706189922564683714e-01,1.520614956803534312e-02,3.538034533545397764e-03,1.000000000000000000e+00,2.889407396316528320e+00,-8.147411793470382690e-02,9.515151977539062500e-01,-6.725845336914062500e-01,-5.678523182868957520e-01,-8.826541155576705933e-02,8.450302663505231127e-02,-1.540429739979631840e-02,-1.235010227449040432e-03,1.000000000000000000e+00,1.999996900558471680e-01,1.920973658561706543e-01,-1.000000014901161194e-01,3.692010343074798584e-01,1.236945167183876038e-01,2.994886972010135651e-02,-1.000000014901161194e-01,3.867357075214385986e-01,2.000000029802322388e-01,4.044604301452636719e-02,1.152324676513671875e-02,3.919628262519836426e-01,8.585834503173828125e-02,-1.291322708129882812e-02,-1.111268997192382812e-03,4.178732335567474365e-01
1.199999999999999956e+00,5.366823673248291016e-01,-5.902233123779296875e-01,1.022823691368103027e+00,8.270493149757385254e-01,-8.407377004623413086e-01,-1.479676067829132080e-01,9.775019884109497070e-01,1.371107548475265503e-01,1.602832227945327759e-01,-1.009919568896293640e-01,9.713717103004455566e-01,-2.150297760963439941e-01,-1.851774603128433228e-01,1.940046846866607666e-01,9.633647203445434570e-01,5.310640204697847366e-03,7.061229646205902100e-02,-2.655329182744026184e-03,1.000000000000000000e+00,0.000000000000000000e+00,5.366823673248291016e-01,-5.902233123779296875e-01,1.022823691368103027e+00,8.270493149757385254e-01,-8.407377004623413086e-01,-1.479676067829132080e-01,1.000000000000000000e+00,7.094916701316833496e-01,-1.849223822355270386e-01,9.182501435279846191e-01,8.271225094795227051e-01,-7.731933593750000000e-01,5.609890818595886230e-02,1.000000000000000000e+00,2.634598731994628906e+00,-8.338461071252822876e-02,9.490600824356079102e-01,-6.140106916427612305e-01,-3.771698176860809326e-01,5.742207542061805725e-02,1.000000000000000000e+00,2.875973701477050781e+00,-9.294906258583068848e-02,9.498478770256042480e-01,-6.706021428108215332e-01,-5.809251070022583008e-01,-7.746543735265731812e-02,1.000000000000000000e+00,1.000000000000000000e+00,0.000000000000000000e+00,0.000000000000000000e+00,1.000000000000000000e+00,7.094916701316833496e-01,-1.849223822355270386e-01,9.182501435279846191e-01,8.271225094795227051e-01,-7.731933593750000000e-01,5.609890818595886230e-02,9.945856332778930664e-01,1.022694706916809082e-01,1.845592819154262543e-02,-1.000113934278488159e-01,9.902059435844421387e-01,-9.741782397031784058e-02,-2.823803387582302094e-02,9.504456073045730591e-02,9.950725436210632324e-01,2.186173200607299805e-01,8.618047460913658142e-03,-1.497997785918414593e-03,0.000000000000000000e+00,1.000000000000000000e+00,5.366823673248291016e-01,-5.902233123779296875e-01,1.022823691368103027e+00,8.270493149757385254e-01,-8.407377004623413086e-01,-1.479676067829132080e-01,1.000000000000000000e+00,7.094916701316833496e-01,-1.849223822355270386e-01,9.182501435279846191e-01,8.271225094795227051e-01,-7.731933593750000000e-01,5.609890818595886230e-02,1.000000000000000000e+00,2.634598731994628906e+00,-8.338461071252822876e-02,9.490600824356079102e-01,-6.140106916427612305e-01,-3.771698176860809326e-01,5.742207542061805725e-02,1.000000000000000000e+00,2.875973701477050781e+00,-9.294906258583068848e-02,9.498478770256042480e-01,-6.706021428108215332e-01,-5.809251070022583008e-01,-7.746543735265731812e-02,1.000000000000000000e+00,1.000000000000000000e+00,0.000000000000000000e+00,0.000000000000000000e+00,1.000000000000000000e+00,2.634598731994628906e+00,-8.338461071252822876e-02,9.490600824356079102e-01,-6.140106916427612305e-01,-3.771698176860809326e-01,5.742207542061805725e-02,1.747937832096057020e-01,1.843025830518052466e-02,4.516940762452945068e-03,1.000000000000000000e+00,2.875973701477050781e+00,-9.294906258583068848e-02,9.498478770256042480e-01,-6.706021428108215332e-01,-5.809251070022583008e-01,-7.746543735265731812e-02,8.449700449322933293e-02,-1.506394441017455677e-02,-1.215408178437779596e-03,1.000000000000000000e+00,1.999916136264801025e-01,1.848850995302200317e-01,-1.000000014901161194e-01,3.707279562950134277e-01,1.278818696737289429e-01,3.120227716863155365e-02,-1.000000014901161194e-01,3.872837126255035400e-01,2.000000029802322388e-01,4.491972923278808594e-02,1.342511177062988281e-02,3.894755244255065918e-01,8.800244331359863281e-02,-1.270174980163574219e-02,-1.120567321777343750e-03,4.157000780105590820e-01
1.219999999999999973e+00,5.534240603446960449e-01,-6.073247790336608887e-01,1.019649267196655273e+00,8.493456244468688965e-01,-8.725553154945373535e-01,-1.718554794788360596e-01,9.773648977279663086e-01,1.370662748813629150e-01,1.611549109220504761e-01,-1.007377281785011292e-01,9.713572859764099121e-01,-2.152141183614730835e-01,-1.860375851392745972e-01,1.941083222627639771e-01,9.631781578063964844e-01,4.158082883805036545e-03,1.141165755689144135e-02,9.055881761014461517e-03,1.000000000000000000e+00,0.000000000000000000e+00,5.534240603446960449e-01,-6.073247790336608887e-01,1.019649267196655273e+00,8.493456244468688965e-01,-8.725553154945373535e-01,-1.718554794788360596e-01,1.000000000000000000e+00,7.260096669197082520e-01,-2.005013525485992432e-01,9.192924499511718750e-01,8.244009017944335938e-01,-7.860997319221496582e-01,4.709068685770034790e-02,1.000000000000000000e+00,2.622395515441894531e+00,-9.120781719684600830e-02,9.501641392707824707e-01,-6.053433418273925781e-01,-4.083147943019866943e-01,5.231197550892829895e-02,1.000000000000000000e+00,2.862580060958862305e+00,-1.046843305230140686e-01,9.483917355537414551e-01,-6.685593128204345703e-01,-5.938807725906372070e-01,-6.723647564649581909e-02,1.000000000000000000e+00,1.000000000000000000e+00,0.000000000000000000e+00,0.000000000000000000e+00,1.000000000000000000e+00,7.260096669197082520e-01,-2.005013525485992432e-01,9.192924499511718750e-01,8.244009017944335938e-01,-7.860997319221496582e-01,4.709068685770034790e-02,9.945778846740722656e-01,1.023817956447601318e-01,1.824638433754444122e-02,-1.000197380781173706e-01,9.897679090499877930e-01,-1.017625257372856140e-01,-2.847831510007381439e-02,9.938574582338333130e-02,9.946414232254028320e-01,2.173815816640853882e-01,1.665092073380947113e-02,-1.728209434077143669e-03,0.000000000000000000e+00,1.000000000000000000e+00,5.534240603446960449e-01,-6.073247790336608887e-01,1.019649267196655273e+00,8.493456244468688965e-01,-8.725553154945373535e-01,-1.718554794788360596e-01,1.000000000000000000e+00,7.260096669197082520e-01,-2.005013525485992432e-01,9.192924499511718750e-01,8.244009017944335938e-01,-7.860997319221496582e-01,4.709068685770034790e-02,1.000000000000000000e+00,2.622395515441894531e+00,-9.120781719684600830e-02,9.501641392707824707e-01,-6.053433418273925781e-01,-4.083147943019866943e-01,5.231197550892829895e-02,1.000000000000000000e+00,2.862580060958862305e+00,-1.046843305230140686e-01,9.483917355537414551e-01,-6.685593128204345703e-01,-5.938807725906372070e-01,-6.723647564649581909e-02,1.000000000000000000e+00,1.000000000000000000e+00,0.000000000000000000e+00,0.000000000000000000e+00,1.000000000000000000e+00,2.622395515441894531e+00,-9.120781719684600830e-02,9.501641392707824707e-01,-6.053433418273925781e-01,-4.083147943019866943e-01,5.231197550892829895e-02,1.784938725482961008e-01,2.179756026204304753e-02,5.629337217056551435e-03,1.000000000000000000e+00,2.862580060958862305e+00,-1.046843305230140686e-01,9.483917355537414551e-01,-6.685593128204345703e-01,-5.938807725906372070e-01,-6.723647564649581909e-02,8.476363799994943160e-02,-1.474425228314490965e-02,-1.201572318899675473e-03,1.000000000000000000e+00,1.999996155500411987e-01,1.760869175195693970e-01,-1.000000014901161194e-01,3.750616312026977539e-01,1.311738938093185425e-01,3.298217803239822388e-02,-1.000000014901161194e-01,3.882629275321960449e-01,2.000000029802322388e-01,4.967141151428222656e-02,1.556110382080078125e-02,3.869724571704864502e-01,9.052014350891113281e-02,-1.245784759521484375e-02,-1.130819320678710938e-03,4.133991003036499023e-01
1.239999999999999991e+00,5.706111788749694824e-01,-6.250609159469604492e-01,1.015999794006347656e+00,8.715721368789672852e-01,-9.042086005210876465e-01,-1.953468024730682373e-01,9.774667620658874512e-01,1.367785483598709106e-01,1.607815623283386230e-01,-1.005192622542381287e-01,9.713715910911560059e-01,-2.152520269155502319e-01,-1.856204569339752197e-01,1.942400187253952026e-01,9.632321596145629883e-01,3.665670054033398628e-03,-5.644088238477706909e-02,2.188119105994701385e-02,1.000000000000000000e+00,0.000000000000000000e+00,5.706111788749694824e-01,-6.250609159469604492e-01,1.015999794006347656e+00,8.715721368789672852e-01,-9.042086005210876465e-01,-1.953468024730682373e-01,1.000000000000000000e+00,7.424730658531188965e-01,-2.163442820310592651e-01,9.201480746269226074e-01,8.216636180877685547e-01,-7.996563911437988281e-01,3.742069005966186523e-02,1.000000000000000000e+00,2.610371351242065430e+00,-9.965633600950241089e-02,9.511568546295166016e-01,-5.960672497749328613e-01,-4.397055506706237793e-01,4.618039354681968689e-02,1.000000000000000000e+00,2.849227666854858398e+00,-1.166779696941375732e-01,9.471338391304016113e-01,-6.664581894874572754e-01,-6.067622900009155273e-01,-5.774774029850959778e-02,1.000000000000000000e+00,1.000000000000000000e+00,0.000000000000000000e+00,0.000000000000000000e+00,1.000000000000000000e+00,7.424730658531188965e-01,-2.163442820310592651e-01,9.201480746269226074e-01,8.216636180877685547e-01,-7.996563911437988281e-01,3.742069005966186523e-02,9.945658445358276367e-01,1.025028973817825317e-01,1.822907663881778717e-02,-1.000179648399353027e-01,9.893168807029724121e-01,-1.060610115528106689e-01,-2.890588901937007904e-02,1.036614030599594116e-01,9.941927194595336914e-01,2.115522325038909912e-01,2.736827917397022247e-02,-2.539627254009246826e-03,0.000000000000000000e+00,1.000000000000000000e+00,5.706111788749694824e-01,-6.250609159469604492e-01,1.015999794006347656e+00,8.715721368789672852e-01,-9.042086005210876465e-01,-1.953468024730682373e-01,1.000000000000000000e+00,7.424730658531188965e-01,-2.163442820310592651e-01,9.201480746269226074e-01,8.216636180877685547e-01,-7.996563911437988281e-01,3.742069005966186523e-02,1.000000000000000000e+00,2.610371351242065430e+00,-9.965633600950241089e-02,9.511568546295166016e-01,-5.960672497749328613e-01,-4.397055506706237793e-01,4.618039354681968689e-02,1.000000000000000000e+00,2.849227666854858398e+00,-1.166779696941375732e-01,9.471338391304016113e-01,-6.664581894874572754e-01,-6.067622900009155273e-01,-5.774774029850959778e-02,1.000000000000000000e+00,1.000000000000000000e+00,0.000000000000000000e+00,0.000000000000000000e+00,1.000000000000000000e+00,2.610371351242065430e+00,-9.965633600950241089e-02,9.511568546295166016e-01,-5.960672497749328613e-01,-4.397055506706237793e-01,4.618039354681968689e-02,1.816649170615979303e-01,2.532903144073794799e-02,6.889497483652015641e-03,1.000000000000000000e+00,2.849227666854858398e+00,-1.166779696941375732e-01,9.471338391304016113e-01,-6.664581894874572754e-01,-6.067622900009155273e-01,-5.774774029850959778e-02,8.531567953213892164e-02,-1.443942178594759262e-02,-1.192865617136294742e-03,1.000000000000000000e+00,1.980451792478561401e-01,1.658074259757995605e-01,-1.000000014901161194e-01,3.787380754947662354e-01,1.343017965555191040e-01,3.542183339595794678e-02,-1.000000014901161194e-01,3.893394172191619873e-01,2.000000029802322388e-01,5.470538139343261719e-02,1.794791221618652344e-02,3.845197856426239014e-01,9.341692924499511719e-02,-1.217246055603027344e-02,-1.140356063842773438e-03,4.110429286956787109e-01
1.260000000000000009e+00,5.882410407066345215e-01,-6.434291005134582520e-01,1.011886954307556152e+00,8.935568332672119141e-01,-9.357507228851318359e-01,-2.180480509996414185e-01,9.778246879577636719e-01,1.362238824367523193e-01,1.590658277273178101e-01,-1.003372222185134888e-01,9.714193940162658691e-01,-2.151204198598861694e-01,-1.838241666555404663e-01,1.943898350000381470e-01,9.635461568832397461e-01,-1.108826720155775547e-03,-1.254511624574661255e-01,3.571018204092979431e-02,1.000000000000000000e+00,0.000000000000000000e+00,5.882410407066345215e-01,-6.434291005134582520e-01,1.011886954307556152e+00,8.935568332672119141e-01,-9.357507228851318359e-01,-2.180480509996414185e-01,1.000000000000000000e+00,7.588819265365600586e-01,-2.324642539024353027e-01,9.208065867424011230e-01,8.189570903778076172e-01,-8.138692975044250488e-01,2.739006467163562775e-02,1.000000000000000000e+00,2.598537921905517578e+00,-1.087339669466018677e-01,9.520174264907836914e-01,-5.861570835113525391e-01,-4.712185561656951904e-01,3.898524120450019836e-02,1.000000000000000000e+00,2.835917949676513672e+00,-1.289289295673370361e-01,9.460580348968505859e-01,-6.643000841140747070e-01,-6.196178793907165527e-01,-4.913327097892761230e-02,1.000000000000000000e+00,1.000000000000000000e+00,0.000000000000000000e+00,0.000000000000000000e+00,1.000000000000000000e+00,7.588819265365600586e-01,-2.324642539024353027e-01,9.208065867424011230e-01,8.189570903778076172e-01,-8.138692975044250488e-01,2.739006467163562775e-02,9.945470094680786133e-01,1.026436015963554382e-01,1.845693588256835938e-02,-1.000111773610115051e-01,9.888616204261779785e-01,-1.102297604084014893e-01,-2.956573292613029480e-02,1.077827662229537964e-01,9.937348365783691406e-01,2.022909671068191528e-01,4.006677865982055664e-02,-3.938632551580667496e-03,0.000000000000000000e+00,1.000000000000000000e+00,5.882410407066345215e-01,-6.434291005134582520e-01,1.011886954307556152e+00,8.935568332672119141e-01,-9.357507228851318359e-01,-2.180480509996414185e-01,1.000000000000000000e+00,7.588819265365600586e-01,-2.324642539024353027e-01,9.208065867424011230e-01,8.189570903778076172e-01,-8.138692975044250488e-01,2.739006467163562775e-02,1.000000000000000000e+00,2.598537921905517578e+00,-1.087339669466018677e-01,9.520174264907836914e-01,-5.861570835113525391e-01,-4.712185561656951904e-01,3.898524120450019836e-02,1.000000000000000000e+00,2.835917949676513672e+00,-1.289289295673370361e-01,9.460580348968505859e-01,-6.643000841140747070e-01,-6.196178793907165527e-01,-4.913327097892761230e-02,1.000000000000000000e+00,1.000000000000000000e+00,0.000000000000000000e+00,0.000000000000000000e+00,1.000000000000000000e+00,2.598537921905517578e+00,-1.087339669466018677e-01,9.520174264907836914e-01,-5.861570835113525391e-01,-4.712185561656951904e-01,3.898524120450019836e-02,1.843190006588869834e-01,2.904495904573956011e-02,8.312892558398871090e-03,1.000000000000000000e+00,2.835917949676513672e+00,-1.289289295673370361e-01,9.460580348968505859e-01,-6.643000841140747070e-01,-6.196178793907165527e-01,-4.913327097892761230e-02,8.616797051634075832e-02,-1.414262827792178712e-02,-1.188581508191448310e-03,1.000000000000000000e+00,1.939850896596908569e-01,1.580564081668853760e-01,-1.000000014901161194e-01,3.836061060428619385e-01,1.385262906551361084e-01,3.811077773571014404e-02,-1.000000014901161194e-01,3.906342089176177979e-01,2.000000029802322388e-01,6.001782417297363281e-02,2.059769630432128906e-02,3.821950256824493408e-01,9.669160842895507812e-02,-1.183676719665527344e-02,-1.147985458374023438e-03,4.086923897266387939e-01
1.280000000000000027e+00,6.063071489334106445e-01,-6.624273657798767090e-01,1.007329702377319336e+00,9.151118397712707520e-01,-9.672064185142517090e-01,-2.396275997161865234e-01,9.784181118011474609e-01,1.353834122419357300e-01,1.561067551374435425e-01,-1.001821532845497131e-01,9.715371131896972656e-01,-2.146606594324111938e-01,-1.807249933481216431e-01,1.943887621164321899e-01,9.641324877738952637e-01,-1.958424039185047150e-02,-1.817492246627807617e-01,4.755521938204765320e-02,1.000000000000000000e+00,0.000000000000000000e+00,6.063071489334106445e-01,-6.624273657798767090e-01,1.007329702377319336e+00,9.151118397712707520e-01,-9.672064185142517090e-01,-2.396275997161865234e-01,1.000000000000000000e+00,7.752373218536376953e-01,-2.488743215799331665e-01,9.212629795074462891e-01,8.163345456123352051e-01,-8.287290930747985840e-01,1.723118498921394348e-02,1.000000000000000000e+00,2.586908817291259766e+00,-1.184421479701995850e-01,9.527245759963989258e-01,-5.755842328071594238e-01,-5.027469992637634277e-01,3.071240894496440887e-02,1.000000000000000000e+00,2.822651624679565430e+00,-1.414371281862258911e-01,9.451457858085632324e-01,-6.620855927467346191e-01,-6.324999928474426270e-01,-4.149261489510536194e-02,1.000000000000000000e+00,1.000000000000000000e+00,0.000000000000000000e+00,0.000000000000000000e+00,1.000000000000000000e+00,7.752373218536376953e-01,-2.488743215799331665e-01,9.212629795074462891e-01,8.163345456123352051e-01,-8.287290930747985840e-01,1.723118498921394348e-02,9.945200085639953613e-01,1.028120890259742737e-01,1.896571181714534760e-02,-1.000011637806892395e-01,9.884058237075805664e-01,-1.142534837126731873e-01,-3.049245662987232208e-02,1.117307767271995544e-01,9.932706356048583984e-01,1.962693482637405396e-01,5.374024808406829834e-02,-5.563681013882160187e-03,0.000000000000000000e+00,1.000000000000000000e+00,6.063071489334106445e-01,-6.624273657798767090e-01,1.007329702377319336e+00,9.151118397712707520e-01,-9.672064185142517090e-01,-2.396275997161865234e-01,1.000000000000000000e+00,7.752373218536376953e-01,-2.488743215799331665e-01,9.212629795074462891e-01,8.163345456123352051e-01,-8.287290930747985840e-01,1.723118498921394348e-02,1.000000000000000000e+00,2.586908817291259766e+00,-1.184421479701995850e-01,9.527245759963989258e-01,-5.755842328071594238e-01,-5.027469992637634277e-01,3.071240894496440887e-02,1.000000000000000000e+00,2.822651624679565430e+00,-1.414371281862258911e-01,9.451457858085632324e-01,-6.620855927467346191e-01,-6.324999928474426270e-01,-4.149261489510536194e-02,1.000000000000000000e+00,1.000000000000000000e+00,0.000000000000000000e+00,0.000000000000000000e+00,1.000000000000000000e+00,2.586908817291259766e+00,-1.184421479701995850e-01,9.527245759963989258e-01,-5.755842328071594238e-01,-5.027469992637634277e-01,3.071240894496440887e-02,1.865461223219455622e-01,3.296059818050101065e-02,9.915281266621250866e-03,1.000000000000000000e+00,2.822651624679565430e+00,-1.414371281862258911e-01,9.451457858085632324e-01,-6.620855927467346191e-01,-6.324999928474426270e-01,-4.149261489510536194e-02,8.733381640146029024e-02,-1.384612129203177666e-02,-1.187910888965505729e-03,1.000000000000000000e+00,1.880684345960617065e-01,1.489474326372146606e-01,-1.000000014901161194e-01,3.907976746559143066e-01,1.427126079797744751e-01,4.095770046114921570e-02,-1.000000014901161194e-01,3.918614685535430908e-01,2.000000029802322388e-01,6.559014320373535156e-02,2.351307868957519531e-02,3.800733387470245361e-01,1.003365516662597656e-01,-1.144051551818847656e-02,-1.151800155639648438e-03,4.063959419727325439e-01
1.300000000000000044e+00,6.247991919517517090e-01,-6.820539832115173340e-01,1.002353906631469727e+00,9.361044168472290039e-01,-9.985821247100830078e-01,-2.596541047096252441e-01,9.791753888130187988e-01,1.342419683933258057e-01,1.522986441850662231e-01,-1.000076383352279663e-01,9.717903137207031250e-01,-2.135936617851257324e-01,-1.766755729913711548e-01,1.939145922660827637e-01,9.649782776832580566e-01,-5.579033866524696350e-02,-2.181727588176727295e-01,5.795646086335182190e-02,1.000000000000000000e+00,0.000000000000000000e+00,6.247991919517517090e-01,-6.820539832115173340e-01,1.002353906631469727e+00,9.361044168472290039e-01,-9.985821247100830078e-01,-2.596541047096252441e-01,1.000000000000000000e+00,7.915414571762084961e-01,-2.655873894691467285e-01,9.215163588523864746e-01,8.138511776924133301e-01,-8.442319035530090332e-01,7.116690278053283691e-03,1.000000000000000000e+00,2.575497388839721680e+00,-1.287804245948791504e-01,9.532566070556640625e-01,-5.643172860145568848e-01,-5.342099666595458984e-01,2.137493155896663666e-02,1.000000000000000000e+00,2.809430122375488281e+00,-1.542036384344100952e-01,9.443771839141845703e-01,-6.598140001296997070e-01,-6.454649567604064941e-01,-3.489312157034873962e-02,1.000000000000000000e+00,1.000000000000000000e+00,0.000000000000000000e+00,0.000000000000000000e+00,1.000000000000000000e+00,7.915414571762084961e-01,-2.655873894691467285e-01,9.215163588523864746e-01,8.138511776924133301e-01,-8.442319035530090332e-01,7.116690278053283691e-03,9.944834709167480469e-01,1.030181050300598145e-01,1.975139230489730835e-02,-9.999136626720428467e-02,9.879366755485534668e-01,-1.182498559355735779e-01,-3.169499710202217102e-02,1.156225427985191345e-01,9.927874803543090820e-01,1.973835974931716919e-01,6.728535145521163940e-02,-7.516503334045410156e-03,0.000000000000000000e+00,1.000000000000000000e+00,6.247991919517517090e-01,-6.820539832115173340e-01,1.002353906631469727e+00,9.361044168472290039e-01,-9.985821247100830078e-01,-2.596541047096252441e-01,1.000000000000000000e+00,7.915414571762084961e-01,-2.655873894691467285e-01,9.215163588523864746e-01,8.138511776924133301e-01,-8.442319035530090332e-01,7.116690278053283691e-03,1.000000000000000000e+00,2.575497388839721680e+00,-1.287804245948791504e-01,9.532566070556640625e-01,-5.643172860145568848e-01,-5.342099666595458984e-01,2.137493155896663666e-02,1.000000000000000000e+00,2.809430122375488281e+00,-1.542036384344100952e-01,9.443771839141845703e-01,-6.598140001296997070e-01,-6.454649567604064941e-01,-3.489312157034873962e-02,1.000000000000000000e+00,1.000000000000000000e+00,0.000000000000000000e+00,0.000000000000000000e+00,1.000000000000000000e+00,2.575497388839721680e+00,-1.287804245948791504e-01,9.532566070556640625e-01,-5.643172860145568848e-01,-5.342099666595458984e-01,2.137493155896663666e-02,1.884489941343443498e-01,3.708592684829548070e-02,1.171208986390406825e-02,1.000000000000000000e+00,2.809430122375488281e+00,-1.542036384344100952e-01,9.443771839141845703e-01,-6.598140001296997070e-01,-6.454649567604064941e-01,-3.489312157034873962e-02,8.882306171284208574e-02,-1.354179305102864994e-02,-1.189966049564256112e-03,1.000000000000000000e+00,1.779922693967819214e-01,1.384943276643753052e-01,-1.000000014901161194e-01,3.975419700145721436e-01,1.469457894563674927e-01,4.387842118740081787e-02,-1.000000014901161194e-01,3.927040696144104004e-01,2.000000029802322388e-01,7.139444351196289062e-02,2.668499946594238281e-02,3.782496750354766846e-01,1.043457984924316406e-01,-1.097416877746582031e-02,-1.149177551269531250e-03,4.041908085346221924e-01
1.320000000000000062e+00,6.437056660652160645e-01,-7.023071646690368652e-01,9.969950318336486816e-01,9.564709663391113281e-01,-1.029830098152160645e+00,-2.776847779750823975e-01,9.800359010696411133e-01,1.327748298645019531e-01,1.479883790016174316e-01,-9.976847469806671143e-02,9.722515940666198730e-01,-2.115966528654098511e-01,-1.719766557216644287e-01,1.926077455282211304e-01,9.660881757736206055e-01,-1.116647124290466309e-01,-2.467523962259292603e-01,6.716415286064147949e-02,1.000000000000000000e+00,0.000000000000000000e+00,6.437056660652160645e-01,-7.023071646690368652e-01,9.969950318336486816e-01,9.564709663391113281e-01,-1.029830098152160645e+00,-2.776847779750823975e-01,1.000000000000000000e+00,8.077974319458007812e-01,-2.826163470745086670e-01,9.215686321258544922e-01,8.115582466125488281e-01,-8.603909015655517578e-01,-2.858747728168964386e-03,1.000000000000000000e+00,2.564317941665649414e+00,-1.397469043731689453e-01,9.535925388336181641e-01,-5.523225665092468262e-01,-5.655508637428283691e-01,1.101532392203807831e-02,1.000000000000000000e+00,2.796255111694335938e+00,-1.672306358814239502e-01,9.437307715415954590e-01,-6.574836373329162598e-01,-6.585714817047119141e-01,-2.937319502234458923e-02,1.000000000000000000e+00,1.000000000000000000e+00,0.000000000000000000e+00,0.000000000000000000e+00,1.000000000000000000e+00,8.077974319458007812e-01,-2.826163470745086670e-01,9.215686321258544922e-01,8.115582466125488281e-01,-8.603909015655517578e-01,-2.858747728168964386e-03,9.944359660148620605e-01,1.032703593373298645e-01,2.079038880765438080e-02,-9.998620301485061646e-02,9.874396920204162598e-01,-1.223339587450027466e-01,-3.316272795200347900e-02,1.195745468139648438e-01,9.922711849212646484e-01,2.023489028215408325e-01,7.964578270912170410e-02,-9.685885161161422729e-03,0.000000000000000000e+00,1.000000000000000000e+00,6.437056660652160645e-01,-7.023071646690368652e-01,9.969950318336486816e-01,9.564709663391113281e-01,-1.029830098152160645e+00,-2.776847779750823975e-01,1.000000000000000000e+00,8.077974319458007812e-01,-2.826163470745086670e-01,9.215686321258544922e-01,8.115582466125488281e-01,-8.603909015655517578e-01,-2.858747728168964386e-03,1.000000000000000000e+00,2.564317941665649414e+00,-1.397469043731689453e-01,9.535925388336181641e-01,-5.523225665092468262e-01,-5.655508637428283691e-01,1.101532392203807831e-02,1.000000000000000000e+00,2.796255111694335938e+00,-1.672306358814239502e-01,9.437307715415954590e-01,-6.574836373329162598e-01,-6.585714817047119141e-01,-2.937319502234458923e-02,1.000000000000000000e+00,1.000000000000000000e+00,0.000000000000000000e+00,0.000000000000000000e+00,1.000000000000000000e+00,2.564317941665649414e+00,-1.397469043731689453e-01,9.535925388336181641e-01,-5.523225665092468262e-01,-5.655508637428283691e-01,1.101532392203807831e-02,1.900946420938069426e-01,4.142632247232547194e-02,1.371731550194267568e-02,1.000000000000000000e+00,2.796255111694335938e+00,-1.672306358814239502e-01,9.437307715415954590e-01,-6.574836373329162598e-01,-6.585714817047119141e-01,-2.937319502234458923e-02,9.064211160524174304e-02,-1.322155960048609913e-02,-1.193749545469156847e-03,1.000000000000000000e+00,1.643202602863311768e-01,1.264219880104064941e-01,-1.000000014901161194e-01,3.969280719757080078e-01,1.504557579755783081e-01,4.672551900148391724e-02,-1.000000014901161194e-01,3.927255868911743164e-01,2.000000029802322388e-01,7.738924026489257812e-02,3.008913993835449219e-02,3.768203854560852051e-01,1.087188720703125000e-01,-1.042675971984863281e-02,-1.137971878051757812e-03,4.021007716655731201e-01
1.340000000000000080e+00,6.630132198333740234e-01,-7.231827974319458008e-01,9.912942051887512207e-01,9.761165976524353027e-01,-1.060738444328308105e+00,-2.937000095844268799e-01,9.809870123863220215e-01,1.309498995542526245e-01,1.432360708713531494e-01,-9.947501868009567261e-02,9.730012416839599609e-01,-2.082625329494476318e-01,-1.666408479213714600e-01,1.900544166564941406e-01,9.675278663635253906e-01,-1.892098486423492432e-01,-2.832277417182922363e-01,7.542781531810760498e-02,1.000000000000000000e+00,0.000000000000000000e+00,6.630132198333740234e-01,-7.231827974319458008e-01,9.912942051887512207e-01,9.761165976524353027e-01,-1.060738444328308105e+00,-2.937000095844268799e-01,1.000000000000000000e+00,8.240096569061279297e-01,-2.999745607376098633e-01,9.214228987693786621e-01,8.094991445541381836e-01,-8.772243261337280273e-01,-1.268970128148794174e-02,1.000000000000000000e+00,2.553385019302368164e+00,-1.513388454914093018e-01,9.537126421928405762e-01,-5.395642518997192383e-01,-5.967294573783874512e-01,-2.905831206589937210e-04,1.000000000000000000e+00,2.783127784729003906e+00,-1.805214583873748779e-01,9.431849122047424316e-01,-6.550914645195007324e-01,-6.718799471855163574e-01,-2.494639344513416290e-02,1.000000000000000000e+00,1.000000000000000000e+00,0.000000000000000000e+00,0.000000000000000000e+00,1.000000000000000000e+00,8.240096569061279297e-01,-2.999745607376098633e-01,9.214228987693786621e-01,8.094991445541381836e-01,-8.772243261337280273e-01,-1.268970128148794174e-02,9.943777322769165039e-01,1.035726740956306458e-01,2.204472199082374573e-02,-9.998985379934310913e-02,9.869107007980346680e-01,-1.265290081501007080e-01,-3.486111387610435486e-02,1.236133575439453125e-01,9.917180538177490234e-01,2.051063776016235352e-01,8.959166705608367920e-02,-1.180501561611890793e-02,0.000000000000000000e+00,1.000000000000000000e+00,6.630132198333740234e-01,-7.231827974319458008e-01,9.912942051887512207e-01,9.761165976524353027e-01,-1.060738444328308105e+00,-2.937000095844268799e-01,1.000000000000000000e+00,8.240096569061279297e-01,-2.999745607376098633e-01,9.214228987693786621e-01,8.094991445541381836e-01,-8.772243261337280273e-01,-1.268970128148794174e-02,1.000000000000000000e+00,2.553385019302368164e+00,-1.513388454914093018e-01,9.537126421928405762e-01,-5.395642518997192383e-01,-5.967294573783874512e-01,-2.905831206589937210e-04,1.000000000000000000e+00,2.783127784729003906e+00,-1.805214583873748779e-01,9.431849122047424316e-01,-6.550914645195007324e-01,-6.718799471855163574e-01,-2.494639344513416290e-02,1.000000000000000000e+00,1.000000000000000000e+00,0.000000000000000000e+00,0.000000000000000000e+00,1.000000000000000000e+00,2.553385019302368164e+00,-1.513388454914093018e-01,9.537126421928405762e-01,-5.395642518997192383e-01,-5.967294573783874512e-01,-2.905831206589937210e-04,1.915143445642900621e-01,4.598236081690521004e-02,1.594185438478021299e-02,1.000000000000000000e+00,2.783127784729003906e+00,-1.805214583873748779e-01,9.431849122047424316e-01,-6.550914645195007324e-01,-6.718799471855163574e-01,-2.494639344513416290e-02,9.279528441992535015e-02,-1.287721318371581880e-02,-1.198109979272866943e-03,1.000000000000000000e+00,1.450283378362655640e-01,1.172477602958679199e-01,-1.000000014901161194e-01,3.934711813926696777e-01,1.539123803377151489e-01,4.860121384263038635e-02,-1.000000014901161194e-01,3.930828869342803955e-01,2.000000029802322388e-01,8.351445198059082031e-02,3.368258476257324219e-02,3.758056163787841797e-01,1.134603023529052734e-01,-9.786128997802734375e-03,-1.115083694458007812e-03,4.001335799694061279e-01
1.360000000000000098e+00,6.827059388160705566e-01,-7.446706891059875488e-01,9.852880835533142090e-01,9.948635697364807129e-01,-1.090906977653503418e+00,-3.081541061401367188e-01,9.820391535758972168e-01,1.287606209516525269e-01,1.379122287034988403e-01,-9.919423609972000122e-02,9.741132855415344238e-01,-2.031350135803222656e-01,-1.604979187250137329e-01,1.858064532279968262e-01,9.693896770477294922e-01,-2.909778654575347900e-01,-3.244372606277465820e-01,8.009438216686248779e-02,1.000000000000000000e+00,0.000000000000000000e+00,6.827059388160705566e-01,-7.446706891059875488e-01,9.852880835533142090e-01,9.948635697364807129e-01,-1.090906977653503418e+00,-3.081541061401367188e-01,1.000000000000000000e+00,8.401830196380615234e-01,-3.176755607128143311e-01,9.210814833641052246e-01,8.077082037925720215e-01,-8.947401642799377441e-01,-2.240269444882869720e-02,1.000000000000000000e+00,2.542714357376098633e+00,-1.635526716709136963e-01,9.535988569259643555e-01,-5.260051488876342773e-01,-6.277171373367309570e-01,-1.243522111326456070e-02,1.000000000000000000e+00,2.770048141479492188e+00,-1.940807104110717773e-01,9.427177906036376953e-01,-6.526330113410949707e-01,-6.854518651962280273e-01,-2.160642482340335846e-02,1.000000000000000000e+00,1.000000000000000000e+00,0.000000000000000000e+00,0.000000000000000000e+00,1.000000000000000000e+00,8.401830196380615234e-01,-3.176755607128143311e-01,9.210814833641052246e-01,8.077082037925720215e-01,-8.947401642799377441e-01,-2.240269444882869720e-02,9.943094253540039062e-01,1.039177477359771729e-01,2.345604635775089264e-02,-1.000028401613235474e-01,9.863605499267578125e-01,-1.307385265827178955e-01,-3.672216832637786865e-02,1.276488602161407471e-01,9.911395311355590820e-01,2.017570585012435913e-01,9.440289437770843506e-02,-1.338943839073181152e-02,0.000000000000000000e+00,1.000000000000000000e+00,6.827059388160705566e-01,-7.446706891059875488e-01,9.852880835533142090e-01,9.948635697364807129e-01,-1.090906977653503418e+00,-3.081541061401367188e-01,1.000000000000000000e+00,8.401830196380615234e-01,-3.176755607128143311e-01,9.210814833641052246e-01,8.077082037925720215e-01,-8.947401642799377441e-01,-2.240269444882869720e-02,1.000000000000000000e+00,2.542714357376098633e+00,-1.635526716709136963e-01,9.535988569259643555e-01,-5.260051488876342773e-01,-6.277171373367309570e-01,-1.243522111326456070e-02,1.000000000000000000e+00,2.770048141479492188e+00,-1.940807104110717773e-01,9.427177906036376953e-01,-6.526330113410949707e-01,-6.854518651962280273e-01,-2.160642482340335846e-02,1.000000000000000000e+00,1.000000000000000000e+00,0.000000000000000000e+00,0.000000000000000000e+00,1.000000000000000000e+00,2.542714357376098633e+00,-1.635526716709136963e-01,9.535988569259643555e-01,-5.260051488876342773e-01,-6.277171373367309570e-01,-1.243522111326456070e-02,1.927274012522337820e-01,5.074840210751263569e-02,1.839135841914993352e-02,1.000000000000000000e+00,2.770048141479492188e+00,-1.940807104110717773e-01,9.427177906036376953e-01,-6.526330113410949707e-01,-6.854518651962280273e-01,-2.160642482340335846e-02,9.528629516854233983e-02,-1.250011644646908948e-02,-1.201702027190998390e-03,1.000000000000000000e+00,1.180631294846534729e-01,1.112013459205627441e-01,-1.000000014901161194e-01,3.867206275463104248e-01,1.566104143857955933e-01,5.016277357935905457e-02,-1.000000014901161194e-01,3.927447497844696045e-01,2.000000029802322388e-01,8.969378471374511719e-02,3.740119934082031250e-02,3.751320242881774902e-01,1.185708045959472656e-01,-9.041547775268554688e-03,-1.077175140380859375e-03,3.982898294925689697e-01
1.380000000000000115e+00,7.027640342712402344e-01,-7.667515277862548828e-01,9.790021777153015137e-01,1.012503147125244141e+00,-1.119800686836242676e+00,-3.217194676399230957e-01,9.831497073173522949e-01,1.262573301792144775e-01,1.321967989206314087e-01,-9.898670762777328491e-02,9.756630659103393555e-01,-1.956617683172225952e-01,-1.536832302808761597e-01,1.792790740728378296e-01,9.717205166816711426e-01,-4.287161231040954590e-01,-3.445837795734405518e-01,7.816319912672042847e-02,1.000000000000000000e+00,0.000000000000000000e+00,7.027640342712402344e-01,-7.667515277862548828e-01,9.790021777153015137e-01,1.012503147125244141e+00,-1.119800686836242676e+00,-3.217194676399230957e-01,1.000000000000000000e+00,8.563231825828552246e-01,-3.357329666614532471e-01,9.205467104911804199e-01,8.062037825584411621e-01,-9.129225611686706543e-01,-3.202997893095016479e-02,1.000000000000000000e+00,2.532322406768798828e+00,-1.763843744993209839e-01,9.532355666160583496e-01,-5.116078257560729980e-01,-6.584934592247009277e-01,-2.529146522283554077e-02,1.000000000000000000e+00,2.757018089294433594e+00,-2.079142034053802490e-01,9.423078894615173340e-01,-6.501025557518005371e-01,-6.993494629859924316e-01,-1.933224499225616455e-02,1.000000000000000000e+00,1.000000000000000000e+00,0.000000000000000000e+00,0.000000000000000000e+00,1.000000000000000000e+00,8.563231825828552246e-01,-3.357329666614532471e-01,9.205467104911804199e-01,8.062037825584411621e-01,-9.129225611686706543e-01,-3.202997893095016479e-02,9.942348003387451172e-01,1.042914837598800659e-01,2.491274476051330566e-02,-1.000289171934127808e-01,9.858067631721496582e-01,-1.348312944173812866e-01,-3.862090408802032471e-02,1.315619498491287231e-01,9.905554652214050293e-01,1.926359236240386963e-01,9.247669577598571777e-02,-1.434455160051584244e-02,0.000000000000000000e+00,1.000000000000000000e+00,7.027640342712402344e-01,-7.667515277862548828e-01,9.790021777153015137e-01,1.012503147125244141e+00,-1.119800686836242676e+00,-3.217194676399230957e-01,1.000000000000000000e+00,8.563231825828552246e-01,-3.357329666614532471e-01,9.205467104911804199e-01,8.062037825584411621e-01,-9.129225611686706543e-01,-3.202997893095016479e-02,1.000000000000000000e+00,2.532322406768798828e+00,-1.763843744993209839e-01,9.532355666160583496e-01,-5.116078257560729980e-01,-6.584934592247009277e-01,-2.529146522283554077e-02,1.000000000000000000e+00,2.757018089294433594e+00,-2.079142034053802490e-01,9.423078894615173340e-01,-6.501025557518005371e-01,-6.993494629859924316e-01,-1.933224499225616455e-02,1.000000000000000000e+00,1.000000000000000000e+00,0.000000000000000000e+00,0.000000000000000000e+00,1.000000000000000000e+00,2.532322406768798828e+00,-1.763843744993209839e-01,9.532355666160583496e-01,-5.116078257560729980e-01,-6.584934592247009277e-01,-2.529146522283554077e-02,1.937578280983192347e-01,5.571048182281823635e-02,2.106380096414064984e-02,1.000000000000000000e+00,2.757018089294433594e+00,-2.079142034053802490e-01,9.423078894615173340e-01,-6.501025557518005371e-01,-6.993494629859924316e-01,-1.933224499225616455e-02,9.811920778265018073e-02,-1.208103306821972645e-02,-1.202930249960501574e-03,1.000000000000000000e+00,7.897333800792694092e-02,1.070988178253173828e-01,-1.000000014901161194e-01,3.811965584754943848e-01,1.585751771926879883e-01,5.102048441767692566e-02,-1.000000014901161194e-01,3.915472030639648438e-01,2.000000029802322388e-01,9.583783149719238281e-02,4.116177558898925781e-02,3.746718764305114746e-01,1.240401268005371094e-01,-8.182525634765625000e-03,-1.020193099975585938e-03,3.965668082237243652e-01
1.400000000000000133e+00,7.231638431549072266e-01,-7.893940806388854980e-01,9.724477529525756836e-01,1.028917551040649414e+00,-1.146779537200927734e+00,-3.350674211978912354e-01,9.842170476913452148e-01,1.234756633639335632e-01,1.267699748277664185e-01,-9.882957488298416138e-02,9.777477383613586426e-01,-1.850461512804031372e-01,-1.467977613210678101e-01,1.695969551801681519e-01,9.745190143585205078e-01,-6.201497912406921387e-01,-3.294926583766937256e-01,7.002842426300048828e-02,1.000000000000000000e+00,0.000000000000000000e+00,7.231638431549072266e-01,-7.893940806388854980e-01,9.724477529525756836e-01,1.028917551040649414e+00,-1.146779537200927734e+00,-3.350674211978912354e-01,1.000000000000000000e+00,8.724357485771179199e-01,-3.541596233844757080e-01,9.198194146156311035e-01,8.049799799919128418e-01,-9.317211508750915527e-01,-4.167407006025314331e-02,1.000000000000000000e+00,2.522225856781005859e+00,-1.898295879364013672e-01,9.526096582412719727e-01,-4.963369965553283691e-01,-6.890439987182617188e-01,-3.873087093234062195e-02,1.000000000000000000e+00,2.744039535522460938e+00,-2.220290601253509521e-01,9.419339299201965332e-01,-6.474928259849548340e-01,-7.136358022689819336e-01,-1.809267327189445496e-02,1.000000000000000000e+00,1.000000000000000000e+00,0.000000000000000000e+00,0.000000000000000000e+00,1.000000000000000000e+00,8.724357485771179199e-01,-3.541596233844757080e-01,9.198194146156311035e-01,8.049799799919128418e-01,-9.317211508750915527e-01,-4.167407006025314331e-02,9.941588044166564941e-01,1.046751812100410461e-01,2.630017511546611786e-02,-1.000699773430824280e-01,9.852671623229980469e-01,-1.386899799108505249e-01,-4.043009132146835327e-02,1.352479904890060425e-01,9.899867177009582520e-01,1.788148880004882812e-01,8.480089157819747925e-02,-1.438442617654800415e-02,0.000000000000000000e+00,1.000000000000000000e+00,7.231638431549072266e-01,-7.893940806388854980e-01,9.724477529525756836e-01,1.028917551040649414e+00,-1.146779537200927734e+00,-3.350674211978912354e-01,1.000000000000000000e+00,8.724357485771179199e-01,-3.541596233844757080e-01,9.198194146156311035e-01,8.049799799919128418e-01,-9.317211508750915527e-01,-4.167407006025314331e-02,1.000000000000000000e+00,2.522225856781005859e+00,-1.898295879364013672e-01,9.526096582412719727e-01,-4.963369965553283691e-01,-6.890439987182617188e-01,-3.873087093234062195e-02,1.000000000000000000e+00,2.744039535522460938e+00,-2.220290601253509521e-01,9.419339299201965332e-01,-6.474928259849548340e-01,-7.136358022689819336e-01,-1.809267327189445496e-02,1.000000000000000000e+00,1.000000000000000000e+00,0.000000000000000000e+00,0.000000000000000000e+00,1.000000000000000000e+00,2.522225856781005859e+00,-1.898295879364013672e-01,9.526096582412719727e-01,-4.963369965553283691e-01,-6.890439987182617188e-01,-3.873087093234062195e-02,1.946353092020176034e-01,6.084479863181879722e-02,2.394714898695805838e-02,1.000000000000000000e+00,2.744039535522460938e+00,-2.220290601253509521e-01,9.419339299201965332e-01,-6.474928259849548340e-01,-7.136358022689819336e-01,-1.809267327189445496e-02,1.012981399307645164e-01,-1.161038085888166371e-02,-1.199918338772087978e-03,1.000000000000000000e+00,4.528196901082992554e-02,1.096979379653930664e-01,-1.000000014901161194e-01,3.810683786869049072e-01,1.606455892324447632e-01,4.992926120758056641e-02,-1.000000014901161194e-01,3.896316885948181152e-01,2.000000029802322388e-01,1.018550395965576172e-01,4.486393928527832031e-02,3.742814362049102783e-01,1.298434734344482422e-01,-7.198333740234375000e-03,-9.398460388183593750e-04,3.949485421180725098e-01
1.419999999999999929e+00,7.438815236091613770e-01,-8.125540614128112793e-01,9.656268358230590820e-01,1.044213533401489258e+00,-1.171166419982910156e+00,-3.483179211616516113e-01,9.851428270339965820e-01,1.204416602849960327e-01,1.224242821335792542e-01,-9.868292510509490967e-02,9.804143905639648438e-01,-1.704396456480026245e-01,-1.405545324087142944e-01,1.558261960744857788e-01,9.777335524559020996e-01,-8.281639218330383301e-01,-2.774889469146728516e-01,5.709825828671455383e-02,1.000000000000000000e+00,0.000000000000000000e+00,7.438815236091613770e-01,-8.125540614128112793e-01,9.656268358230590820e-01,1.044213533401489258e+00,-1.171166419982910156e+00,-3.483179211616516113e-01,1.000000000000000000e+00,8.885262012481689453e-01,-3.729672729969024658e-01,9.188979268074035645e-01,8.040078282356262207e-01,-9.510545134544372559e-01,-5.150857940316200256e-02,1.000000000000000000e+00,2.512443065643310547e+00,-2.038836628198623657e-01,9.517104625701904297e-01,-4.801633059978485107e-01,-7.193566560745239258e-01,-5.264153704047203064e-02,1.000000000000000000e+00,2.731113672256469727e+00,-2.364336401224136353e-01,9.415758848190307617e-01,-6.447945237159729004e-01,-7.283735871315002441e-01,-1.785057783126831055e-02,1.000000000000000000e+00,1.000000000000000000e+00,0.000000000000000000e+00,0.000000000000000000e+00,1.000000000000000000e+00,8.885262012481689453e-01,-3.729672729969024658e-01,9.188979268074035645e-01,8.040078282356262207e-01,-9.510545134544372559e-01,-5.150857940316200256e-02,9.940877556800842285e-01,1.050400212407112122e-01,2.750347554683685303e-02,-1.001188084483146667e-01,9.847565889358520508e-01,-1.422355771064758301e-01,-4.202464967966079712e-02,1.386409997940063477e-01,9.894508123397827148e-01,1.641663014888763428e-01,6.942401081323623657e-02,-1.274230238050222397e-02,0.000000000000000000e+00,1.000000000000000000e+00,7.438815236091613770e-01,-8.125540614128112793e-01,9.656268358230590820e-01,1.044213533401489258e+00,-1.171166419982910156e+00,-3.483179211616516113e-01,1.000000000000000000e+00,8.885262012481689453e-01,-3.729672729969024658e-01,9.188979268074035645e-01,8.040078282356262207e-01,-9.510545134544372559e-01,-5.150857940316200256e-02,1.000000000000000000e+00,2.512443065643310547e+00,-2.038836628198623657e-01,9.517104625701904297e-01,-4.801633059978485107e-01,-7.193566560745239258e-01,-5.264153704047203064e-02,1.000000000000000000e+00,2.731113672256469727e+00,-2.364336401224136353e-01,9.415758848190307617e-01,-6.447945237159729004e-01,-7.283735871315002441e-01,-1.785057783126831055e-02,1.000000000000000000e+00,1.000000000000000000e+00,0.000000000000000000e+00,0.000000000000000000e+00,1.000000000000000000e+00,2.512443065643310547e+00,-2.038836628198623657e-01,9.517104625701904297e-01,-4.801633059978485107e-01,-7.193566560745239258e-01,-5.264153704047203064e-02,1.953881372079790402e-01,6.611716967468628248e-02,2.701732481536732455e-02,1.000000000000000000e+00,2.731113672256469727e+00,-2.364336401224136353e-01,9.415758848190307617e-01,-6.447945237159729004e-01,-7.283735871315002441e-01,-1.785057783126831055e-02,1.048252655560657498e-01,-1.107844275467573247e-02,-1.190482773459775045e-03,1.000000000000000000e+00,1.819511502981185913e-02,1.116268560290336609e-01,-1.000000014901161194e-01,3.849317431449890137e-01,1.622565686702728271e-01,4.650560393929481506e-02,-1.000000014901161194e-01,3.855197131633758545e-01,2.000000029802322388e-01,1.076426506042480469e-01,4.838466644287109375e-02,3.739039599895477295e-01,1.359436511993408203e-01,-6.081581115722656250e-03,-8.318424224853515625e-04,3.934055566787719727e-01
1.439999999999999947e+00,7.648971676826477051e-01,-8.361735343933105469e-01,9.585443139076232910e-01,1.058700561523437500e+00,-1.192331314086914062e+00,-3.610780239105224609e-01,9.858582019805908203e-01,1.172673180699348450e-01,1.197170540690422058e-01,-9.848197549581527710e-02,9.834151864051818848e-01,-1.523024439811706543e-01,-1.355916559696197510e-01,1.383586227893829346e-01,9.810565114021301270e-01,-9.696694016456604004e-01,-2.062816768884658813e-01,4.327942058444023132e-02,1.000000000000000000e+00,0.000000000000000000e+00,7.648971676826477051e-01,-8.361735343933105469e-01,9.585443139076232910e-01,1.058700561523437500e+00,-1.192331314086914062e+00,-3.610780239105224609e-01,1.000000000000000000e+00,9.045990705490112305e-01,-3.921655714511871338e-01,9.177759289741516113e-01,8.032265901565551758e-01,-9.708122611045837402e-01,-6.184130162000656128e-02,1.000000000000000000e+00,2.502992153167724609e+00,-2.185418009757995605e-01,9.505295157432556152e-01,-4.630655348300933838e-01,-7.494202256202697754e-01,-6.693689525127410889e-02,1.000000000000000000e+00,2.718242645263671875e+00,-2.511374652385711670e-01,9.412139058113098145e-01,-6.419967412948608398e-01,-7.436249852180480957e-01,-1.856773346662521362e-02,1.000000000000000000e+00,1.000000000000000000e+00,0.000000000000000000e+00,0.000000000000000000e+00,1.000000000000000000e+00,9.045990705490112305e-01,-3.921655714511871338e-01,9.177759289741516113e-01,8.032265901565551758e-01,-9.708122611045837402e-01,-6.184130162000656128e-02,9.940325021743774414e-01,1.053449958562850952e-01,2.832265384495258331e-02,-1.001665145158767700e-01,9.842790961265563965e-01,-1.454705893993377686e-01,-4.320198670029640198e-02,1.417654752731323242e-01,9.889572262763977051e-01,1.518807858228683472e-01,4.117483273148536682e-02,-8.798127062618732452e-03,0.000000000000000000e+00,1.000000000000000000e+00,7.648971676826477051e-01,-8.361735343933105469e-01,9.585443139076232910e-01,1.058700561523437500e+00,-1.192331314086914062e+00,-3.610780239105224609e-01,1.000000000000000000e+00,9.045990705490112305e-01,-3.921655714511871338e-01,9.177759289741516113e-01,8.032265901565551758e-01,-9.708122611045837402e-01,-6.184130162000656128e-02,1.000000000000000000e+00,2.502992153167724609e+00,-2.185418009757995605e-01,9.505295157432556152e-01,-4.630655348300933838e-01,-7.494202256202697754e-01,-6.693689525127410889e-02,1.000000000000000000e+00,2.718242645263671875e+00,-2.511374652385711670e-01,9.412139058113098145e-01,-6.419967412948608398e-01,-7.436249852180480957e-01,-1.856773346662521362e-02,1.000000000000000000e+00,1.000000000000000000e+00,0.000000000000000000e+00,0.000000000000000000e+00,1.000000000000000000e+00,2.502992153167724609e+00,-2.185418009757995605e-01,9.505295157432556152e-01,-4.630655348300933838e-01,-7.494202256202697754e-01,-6.693689525127410889e-02,1.960389384423888992e-01,7.148452327340670820e-02,3.023710686932669367e-02,1.000000000000000000e+00,2.718242645263671875e+00,-2.511374652385711670e-01,9.412139058113098145e-01,-6.419967412948608398e-01,-7.436249852180480957e-01,-1.856773346662521362e-02,1.086984458514394514e-01,-1.047548645759333041e-02,-1.172117269613852375e-03,1.000000000000000000e+00,-5.303059238940477371e-03,1.061583161354064941e-01,-1.000000014901161194e-01,3.938814997673034668e-01,1.631013602018356323e-01,4.136507213115692139e-02,-1.000000014901161194e-01,3.806360363960266113e-01,2.000000029802322388e-01,1.130921840667724609e-01,5.158209800720214844e-02,3.735738694667816162e-01,1.422915458679199219e-01,-4.824876785278320312e-03,-6.911754608154296875e-04,3.918838202953338623e-01
1.459999999999999964e+00,7.861981391906738281e-01,-8.601841926574707031e-01,9.512157440185546875e-01,1.072770237922668457e+00,-1.209890246391296387e+00,-3.726552724838256836e-01,9.863792061805725098e-01,1.141497343778610229e-01,1.184310242533683777e-01,-9.825579822063446045e-02,9.863246679306030273e-01,-1.323236078023910522e-01,-1.319161355495452881e-01,1.188847273588180542e-01,9.841060042381286621e-01,-1.014130473136901855e+00,-1.622326821088790894e-01,3.100519627332687378e-02,1.000000000000000000e+00,0.000000000000000000e+00,7.861981391906738281e-01,-8.601841926574707031e-01,9.512157440185546875e-01,1.072770237922668457e+00,-1.209890246391296387e+00,-3.726552724838256836e-01,1.000000000000000000e+00,9.206572771072387695e-01,-4.117619693279266357e-01,9.164398312568664551e-01,8.025271296501159668e-01,-9.908688664436340332e-01,-7.307849824428558350e-02,1.000000000000000000e+00,2.493891477584838867e+00,-2.337988466024398804e-01,9.490597248077392578e-01,-4.450329542160034180e-01,-7.792236804962158203e-01,-8.155026286840438843e-02,1.000000000000000000e+00,2.705428838729858398e+00,-2.661513984203338623e-01,9.408293366432189941e-01,-6.390869021415710449e-01,-7.594496011734008789e-01,-2.021055109798908234e-02,1.000000000000000000e+00,1.000000000000000000e+00,0.000000000000000000e+00,0.000000000000000000e+00,1.000000000000000000e+00,9.206572771072387695e-01,-4.117619693279266357e-01,9.164398312568664551e-01,8.025271296501159668e-01,-9.908688664436340332e-01,-7.307849824428558350e-02,9.940067529678344727e-01,1.055447086691856384e-01,2.848051674664020538e-02,-1.002129241824150085e-01,9.838370680809020996e-01,-1.483987569808959961e-01,-4.368288815021514893e-02,1.446552276611328125e-01,9.885175228118896484e-01,1.393479257822036743e-01,-4.351779934950172901e-04,-2.733213827013969421e-03,0.000000000000000000e+00,1.000000000000000000e+00,7.861981391906738281e-01,-8.601841926574707031e-01,9.512157440185546875e-01,1.072770237922668457e+00,-1.209890246391296387e+00,-3.726552724838256836e-01,1.000000000000000000e+00,9.206572771072387695e-01,-4.117619693279266357e-01,9.164398312568664551e-01,8.025271296501159668e-01,-9.908688664436340332e-01,-7.307849824428558350e-02,1.000000000000000000e+00,2.493891477584838867e+00,-2.337988466024398804e-01,9.490597248077392578e-01,-4.450329542160034180e-01,-7.792236804962158203e-01,-8.155026286840438843e-02,1.000000000000000000e+00,2.705428838729858398e+00,-2.661513984203338623e-01,9.408293366432189941e-01,-6.390869021415710449e-01,-7.594496011734008789e-01,-2.021055109798908234e-02,1.000000000000000000e+00,1.000000000000000000e+00,0.000000000000000000e+00,0.000000000000000000e+00,1.000000000000000000e+00,2.493891477584838867e+00,-2.337988466024398804e-01,9.490597248077392578e-01,-4.450329542160034180e-01,-7.792236804962158203e-01,-8.155026286840438843e-02,1.966046438301922161e-01,7.689636074289896150e-02,3.355439732221290883e-02,1.000000000000000000e+00,2.705428838729858398e+00,-2.661513984203338623e-01,9.408293366432189941e-01,-6.390869021415710449e-01,-7.594496011734008789e-01,-2.021055109798908234e-02,1.129095664336554755e-01,-9.792050016716569161e-03,-1.141988473383981351e-03,1.000000000000000000e+00,-2.338859252631664276e-02,9.877336025238037109e-02,-9.999990463256835938e-02,4.026954770088195801e-01,1.630717515945434570e-01,3.505719825625419617e-02,-1.000000014901161194e-01,3.753845989704132080e-01,2.000000029802322388e-01,1.181018352508544922e-01,5.432248115539550781e-02,3.733905851840972900e-01,1.488318443298339844e-01,-3.422021865844726562e-03,-5.130767822265625000e-04,3.903094828128814697e-01
1.479999999999999982e+00,8.077790141105651855e-01,-8.845128417015075684e-01,9.436722993850708008e-01,1.086705803871154785e+00,-1.223761081695556641e+00,-3.822751343250274658e-01,9.868255257606506348e-01,1.112458854913711548e-01,1.174721345305442810e-01,-9.812363982200622559e-02,9.888361692428588867e-01,-1.121374964714050293e-01,-1.286355257034301758e-01,9.913335740566253662e-02,9.867246150970458984e-01,-9.871274828910827637e-01,-1.750688850879669189e-01,2.202141657471656799e-02,1.000000000000000000e+00,0.000000000000000000e+00,8.077790141105651855e-01,-8.845128417015075684e-01,9.436722993850708008e-01,1.086705803871154785e+00,-1.223761081695556641e+00,-3.822751343250274658e-01,1.000000000000000000e+00,9.367011189460754395e-01,-4.317612946033477783e-01,9.148681163787841797e-01,8.017551302909851074e-01,-1.011098504066467285e+00,-8.557768166065216064e-02,1.000000000000000000e+00,2.485159635543823242e+00,-2.496495842933654785e-01,9.472952485084533691e-01,-4.260663092136383057e-01,-8.087586164474487305e-01,-9.642160683870315552e-02,1.000000000000000000e+00,2.692674160003662109e+00,-2.814873754978179932e-01,9.404036402702331543e-01,-6.360505819320678711e-01,-7.759028673171997070e-01,-2.275705337524414062e-02,1.000000000000000000e+00,1.000000000000000000e+00,0.000000000000000000e+00,0.000000000000000000e+00,1.000000000000000000e+00,9.367011189460754395e-01,-4.317612946033477783e-01,9.148681163787841797e-01,8.017551302909851074e-01,-1.011098504066467285e+00,-8.557768166065216064e-02,9.940211772918701172e-01,1.055989339947700500e-01,2.776778116822242737e-02,-1.002583280205726624e-01,9.834435582160949707e-01,-1.509548574686050415e-01,-4.324870929121971130e-02,1.472683399915695190e-01,9.881507158279418945e-01,1.223632991313934326e-01,-4.874902963638305664e-02,4.866221919655799866e-03,0.000000000000000000e+00,1.000000000000000000e+00,8.077790141105651855e-01,-8.845128417015075684e-01,9.436722993850708008e-01,1.086705803871154785e+00,-1.223761081695556641e+00,-3.822751343250274658e-01,1.000000000000000000e+00,9.367011189460754395e-01,-4.317612946033477783e-01,9.148681163787841797e-01,8.017551302909851074e-01,-1.011098504066467285e+00,-8.557768166065216064e-02,1.000000000000000000e+00,2.485159635543823242e+00,-2.496495842933654785e-01,9.472952485084533691e-01,-4.260663092136383057e-01,-8.087586164474487305e-01,-9.642160683870315552e-02,1.000000000000000000e+00,2.692674160003662109e+00,-2.814873754978179932e-01,9.404036402702331543e-01,-6.360505819320678711e-01,-7.759028673171997070e-01,-2.275705337524414062e-02,1.000000000000000000e+00,1.000000000000000000e+00,0.000000000000000000e+00,0.000000000000000000e+00,1.000000000000000000e+00,2.485159635543823242e+00,-2.496495842933654785e-01,9.472952485084533691e-01,-4.260663092136383057e-01,-8.087586164474487305e-01,-9.642160683870315552e-02,1.970990278693068309e-01,8.229445025957460302e-02,3.690153193733915205e-02,1.000000000000000000e+00,2.692674160003662109e+00,-2.814873754978179932e-01,9.404036402702331543e-01,-6.360505819320678711e-01,-7.759028673171997070e-01,-2.275705337524414062e-02,1.174438063368757335e-01,-9.019144285815405837e-03,-1.096943015728379933e-03,1.000000000000000000e+00,-3.494080901145935059e-02,9.301740676164627075e-02,-1.000000014901161194e-01,4.100647568702697754e-01,1.617016047239303589e-01,2.746979333460330963e-02,-1.000000014901161194e-01,3.713580369949340820e-01,2.000000029802322388e-01,1.225798130035400391e-01,5.648899078369140625e-02,3.734818100929260254e-01,1.554975509643554688e-01,-1.868486404418945312e-03,-2.930164337158203125e-04,3.886141777038574219e-01
1.500000000000000000e+00,8.296377658843994141e-01,-9.090863466262817383e-01,9.359577894210815430e-01,1.100531578063964844e+00,-1.234032511711120605e+00,-3.894625902175903320e-01,9.873207807540893555e-01,1.086450442671775818e-01,1.157323196530342102e-01,-9.815641492605209351e-02,9.908366203308105469e-01,-9.277984499931335449e-02,-1.247518882155418396e-01,8.024360239505767822e-02,9.889377951622009277e-01,-9.187596440315246582e-01,-2.217203229665756226e-01,1.424963027238845825e-02,1.000000000000000000e+00,0.000000000000000000e+00,8.296377658843994141e-01,-9.090863466262817383e-01,9.359577894210815430e-01,1.100531578063964844e+00,-1.234032511711120605e+00,-3.894625902175903320e-01,1.000000000000000000e+00,9.527274966239929199e-01,-4.521658420562744141e-01,9.130333662033081055e-01,8.007393479347229004e-01,-1.031380653381347656e+00,-9.953959286212921143e-02,1.000000000000000000e+00,2.476815938949584961e+00,-2.660885453224182129e-01,9.452315568923950195e-01,-4.061783850193023682e-01,-8.380218148231506348e-01,-1.114840805530548096e-01,1.000000000000000000e+00,2.679981470108032227e+00,-2.971584498882293701e-01,9.399189949035644531e-01,-6.328718066215515137e-01,-7.930335998535156250e-01,-2.620273642241954803e-02,1.000000000000000000e+00,1.000000000000000000e+00,0.000000000000000000e+00,0.000000000000000000e+00,1.000000000000000000e+00,9.527274966239929199e-01,-4.521658420562744141e-01,9.130333662033081055e-01,8.007393479347229004e-01,-1.031380653381347656e+00,-9.953959286212921143e-02,9.940786361694335938e-01,1.054760217666625977e-01,2.612888067960739136e-02,-1.002914011478424072e-01,9.831212759017944336e-01,-1.530178338289260864e-01,-4.182756692171096802e-02,1.494912356138229370e-01,9.878780841827392578e-01,9.808260947465896606e-02,-9.735458344221115112e-02,1.356759201735258102e-02,0.000000000000000000e+00,1.000000000000000000e+00,8.296377658843994141e-01,-9.090863466262817383e-01,9.359577894210815430e-01,1.100531578063964844e+00,-1.234032511711120605e+00,-3.894625902175903320e-01,1.000000000000000000e+00,9.527274966239929199e-01,-4.521658420562744141e-01,9.130333662033081055e-01,8.007393479347229004e-01,-1.031380653381347656e+00,-9.953959286212921143e-02,1.000000000000000000e+00,2.476815938949584961e+00,-2.660885453224182129e-01,9.452315568923950195e-01,-4.061783850193023682e-01,-8.380218148231506348e-01,-1.114840805530548096e-01,1.000000000000000000e+00,2.679981470108032227e+00,-2.971584498882293701e-01,9.399189949035644531e-01,-6.328718066215515137e-01,-7.930335998535156250e-01,-2.620273642241954803e-02,1.000000000000000000e+00,1.000000000000000000e+00,0.000000000000000000e+00,0.000000000000000000e+00,1.000000000000000000e+00,2.476815938949584961e+00,-2.660885453224182129e-01,9.452315568923950195e-01,-4.061783850193023682e-01,-8.380218148231506348e-01,-1.114840805530548096e-01,1.975342724552884843e-01,8.761319085635999038e-02,4.019825451896977264e-02,1.000000000000000000e+00,2.679981470108032227e+00,-2.971584498882293701e-01,9.399189949035644531e-01,-6.328718066215515137e-01,-7.930335998535156250e-01,-2.620273642241954803e-02,1.222797027438828621e-01,-8.148247365313388002e-03,-1.033523993156780507e-03,1.000000000000000000e+00,-4.418282583355903625e-02,8.777319639921188354e-02,-1.000000014901161194e-01,4.170065522193908691e-01,1.600643396377563477e-01,2.038061432540416718e-02,-1.000000014901161194e-01,3.684007823467254639e-01,2.000000029802322388e-01,1.264331340789794922e-01,5.798411369323730469e-02,3.739274442195892334e-01,1.622064113616943359e-01,-1.604557037353515625e-04,-2.622604370117187500e-05,3.867541849613189697e-01
1.520000000000000018e+00,8.517710566520690918e-01,-9.338341355323791504e-01,9.281232357025146484e-01,1.114087820053100586e+00,-1.240896582603454590e+00,-3.939840495586395264e-01,9.878966808319091797e-01,1.064094007015228271e-01,1.128589063882827759e-01,-9.833750128746032715e-02,9.923349022865295410e-01,-7.484094053506851196e-02,-1.199576109647750854e-01,6.283684819936752319e-02,9.907884001731872559e-01,-8.339864611625671387e-01,-2.612873315811157227e-01,7.694372441619634628e-03,1.000000000000000000e+00,0.000000000000000000e+00,8.517710566520690918e-01,-9.338341355323791504e-01,9.281232357025146484e-01,1.114087820053100586e+00,-1.240896582603454590e+00,-3.939840495586395264e-01,1.000000000000000000e+00,9.687303304672241211e-01,-4.729757010936737061e-01,9.109061956405639648e-01,7.993190288543701172e-01,-1.051602721214294434e+00,-1.149574071168899536e-01,1.000000000000000000e+00,2.468878030776977539e+00,-2.831103801727294922e-01,9.428654313087463379e-01,-3.853944838047027588e-01,-8.670173883438110352e-01,-1.266556382179260254e-01,1.000000000000000000e+00,2.667353868484497070e+00,-3.131785392761230469e-01,9.393572807312011719e-01,-6.295331716537475586e-01,-8.108822107315063477e-01,-3.056280128657817841e-02,1.000000000000000000e+00,1.000000000000000000e+00,0.000000000000000000e+00,0.000000000000000000e+00,1.000000000000000000e+00,9.687303304672241211e-01,-4.729757010936737061e-01,9.109061956405639648e-01,7.993190288543701172e-01,-1.051602721214294434e+00,-1.149574071168899536e-01,9.941743612289428711e-01,1.051637679338455200e-01,2.362234704196453094e-02,-1.003005802631378174e-01,9.828949570655822754e-01,-1.544583886861801147e-01,-3.946170955896377563e-02,1.511892229318618774e-01,9.877168536186218262e-01,6.917534768581390381e-02,-1.398006230592727661e-01,2.195320092141628265e-02,0.000000000000000000e+00,1.000000000000000000e+00,8.517710566520690918e-01,-9.338341355323791504e-01,9.281232357025146484e-01,1.114087820053100586e+00,-1.240896582603454590e+00,-3.939840495586395264e-01,1.000000000000000000e+00,9.687303304672241211e-01,-4.729757010936737061e-01,9.109061956405639648e-01,7.993190288543701172e-01,-1.051602721214294434e+00,-1.149574071168899536e-01,1.000000000000000000e+00,2.468878030776977539e+00,-2.831103801727294922e-01,9.428654313087463379e-01,-3.853944838047027588e-01,-8.670173883438110352e-01,-1.266556382179260254e-01,1.000000000000000000e+00,2.667353868484497070e+00,-3.131785392761230469e-01,9.393572807312011719e-01,-6.295331716537475586e-01,-8.108822107315063477e-01,-3.056280128657817841e-02,1.000000000000000000e+00,1.000000000000000000e+00,0.000000000000000000e+00,0.000000000000000000e+00,1.000000000000000000e+00,2.468878030776977539e+00,-2.831103801727294922e-01,9.428654313087463379e-01,-3.853944838047027588e-01,-8.670173883438110352e-01,-1.266556382179260254e-01,1.979201525401838024e-01,9.278189072447151631e-02,4.335630153881790683e-02,1.000000000000000000e+00,2.667353868484497070e+00,-3.131785392761230469e-01,9.393572807312011719e-01,-6.295331716537475586e-01,-8.108822107315063477e-01,-3.056280128657817841e-02,1.273887832130572439e-01,-7.171372190564850868e-03,-9.480008819945234810e-04,1.000000000000000000e+00,0.000000000000000000e+00,0.000000000000000000e+00,0.000000000000000000e+00,0.000000000000000000e+00,0.000000000000000000e+00,0.000000000000000000e+00,0.000000000000000000e+00,0.000000000000000000e+00,0.000000000000000000e+00,0.000000000000000000e+00,0.000000000000000000e+00,0.000000000000000000e+00,0.000000000000000000e+00,0.000000000000000000e+00,0.000000000000000000e+00,0.000000000000000000e+00
