time,agent0_obs0,agent0_obs1,agent0_obs2,agent0_obs3,agent0_obs4,agent0_obs5,agent0_obs6,agent0_obs7,agent0_obs8,agent0_obs9,agent0_obs10,agent0_obs11,agent0_obs12,agent0_obs13,agent0_obs14,agent0_obs15,agent0_obs16,agent0_obs17,agent0_obs18,agent0_obs19,agent0_obs20,agent0_obs21,agent0_obs22,agent0_obs23,agent0_obs24,agent0_obs25,agent0_obs26,agent0_obs27,agent0_obs28,agent0_obs29,agent0_obs30,agent0_obs31,agent0_obs32,agent0_obs33,agent0_obs34,agent0_obs35,agent0_obs36,agent0_obs37,agent0_obs38,agent0_obs39,agent0_obs40,agent0_obs41,agent0_obs42,agent0_obs43,agent0_obs44,agent0_obs45,agent0_obs46,agent0_obs47,agent0_obs48,agent0_obs49,agent0_obs50,agent0_obs51,agent1_obs0,agent1_obs1,agent1_obs2,agent1_obs3,agent1_obs4,agent1_obs5,agent1_obs6,agent1_obs7,agent1_obs8,agent1_obs9,agent1_obs10,agent1_obs11,agent1_obs12,agent1_obs13,agent1_obs14,agent1_obs15,agent1_obs16,agent1_obs17,agent1_obs18,agent1_obs19,agent1_obs20,agent1_obs21,agent1_obs22,agent1_obs23,agent1_obs24,agent1_obs25,agent1_obs26,agent1_obs27,agent1_obs28,agent1_obs29,agent1_obs30,agent1_obs31,agent1_obs32,agent1_obs33,agent1_obs34,agent1_obs35,agent1_obs36,agent1_obs37,agent1_obs38,agent1_obs39,agent1_obs40,agent1_obs41,agent1_obs42,agent1_obs43,agent1_obs44,agent1_obs45,agent1_obs46,agent1_obs47,agent1_obs48,agent1_obs49,agent1_obs50,agent1_obs51,red0_pos_x,red0_pos_y,red0_pos_z,red0_vel_x,red0_vel_y,red0_vel_z,red0_roll,red0_pitch,red0_yaw,red0_active,red1_pos_x,red1_pos_y,red1_pos_z,red1_vel_x,red1_vel_y,red1_vel_z,red1_roll,red1_pitch,red1_yaw,red1_active,blue0_cmd_roll,blue0_cmd_pitch,blue0_cmd_yaw,blue0_cmd_thrust,blue1_cmd_roll,blue1_cmd_pitch,blue1_cmd_yaw,blue1_cmd_thrust,red0_cmd_roll,red0_cmd_pitch,red0_cmd_yaw,red0_cmd_thrust,red1_cmd_roll,red1_cmd_pitch,red1_cmd_yaw,red1_cmd_thrust
0.000000000000000000e+00,-7.409715652465820312e-02,-4.681632816791534424e-01,9.739261269569396973e-01,0.000000000000000000e+00,0.000000000000000000e+00,0.000000000000000000e+00,1.000000000000000000e+00,0.000000000000000000e+00,0.000000000000000000e+00,0.000000000000000000e+00,1.000000000000000000e+00,0.000000000000000000e+00,0.000000000000000000e+00,0.000000000000000000e+00,1.000000000000000000e+00,0.000000000000000000e+00,0.000000000000000000e+00,0.000000000000000000e+00,1.000000000000000000e+00,0.000000000000000000e+00,-7.409715652465820312e-02,-4.681632816791534424e-01,9.739261269569396973e-01,0.000000000000000000e+00,0.000000000000000000e+00,0.000000000000000000e+00,1.000000000000000000e+00,-5.955097824335098267e-02,4.367104172706604004e-01,1.057616353034973145e+00,0.000000000000000000e+00,0.000000000000000000e+00,0.000000000000000000e+00,1.000000000000000000e+00,2.977940082550048828e+00,-5.526639223098754883e-01,1.241549372673034668e+00,0.000000000000000000e+00,0.000000000000000000e+00,0.000000000000000000e+00,1.000000000000000000e+00,3.048704624176025391e+00,6.827310323715209961e-01,7.649312019348144531e-01,0.000000000000000000e+00,0.000000000000000000e+00,0.000000000000000000e+00,1.000000000000000000e+00,0.000000000000000000e+00,1.000000000000000000e+00,1.000000000000000000e+00,0.000000000000000000e+00,-5.955097824335098267e-02,4.367104172706604004e-01,1.057616353034973145e+00,0.000000000000000000e+00,0.000000000000000000e+00,0.000000000000000000e+00,1.000000000000000000e+00,0.000000000000000000e+00,0.000000000000000000e+00,0.000000000000000000e+00,1.000000000000000000e+00,0.000000000000000000e+00,0.000000000000000000e+00,0.000000000000000000e+00,1.000000000000000000e+00,0.000000000000000000e+00,0.000000000000000000e+00,0.000000000000000000e+00,0.000000000000000000e+00,1.000000000000000000e+00,-7.409715652465820312e-02,-4.681632816791534424e-01,9.739261269569396973e-01,0.000000000000000000e+00,0.000000000000000000e+00,0.000000000000000000e+00,1.000000000000000000e+00,-5.955097824335098267e-02,4.367104172706604004e-01,1.057616353034973145e+00,0.000000000000000000e+00,0.000000000000000000e+00,0.000000000000000000e+00,1.000000000000000000e+00,2.977940082550048828e+00,-5.526639223098754883e-01,1.241549372673034668e+00,0.000000000000000000e+00,0.000000000000000000e+00,0.000000000000000000e+00,1.000000000000000000e+00,3.048704624176025391e+00,6.827310323715209961e-01,7.649312019348144531e-01,0.000000000000000000e+00,0.000000000000000000e+00,0.000000000000000000e+00,1.000000000000000000e+00,0.000000000000000000e+00,1.000000000000000000e+00,1.000000000000000000e+00,0.000000000000000000e+00,2.977940082550048828e+00,-5.526639223098754883e-01,1.241549372673034668e+00,0.000000000000000000e+00,0.000000000000000000e+00,0.000000000000000000e+00,0.000000000000000000e+00,0.000000000000000000e+00,0.000000000000000000e+00,1.000000000000000000e+00,3.048704624176025391e+00,6.827310323715209961e-01,7.649312019348144531e-01,0.000000000000000000e+00,0.000000000000000000e+00,0.000000000000000000e+00,0.000000000000000000e+00,0.000000000000000000e+00,0.000000000000000000e+00,1.000000000000000000e+00,-4.803350195288658142e-02,2.000000029802322388e-01,-1.000000014901161194e-01,4.926845729351043701e-01,-1.245793253183364868e-01,1.999999880790710449e-01,-1.000000014901161194e-01,4.649122655391693115e-01,-7.345056533813476562e-02,-2.000000029802322388e-01,1.577234268188476562e-02,3.930350840091705322e-01,7.958745956420898438e-02,-2.000000029802322388e-01,-1.642203330993652344e-02,4.040112197399139404e-01
2.000000000000000042e-02,-7.409688830375671387e-02,-4.681631922721862793e-01,9.739397764205932617e-01,1.079498251783661544e-04,3.829714478342793882e-05,2.666018204763531685e-03,9.999913573265075684e-01,2.953760093078017235e-03,2.937682671472430229e-03,-2.956696553155779839e-03,9.999951720237731934e-01,9.957840666174888611e-04,-2.934727119281888008e-03,-1.004461199045181274e-03,9.999952316284179688e-01,-1.594502925872802734e-01,5.042384862899780273e-01,-3.010407686233520508e-01,1.000000000000000000e+00,0.000000000000000000e+00,-7.409688830375671387e-02,-4.681631922721862793e-01,9.739397764205932617e-01,1.079498251783661544e-04,3.829714478342793882e-05,2.666018204763531685e-03,1.000000000000000000e+00,-5.955068767070770264e-02,4.367105960845947266e-01,1.057622671127319336e+00,1.170995237771421671e-04,7.540734077338129282e-05,1.367391436360776424e-03,1.000000000000000000e+00,2.977939844131469727e+00,-5.526638627052307129e-01,1.241541266441345215e+00,-1.143776753451675177e-04,4.104792242287658155e-05,-1.332158572040498257e-03,1.000000000000000000e+00,3.048704385757446289e+00,6.827309131622314453e-01,7.649261951446533203e-01,-1.133148834924213588e-04,-4.447011815500445664e-05,-7.765893242321908474e-04,1.000000000000000000e+00,0.000000000000000000e+00,1.000000000000000000e+00,1.000000000000000000e+00,0.000000000000000000e+00,-5.955068767070770264e-02,4.367105960845947266e-01,1.057622671127319336e+00,1.170995237771421671e-04,7.540734077338129282e-05,1.367391436360776424e-03,9.999903440475463867e-01,3.016485599800944328e-03,3.199485363438725471e-03,-3.023009048774838448e-03,9.999933838844299316e-01,2.036083489656448364e-03,-3.193322336301207542e-03,-2.045735716819763184e-03,9.999928474426269531e-01,-3.403998017311096191e-01,5.428484082221984863e-01,-3.004961907863616943e-01,0.000000000000000000e+00,1.000000000000000000e+00,-7.409688830375671387e-02,-4.681631922721862793e-01,9.739397764205932617e-01,1.079498251783661544e-04,3.829714478342793882e-05,2.666018204763531685e-03,1.000000000000000000e+00,-5.955068767070770264e-02,4.367105960845947266e-01,1.057622671127319336e+00,1.170995237771421671e-04,7.540734077338129282e-05,1.367391436360776424e-03,1.000000000000000000e+00,2.977939844131469727e+00,-5.526638627052307129e-01,1.241541266441345215e+00,-1.143776753451675177e-04,4.104792242287658155e-05,-1.332158572040498257e-03,1.000000000000000000e+00,3.048704385757446289e+00,6.827309131622314453e-01,7.649261951446533203e-01,-1.133148834924213588e-04,-4.447011815500445664e-05,-7.765893242321908474e-04,1.000000000000000000e+00,0.000000000000000000e+00,1.000000000000000000e+00,1.000000000000000000e+00,0.000000000000000000e+00,2.977939844131469727e+00,-5.526638627052307129e-01,1.241541266441345215e+00,-1.143776753451675177e-04,4.104792242287658155e-05,-1.332158572040498257e-03,-1.147191894787436082e-03,-3.200084408338410569e-03,5.139110741074283438e-04,1.000000000000000000e+00,3.048704385757446289e+00,6.827309131622314453e-01,7.649261951446533203e-01,-1.133148834924213588e-04,-4.447011815500445664e-05,-7.765893242321908474e-04,1.237462742225371162e-03,-3.156814499414517527e-03,-5.380816643193223579e-04,1.000000000000000000e+00,5.063788499683141708e-03,2.000000029802322388e-01,-1.000000014901161194e-01,5.100826025009155273e-01,-1.279835104942321777e-01,1.999999880790710449e-01,-1.000000014901161194e-01,4.838821887969970703e-01,-7.343006134033203125e-02,-2.000000029802322388e-01,1.576399803161621094e-02,3.933449387550354004e-01,7.957911491394042969e-02,-2.000000029802322388e-01,-1.641869544982910156e-02,4.043186604976654053e-01
4.000000000000000083e-02,-7.408275455236434937e-02,-4.681587517261505127e-01,9.740704894065856934e-01,2.107536885887384415e-03,6.130660185590386391e-04,1.271715853363275528e-02,9.997181892395019531e-01,1.083762012422084808e-02,2.112471498548984528e-02,-1.094871945679187775e-02,9.999268651008605957e-01,5.150655750185251236e-03,-2.106734924018383026e-02,-5.380492191761732101e-03,9.997636675834655762e-01,-2.048407942056655884e-01,1.363116145133972168e+00,-5.007139444351196289e-01,1.000000000000000000e+00,0.000000000000000000e+00,-7.408275455236434937e-02,-4.681587517261505127e-01,9.740704894065856934e-01,2.107536885887384415e-03,6.130660185590386391e-04,1.271715853363275528e-02,1.000000000000000000e+00,-5.953563004732131958e-02,4.367199838161468506e-01,1.057698607444763184e+00,2.229198347777128220e-03,1.375439809635281563e-03,7.891912013292312622e-03,1.000000000000000000e+00,2.977925539016723633e+00,-5.526587963104248047e-01,1.241494059562683105e+00,-2.118050120770931244e-03,7.549730362370610237e-04,-3.759406972676515579e-03,1.000000000000000000e+00,3.048690080642700195e+00,6.827253103256225586e-01,7.649029493331909180e-01,-2.111843554303050041e-03,-8.227698854170739651e-04,-1.575999427586793900e-03,1.000000000000000000e+00,0.000000000000000000e+00,1.000000000000000000e+00,1.000000000000000000e+00,0.000000000000000000e+00,-5.953563004732131958e-02,4.367199838161468506e-01,1.057698607444763184e+00,2.229198347777128220e-03,1.375439809635281563e-03,7.891912013292312622e-03,9.996899366378784180e-01,1.043871697038412094e-02,2.260739728808403015e-02,-1.074827928096055984e-02,9.998495578765869141e-01,1.361501682549715042e-02,-2.246187254786491394e-02,-1.385378558188676834e-02,9.996517300605773926e-01,-8.473460674285888672e-01,1.438595294952392578e+00,-4.641737341880798340e-01,0.000000000000000000e+00,1.000000000000000000e+00,-7.408275455236434937e-02,-4.681587517261505127e-01,9.740704894065856934e-01,2.107536885887384415e-03,6.130660185590386391e-04,1.271715853363275528e-02,1.000000000000000000e+00,-5.953563004732131958e-02,4.367199838161468506e-01,1.057698607444763184e+00,2.229198347777128220e-03,1.375439809635281563e-03,7.891912013292312622e-03,1.000000000000000000e+00,2.977925539016723633e+00,-5.526587963104248047e-01,1.241494059562683105e+00,-2.118050120770931244e-03,7.549730362370610237e-04,-3.759406972676515579e-03,1.000000000000000000e+00,3.048690080642700195e+00,6.827253103256225586e-01,7.649029493331909180e-01,-2.111843554303050041e-03,-8.227698854170739651e-04,-1.575999427586793900e-03,1.000000000000000000e+00,0.000000000000000000e+00,1.000000000000000000e+00,1.000000000000000000e+00,0.000000000000000000e+00,2.977925539016723633e+00,-5.526587963104248047e-01,1.241494059562683105e+00,-2.118050120770931244e-03,7.549730362370610237e-04,-3.759406972676515579e-03,-8.027241701620040776e-03,-2.246356741887667319e-02,1.654948174359440784e-03,1.000000000000000000e+00,3.048690080642700195e+00,6.827253103256225586e-01,7.649029493331909180e-01,-2.111843554303050041e-03,-8.227698854170739651e-04,-1.575999427586793900e-03,8.677123425606357576e-03,-2.223862820975419652e-02,-1.717874430256743305e-03,1.000000000000000000e+00,8.625762164592742920e-02,1.999999582767486572e-01,-1.000000014901161194e-01,5.415387749671936035e-01,-1.512949019670486450e-01,1.999999135732650757e-01,-1.000000014901161194e-01,5.315229296684265137e-01,-7.319903373718261719e-02,-2.000000029802322388e-01,1.566839218139648438e-02,3.951207995414733887e-01,7.934808731079101562e-02,-2.000000029802322388e-01,-1.632738113403320312e-02,4.060671627521514893e-01
5.999999999999999778e-02,-7.398524880409240723e-02,-4.681352674961090088e-01,9.744733572006225586e-01,9.540424682199954987e-03,1.912527019158005714e-03,3.080088458955287933e-02,9.983623623847961426e-01,2.231958508491516113e-02,5.267458781599998474e-02,-2.264457568526268005e-02,9.997280836105346680e-01,5.581013858318328857e-03,-5.253569409251213074e-02,-6.764667108654975891e-03,9.985961914062500000e-01,2.364960610866546631e-01,1.713157057762145996e+00,-6.446472406387329102e-01,1.000000000000000000e+00,0.000000000000000000e+00,-7.398524880409240723e-02,-4.681352674961090088e-01,9.744733572006225586e-01,9.540424682199954987e-03,1.912527019158005714e-03,3.080088458955287933e-02,1.000000000000000000e+00,-5.943320691585540771e-02,4.367817938327789307e-01,1.057965278625488281e+00,9.990707039833068848e-03,5.936535540968179703e-03,2.158735878765583038e-02,1.000000000000000000e+00,2.977830648422241211e+00,-5.526250004768371582e-01,1.241388797760009766e+00,-9.097538888454437256e-03,3.232269547879695892e-03,-7.356652989983558655e-03,1.000000000000000000e+00,3.048594951629638672e+00,6.826882362365722656e-01,7.648621201515197754e-01,-9.132414124906063080e-03,-3.539131954312324524e-03,-2.727284329012036324e-03,1.000000000000000000e+00,0.000000000000000000e+00,1.000000000000000000e+00,1.000000000000000000e+00,0.000000000000000000e+00,-5.943320691585540771e-02,4.367817938327789307e-01,1.057965278625488281e+00,9.990707039833068848e-03,5.936535540968179703e-03,2.158735878765583038e-02,9.982310533523559570e-01,1.980730146169662476e-02,5.605839192867279053e-02,-2.164794504642486572e-02,9.992399811744689941e-01,3.241984918713569641e-02,-5.537363141775131226e-02,-3.357604518532752991e-02,9.979010820388793945e-01,-1.058516979217529297e+00,1.799516677856445312e+00,-5.506194233894348145e-01,0.000000000000000000e+00,1.000000000000000000e+00,-7.398524880409240723e-02,-4.681352674961090088e-01,9.744733572006225586e-01,9.540424682199954987e-03,1.912527019158005714e-03,3.080088458955287933e-02,1.000000000000000000e+00,-5.943320691585540771e-02,4.367817938327789307e-01,1.057965278625488281e+00,9.990707039833068848e-03,5.936535540968179703e-03,2.158735878765583038e-02,1.000000000000000000e+00,2.977830648422241211e+00,-5.526250004768371582e-01,1.241388797760009766e+00,-9.097538888454437256e-03,3.232269547879695892e-03,-7.356652989983558655e-03,1.000000000000000000e+00,3.048594951629638672e+00,6.826882362365722656e-01,7.648621201515197754e-01,-9.132414124906063080e-03,-3.539131954312324524e-03,-2.727284329012036324e-03,1.000000000000000000e+00,0.000000000000000000e+00,1.000000000000000000e+00,1.000000000000000000e+00,0.000000000000000000e+00,2.977830648422241211e+00,-5.526250004768371582e-01,1.241388797760009766e+00,-9.097538888454437256e-03,3.232269547879695892e-03,-7.356652989983558655e-03,-1.954884244906331808e-02,-5.456095450865472429e-02,3.444519161587613135e-03,1.000000000000000000e+00,3.048594951629638672e+00,6.826882362365722656e-01,7.648621201515197754e-01,-9.132414124906063080e-03,-3.539131954312324524e-03,-2.727284329012036324e-03,2.116584561554915242e-02,-5.429900284467992222e-02,-3.582824111086069241e-03,1.000000000000000000e+00,1.487934589385986328e-01,1.999958604574203491e-01,-1.000000014901161194e-01,5.690448880195617676e-01,-1.661859899759292603e-01,1.999996155500411987e-01,-1.000000014901161194e-01,5.577929615974426270e-01,-7.245326042175292969e-02,-2.000000029802322388e-01,1.535439491271972656e-02,3.977308869361877441e-01,7.852768898010253906e-02,-2.000000029802322388e-01,-1.600384712219238281e-02,4.085917472839355469e-01
8.000000000000000167e-02,-7.367181032896041870e-02,-4.680903255939483643e-01,9.753183126449584961e-01,2.461593039333820343e-02,2.203338081017136574e-03,5.801611393690109253e-02,9.957227706909179688e-01,3.667201846837997437e-02,8.480281382799148560e-02,-3.626234084367752075e-02,9.993221163749694824e-01,-6.366753485053777695e-03,-8.497879654169082642e-02,3.264372469857335091e-03,9.963775277137756348e-01,9.467455148696899414e-01,1.428742527961730957e+00,-7.058871984481811523e-01,1.000000000000000000e+00,0.000000000000000000e+00,-7.367181032896041870e-02,-4.680903255939483643e-01,9.753183126449584961e-01,2.461593039333820343e-02,2.203338081017136574e-03,5.801611393690109253e-02,1.000000000000000000e+00,-5.910539627075195312e-02,4.369742870330810547e-01,1.058584809303283691e+00,2.573931030929088593e-02,1.500716246664524078e-02,4.413061216473579407e-02,1.000000000000000000e+00,2.977540016174316406e+00,-5.525217652320861816e-01,1.241201877593994141e+00,-2.228453941643238068e-02,7.909713312983512878e-03,-1.183314900845289230e-02,1.000000000000000000e+00,3.048302173614501953e+00,6.825749874114990234e-01,7.647939324378967285e-01,-2.249838784337043762e-02,-8.689993992447853088e-03,-4.198956768959760666e-03,1.000000000000000000e+00,0.000000000000000000e+00,1.000000000000000000e+00,1.000000000000000000e+00,0.000000000000000000e+00,-5.910539627075195312e-02,4.369742870330810547e-01,1.058584809303283691e+00,2.573931030929088593e-02,1.500716246664524078e-02,4.413061216473579407e-02,9.954400658607482910e-01,2.953071705996990204e-02,9.070367366075515747e-02,-3.438478708267211914e-02,9.980326890945434570e-01,5.242760106921195984e-02,-8.897700160741806030e-02,-5.530735477805137634e-02,9.944970607757568359e-01,-1.001992702484130859e+00,1.507818222045898438e+00,-5.747038722038269043e-01,0.000000000000000000e+00,1.000000000000000000e+00,-7.367181032896041870e-02,-4.680903255939483643e-01,9.753183126449584961e-01,2.461593039333820343e-02,2.203338081017136574e-03,5.801611393690109253e-02,1.000000000000000000e+00,-5.910539627075195312e-02,4.369742870330810547e-01,1.058584809303283691e+00,2.573931030929088593e-02,1.500716246664524078e-02,4.413061216473579407e-02,1.000000000000000000e+00,2.977540016174316406e+00,-5.525217652320861816e-01,1.241201877593994141e+00,-2.228453941643238068e-02,7.909713312983512878e-03,-1.183314900845289230e-02,1.000000000000000000e+00,3.048302173614501953e+00,6.825749874114990234e-01,7.647939324378967285e-01,-2.249838784337043762e-02,-8.689993992447853088e-03,-4.198956768959760666e-03,1.000000000000000000e+00,0.000000000000000000e+00,1.000000000000000000e+00,1.000000000000000000e+00,0.000000000000000000e+00,2.977540016174316406e+00,-5.525217652320861816e-01,1.241201877593994141e+00,-2.228453941643238068e-02,7.909713312983512878e-03,-1.183314900845289230e-02,-3.091545800869426042e-02,-8.569059901532827261e-02,5.702107060783188908e-03,1.000000000000000000e+00,3.048302173614501953e+00,6.825749874114990234e-01,7.647939324378967285e-01,-2.249838784337043762e-02,-8.689993992447853088e-03,-4.198956768959760666e-03,3.350239460663994445e-02,-8.563228254046340027e-02,-5.960100859613057245e-03,1.000000000000000000e+00,1.893374174833297729e-01,1.999999433755874634e-01,-1.000000014901161194e-01,5.897523760795593262e-01,-1.873149722814559937e-01,1.999999880790710449e-01,-1.000000014901161194e-01,5.388574004173278809e-01,-7.117986679077148438e-02,-2.000000029802322388e-01,1.479506492614746094e-02,3.998853564262390137e-01,7.698845863342285156e-02,-2.000000029802322388e-01,-1.539373397827148438e-02,4.105779826641082764e-01
1.000000000000000056e-01,-7.298949360847473145e-02,-4.680722057819366455e-01,9.767934679985046387e-01,4.685850068926811218e-02,-1.781582715921103954e-03,9.473147988319396973e-02,9.928433299064636230e-01,5.320808663964271545e-02,1.069161221385002136e-01,-5.007557943463325500e-02,9.982398748397827148e-01,-3.177470341324806213e-02,-1.084186062216758728e-01,2.619341388344764709e-02,9.937601685523986816e-01,1.500847339630126953e+00,8.324198722839355469e-01,-7.086904048919677734e-01,1.000000000000000000e+00,0.000000000000000000e+00,-7.298949360847473145e-02,-4.680722057819366455e-01,9.767934679985046387e-01,4.685850068926811218e-02,-1.781582715921103954e-03,9.473147988319396973e-02,1.000000000000000000e+00,-5.839169397950172424e-02,4.373903870582580566e-01,1.059727787971496582e+00,4.902096837759017944e-02,2.868671342730522156e-02,7.410386204719543457e-02,1.000000000000000000e+00,2.976936340332031250e+00,-5.523074865341186523e-01,1.240925550460815430e+00,-4.059701040387153625e-02,1.441264990717172623e-02,-1.614068821072578430e-02,1.000000000000000000e+00,3.047691106796264648e+00,6.823392510414123535e-01,7.647005915641784668e-01,-4.116472974419593811e-02,-1.587243191897869110e-02,-5.088708829134702682e-03,1.000000000000000000e+00,0.000000000000000000e+00,1.000000000000000000e+00,1.000000000000000000e+00,0.000000000000000000e+00,-5.839169397950172424e-02,4.373903870582580566e-01,1.059727787971496582e+00,4.902096837759017944e-02,2.868671342730522156e-02,7.410386204719543457e-02,9.924812912940979004e-01,3.887750953435897827e-02,1.160588487982749939e-01,-4.721272736787796021e-02,9.964323639869689941e-01,6.995537132024765015e-02,-1.129250898957252502e-01,-7.490884512662887573e-02,9.907758831977844238e-01,-8.386447429656982422e-01,9.055062532424926758e-01,-5.524225831031799316e-01,0.000000000000000000e+00,1.000000000000000000e+00,-7.298949360847473145e-02,-4.680722057819366455e-01,9.767934679985046387e-01,4.685850068926811218e-02,-1.781582715921103954e-03,9.473147988319396973e-02,1.000000000000000000e+00,-5.839169397950172424e-02,4.373903870582580566e-01,1.059727787971496582e+00,4.902096837759017944e-02,2.868671342730522156e-02,7.410386204719543457e-02,1.000000000000000000e+00,2.976936340332031250e+00,-5.523074865341186523e-01,1.240925550460815430e+00,-4.059701040387153625e-02,1.441264990717172623e-02,-1.614068821072578430e-02,1.000000000000000000e+00,3.047691106796264648e+00,6.823392510414123535e-01,7.647005915641784668e-01,-4.116472974419593811e-02,-1.587243191897869110e-02,-5.088708829134702682e-03,1.000000000000000000e+00,0.000000000000000000e+00,1.000000000000000000e+00,1.000000000000000000e+00,0.000000000000000000e+00,2.976936340332031250e+00,-5.523074865341186523e-01,1.240925550460815430e+00,-4.059701040387153625e-02,1.441264990717172623e-02,-1.614068821072578430e-02,-3.879435571926095894e-02,-1.068700485304108216e-01,7.729896603997999174e-03,1.000000000000000000e+00,3.047691106796264648e+00,6.823392510414123535e-01,7.647005915641784668e-01,-4.116472974419593811e-02,-1.587243191897869110e-02,-5.088708829134702682e-03,4.205580738088617043e-02,-1.070695700704304976e-01,-8.098045704419482710e-03,1.000000000000000000e+00,1.589840352535247803e-01,2.000000029802322388e-01,-1.000000014901161194e-01,5.789730548858642578e-01,-1.996856480836868286e-01,1.999999880790710449e-01,-1.000000014901161194e-01,5.052319169044494629e-01,-6.970953941345214844e-02,-2.000000029802322388e-01,1.408553123474121094e-02,4.013044238090515137e-01,7.496428489685058594e-02,-1.952269077301025391e-01,-1.456856727600097656e-02,4.117884039878845215e-01
1.199999999999999956e-01,-7.181568443775177002e-02,-4.681951999664306641e-01,9.790775775909423828e-01,7.370933890342712402e-02,-1.295848097652196884e-02,1.390938162803649902e-01,9.906748533248901367e-01,7.044130563735961914e-02,1.166256442666053772e-01,-6.333109736442565918e-02,9.959645271301269531e-01,-6.359253078699111938e-02,-1.206345334649085999e-01,5.561348423361778259e-02,9.911380410194396973e-01,1.510417699813842773e+00,3.365192413330078125e-01,-6.667397022247314453e-01,1.000000000000000000e+00,0.000000000000000000e+00,-7.181568443775177002e-02,-4.681951999664306641e-01,9.790775775909423828e-01,7.370933890342712402e-02,-1.295848097652196884e-02,1.390938162803649902e-01,1.000000000000000000e+00,-5.716322362422943115e-02,4.381166398525238037e-01,1.061507463455200195e+00,7.718864083290100098e-02,4.626338928937911987e-02,1.072743833065032959e-01,1.000000000000000000e+00,2.975935459136962891e+00,-5.519521236419677734e-01,1.240566253662109375e+00,-6.201216205954551697e-02,2.200468443334102631e-02,-2.014607004821300507e-02,1.000000000000000000e+00,3.046674728393554688e+00,6.819475293159484863e-01,7.645957469940185547e-01,-6.306850910186767578e-02,-2.427587471902370453e-02,-5.338122602552175522e-03,1.000000000000000000e+00,0.000000000000000000e+00,1.000000000000000000e+00,1.000000000000000000e+00,0.000000000000000000e+00,-5.716322362422943115e-02,4.381166398525238037e-01,1.061507463455200195e+00,7.718864083290100098e-02,4.626338928937911987e-02,1.072743833065032959e-01,9.903848767280578613e-01,4.740091040730476379e-02,1.299653500318527222e-01,-5.871069058775901794e-02,9.946823716163635254e-01,8.461742103099822998e-02,-1.252632886171340942e-01,-9.143416583538055420e-02,9.879013299942016602e-01,-6.985656023025512695e-01,4.344961047172546387e-01,-4.894891083240509033e-01,0.000000000000000000e+00,1.000000000000000000e+00,-7.181568443775177002e-02,-4.681951999664306641e-01,9.790775775909423828e-01,7.370933890342712402e-02,-1.295848097652196884e-02,1.390938162803649902e-01,1.000000000000000000e+00,-5.716322362422943115e-02,4.381166398525238037e-01,1.061507463455200195e+00,7.718864083290100098e-02,4.626338928937911987e-02,1.072743833065032959e-01,1.000000000000000000e+00,2.975935459136962891e+00,-5.519521236419677734e-01,1.240566253662109375e+00,-6.201216205954551697e-02,2.200468443334102631e-02,-2.014607004821300507e-02,1.000000000000000000e+00,3.046674728393554688e+00,6.819475293159484863e-01,7.645957469940185547e-01,-6.306850910186767578e-02,-2.427587471902370453e-02,-5.338122602552175522e-03,1.000000000000000000e+00,0.000000000000000000e+00,1.000000000000000000e+00,1.000000000000000000e+00,0.000000000000000000e+00,2.975935459136962891e+00,-5.519521236419677734e-01,1.240566253662109375e+00,-6.201216205954551697e-02,2.200468443334102631e-02,-2.014607004821300507e-02,-4.295003463604277899e-02,-1.184636934598182201e-01,9.214419914123167521e-03,1.000000000000000000e+00,3.046674728393554688e+00,6.819475293159484863e-01,7.645957469940185547e-01,-6.306850910186767578e-02,-2.427587471902370453e-02,-5.338122602552175522e-03,4.655315163477483087e-02,-1.186623819407031100e-01,-9.650159250587753840e-03,1.000000000000000000e+00,1.397827714681625366e-01,1.999998837709426880e-01,-1.000000014901161194e-01,5.572947263717651367e-01,-1.999999135732650757e-01,2.000000029802322388e-01,-1.000000014901161194e-01,4.865511357784271240e-01,-6.845927238464355469e-02,-1.960160732269287109e-01,1.335334777832031250e-02,4.023918509483337402e-01,7.292985916137695312e-02,-1.881508827209472656e-01,-1.366448402404785156e-02,4.127378463745117188e-01
1.400000000000000133e-01,-7.008470594882965088e-02,-4.686123132705688477e-01,9.822927117347717285e-01,1.024023741483688354e-01,-3.175118193030357361e-02,1.876891851425170898e-01,9.891126155853271484e-01,8.610543608665466309e-02,1.193411499261856079e-01,-7.563631236553192139e-02,9.930977821350097656e-01,-8.964455872774124146e-02,-1.262363046407699585e-01,7.964203506708145142e-02,9.887981414794921875e-01,9.590620994567871094e-01,1.891921311616897583e-01,-5.926753878593444824e-01,1.000000000000000000e+00,0.000000000000000000e+00,-7.008470594882965088e-02,-4.686123132705688477e-01,9.822927117347717285e-01,1.024023741483688354e-01,-3.175118193030357361e-02,1.876891851425170898e-01,1.000000000000000000e+00,-5.534788966178894043e-02,4.392231702804565430e-01,1.063950181007385254e+00,1.076260060071945190e-01,6.690003722906112671e-02,1.399768441915512085e-01,1.000000000000000000e+00,2.974489688873291016e+00,-5.514395833015441895e-01,1.240129351615905762e+00,-8.511633425951004028e-02,3.011899627745151520e-02,-2.380445413291454315e-02,1.000000000000000000e+00,3.045202732086181641e+00,6.813817024230957031e-01,7.644907832145690918e-01,-8.667310327291488647e-02,-3.326478600502014160e-02,-5.015147384256124496e-03,1.000000000000000000e+00,0.000000000000000000e+00,1.000000000000000000e+00,1.000000000000000000e+00,0.000000000000000000e+00,-5.534788966178894043e-02,4.392231702804565430e-01,1.063950181007385254e+00,1.076260060071945190e-01,6.690003722906112671e-02,1.399768441915512085e-01,9.889787435531616211e-01,5.463252961635589600e-02,1.376101821660995483e-01,-6.836512684822082520e-02,9.929211735725402832e-01,9.712840616703033447e-02,-1.313296705484390259e-01,-1.054656505584716797e-01,9.857127666473388672e-01,-6.029254198074340820e-01,3.140707612037658691e-01,-4.079184234142303467e-01,0.000000000000000000e+00,1.000000000000000000e+00,-7.008470594882965088e-02,-4.686123132705688477e-01,9.822927117347717285e-01,1.024023741483688354e-01,-3.175118193030357361e-02,1.876891851425170898e-01,1.000000000000000000e+00,-5.534788966178894043e-02,4.392231702804565430e-01,1.063950181007385254e+00,1.076260060071945190e-01,6.690003722906112671e-02,1.399768441915512085e-01,1.000000000000000000e+00,2.974489688873291016e+00,-5.514395833015441895e-01,1.240129351615905762e+00,-8.511633425951004028e-02,3.011899627745151520e-02,-2.380445413291454315e-02,1.000000000000000000e+00,3.045202732086181641e+00,6.813817024230957031e-01,7.644907832145690918e-01,-8.667310327291488647e-02,-3.326478600502014160e-02,-5.015147384256124496e-03,1.000000000000000000e+00,0.000000000000000000e+00,1.000000000000000000e+00,1.000000000000000000e+00,0.000000000000000000e+00,2.974489688873291016e+00,-5.514395833015441895e-01,1.240129351615905762e+00,-8.511633425951004028e-02,3.011899627745151520e-02,-2.380445413291454315e-02,-4.522102457966522410e-02,-1.259580200897163493e-01,1.029486280625135919e-02,1.000000000000000000e+00,3.045202732086181641e+00,6.813817024230957031e-01,7.644907832145690918e-01,-8.667310327291488647e-02,-3.326478600502014160e-02,-5.015147384256124496e-03,4.894939101907737344e-02,-1.255097638833848617e-01,-1.075558595341629883e-02,1.000000000000000000e+00,1.356099098920822144e-01,2.000000029802322388e-01,-1.000000014901161194e-01,5.370885133743286133e-01,-1.999872922897338867e-01,1.999999880790710449e-01,-1.000000014901161194e-01,4.746628701686859131e-01,-6.770014762878417969e-02,-1.880733966827392578e-01,1.267647743225097656e-02,4.035210907459259033e-01,7.131910324096679688e-02,-1.800150871276855469e-01,-1.279020309448242188e-02,4.138998687267303467e-01
1.600000000000000033e-01,-6.777349859476089478e-02,-4.694571495056152344e-01,9.864952564239501953e-01,1.317691653966903687e-01,-5.568992346525192261e-02,2.375007271766662598e-01,9.875121116638183594e-01,9.848285466432571411e-02,1.229678541421890259e-01,-8.596449345350265503e-02,9.909317493438720703e-01,-1.032693088054656982e-01,-1.320229917764663696e-01,9.140881896018981934e-02,9.870230555534362793e-01,3.453821837902069092e-01,3.509630560874938965e-01,-4.850967824459075928e-01,1.000000000000000000e+00,0.000000000000000000e+00,-6.777349859476089478e-02,-4.694571495056152344e-01,9.864952564239501953e-01,1.317691653966903687e-01,-5.568992346525192261e-02,2.375007271766662598e-01,1.000000000000000000e+00,-5.291203036904335022e-02,4.407652616500854492e-01,1.067030072212219238e+00,1.393343806266784668e-01,8.997739106416702271e-02,1.706722974777221680e-01,1.000000000000000000e+00,2.972569704055786133e+00,-5.507615804672241211e-01,1.239625096321105957e+00,-1.095713600516319275e-01,3.858461230993270874e-02,-2.682030573487281799e-02,1.000000000000000000e+00,3.043247938156127930e+00,6.806327700614929199e-01,7.643991112709045410e-01,-1.114901453256607056e-01,-4.263283684849739075e-02,-3.900517942383885384e-03,1.000000000000000000e+00,0.000000000000000000e+00,1.000000000000000000e+00,1.000000000000000000e+00,0.000000000000000000e+00,-5.291203036904335022e-02,4.407652616500854492e-01,1.067030072212219238e+00,1.393343806266784668e-01,8.997739106416702271e-02,1.706722974777221680e-01,9.875693917274475098e-01,6.026623025536537170e-02,1.451719403266906738e-01,-7.637203484773635864e-02,9.912073016166687012e-01,1.080536395311355591e-01,-1.373834908008575439e-01,-1.177975237369537354e-01,9.834885001182556152e-01,-5.510659217834472656e-01,4.074151217937469482e-01,-3.185100853443145752e-01,0.000000000000000000e+00,1.000000000000000000e+00,-6.777349859476089478e-02,-4.694571495056152344e-01,9.864952564239501953e-01,1.317691653966903687e-01,-5.568992346525192261e-02,2.375007271766662598e-01,1.000000000000000000e+00,-5.291203036904335022e-02,4.407652616500854492e-01,1.067030072212219238e+00,1.393343806266784668e-01,8.997739106416702271e-02,1.706722974777221680e-01,1.000000000000000000e+00,2.972569704055786133e+00,-5.507615804672241211e-01,1.239625096321105957e+00,-1.095713600516319275e-01,3.858461230993270874e-02,-2.682030573487281799e-02,1.000000000000000000e+00,3.043247938156127930e+00,6.806327700614929199e-01,7.643991112709045410e-01,-1.114901453256607056e-01,-4.263283684849739075e-02,-3.900517942383885384e-03,1.000000000000000000e+00,0.000000000000000000e+00,1.000000000000000000e+00,1.000000000000000000e+00,0.000000000000000000e+00,2.972569704055786133e+00,-5.507615804672241211e-01,1.239625096321105957e+00,-1.095713600516319275e-01,3.858461230993270874e-02,-2.682030573487281799e-02,-4.745008288365500093e-02,-1.335888816073982355e-01,1.111186743279300726e-02,1.000000000000000000e+00,3.043247938156127930e+00,6.806327700614929199e-01,7.643991112709045410e-01,-1.114901453256607056e-01,-4.263283684849739075e-02,-3.900517942383885384e-03,5.119991042556037986e-02,-1.318800412125897825e-01,-1.155986403939380722e-02,1.000000000000000000e+00,1.453687250614166260e-01,2.000000029802322388e-01,-1.000000014901161194e-01,5.291586518287658691e-01,-1.999908685684204102e-01,2.000000029802322388e-01,-1.000000014901161194e-01,4.656443893909454346e-01,-6.754708290100097656e-02,-1.794312000274658203e-01,1.207280158996582031e-02,4.048171043395996094e-01,7.032060623168945312e-02,-1.709408760070800781e-01,-1.198148727416992188e-02,4.154494106769561768e-01
1.799999999999999933e-01,-6.486573815345764160e-02,-4.708034396171569824e-01,9.916889071464538574e-01,1.623589545488357544e-01,-8.169107139110565186e-02,2.865369617938995361e-01,9.854621887207031250e-01,1.076311320066452026e-01,1.314534991979598999e-01,-9.370751678943634033e-02,9.897376894950866699e-01,-1.078813225030899048e-01,-1.417158693075180054e-01,9.399476647377014160e-02,9.854348301887512207e-01,8.834001421928405762e-02,5.476712584495544434e-01,-3.857863247394561768e-01,1.000000000000000000e+00,0.000000000000000000e+00,-6.486573815345764160e-02,-4.708034396171569824e-01,9.916889071464538574e-01,1.623589545488357544e-01,-8.169107139110565186e-02,2.865369617938995361e-01,1.000000000000000000e+00,-4.982978850603103638e-02,4.427875876426696777e-01,1.070700168609619141e+00,1.724642664194107056e-01,1.150674670934677124e-01,1.986322402954101562e-01,1.000000000000000000e+00,2.970147609710693359e+00,-5.499106645584106445e-01,1.239066243171691895e+00,-1.354952603578567505e-01,4.747304692864418030e-02,-2.922085672616958618e-02,1.000000000000000000e+00,3.040785789489746094e+00,6.796926259994506836e-01,7.643369436264038086e-01,-1.375611871480941772e-01,-5.243950709700584412e-02,-2.001372631639242172e-03,1.000000000000000000e+00,0.000000000000000000e+00,1.000000000000000000e+00,1.000000000000000000e+00,0.000000000000000000e+00,-4.982978850603103638e-02,4.427875876426696777e-01,1.070700168609619141e+00,1.724642664194107056e-01,1.150674670934677124e-01,1.986322402954101562e-01,9.858716726303100586e-01,6.418206542730331421e-02,1.547186076641082764e-01,-8.293802291154861450e-02,9.895452857017517090e-01,1.179896593093872070e-01,-1.455282270908355713e-01,-1.291547119617462158e-01,9.808877706527709961e-01,-5.213348269462585449e-01,4.828632771968841553e-01,-2.363674342632293701e-01,0.000000000000000000e+00,1.000000000000000000e+00,-6.486573815345764160e-02,-4.708034396171569824e-01,9.916889071464538574e-01,1.623589545488357544e-01,-8.169107139110565186e-02,2.865369617938995361e-01,1.000000000000000000e+00,-4.982978850603103638e-02,4.427875876426696777e-01,1.070700168609619141e+00,1.724642664194107056e-01,1.150674670934677124e-01,1.986322402954101562e-01,1.000000000000000000e+00,2.970147609710693359e+00,-5.499106645584106445e-01,1.239066243171691895e+00,-1.354952603578567505e-01,4.747304692864418030e-02,-2.922085672616958618e-02,1.000000000000000000e+00,3.040785789489746094e+00,6.796926259994506836e-01,7.643369436264038086e-01,-1.375611871480941772e-01,-5.243950709700584412e-02,-2.001372631639242172e-03,1.000000000000000000e+00,0.000000000000000000e+00,1.000000000000000000e+00,1.000000000000000000e+00,0.000000000000000000e+00,2.970147609710693359e+00,-5.499106645584106445e-01,1.239066243171691895e+00,-1.354952603578567505e-01,4.747304692864418030e-02,-2.922085672616958618e-02,-5.027371518044622400e-02,-1.417681154482315353e-01,1.171717923329608155e-02,1.000000000000000000e+00,3.040785789489746094e+00,6.796926259994506836e-01,7.643369436264038086e-01,-1.375611871480941772e-01,-5.243950709700584412e-02,-2.001372631639242172e-03,5.397178458587963135e-02,-1.386758978135032017e-01,-1.212609882769359951e-02,1.000000000000000000e+00,1.450569778680801392e-01,2.000000029802322388e-01,-1.000000014901161194e-01,5.262916088104248047e-01,-1.999736875295639038e-01,1.999999880790710449e-01,-1.000000014901161194e-01,4.520225524902343750e-01,-6.806278228759765625e-02,-1.700534820556640625e-01,1.153588294982910156e-02,4.062327146530151367e-01,6.994342803955078125e-02,-1.609547138214111328e-01,-1.122713088989257812e-02,4.173649847507476807e-01
2.000000000000000111e-01,-6.132767349481582642e-02,-4.726758301258087158e-01,9.978509545326232910e-01,1.951254755258560181e-01,-1.082987189292907715e-01,3.342096209526062012e-01,9.831566214561462402e-01,1.146805882453918457e-01,1.423080116510391235e-01,-9.924991428852081299e-02,9.888320565223693848e-01,-1.111788004636764526e-01,-1.534687727689743042e-01,9.518210589885711670e-02,9.835587739944458008e-01,1.769060492515563965e-01,5.411597490310668945e-01,-2.893308997154235840e-01,1.000000000000000000e+00,0.000000000000000000e+00,-6.132767349481582642e-02,-4.726758301258087158e-01,9.978509545326232910e-01,1.951254755258560181e-01,-1.082987189292907715e-01,3.342096209526062012e-01,1.000000000000000000e+00,-4.607058316469192505e-02,4.453271925449371338e-01,1.074898958206176758e+00,2.071683406829833984e-01,1.418141424655914307e-01,2.229954600334167480e-01,1.000000000000000000e+00,2.967193603515625000e+00,-5.488774180412292480e-01,1.238464117050170898e+00,-1.628343462944030762e-01,5.687911063432693481e-02,-3.109620325267314911e-02,1.000000000000000000e+00,3.037791013717651367e+00,6.785517930984497070e-01,7.643190026283264160e-01,-1.648557633161544800e-01,-6.276766210794448853e-02,5.928051541559398174e-04,1.000000000000000000e+00,0.000000000000000000e+00,1.000000000000000000e+00,1.000000000000000000e+00,0.000000000000000000e+00,-4.607058316469192505e-02,4.453271925449371338e-01,1.074898958206176758e+00,2.071683406829833984e-01,1.418141424655914307e-01,2.229954600334167480e-01,9.840999245643615723e-01,6.659685075283050537e-02,1.646579653024673462e-01,-8.811843395233154297e-02,9.879731535911560059e-01,1.270600110292434692e-01,-1.542158573865890503e-01,-1.395491510629653931e-01,9.781327247619628906e-01,-4.652417302131652832e-01,4.354431033134460449e-01,-1.662719994783401489e-01,0.000000000000000000e+00,1.000000000000000000e+00,-6.132767349481582642e-02,-4.726758301258087158e-01,9.978509545326232910e-01,1.951254755258560181e-01,-1.082987189292907715e-01,3.342096209526062012e-01,1.000000000000000000e+00,-4.607058316469192505e-02,4.453271925449371338e-01,1.074898958206176758e+00,2.071683406829833984e-01,1.418141424655914307e-01,2.229954600334167480e-01,1.000000000000000000e+00,2.967193603515625000e+00,-5.488774180412292480e-01,1.238464117050170898e+00,-1.628343462944030762e-01,5.687911063432693481e-02,-3.109620325267314911e-02,1.000000000000000000e+00,3.037791013717651367e+00,6.785517930984497070e-01,7.643190026283264160e-01,-1.648557633161544800e-01,-6.276766210794448853e-02,5.928051541559398174e-04,1.000000000000000000e+00,0.000000000000000000e+00,1.000000000000000000e+00,1.000000000000000000e+00,0.000000000000000000e+00,2.967193603515625000e+00,-5.488774180412292480e-01,1.238464117050170898e+00,-1.628343462944030762e-01,5.687911063432693481e-02,-3.109620325267314911e-02,-5.330786029702268281e-02,-1.486179864142107565e-01,1.209969287386257475e-02,1.000000000000000000e+00,3.037791013717651367e+00,6.785517930984497070e-01,7.643190026283264160e-01,-1.648557633161544800e-01,-6.276766210794448853e-02,5.928051541559398174e-04,5.687019874070941422e-02,-1.444823755371111851e-01,-1.245265212676282401e-02,1.000000000000000000e+00,1.498929411172866821e-01,2.000000029802322388e-01,-1.000000014901161194e-01,5.203450322151184082e-01,-1.999353617429733276e-01,1.999999880790710449e-01,-1.000000014901161194e-01,4.393550157546997070e-01,-6.930804252624511719e-02,-1.599524021148681641e-01,1.105594635009765625e-02,4.076748490333557129e-01,7.020235061645507812e-02,-1.500852108001708984e-01,-1.051378250122070312e-02,4.196113944053649902e-01
2.200000000000000011e-01,-5.711340904235839844e-02,-4.750868678092956543e-01,1.004954576492309570e+00,2.301044017076492310e-01,-1.357439756393432617e-01,3.805400133132934570e-01,9.811988472938537598e-01,1.202734783291816711e-01,1.509411036968231201e-01,-1.030564531683921814e-01,9.877535104751586914e-01,-1.171429008245468140e-01,-1.631817817687988281e-01,9.938502311706542969e-02,9.815775156021118164e-01,3.424161076545715332e-01,3.670530915260314941e-01,-1.972257643938064575e-01,1.000000000000000000e+00,0.000000000000000000e+00,-5.711340904235839844e-02,-4.750868678092956543e-01,1.004954576492309570e+00,2.301044017076492310e-01,-1.357439756393432617e-01,3.805400133132934570e-01,1.000000000000000000e+00,-4.160548746585845947e-02,4.484136998653411865e-01,1.079546213150024414e+00,2.430757880210876465e-01,1.697985380887985229e-01,2.429281622171401978e-01,1.000000000000000000e+00,2.963682889938354492e+00,-5.476512908935546875e-01,1.237829566001892090e+00,-1.911670267581939697e-01,6.679987907409667969e-02,-3.236076608300209045e-02,1.000000000000000000e+00,3.034241437911987305e+00,6.771996617317199707e-01,7.643597722053527832e-01,-1.930213570594787598e-01,-7.359591871500015259e-02,3.957887180149555206e-03,1.000000000000000000e+00,0.000000000000000000e+00,1.000000000000000000e+00,1.000000000000000000e+00,0.000000000000000000e+00,-4.160548746585845947e-02,4.484136998653411865e-01,1.079546213150024414e+00,2.430757880210876465e-01,1.697985380887985229e-01,2.429281622171401978e-01,9.826101064682006836e-01,6.790588796138763428e-02,1.728184074163436890e-01,-9.189699590206146240e-02,9.865964651107788086e-01,1.348421871662139893e-01,-1.613454371690750122e-01,-1.483787894248962402e-01,9.756799936294555664e-01,-3.842037022113800049e-01,3.226901888847351074e-01,-1.109955459833145142e-01,0.000000000000000000e+00,1.000000000000000000e+00,-5.711340904235839844e-02,-4.750868678092956543e-01,1.004954576492309570e+00,2.301044017076492310e-01,-1.357439756393432617e-01,3.805400133132934570e-01,1.000000000000000000e+00,-4.160548746585845947e-02,4.484136998653411865e-01,1.079546213150024414e+00,2.430757880210876465e-01,1.697985380887985229e-01,2.429281622171401978e-01,1.000000000000000000e+00,2.963682889938354492e+00,-5.476512908935546875e-01,1.237829566001892090e+00,-1.911670267581939697e-01,6.679987907409667969e-02,-3.236076608300209045e-02,1.000000000000000000e+00,3.034241437911987305e+00,6.771996617317199707e-01,7.643597722053527832e-01,-1.930213570594787598e-01,-7.359591871500015259e-02,3.957887180149555206e-03,1.000000000000000000e+00,0.000000000000000000e+00,1.000000000000000000e+00,1.000000000000000000e+00,0.000000000000000000e+00,2.963682889938354492e+00,-5.476512908935546875e-01,1.237829566001892090e+00,-1.911670267581939697e-01,6.679987907409667969e-02,-3.236076608300209045e-02,-5.594274723936930316e-02,-1.524534682885991810e-01,1.220464339214971661e-02,1.000000000000000000e+00,3.034241437911987305e+00,6.771996617317199707e-01,7.643597722053527832e-01,-1.930213570594787598e-01,-7.359591871500015259e-02,3.957887180149555206e-03,5.925980019189951153e-02,-1.476532998001236496e-01,-1.248466997812079995e-02,1.000000000000000000e+00,1.542678624391555786e-01,2.000000029802322388e-01,-1.000000014901161194e-01,5.098071694374084473e-01,-1.999629288911819458e-01,2.000000029802322388e-01,-1.000000014901161194e-01,4.341056644916534424e-01,-7.132077217102050781e-02,-1.492736339569091797e-01,1.062440872192382812e-02,4.090756475925445557e-01,7.118844985961914062e-02,-1.384279727935791016e-01,-9.839296340942382812e-03,4.222005605697631836e-01
2.399999999999999911e-01,-5.218631029129028320e-02,-4.780589640140533447e-01,1.012968778610229492e+00,2.663306891918182373e-01,-1.646107435226440430e-01,4.248675704002380371e-01,9.799285531044006348e-01,1.246453300118446350e-01,1.555755436420440674e-01,-1.055749580264091492e-01,9.864773154258728027e-01,-1.253659129142761230e-01,-1.690979897975921631e-01,1.064247414469718933e-01,9.798365831375122070e-01,4.154355525970458984e-01,2.011485695838928223e-01,-1.240729689598083496e-01,1.000000000000000000e+00,0.000000000000000000e+00,-5.218631029129028320e-02,-4.780589640140533447e-01,1.012968778610229492e+00,2.663306891918182373e-01,-1.646107435226440430e-01,4.248675704002380371e-01,1.000000000000000000e+00,-3.641578182578086853e-02,4.520679116249084473e-01,1.084550976753234863e+00,2.796137332916259766e-01,1.986223906278610229e-01,2.583984136581420898e-01,1.000000000000000000e+00,2.959601163864135742e+00,-5.462228655815124512e-01,1.237176060676574707e+00,-2.198556661605834961e-01,7.714729011058807373e-02,-3.293859213590621948e-02,1.000000000000000000e+00,3.030124902725219727e+00,6.756272912025451660e-01,7.644757628440856934e-01,-2.214691191911697388e-01,-8.481397479772567749e-02,8.224489167332649231e-03,1.000000000000000000e+00,0.000000000000000000e+00,1.000000000000000000e+00,1.000000000000000000e+00,0.000000000000000000e+00,-3.641578182578086853e-02,4.520679116249084473e-01,1.084550976753234863e+00,2.796137332916259766e-01,1.986223906278610229e-01,2.583984136581420898e-01,9.815034270286560059e-01,6.845986098051071167e-02,1.787865906953811646e-01,-9.446155279874801636e-02,9.854601025581359863e-01,1.412291377782821655e-01,-1.665184944868087769e-01,-1.555053144693374634e-01,9.736991524696350098e-01,-3.128249347209930420e-01,2.362633347511291504e-01,-6.856979429721832275e-02,0.000000000000000000e+00,1.000000000000000000e+00,-5.218631029129028320e-02,-4.780589640140533447e-01,1.012968778610229492e+00,2.663306891918182373e-01,-1.646107435226440430e-01,4.248675704002380371e-01,1.000000000000000000e+00,-3.641578182578086853e-02,4.520679116249084473e-01,1.084550976753234863e+00,2.796137332916259766e-01,1.986223906278610229e-01,2.583984136581420898e-01,1.000000000000000000e+00,2.959601163864135742e+00,-5.462228655815124512e-01,1.237176060676574707e+00,-2.198556661605834961e-01,7.714729011058807373e-02,-3.293859213590621948e-02,1.000000000000000000e+00,3.030124902725219727e+00,6.756272912025451660e-01,7.644757628440856934e-01,-2.214691191911697388e-01,-8.481397479772567749e-02,8.224489167332649231e-03,1.000000000000000000e+00,0.000000000000000000e+00,1.000000000000000000e+00,1.000000000000000000e+00,0.000000000000000000e+00,2.959601163864135742e+00,-5.462228655815124512e-01,1.237176060676574707e+00,-2.198556661605834961e-01,7.714729011058807373e-02,-3.293859213590621948e-02,-5.799954579922788483e-02,-1.530303241208199605e-01,1.205765255901448257e-02,1.000000000000000000e+00,3.030124902725219727e+00,6.756272912025451660e-01,7.644757628440856934e-01,-2.214691191911697388e-01,-8.481397479772567749e-02,8.224489167332649231e-03,6.093918619670493642e-02,-1.476910175064320985e-01,-1.223323575169895164e-02,1.000000000000000000e+00,1.485953778028488159e-01,2.000000029802322388e-01,-1.000000014901161194e-01,4.969489574432373047e-01,-1.910453736782073975e-01,1.999999433755874634e-01,-1.000000014901161194e-01,4.300032556056976318e-01,-7.411861419677734375e-02,-1.382269859313964844e-01,1.023101806640625000e-02,4.104151129722595215e-01,7.298707962036132812e-02,-1.261935234069824219e-01,-9.202241897583007812e-03,4.251138865947723389e-01
2.600000000000000089e-01,-4.653174802660942078e-02,-4.816226065158843994e-01,1.021842837333679199e+00,3.027364611625671387e-01,-1.950217187404632568e-01,4.660660624504089355e-01,9.791542887687683105e-01,1.277685612440109253e-01,1.578996628522872925e-01,-1.070448458194732666e-01,9.852578639984130859e-01,-1.334489732980728149e-01,-1.726224571466445923e-01,1.137647777795791626e-01,9.783962965011596680e-01,3.364460468292236328e-01,1.513896435499191284e-01,-6.631478667259216309e-02,1.000000000000000000e+00,0.000000000000000000e+00,-4.653174802660942078e-02,-4.816226065158843994e-01,1.021842837333679199e+00,3.027364611625671387e-01,-1.950217187404632568e-01,4.660660624504089355e-01,1.000000000000000000e+00,-3.049258515238761902e-02,4.563041329383850098e-01,1.089829325675964355e+00,3.164087533950805664e-01,2.280086129903793335e-01,2.700009047985076904e-01,1.000000000000000000e+00,2.954947471618652344e+00,-5.445840954780578613e-01,1.236517310142517090e+00,-2.483213990926742554e-01,8.783785998821258545e-02,-3.279355913400650024e-02,1.000000000000000000e+00,3.025441169738769531e+00,6.738279461860656738e-01,7.646860480308532715e-01,-2.496182173490524292e-01,-9.631611406803131104e-02,1.352667901664972305e-02,1.000000000000000000e+00,0.000000000000000000e+00,1.000000000000000000e+00,1.000000000000000000e+00,0.000000000000000000e+00,-3.049258515238761902e-02,4.563041329383850098e-01,1.089829325675964355e+00,3.164087533950805664e-01,2.280086129903793335e-01,2.700009047985076904e-01,9.806459546089172363e-01,6.849906593561172485e-02,1.834158897399902344e-01,-9.614374488592147827e-02,9.845502376556396484e-01,1.463461220264434814e-01,-1.705575883388519287e-01,-1.611480116844177246e-01,9.720810055732727051e-01,-2.358459085226058960e-01,1.993984431028366089e-01,-3.747434914112091064e-02,0.000000000000000000e+00,1.000000000000000000e+00,-4.653174802660942078e-02,-4.816226065158843994e-01,1.021842837333679199e+00,3.027364611625671387e-01,-1.950217187404632568e-01,4.660660624504089355e-01,1.000000000000000000e+00,-3.049258515238761902e-02,4.563041329383850098e-01,1.089829325675964355e+00,3.164087533950805664e-01,2.280086129903793335e-01,2.700009047985076904e-01,1.000000000000000000e+00,2.954947471618652344e+00,-5.445840954780578613e-01,1.236517310142517090e+00,-2.483213990926742554e-01,8.783785998821258545e-02,-3.279355913400650024e-02,1.000000000000000000e+00,3.025441169738769531e+00,6.738279461860656738e-01,7.646860480308532715e-01,-2.496182173490524292e-01,-9.631611406803131104e-02,1.352667901664972305e-02,1.000000000000000000e+00,0.000000000000000000e+00,1.000000000000000000e+00,1.000000000000000000e+00,0.000000000000000000e+00,2.954947471618652344e+00,-5.445840954780578613e-01,1.236517310142517090e+00,-2.483213990926742554e-01,8.783785998821258545e-02,-3.279355913400650024e-02,-5.976934050010412197e-02,-1.512483097135293164e-01,1.176348046718627555e-02,1.000000000000000000e+00,3.025441169738769531e+00,6.738279461860656738e-01,7.646860480308532715e-01,-2.496182173490524292e-01,-9.631611406803131104e-02,1.352667901664972305e-02,6.219418618705792323e-02,-1.452254435705622182e-01,-1.178924471434207935e-02,1.000000000000000000e+00,1.416223198175430298e-01,2.000000029802322388e-01,-1.000000014901161194e-01,4.868668615818023682e-01,-1.743143796920776367e-01,2.000000029802322388e-01,-1.000000014901161194e-01,4.274012446403503418e-01,-7.770705223083496094e-02,-1.269910335540771484e-01,9.861230850219726562e-03,4.116934537887573242e-01,7.560586929321289062e-02,-1.136386394500732422e-01,-8.589506149291992188e-03,4.282589852809906006e-01
2.800000000000000266e-01,-4.015113413333892822e-02,-4.858052134513854980e-01,1.031507134437561035e+00,3.388972282409667969e-01,-2.264990508556365967e-01,5.034430027008056641e-01,9.785307645797729492e-01,1.295254528522491455e-01,1.603145301342010498e-01,-1.075238436460494995e-01,9.844292998313903809e-01,-1.390595436096191406e-01,-1.758300662040710449e-01,1.188364028930664062e-01,9.772214293479919434e-01,1.811087578535079956e-01,1.707661598920822144e-01,-2.467140927910804749e-02,1.000000000000000000e+00,0.000000000000000000e+00,-4.015113413333892822e-02,-4.858052134513854980e-01,1.031507134437561035e+00,3.388972282409667969e-01,-2.264990508556365967e-01,5.034430027008056641e-01,1.000000000000000000e+00,-2.383240498602390289e-02,4.611311554908752441e-01,1.095309376716613770e+00,3.533138334751129150e-01,2.576782405376434326e-01,2.783418297767639160e-01,1.000000000000000000e+00,2.949728965759277344e+00,-5.427287220954895020e-01,1.235868334770202637e+00,-2.762007415294647217e-01,9.886147081851959229e-02,-3.188493847846984863e-02,1.000000000000000000e+00,3.020200252532958984e+00,6.717962622642517090e-01,7.650128006935119629e-01,-2.770636677742004395e-01,-1.080739870667457581e-01,1.999883167445659637e-02,1.000000000000000000e+00,0.000000000000000000e+00,1.000000000000000000e+00,1.000000000000000000e+00,0.000000000000000000e+00,-2.383240498602390289e-02,4.611311554908752441e-01,1.095309376716613770e+00,3.533138334751129150e-01,2.576782405376434326e-01,2.783418297767639160e-01,9.798939228057861328e-01,6.834738701581954956e-02,1.874479651451110840e-01,-9.724944084882736206e-02,9.839513897895812988e-01,1.496075242757797241e-01,-1.742143929004669189e-01,-1.648287028074264526e-01,9.708146452903747559e-01,-1.104045212268829346e-01,1.859371215105056763e-01,-1.583893410861492157e-02,0.000000000000000000e+00,1.000000000000000000e+00,-4.015113413333892822e-02,-4.858052134513854980e-01,1.031507134437561035e+00,3.388972282409667969e-01,-2.264990508556365967e-01,5.034430027008056641e-01,1.000000000000000000e+00,-2.383240498602390289e-02,4.611311554908752441e-01,1.095309376716613770e+00,3.533138334751129150e-01,2.576782405376434326e-01,2.783418297767639160e-01,1.000000000000000000e+00,2.949728965759277344e+00,-5.427287220954895020e-01,1.235868334770202637e+00,-2.762007415294647217e-01,9.886147081851959229e-02,-3.188493847846984863e-02,1.000000000000000000e+00,3.020200252532958984e+00,6.717962622642517090e-01,7.650128006935119629e-01,-2.770636677742004395e-01,-1.080739870667457581e-01,1.999883167445659637e-02,1.000000000000000000e+00,0.000000000000000000e+00,1.000000000000000000e+00,1.000000000000000000e+00,0.000000000000000000e+00,2.949728965759277344e+00,-5.427287220954895020e-01,1.235868334770202637e+00,-2.762007415294647217e-01,9.886147081851959229e-02,-3.188493847846984863e-02,-6.168921884586027471e-02,-1.481972405049853947e-01,1.141791923293528077e-02,1.000000000000000000e+00,3.020200252532958984e+00,6.717962622642517090e-01,7.650128006935119629e-01,-2.770636677742004395e-01,-1.080739870667457581e-01,1.999883167445659637e-02,6.349395320761083705e-02,-1.412475327999054286e-01,-1.125557787284374792e-02,1.000000000000000000e+00,1.332857161760330200e-01,2.000000029802322388e-01,-1.000000014901161194e-01,4.813720881938934326e-01,-1.618477106094360352e-01,1.999999880790710449e-01,-1.000000014901161194e-01,4.226066470146179199e-01,-8.206486701965332031e-02,-1.156728267669677734e-01,9.492635726928710938e-03,4.129002690315246582e-01,7.897472381591796875e-02,-1.009705066680908203e-01,-7.977008819580078125e-03,4.315227568149566650e-01
2.999999999999999889e-01,-3.304903209209442139e-02,-4.906213879585266113e-01,1.041883707046508789e+00,3.749020397663116455e-01,-2.582943141460418701e-01,5.369343757629394531e-01,9.779313802719116211e-01,1.301266252994537354e-01,1.634548902511596680e-01,-1.072413176298141479e-01,9.840684533119201660e-01,-1.418058276176452637e-01,-1.793034970760345459e-01,1.211472451686859131e-01,9.763062596321105957e-01,5.559094622731208801e-02,1.770596057176589966e-01,3.802031511440873146e-03,1.000000000000000000e+00,0.000000000000000000e+00,-3.304903209209442139e-02,-4.906213879585266113e-01,1.041883707046508789e+00,3.749020397663116455e-01,-2.582943141460418701e-01,5.369343757629394531e-01,1.000000000000000000e+00,-1.643357239663600922e-02,4.665509462356567383e-01,1.100930333137512207e+00,3.902618587017059326e-01,2.871719002723693848e-01,2.838607728481292725e-01,1.000000000000000000e+00,2.943959474563598633e+00,-5.406494140625000000e-01,1.235244512557983398e+00,-3.033029437065124512e-01,1.102776899933815002e-01,-3.020410984754562378e-02,1.000000000000000000e+00,3.014418601989746094e+00,6.695268154144287109e-01,7.654802799224853516e-01,-3.035751283168792725e-01,-1.201411634683609009e-01,2.774830162525177002e-02,1.000000000000000000e+00,0.000000000000000000e+00,1.000000000000000000e+00,1.000000000000000000e+00,0.000000000000000000e+00,-1.643357239663600922e-02,4.665509462356567383e-01,1.100930333137512207e+00,3.902618587017059326e-01,2.871719002723693848e-01,2.838607728481292725e-01,9.792023897171020508e-01,6.835458427667617798e-02,1.910244375467300415e-01,-9.796198457479476929e-02,9.838020205497741699e-01,1.501233577728271484e-01,-1.776686161756515503e-01,-1.657142937183380127e-01,9.700374603271484375e-01,3.503567725419998169e-02,1.699488312005996704e-01,-1.255985698662698269e-03,0.000000000000000000e+00,1.000000000000000000e+00,-3.304903209209442139e-02,-4.906213879585266113e-01,1.041883707046508789e+00,3.749020397663116455e-01,-2.582943141460418701e-01,5.369343757629394531e-01,1.000000000000000000e+00,-1.643357239663600922e-02,4.665509462356567383e-01,1.100930333137512207e+00,3.902618587017059326e-01,2.871719002723693848e-01,2.838607728481292725e-01,1.000000000000000000e+00,2.943959474563598633e+00,-5.406494140625000000e-01,1.235244512557983398e+00,-3.033029437065124512e-01,1.102776899933815002e-01,-3.020410984754562378e-02,1.000000000000000000e+00,3.014418601989746094e+00,6.695268154144287109e-01,7.654802799224853516e-01,-3.035751283168792725e-01,-1.201411634683609009e-01,2.774830162525177002e-02,1.000000000000000000e+00,0.000000000000000000e+00,1.000000000000000000e+00,1.000000000000000000e+00,0.000000000000000000e+00,2.943959474563598633e+00,-5.406494140625000000e-01,1.235244512557983398e+00,-3.033029437065124512e-01,1.102776899933815002e-01,-3.020410984754562378e-02,-6.402187680483009680e-02,-1.444327953038939683e-01,1.107490901036367603e-02,1.000000000000000000e+00,3.014418601989746094e+00,6.695268154144287109e-01,7.654802799224853516e-01,-3.035751283168792725e-01,-1.201411634683609009e-01,2.774830162525177002e-02,6.516310255404553220e-02,-1.363987087960545352e-01,-1.070170541317949989e-02,1.000000000000000000e+00,1.208675131201744080e-01,2.000000029802322388e-01,-1.000000014901161194e-01,4.756841659545898438e-01,-1.570093184709548950e-01,2.000000029802322388e-01,-1.000000014901161194e-01,4.166156947612762451e-01,-8.712315559387207031e-02,-1.043338775634765625e-01,9.096145629882812500e-03,4.140173196792602539e-01,8.298039436340332031e-02,-8.831882476806640625e-02,-7.335901260375976562e-03,4.348205924034118652e-01
3.200000000000000067e-01,-2.522714622318744659e-02,-4.960717856884002686e-01,1.052896976470947266e+00,4.108791351318359375e-01,-2.898107469081878662e-01,5.668364167213439941e-01,9.774123430252075195e-01,1.299274414777755737e-01,1.666859686374664307e-01,-1.065113544464111328e-01,9.840501546859741211e-01,-1.424811631441116333e-01,-1.825395524501800537e-01,1.215088814496994019e-01,9.756613969802856445e-01,-2.889018692076206207e-02,1.512594670057296753e-01,2.227613329887390137e-02,1.000000000000000000e+00,0.000000000000000000e+00,-2.522714622318744659e-02,-4.960717856884002686e-01,1.052896976470947266e+00,4.108791351318359375e-01,-2.898107469081878662e-01,5.668364167213439941e-01,1.000000000000000000e+00,-8.296241052448749542e-03,4.725547432899475098e-01,1.106637477874755859e+00,4.271315634250640869e-01,3.159180879592895508e-01,2.867035269737243652e-01,1.000000000000000000e+00,2.937656164169311523e+00,-5.383376479148864746e-01,1.234660863876342773e+00,-3.294895589351654053e-01,1.221751868724822998e-01,-2.777906134724617004e-02,1.000000000000000000e+00,3.008116245269775391e+00,6.670124530792236328e-01,7.661148905754089355e-01,-3.289977908134460449e-01,-1.326122134923934937e-01,3.684507310390472412e-02,1.000000000000000000e+00,0.000000000000000000e+00,1.000000000000000000e+00,1.000000000000000000e+00,0.000000000000000000e+00,-8.296241052448749542e-03,4.725547432899475098e-01,1.106637477874755859e+00,4.271315634250640869e-01,3.159180879592895508e-01,2.867035269737243652e-01,9.785925745964050293e-01,6.859914958477020264e-02,1.940385848283767700e-01,-9.837250411510467529e-02,9.840487241744995117e-01,1.482266634702682495e-01,-1.807751804590225220e-01,-1.641415506601333618e-01,9.697309732437133789e-01,1.200591176748275757e-01,1.458840519189834595e-01,8.225433528423309326e-03,0.000000000000000000e+00,1.000000000000000000e+00,-2.522714622318744659e-02,-4.960717856884002686e-01,1.052896976470947266e+00,4.108791351318359375e-01,-2.898107469081878662e-01,5.668364167213439941e-01,1.000000000000000000e+00,-8.296241052448749542e-03,4.725547432899475098e-01,1.106637477874755859e+00,4.271315634250640869e-01,3.159180879592895508e-01,2.867035269737243652e-01,1.000000000000000000e+00,2.937656164169311523e+00,-5.383376479148864746e-01,1.234660863876342773e+00,-3.294895589351654053e-01,1.221751868724822998e-01,-2.777906134724617004e-02,1.000000000000000000e+00,3.008116245269775391e+00,6.670124530792236328e-01,7.661148905754089355e-01,-3.289977908134460449e-01,-1.326122134923934937e-01,3.684507310390472412e-02,1.000000000000000000e+00,0.000000000000000000e+00,1.000000000000000000e+00,1.000000000000000000e+00,0.000000000000000000e+00,2.937656164169311523e+00,-5.383376479148864746e-01,1.234660863876342773e+00,-3.294895589351654053e-01,1.221751868724822998e-01,-2.777906134724617004e-02,-6.682160433422781876e-02,-1.399514268986816745e-01,1.075434208271104641e-02,1.000000000000000000e+00,3.008116245269775391e+00,6.670124530792236328e-01,7.661148905754089355e-01,-3.289977908134460449e-01,-1.326122134923934937e-01,3.684507310390472412e-02,6.728626381640420706e-02,-1.308023563014251156e-01,-1.015793446747617276e-02,1.000000000000000000e+00,1.025470867753028870e-01,2.000000029802322388e-01,-1.000000014901161194e-01,4.719949960708618164e-01,-1.431308984756469727e-01,2.000000029802322388e-01,-1.000000014901161194e-01,4.129743576049804688e-01,-9.276318550109863281e-02,-9.303498268127441406e-02,8.642435073852539062e-03,4.150179326534271240e-01,8.750319480895996094e-02,-7.576632499694824219e-02,-6.640195846557617188e-03,4.381019473075866699e-01
3.400000000000000244e-01,-1.668605394661426544e-02,-5.021469593048095703e-01,1.064478754997253418e+00,4.468098878860473633e-01,-3.206509947776794434e-01,5.935063362121582031e-01,9.770301580429077148e-01,1.291547864675521851e-01,1.695031374692916870e-01,-1.055793836712837219e-01,9.843019247055053711e-01,-1.414314061403274536e-01,-1.851087957620620728e-01,1.202866956591606140e-01,9.753286838531494141e-01,-1.227835863828659058e-01,1.161807700991630554e-01,3.329056501388549805e-02,1.000000000000000000e+00,0.000000000000000000e+00,-1.668605394661426544e-02,-5.021469593048095703e-01,1.064478754997253418e+00,4.468098878860473633e-01,-3.206509947776794434e-01,5.935063362121582031e-01,1.000000000000000000e+00,5.768454866483807564e-04,4.791239500045776367e-01,1.112378597259521484e+00,4.638041853904724121e-01,3.435716927051544189e-01,2.870498299598693848e-01,1.000000000000000000e+00,2.930838823318481445e+00,-5.357829332351684570e-01,1.234132528305053711e+00,-3.545953631401062012e-01,1.346413046121597290e-01,-2.463961206376552582e-02,1.000000000000000000e+00,3.001316308975219727e+00,6.642444133758544922e-01,7.669438123703002930e-01,-3.531664609909057617e-01,-1.455823928117752075e-01,4.734303429722785950e-02,1.000000000000000000e+00,0.000000000000000000e+00,1.000000000000000000e+00,1.000000000000000000e+00,0.000000000000000000e+00,5.768454866483807564e-04,4.791239500045776367e-01,1.112378597259521484e+00,4.638041853904724121e-01,3.435716927051544189e-01,2.870498299598693848e-01,9.780836701393127441e-01,6.892278790473937988e-02,1.964744776487350464e-01,-9.855310618877410889e-02,9.844724535942077637e-01,1.452636420726776123e-01,-1.834117025136947632e-01,-1.614431440830230713e-01,9.696888923645019531e-01,1.580094546079635620e-01,1.201829090714454651e-01,1.349496468901634216e-02,0.000000000000000000e+00,1.000000000000000000e+00,-1.668605394661426544e-02,-5.021469593048095703e-01,1.064478754997253418e+00,4.468098878860473633e-01,-3.206509947776794434e-01,5.935063362121582031e-01,1.000000000000000000e+00,5.768454866483807564e-04,4.791239500045776367e-01,1.112378597259521484e+00,4.638041853904724121e-01,3.435716927051544189e-01,2.870498299598693848e-01,1.000000000000000000e+00,2.930838823318481445e+00,-5.357829332351684570e-01,1.234132528305053711e+00,-3.545953631401062012e-01,1.346413046121597290e-01,-2.463961206376552582e-02,1.000000000000000000e+00,3.001316308975219727e+00,6.642444133758544922e-01,7.669438123703002930e-01,-3.531664609909057617e-01,-1.455823928117752075e-01,4.734303429722785950e-02,1.000000000000000000e+00,0.000000000000000000e+00,1.000000000000000000e+00,1.000000000000000000e+00,0.000000000000000000e+00,2.930838823318481445e+00,-5.357829332351684570e-01,1.234132528305053711e+00,-3.545953631401062012e-01,1.346413046121597290e-01,-2.463961206376552582e-02,-7.003272776781419018e-02,-1.345391767432733143e-01,1.044988753951101024e-02,1.000000000000000000e+00,3.001316308975219727e+00,6.642444133758544922e-01,7.669438123703002930e-01,-3.531664609909057617e-01,-1.455823928117752075e-01,4.734303429722785950e-02,6.979465176775719037e-02,-1.243119494101903033e-01,-9.624464412186981704e-03,1.000000000000000000e+00,8.037774264812469482e-02,2.000000029802322388e-01,-1.000000014901161194e-01,4.691236317157745361e-01,-1.287386715412139893e-01,2.000000029802322388e-01,-1.000000014901161194e-01,4.088753759860992432e-01,-9.887361526489257812e-02,-8.183932304382324219e-02,8.109092712402343750e-03,4.158849716186523438e-01,9.242439270019531250e-02,-6.338977813720703125e-02,-5.871534347534179688e-03,4.413301348686218262e-01
3.599999999999999867e-01,-7.427149452269077301e-03,-5.088300704956054688e-01,1.076568245887756348e+00,4.826466739177703857e-01,-3.504357635974884033e-01,6.174224615097045898e-01,9.767683148384094238e-01,1.278361678123474121e-01,1.719932854175567627e-01,-1.045741438865661621e-01,9.848772883415222168e-01,-1.381345689296722412e-01,-1.870508491992950439e-01,1.169394180178642273e-01,9.753652215003967285e-01,-2.546043395996093750e-01,9.165152907371520996e-02,3.887889534235000610e-02,1.000000000000000000e+00,0.000000000000000000e+00,-7.427149452269077301e-03,-5.088300704956054688e-01,1.076568245887756348e+00,4.826466739177703857e-01,-3.504357635974884033e-01,6.174224615097045898e-01,1.000000000000000000e+00,1.018097624182701111e-02,4.862354993820190430e-01,1.118106126785278320e+00,5.001924037933349609e-01,3.700124919414520264e-01,2.851497232913970947e-01,1.000000000000000000e+00,2.923530101776123047e+00,-5.329732298851013184e-01,1.233673214912414551e+00,-3.784191012382507324e-01,1.477506309747695923e-01,-2.081758156418800354e-02,1.000000000000000000e+00,2.994046211242675781e+00,6.612119078636169434e-01,7.679957151412963867e-01,-3.758807480335235596e-01,-1.591291874647140503e-01,5.928269773721694946e-02,1.000000000000000000e+00,0.000000000000000000e+00,1.000000000000000000e+00,1.000000000000000000e+00,0.000000000000000000e+00,1.018097624182701111e-02,4.862354993820190430e-01,1.118106126785278320e+00,5.001924037933349609e-01,3.700124919414520264e-01,2.851497232913970947e-01,9.776683449745178223e-01,6.934624910354614258e-02,1.983829140663146973e-01,-9.858039021492004395e-02,9.850172996520996094e-01,1.415024697780609131e-01,-1.855979263782501221e-01,-1.578991413116455078e-01,9.698563814163208008e-01,2.134385108947753906e-01,9.946051239967346191e-02,1.580833457410335541e-02,0.000000000000000000e+00,1.000000000000000000e+00,-7.427149452269077301e-03,-5.088300704956054688e-01,1.076568245887756348e+00,4.826466739177703857e-01,-3.504357635974884033e-01,6.174224615097045898e-01,1.000000000000000000e+00,1.018097624182701111e-02,4.862354993820190430e-01,1.118106126785278320e+00,5.001924037933349609e-01,3.700124919414520264e-01,2.851497232913970947e-01,1.000000000000000000e+00,2.923530101776123047e+00,-5.329732298851013184e-01,1.233673214912414551e+00,-3.784191012382507324e-01,1.477506309747695923e-01,-2.081758156418800354e-02,1.000000000000000000e+00,2.994046211242675781e+00,6.612119078636169434e-01,7.679957151412963867e-01,-3.758807480335235596e-01,-1.591291874647140503e-01,5.928269773721694946e-02,1.000000000000000000e+00,0.000000000000000000e+00,1.000000000000000000e+00,1.000000000000000000e+00,0.000000000000000000e+00,2.923530101776123047e+00,-5.329732298851013184e-01,1.233673214912414551e+00,-3.784191012382507324e-01,1.477506309747695923e-01,-2.081758156418800354e-02,-7.359821144625963707e-02,-1.281065154437224241e-01,1.015094935409254634e-02,1.000000000000000000e+00,2.994046211242675781e+00,6.612119078636169434e-01,7.679957151412963867e-01,-3.758807480335235596e-01,-1.591291874647140503e-01,5.928269773721694946e-02,7.259988316347466830e-02,-1.168314554210039269e-01,-9.092948927754543331e-03,1.000000000000000000e+00,5.369681119918823242e-02,2.000000029802322388e-01,-1.000000014901161194e-01,4.657714366912841797e-01,-1.125253587961196899e-01,1.999999731779098511e-01,-1.000000014901161194e-01,4.055711627006530762e-01,-1.053664684295654297e-01,-7.081246376037597656e-02,7.482528686523437500e-03,4.166090190410614014e-01,9.761905670166015625e-02,-5.127024650573730469e-02,-5.018711090087890625e-03,4.444845020771026611e-01
3.800000000000000044e-01,2.547586103901267052e-03,-5.160957574844360352e-01,1.089114546775817871e+00,5.183867812156677246e-01,-3.786417841911315918e-01,6.389817595481872559e-01,9.765744805335998535e-01,1.259311884641647339e-01,1.744810491800308228e-01,-1.035544872283935547e-01,9.858355522155761719e-01,-1.319270581007003784e-01,-1.886233538389205933e-01,1.107682958245277405e-01,9.757825732231140137e-01,-4.135541319847106934e-01,7.902472466230392456e-02,4.073924943804740906e-02,1.000000000000000000e+00,0.000000000000000000e+00,2.547586103901267052e-03,-5.160957574844360352e-01,1.089114546775817871e+00,5.183867812156677246e-01,-3.786417841911315918e-01,6.389817595481872559e-01,1.000000000000000000e+00,2.050972729921340942e-02,4.938638210296630859e-01,1.123777031898498535e+00,5.362210273742675781e-01,3.950838446617126465e-01,2.812181711196899414e-01,1.000000000000000000e+00,2.915758132934570312e+00,-5.298950672149658203e-01,1.233296036720275879e+00,-4.007620513439178467e-01,1.615695655345916748e-01,-1.635565795004367828e-02,1.000000000000000000e+00,2.986335992813110352e+00,6.579027771949768066e-01,7.692995667457580566e-01,-3.969328701496124268e-01,-1.733163595199584961e-01,7.268640398979187012e-02,1.000000000000000000e+00,0.000000000000000000e+00,1.000000000000000000e+00,1.000000000000000000e+00,0.000000000000000000e+00,2.050972729921340942e-02,4.938638210296630859e-01,1.123777031898498535e+00,5.362210273742675781e-01,3.950838446617126465e-01,2.812181711196899414e-01,9.773219823837280273e-01,7.002605497837066650e-02,1.998452246189117432e-01,-9.852220118045806885e-02,9.857416152954101562e-01,1.364071220159530640e-01,-1.874437034130096436e-01,-1.530028730630874634e-01,9.702860713005065918e-01,2.983688116073608398e-01,8.513560146093368530e-02,1.609091088175773621e-02,0.000000000000000000e+00,1.000000000000000000e+00,2.547586103901267052e-03,-5.160957574844360352e-01,1.089114546775817871e+00,5.183867812156677246e-01,-3.786417841911315918e-01,6.389817595481872559e-01,1.000000000000000000e+00,2.050972729921340942e-02,4.938638210296630859e-01,1.123777031898498535e+00,5.362210273742675781e-01,3.950838446617126465e-01,2.812181711196899414e-01,1.000000000000000000e+00,2.915758132934570312e+00,-5.298950672149658203e-01,1.233296036720275879e+00,-4.007620513439178467e-01,1.615695655345916748e-01,-1.635565795004367828e-02,1.000000000000000000e+00,2.986335992813110352e+00,6.579027771949768066e-01,7.692995667457580566e-01,-3.969328701496124268e-01,-1.733163595199584961e-01,7.268640398979187012e-02,1.000000000000000000e+00,0.000000000000000000e+00,1.000000000000000000e+00,1.000000000000000000e+00,0.000000000000000000e+00,2.915758132934570312e+00,-5.298950672149658203e-01,1.233296036720275879e+00,-4.007620513439178467e-01,1.615695655345916748e-01,-1.635565795004367828e-02,-7.750880979515138713e-02,-1.207970701303806571e-01,9.852759856653792170e-03,1.000000000000000000e+00,2.986335992813110352e+00,6.579027771949768066e-01,7.692995667457580566e-01,-3.969328701496124268e-01,-1.733163595199584961e-01,7.268640398979187012e-02,7.567157377340702484e-02,-1.084661692384063514e-01,-8.559413794054331059e-03,1.000000000000000000e+00,3.579284623265266418e-02,2.000000029802322388e-01,-1.000000014901161194e-01,4.581373631954193115e-01,-1.003191992640495300e-01,2.000000029802322388e-01,-1.000000014901161194e-01,4.035538434982299805e-01,-1.121418476104736328e-01,-6.002306938171386719e-02,6.755352020263671875e-03,4.171770513057708740e-01,1.029391288757324219e-01,-3.949856758117675781e-02,-4.079341888427734375e-03,4.475412368774414062e-01
4.000000000000000222e-01,1.323628425598144531e-02,-5.239064693450927734e-01,1.102071166038513184e+00,5.540248155593872070e-01,-4.046031832695007324e-01,6.581892967224121094e-01,9.764117002487182617e-01,1.234710738062858582e-01,1.771302670240402222e-01,-1.025664880871772766e-01,9.871289730072021484e-01,-1.227049678564071655e-01,-1.900009363889694214e-01,1.016429364681243896e-01,9.765082597732543945e-01,-5.389021039009094238e-01,7.021186500787734985e-02,3.958030790090560913e-02,1.000000000000000000e+00,0.000000000000000000e+00,1.323628425598144531e-02,-5.239064693450927734e-01,1.102071166038513184e+00,5.540248155593872070e-01,-4.046031832695007324e-01,6.581892967224121094e-01,1.000000000000000000e+00,3.155551478266716003e-02,5.019794702529907227e-01,1.129352927207946777e+00,5.718537569046020508e-01,4.185411334037780762e-01,2.755622565746307373e-01,1.000000000000000000e+00,2.907553672790527344e+00,-5.265337228775024414e-01,1.233013510704040527e+00,-4.214687943458557129e-01,1.761647760868072510e-01,-1.131103467196226120e-02,1.000000000000000000e+00,2.978221178054809570e+00,6.543037295341491699e-01,7.708846926689147949e-01,-4.161488115787506104e-01,-1.882059425115585327e-01,8.755327016115188599e-02,1.000000000000000000e+00,0.000000000000000000e+00,1.000000000000000000e+00,1.000000000000000000e+00,0.000000000000000000e+00,3.155551478266716003e-02,5.019794702529907227e-01,1.129352927207946777e+00,5.718537569046020508e-01,4.185411334037780762e-01,2.755622565746307373e-01,9.770225882530212402e-01,7.106526196002960205e-02,2.009393125772476196e-01,-9.842577576637268066e-02,9.866661429405212402e-01,1.296238452196121216e-01,-1.890482455492019653e-01,-1.464230269193649292e-01,9.709897637367248535e-01,3.770904242992401123e-01,7.461112737655639648e-02,1.517347525805234909e-02,0.000000000000000000e+00,1.000000000000000000e+00,1.323628425598144531e-02,-5.239064693450927734e-01,1.102071166038513184e+00,5.540248155593872070e-01,-4.046031832695007324e-01,6.581892967224121094e-01,1.000000000000000000e+00,3.155551478266716003e-02,5.019794702529907227e-01,1.129352927207946777e+00,5.718537569046020508e-01,4.185411334037780762e-01,2.755622565746307373e-01,1.000000000000000000e+00,2.907553672790527344e+00,-5.265337228775024414e-01,1.233013510704040527e+00,-4.214687943458557129e-01,1.761647760868072510e-01,-1.131103467196226120e-02,1.000000000000000000e+00,2.978221178054809570e+00,6.543037295341491699e-01,7.708846926689147949e-01,-4.161488115787506104e-01,-1.882059425115585327e-01,8.755327016115188599e-02,1.000000000000000000e+00,0.000000000000000000e+00,1.000000000000000000e+00,1.000000000000000000e+00,0.000000000000000000e+00,2.907553672790527344e+00,-5.265337228775024414e-01,1.233013510704040527e+00,-4.214687943458557129e-01,1.761647760868072510e-01,-1.131103467196226120e-02,-8.178857430777357329e-02,-1.128853511872411897e-01,9.554660289117319905e-03,1.000000000000000000e+00,2.978221178054809570e+00,6.543037295341491699e-01,7.708846926689147949e-01,-4.161488115787506104e-01,-1.882059425115585327e-01,8.755327016115188599e-02,7.902963943786683876e-02,-9.946919911986840113e-02,-8.023920841483643540e-03,1.000000000000000000e+00,2.376601472496986389e-02,2.000000029802322388e-01,-1.000000014901161194e-01,4.526106715202331543e-01,-8.691513538360595703e-02,2.000000029802322388e-01,-1.000000014901161194e-01,4.014631807804107666e-01,-1.190817356109619141e-01,-4.953289031982421875e-02,5.923986434936523438e-03,4.175823032855987549e-01,1.082010269165039062e-01,-2.818298339843750000e-02,-3.061056137084960938e-03,4.504408240318298340e-01
4.199999999999999845e-01,2.463660761713981628e-02,-5.322119593620300293e-01,1.115389585494995117e+00,5.895349383354187012e-01,-4.277803897857666016e-01,6.748911142349243164e-01,9.762693047523498535e-01,1.207161098718643188e-01,1.797942668199539185e-01,-1.016549766063690186e-01,9.885255694389343262e-01,-1.117295846343040466e-01,-1.912187784910202026e-01,9.080117195844650269e-02,9.773385524749755859e-01,-5.753881335258483887e-01,6.103350594639778137e-02,3.639588505029678345e-02,1.000000000000000000e+00,0.000000000000000000e+00,2.463660761713981628e-02,-5.322119593620300293e-01,1.115389585494995117e+00,5.895349383354187012e-01,-4.277803897857666016e-01,6.748911142349243164e-01,1.000000000000000000e+00,4.331028088927268982e-02,5.105479359626770020e-01,1.134802579879760742e+00,6.070755720138549805e-01,4.401502907276153564e-01,2.684918344020843506e-01,1.000000000000000000e+00,2.898950576782226562e+00,-5.228729844093322754e-01,1.232836484909057617e+00,-4.404394030570983887e-01,1.916061490774154663e-01,-5.756369791924953461e-03,1.000000000000000000e+00,2.969739675521850586e+00,6.504001021385192871e-01,7.727801203727722168e-01,-4.334075748920440674e-01,-2.038637399673461914e-01,1.038563326001167297e-01,1.000000000000000000e+00,0.000000000000000000e+00,1.000000000000000000e+00,1.000000000000000000e+00,0.000000000000000000e+00,4.331028088927268982e-02,5.105479359626770020e-01,1.134802579879760742e+00,6.070755720138549805e-01,4.401502907276153564e-01,2.684918344020843506e-01,9.767602086067199707e-01,7.239381223917007446e-02,2.017390727996826172e-01,-9.831737726926803589e-02,9.876993298530578613e-01,1.215886399149894714e-01,-1.904552876949310303e-01,-1.385973989963531494e-01,9.718629717826843262e-01,4.235484600067138672e-01,6.505829095840454102e-02,1.352395303547382355e-02,0.000000000000000000e+00,1.000000000000000000e+00,2.463660761713981628e-02,-5.322119593620300293e-01,1.115389585494995117e+00,5.895349383354187012e-01,-4.277803897857666016e-01,6.748911142349243164e-01,1.000000000000000000e+00,4.331028088927268982e-02,5.105479359626770020e-01,1.134802579879760742e+00,6.070755720138549805e-01,4.401502907276153564e-01,2.684918344020843506e-01,1.000000000000000000e+00,2.898950576782226562e+00,-5.228729844093322754e-01,1.232836484909057617e+00,-4.404394030570983887e-01,1.916061490774154663e-01,-5.756369791924953461e-03,1.000000000000000000e+00,2.969739675521850586e+00,6.504001021385192871e-01,7.727801203727722168e-01,-4.334075748920440674e-01,-2.038637399673461914e-01,1.038563326001167297e-01,1.000000000000000000e+00,0.000000000000000000e+00,1.000000000000000000e+00,1.000000000000000000e+00,0.000000000000000000e+00,2.898950576782226562e+00,-5.228729844093322754e-01,1.232836484909057617e+00,-4.404394030570983887e-01,1.916061490774154663e-01,-5.756369791924953461e-03,-8.645513055207210140e-02,-1.046168852048032782e-01,9.251057772137832869e-03,1.000000000000000000e+00,2.969739675521850586e+00,6.504001021385192871e-01,7.727801203727722168e-01,-4.334075748920440674e-01,-2.038637399673461914e-01,1.038563326001167297e-01,8.269101890246986775e-02,-9.010324529474900146e-02,-7.483522735224623634e-03,1.000000000000000000e+00,9.891145862638950348e-03,1.999997794628143311e-01,-1.000000014901161194e-01,4.512316584587097168e-01,-7.416044920682907104e-02,2.000000029802322388e-01,-1.000000014901161194e-01,3.975121378898620605e-01,-1.260638236999511719e-01,-3.938937187194824219e-02,4.990816116333007812e-03,4.178228080272674561e-01,1.132295131683349609e-01,-1.741790771484375000e-02,-1.980543136596679688e-03,4.531101286411285400e-01
4.400000000000000022e-01,3.674603626132011414e-02,-5.409548282623291016e-01,1.129020929336547852e+00,6.249317526817321777e-01,-4.480581581592559814e-01,6.893573999404907227e-01,9.761459827423095703e-01,1.179818212985992432e-01,1.822620630264282227e-01,-1.008493751287460327e-01,9.898029565811157227e-01,-1.005970761179924011e-01,-1.922721266746520996e-01,7.981640845537185669e-02,9.780904650688171387e-01,-5.584403276443481445e-01,5.193620547652244568e-02,3.226136043667793274e-02,1.000000000000000000e+00,0.000000000000000000e+00,3.674603626132011414e-02,-5.409548282623291016e-01,1.129020929336547852e+00,6.249317526817321777e-01,-4.480581581592559814e-01,6.893573999404907227e-01,1.000000000000000000e+00,5.576555058360099792e-02,5.195308923721313477e-01,1.140099287033081055e+00,6.418486237525939941e-01,4.597676098346710205e-01,2.601104676723480225e-01,1.000000000000000000e+00,2.889984130859375000e+00,-5.188951492309570312e-01,1.232774496078491211e+00,-4.576142728328704834e-01,2.079624831676483154e-01,2.228356315754354000e-04,1.000000000000000000e+00,2.960931062698364258e+00,6.461758017539978027e-01,7.750142216682434082e-01,-4.486342072486877441e-01,-2.203537225723266602e-01,1.215418875217437744e-01,1.000000000000000000e+00,0.000000000000000000e+00,1.000000000000000000e+00,1.000000000000000000e+00,0.000000000000000000e+00,5.576555058360099792e-02,5.195308923721313477e-01,1.140099287033081055e+00,6.418486237525939941e-01,4.597676098346710205e-01,2.601104676723480225e-01,9.765330553054809570e-01,7.390633970499038696e-02,2.022895961999893188e-01,-9.821059554815292358e-02,9.887447953224182129e-01,1.128648519515991211e-01,-1.916713565587997437e-01,-1.300832331180572510e-01,9.728003144264221191e-01,4.482530057430267334e-01,5.562938377261161804e-02,1.153524313122034073e-02,0.000000000000000000e+00,1.000000000000000000e+00,3.674603626132011414e-02,-5.409548282623291016e-01,1.129020929336547852e+00,6.249317526817321777e-01,-4.480581581592559814e-01,6.893573999404907227e-01,1.000000000000000000e+00,5.576555058360099792e-02,5.195308923721313477e-01,1.140099287033081055e+00,6.418486237525939941e-01,4.597676098346710205e-01,2.601104676723480225e-01,1.000000000000000000e+00,2.889984130859375000e+00,-5.188951492309570312e-01,1.232774496078491211e+00,-4.576142728328704834e-01,2.079624831676483154e-01,2.228356315754354000e-04,1.000000000000000000e+00,2.960931062698364258e+00,6.461758017539978027e-01,7.750142216682434082e-01,-4.486342072486877441e-01,-2.203537225723266602e-01,1.215418875217437744e-01,1.000000000000000000e+00,0.000000000000000000e+00,1.000000000000000000e+00,1.000000000000000000e+00,0.000000000000000000e+00,2.889984130859375000e+00,-5.188951492309570312e-01,1.232774496078491211e+00,-4.576142728328704834e-01,2.079624831676483154e-01,2.228356315754354000e-04,-9.149076243240347739e-02,-9.612557432886403852e-02,8.925934861288460642e-03,1.000000000000000000e+00,2.960931062698364258e+00,6.461758017539978027e-01,7.750142216682434082e-01,-4.486342072486877441e-01,-2.203537225723266602e-01,1.215418875217437744e-01,8.662492848408850921e-02,-8.054718768137703044e-02,-6.927617364152989510e-03,1.000000000000000000e+00,-4.383713006973266602e-03,1.999990493059158325e-01,-1.000000014901161194e-01,4.528267383575439453e-01,-6.167368963360786438e-02,1.999999880790710449e-01,-1.000000014901161194e-01,3.954939544200897217e-01,-1.329712867736816406e-01,-2.963089942932128906e-02,3.962755203247070312e-03,4.178872406482696533e-01,1.179220676422119141e-01,-7.238149642944335938e-03,-8.575916290283203125e-04,4.555260539054870605e-01
4.600000000000000200e-01,4.956277459859848022e-02,-5.500781536102294922e-01,1.142925739288330078e+00,6.602737307548522949e-01,-4.656046330928802490e-01,7.022170424461364746e-01,9.760397672653198242e-01,1.153626069426536560e-01,1.844937056303024292e-01,-1.001576259732246399e-01,9.909161925315856934e-01,-8.974207192659378052e-02,-1.931706815958023071e-01,6.911338120698928833e-02,9.787280559539794922e-01,-5.527362823486328125e-01,4.394906759262084961e-02,2.775984257459640503e-02,1.000000000000000000e+00,0.000000000000000000e+00,4.956277459859848022e-02,-5.500781536102294922e-01,1.142925739288330078e+00,6.602737307548522949e-01,-4.656046330928802490e-01,7.022170424461364746e-01,1.000000000000000000e+00,6.891193985939025879e-02,5.288876891136169434e-01,1.145216822624206543e+00,6.761382818222045898e-01,4.773365855216979980e-01,2.504793107509613037e-01,1.000000000000000000e+00,2.880690813064575195e+00,-5.145814418792724609e-01,1.232835292816162109e+00,-4.729528427124023438e-01,2.252937555313110352e-01,6.533144973218441010e-03,1.000000000000000000e+00,2.951836824417114258e+00,6.416137814521789551e-01,7.776139378547668457e-01,-4.617816209793090820e-01,-2.377260923385620117e-01,1.405326873064041138e-01,1.000000000000000000e+00,0.000000000000000000e+00,1.000000000000000000e+00,1.000000000000000000e+00,0.000000000000000000e+00,6.891193985939025879e-02,5.288876891136169434e-01,1.145216822624206543e+00,6.761382818222045898e-01,4.773365855216979980e-01,2.504793107509613037e-01,9.763397574424743652e-01,7.554681599140167236e-02,2.026163786649703979e-01,-9.811317920684814453e-02,9.897536039352416992e-01,1.037382408976554871e-01,-1.927032023668289185e-01,-1.211631074547767639e-01,9.737479090690612793e-01,4.666557312011718750e-01,4.698872193694114685e-02,9.470354765653610229e-03,0.000000000000000000e+00,1.000000000000000000e+00,4.956277459859848022e-02,-5.500781536102294922e-01,1.142925739288330078e+00,6.602737307548522949e-01,-4.656046330928802490e-01,7.022170424461364746e-01,1.000000000000000000e+00,6.891193985939025879e-02,5.288876891136169434e-01,1.145216822624206543e+00,6.761382818222045898e-01,4.773365855216979980e-01,2.504793107509613037e-01,1.000000000000000000e+00,2.880690813064575195e+00,-5.145814418792724609e-01,1.232835292816162109e+00,-4.729528427124023438e-01,2.252937555313110352e-01,6.533144973218441010e-03,1.000000000000000000e+00,2.951836824417114258e+00,6.416137814521789551e-01,7.776139378547668457e-01,-4.617816209793090820e-01,-2.377260923385620117e-01,1.405326873064041138e-01,1.000000000000000000e+00,0.000000000000000000e+00,1.000000000000000000e+00,1.000000000000000000e+00,0.000000000000000000e+00,2.880690813064575195e+00,-5.145814418792724609e-01,1.232835292816162109e+00,-4.729528427124023438e-01,2.252937555313110352e-01,6.533144973218441010e-03,-9.683882689484013540e-02,-8.745660742625571693e-02,8.555898367081093969e-03,1.000000000000000000e+00,2.951836824417114258e+00,6.416137814521789551e-01,7.776139378547668457e-01,-4.617816209793090820e-01,-2.377260923385620117e-01,1.405326873064041138e-01,9.074700965187677826e-02,-7.089270828388372081e-02,-6.339731253225885932e-03,1.000000000000000000e+00,-1.867914758622646332e-02,1.860573142766952515e-01,-1.000000014901161194e-01,4.547449350357055664e-01,-4.939261078834533691e-02,1.999999880790710449e-01,-1.000000014901161194e-01,3.935459852218627930e-01,-1.397037506103515625e-01,-2.028536796569824219e-02,2.852201461791992188e-03,4.177649021148681641e-01,1.222376823425292969e-01,2.366781234741210938e-03,2.908706665039062500e-04,4.577170908451080322e-01
4.799999999999999822e-01,6.308634579181671143e-02,-5.595289468765258789e-01,1.157078027725219727e+00,6.956194639205932617e-01,-4.805549681186676025e-01,7.140945196151733398e-01,9.759970307350158691e-01,1.127510219812393188e-01,1.863248944282531738e-01,-9.956468641757965088e-02,9.919136166572570801e-01,-7.870358973741531372e-02,-1.936921179294586182e-01,5.826308950781822205e-02,9.793307781219482422e-01,-5.725669860839843750e-01,-4.719853401184082031e-03,2.573094516992568970e-02,1.000000000000000000e+00,0.000000000000000000e+00,6.308634579181671143e-02,-5.595289468765258789e-01,1.157078027725219727e+00,6.956194639205932617e-01,-4.805549681186676025e-01,7.140945196151733398e-01,1.000000000000000000e+00,8.273974061012268066e-02,5.385773777961730957e-01,1.150131702423095703e+00,7.099398970603942871e-01,4.928452968597412109e-01,2.397681772708892822e-01,1.000000000000000000e+00,2.871107578277587891e+00,-5.099120736122131348e-01,1.233024358749389648e+00,-4.864219129085540771e-01,2.436442524194717407e-01,1.307584345340728760e-02,1.000000000000000000e+00,2.942498445510864258e+00,6.366962194442749023e-01,7.806045413017272949e-01,-4.728176891803741455e-01,-2.560081183910369873e-01,1.607353836297988892e-01,1.000000000000000000e+00,0.000000000000000000e+00,1.000000000000000000e+00,1.000000000000000000e+00,0.000000000000000000e+00,8.273974061012268066e-02,5.385773777961730957e-01,1.150131702423095703e+00,7.099398970603942871e-01,4.928452968597412109e-01,2.397681772708892822e-01,9.761760234832763672e-01,7.730509340763092041e-02,2.027423679828643799e-01,-9.803026914596557617e-02,9.907107353210449219e-01,9.424675256013870239e-02,-1.935732662677764893e-01,-1.118763014674186707e-01,9.746862053871154785e-01,4.862462282180786133e-01,3.981466963887214661e-02,7.496800739318132401e-03,0.000000000000000000e+00,1.000000000000000000e+00,6.308634579181671143e-02,-5.595289468765258789e-01,1.157078027725219727e+00,6.956194639205932617e-01,-4.805549681186676025e-01,7.140945196151733398e-01,1.000000000000000000e+00,8.273974061012268066e-02,5.385773777961730957e-01,1.150131702423095703e+00,7.099398970603942871e-01,4.928452968597412109e-01,2.397681772708892822e-01,1.000000000000000000e+00,2.871107578277587891e+00,-5.099120736122131348e-01,1.233024358749389648e+00,-4.864219129085540771e-01,2.436442524194717407e-01,1.307584345340728760e-02,1.000000000000000000e+00,2.942498445510864258e+00,6.366962194442749023e-01,7.806045413017272949e-01,-4.728176891803741455e-01,-2.560081183910369873e-01,1.607353836297988892e-01,1.000000000000000000e+00,0.000000000000000000e+00,1.000000000000000000e+00,1.000000000000000000e+00,0.000000000000000000e+00,2.871107578277587891e+00,-5.099120736122131348e-01,1.233024358749389648e+00,-4.864219129085540771e-01,2.436442524194717407e-01,1.307584345340728760e-02,-1.024190825925547083e-01,-7.863690991128313712e-02,8.117685779051170281e-03,1.000000000000000000e+00,2.942498445510864258e+00,6.366962194442749023e-01,7.806045413017272949e-01,-4.728176891803741455e-01,-2.560081183910369873e-01,1.607353836297988892e-01,9.494843606425121263e-02,-6.119368101068078936e-02,-5.703341715111928667e-03,1.000000000000000000e+00,-3.402150794863700867e-02,1.597380638122558594e-01,-1.000000014901161194e-01,4.580524563789367676e-01,-3.740268573164939880e-02,1.999999880790710449e-01,-1.000000014901161194e-01,3.921754360198974609e-01,-1.461758613586425781e-01,-1.137661933898925781e-02,1.674890518188476562e-03,4.174569249153137207e-01,1.261417865753173828e-01,1.141309738159179688e-02,1.447200775146484375e-03,4.597239494323730469e-01
5.000000000000000000e-01,7.731638848781585693e-02,-5.692554712295532227e-01,1.171463131904602051e+00,7.308694720268249512e-01,-4.928952455520629883e-01,7.255243659019470215e-01,9.762779474258422852e-01,1.100692078471183777e-01,1.864572465419769287e-01,-9.914860874414443970e-02,9.928183555603027344e-01,-6.694363057613372803e-02,-1.924865841865539551e-01,4.686861112713813782e-02,9.801797866821289062e-01,-6.058591604232788086e-01,-1.480087637901306152e-01,2.344461716711521149e-02,1.000000000000000000e+00,0.000000000000000000e+00,7.731638848781585693e-02,-5.692554712295532227e-01,1.171463131904602051e+00,7.308694720268249512e-01,-4.928952455520629883e-01,7.255243659019470215e-01,1.000000000000000000e+00,9.723915904760360718e-02,5.485585927963256836e-01,1.154824018478393555e+00,7.432532906532287598e-01,5.062773823738098145e-01,2.281381785869598389e-01,1.000000000000000000e+00,2.861271858215332031e+00,-5.048664212226867676e-01,1.233345866203308105e+00,-4.979975521564483643e-01,2.630395889282226562e-01,1.974861696362495422e-02,1.000000000000000000e+00,2.932958602905273438e+00,6.314048767089843750e-01,7.840091586112976074e-01,-4.817231893539428711e-01,-2.752024233341217041e-01,1.820485591888427734e-01,1.000000000000000000e+00,0.000000000000000000e+00,1.000000000000000000e+00,1.000000000000000000e+00,0.000000000000000000e+00,9.723915904760360718e-02,5.485585927963256836e-01,1.154824018478393555e+00,7.432532906532287598e-01,5.062773823738098145e-01,2.281381785869598389e-01,9.760358929634094238e-01,7.918073982000350952e-02,2.026933729648590088e-01,-9.796466678380966187e-02,9.916073679924011230e-01,8.436791598796844482e-02,-1.943119168281555176e-01,-1.022028923034667969e-01,9.756011962890625000e-01,5.053433179855346680e-01,3.409425169229507446e-02,5.713597871363162994e-03,0.000000000000000000e+00,1.000000000000000000e+00,7.731638848781585693e-02,-5.692554712295532227e-01,1.171463131904602051e+00,7.308694720268249512e-01,-4.928952455520629883e-01,7.255243659019470215e-01,1.000000000000000000e+00,9.723915904760360718e-02,5.485585927963256836e-01,1.154824018478393555e+00,7.432532906532287598e-01,5.062773823738098145e-01,2.281381785869598389e-01,1.000000000000000000e+00,2.861271858215332031e+00,-5.048664212226867676e-01,1.233345866203308105e+00,-4.979975521564483643e-01,2.630395889282226562e-01,1.974861696362495422e-02,1.000000000000000000e+00,2.932958602905273438e+00,6.314048767089843750e-01,7.840091586112976074e-01,-4.817231893539428711e-01,-2.752024233341217041e-01,1.820485591888427734e-01,1.000000000000000000e+00,0.000000000000000000e+00,1.000000000000000000e+00,1.000000000000000000e+00,0.000000000000000000e+00,2.861271858215332031e+00,-5.048664212226867676e-01,1.233345866203308105e+00,-4.979975521564483643e-01,2.630395889282226562e-01,1.974861696362495422e-02,-1.081495175956376509e-01,-6.972325574661186742e-02,7.594553224155323190e-03,1.000000000000000000e+00,2.932958602905273438e+00,6.314048767089843750e-01,7.840091586112976074e-01,-4.817231893539428711e-01,-2.752024233341217041e-01,1.820485591888427734e-01,9.913249572427756950e-02,-5.151077775154777605e-02,-5.007104739368863078e-03,1.000000000000000000e+00,-5.217435956001281738e-02,1.254146248102188110e-01,-1.000000014901161194e-01,4.625233411788940430e-01,-2.598602138459682465e-02,1.999999880790710449e-01,-1.000000014901161194e-01,3.911826014518737793e-01,-1.523072719573974609e-01,-2.927541732788085938e-03,4.494190216064453125e-04,4.169657230377197266e-01,1.295635700225830078e-01,1.989483833312988281e-02,2.592086791992187500e-03,4.615784883499145508e-01
5.200000000000000178e-01,9.224757552146911621e-02,-5.792044401168823242e-01,1.186077237129211426e+00,7.655746936798095703e-01,-5.024946928024291992e-01,7.371425628662109375e-01,9.772325158119201660e-01,1.073358654975891113e-01,1.830181479454040527e-01,-9.900769591331481934e-02,9.936161637306213379e-01,-5.407725647091865540e-02,-1.876542270183563232e-01,3.472584858536720276e-02,9.816210865974426270e-01,-6.470789313316345215e-01,-3.780146539211273193e-01,1.930511370301246643e-02,1.000000000000000000e+00,0.000000000000000000e+00,9.224757552146911621e-02,-5.792044401168823242e-01,1.186077237129211426e+00,7.655746936798095703e-01,-5.024946928024291992e-01,7.371425628662109375e-01,1.000000000000000000e+00,1.124005243182182312e-01,5.587896704673767090e-01,1.159276366233825684e+00,7.760877013206481934e-01,5.176151990890502930e-01,2.157635986804962158e-01,1.000000000000000000e+00,2.851221561431884766e+00,-4.994233250617980957e-01,1.233801126480102539e+00,-5.076721906661987305e-01,2.834874689579010010e-01,2.644666098058223724e-02,1.000000000000000000e+00,2.923259496688842773e+00,6.257215142250061035e-01,7.878494262695312500e-01,-4.884959757328033447e-01,-2.952916324138641357e-01,2.043685019016265869e-01,1.000000000000000000e+00,0.000000000000000000e+00,1.000000000000000000e+00,1.000000000000000000e+00,0.000000000000000000e+00,1.124005243182182312e-01,5.587896704673767090e-01,1.159276366233825684e+00,7.760877013206481934e-01,5.176151990890502930e-01,2.157635986804962158e-01,9.759145975112915039e-01,8.115668594837188721e-02,2.024958282709121704e-01,-9.791634976863861084e-02,9.924282431602478027e-01,7.415367662906646729e-02,-1.949444860219955444e-01,-9.219530224800109863e-02,9.764716625213623047e-01,5.188453197479248047e-01,2.936569042503833771e-02,4.172865301370620728e-03,0.000000000000000000e+00,1.000000000000000000e+00,9.224757552146911621e-02,-5.792044401168823242e-01,1.186077237129211426e+00,7.655746936798095703e-01,-5.024946928024291992e-01,7.371425628662109375e-01,1.000000000000000000e+00,1.124005243182182312e-01,5.587896704673767090e-01,1.159276366233825684e+00,7.760877013206481934e-01,5.176151990890502930e-01,2.157635986804962158e-01,1.000000000000000000e+00,2.851221561431884766e+00,-4.994233250617980957e-01,1.233801126480102539e+00,-5.076721906661987305e-01,2.834874689579010010e-01,2.644666098058223724e-02,1.000000000000000000e+00,2.923259496688842773e+00,6.257215142250061035e-01,7.878494262695312500e-01,-4.884959757328033447e-01,-2.952916324138641357e-01,2.043685019016265869e-01,1.000000000000000000e+00,0.000000000000000000e+00,1.000000000000000000e+00,1.000000000000000000e+00,0.000000000000000000e+00,2.851221561431884766e+00,-4.994233250617980957e-01,1.233801126480102539e+00,-5.076721906661987305e-01,2.834874689579010010e-01,2.644666098058223724e-02,-1.139600062496433502e-01,-6.080322358098544377e-02,6.977930448686137099e-03,1.000000000000000000e+00,2.923259496688842773e+00,6.257215142250061035e-01,7.878494262695312500e-01,-4.884959757328033447e-01,-2.952916324138641357e-01,2.043685019016265869e-01,1.032315296530143256e-01,-4.192321429860057513e-02,-4.246758059739140501e-03,1.000000000000000000e+00,-7.445875555276870728e-02,8.363609015941619873e-02,-1.000000014901161194e-01,4.652590751647949219e-01,-1.345537602901458740e-02,1.999999880790710449e-01,-1.000000014901161194e-01,3.903169035911560059e-01,-1.580235958099365234e-01,5.042076110839843750e-03,-8.034706115722656250e-04,4.162966012954711914e-01,1.323688030242919922e-01,2.777886390686035156e-02,3.698110580444335938e-03,4.633103311061859131e-01
5.400000000000000355e-01,1.078620776534080505e-01,-5.893191695213317871e-01,1.200929760932922363e+00,7.988964319229125977e-01,-5.091215968132019043e-01,7.495072484016418457e-01,9.790449142456054688e-01,1.046370416879653931e-01,1.747070103883743286e-01,-9.916698932647705078e-02,9.942756891250610352e-01,-3.977593779563903809e-02,-1.778689473867416382e-01,2.161725796759128571e-02,9.838169217109680176e-01,-7.021107077598571777e-01,-6.484993100166320801e-01,9.963753633201122284e-03,1.000000000000000000e+00,0.000000000000000000e+00,1.078620776534080505e-01,-5.893191695213317871e-01,1.200929760932922363e+00,7.988964319229125977e-01,-5.091215968132019043e-01,7.495072484016418457e-01,1.000000000000000000e+00,1.282143294811248779e-01,5.692285895347595215e-01,1.163475990295410156e+00,8.084543347358703613e-01,5.268536806106567383e-01,2.027987837791442871e-01,1.000000000000000000e+00,2.840994834899902344e+00,-4.935618042945861816e-01,1.234389901161193848e+00,-5.154587626457214355e-01,3.049802482128143311e-01,3.306405991315841675e-02,1.000000000000000000e+00,2.913444042205810547e+00,6.196284890174865723e-01,7.921444177627563477e-01,-4.931545257568359375e-01,-3.162443339824676514e-01,2.275932580232620239e-01,1.000000000000000000e+00,0.000000000000000000e+00,1.000000000000000000e+00,1.000000000000000000e+00,0.000000000000000000e+00,1.282143294811248779e-01,5.692285895347595215e-01,1.163475990295410156e+00,8.084543347358703613e-01,5.268536806106567383e-01,2.027987837791442871e-01,9.758091568946838379e-01,8.320384472608566284e-02,2.021721750497817993e-01,-9.788358956575393677e-02,9.931561946868896484e-01,6.371443718671798706e-02,-1.954872757196426392e-01,-8.196247369050979614e-02,9.772752523422241211e-01,5.292230248451232910e-01,2.523106150329113007e-02,2.879766747355461121e-03,0.000000000000000000e+00,1.000000000000000000e+00,1.078620776534080505e-01,-5.893191695213317871e-01,1.200929760932922363e+00,7.988964319229125977e-01,-5.091215968132019043e-01,7.495072484016418457e-01,1.000000000000000000e+00,1.282143294811248779e-01,5.692285895347595215e-01,1.163475990295410156e+00,8.084543347358703613e-01,5.268536806106567383e-01,2.027987837791442871e-01,1.000000000000000000e+00,2.840994834899902344e+00,-4.935618042945861816e-01,1.234389901161193848e+00,-5.154587626457214355e-01,3.049802482128143311e-01,3.306405991315841675e-02,1.000000000000000000e+00,2.913444042205810547e+00,6.196284890174865723e-01,7.921444177627563477e-01,-4.931545257568359375e-01,-3.162443339824676514e-01,2.275932580232620239e-01,1.000000000000000000e+00,0.000000000000000000e+00,1.000000000000000000e+00,1.000000000000000000e+00,0.000000000000000000e+00,2.840994834899902344e+00,-4.935618042945861816e-01,1.234389901161193848e+00,-5.154587626457214355e-01,3.049802482128143311e-01,3.306405991315841675e-02,-1.197915835720037292e-01,-5.196884238620613772e-02,6.265684024412639108e-03,1.000000000000000000e+00,2.913444042205810547e+00,6.196284890174865723e-01,7.921444177627563477e-01,-4.931545257568359375e-01,-3.162443339824676514e-01,2.275932580232620239e-01,1.071968147848808839e-01,-3.251591464526293329e-02,-3.424217924862221762e-03,1.000000000000000000e+00,-9.600610285997390747e-02,3.573725372552871704e-02,-1.000000014901161194e-01,4.601971507072448730e-01,-3.089509264100342989e-04,1.999999880790710449e-01,-1.000000014901161194e-01,3.904365599155426025e-01,-1.632585525512695312e-01,1.251721382141113281e-02,-2.061843872070312500e-03,4.154563248157501221e-01,1.343476772308349609e-01,3.499245643615722656e-02,4.728555679321289062e-03,4.649219810962677002e-01
5.600000000000000533e-01,1.241223439574241638e-01,-5.995373129844665527e-01,1.216036558151245117e+00,8.296864032745361328e-01,-5.124330520629882812e-01,7.625432610511779785e-01,9.816363453865051270e-01,1.021475866436958313e-01,1.611085236072540283e-01,-9.961841255426406860e-02,9.947429299354553223e-01,-2.372027374804019928e-02,-1.626845300197601318e-01,7.235308177769184113e-03,9.866515994071960449e-01,-7.660129070281982422e-01,-9.189762473106384277e-01,-7.305003702640533447e-03,1.000000000000000000e+00,0.000000000000000000e+00,1.241223439574241638e-01,-5.995373129844665527e-01,1.216036558151245117e+00,8.296864032745361328e-01,-5.124330520629882812e-01,7.625432610511779785e-01,1.000000000000000000e+00,1.446713805198669434e-01,5.798334479331970215e-01,1.167412042617797852e+00,8.403720259666442871e-01,5.339962244033813477e-01,1.894158124923706055e-01,1.000000000000000000e+00,2.830629110336303711e+00,-4.872612357139587402e-01,1.235109567642211914e+00,-5.213892459869384766e-01,3.274961113929748535e-01,3.949252143502235413e-02,1.000000000000000000e+00,2.903553962707519531e+00,6.131089925765991211e-01,7.969113588333129883e-01,-4.957380890846252441e-01,-3.380170464515686035e-01,2.516250014305114746e-01,1.000000000000000000e+00,0.000000000000000000e+00,1.000000000000000000e+00,1.000000000000000000e+00,0.000000000000000000e+00,1.446713805198669434e-01,5.798334479331970215e-01,1.167412042617797852e+00,8.403720259666442871e-01,5.339962244033813477e-01,1.894158124923706055e-01,9.757182598114013672e-01,8.531711250543594360e-02,2.017299085855484009e-01,-9.786347299814224243e-02,9.937853813171386719e-01,5.304261296987533569e-02,-1.959507614374160767e-01,-7.149662822484970093e-02,9.780039191246032715e-01,5.435574054718017578e-01,2.150611765682697296e-02,1.852836227044463158e-03,0.000000000000000000e+00,1.000000000000000000e+00,1.241223439574241638e-01,-5.995373129844665527e-01,1.216036558151245117e+00,8.296864032745361328e-01,-5.124330520629882812e-01,7.625432610511779785e-01,1.000000000000000000e+00,1.446713805198669434e-01,5.798334479331970215e-01,1.167412042617797852e+00,8.403720259666442871e-01,5.339962244033813477e-01,1.894158124923706055e-01,1.000000000000000000e+00,2.830629110336303711e+00,-4.872612357139587402e-01,1.235109567642211914e+00,-5.213892459869384766e-01,3.274961113929748535e-01,3.949252143502235413e-02,1.000000000000000000e+00,2.903553962707519531e+00,6.131089925765991211e-01,7.969113588333129883e-01,-4.957380890846252441e-01,-3.380170464515686035e-01,2.516250014305114746e-01,1.000000000000000000e+00,0.000000000000000000e+00,1.000000000000000000e+00,1.000000000000000000e+00,0.000000000000000000e+00,2.830629110336303711e+00,-4.872612357139587402e-01,1.235109567642211914e+00,-5.213892459869384766e-01,3.274961113929748535e-01,3.949252143502235413e-02,-1.255864935080062694e-01,-4.329242362797303123e-02,5.460893654931658903e-03,1.000000000000000000e+00,2.903553962707519531e+00,6.131089925765991211e-01,7.969113588333129883e-01,-4.957380890846252441e-01,-3.380170464515686035e-01,2.516250014305114746e-01,1.109732968679498916e-01,-2.336433964790041173e-02,-2.546143933197395071e-03,1.000000000000000000e+00,-1.195103451609611511e-01,-9.844115935266017914e-03,-1.000000014901161194e-01,4.473181962966918945e-01,1.211273763328790665e-02,1.999999880790710449e-01,-1.000000014901161194e-01,3.914886116981506348e-01,-1.679537296295166016e-01,1.948738098144531250e-02,-3.304004669189453125e-03,4.144569635391235352e-01,1.352283954620361328e-01,4.140543937683105469e-02,5.631923675537109375e-03,4.663294553756713867e-01
5.799999999999999600e-01,1.409661322832107544e-01,-6.097887754440307617e-01,1.231403589248657227e+00,8.566573262214660645e-01,-5.120399594306945801e-01,7.752581238746643066e-01,9.847074151039123535e-01,1.001485586166381836e-01,1.425548940896987915e-01,-1.003392636775970459e-01,9.949361085891723633e-01,-5.868620704859495163e-03,-1.424207240343093872e-01,-8.524977602064609528e-03,9.897696375846862793e-01,-8.289620280265808105e-01,-1.145606160163879395e+00,-3.442373126745223999e-02,1.000000000000000000e+00,0.000000000000000000e+00,1.409661322832107544e-01,-6.097887754440307617e-01,1.231403589248657227e+00,8.566573262214660645e-01,-5.120399594306945801e-01,7.752581238746643066e-01,1.000000000000000000e+00,1.617629826068878174e-01,5.905621647834777832e-01,1.171078324317932129e+00,8.718733787536621094e-01,5.390342473983764648e-01,1.758497208356857300e-01,1.000000000000000000e+00,2.820161104202270508e+00,-4.805013835430145264e-01,1.235955119132995605e+00,-5.255098938941955566e-01,3.509986400604248047e-01,4.562224075198173523e-02,1.000000000000000000e+00,2.893630504608154297e+00,6.061471104621887207e-01,8.021653890609741211e-01,-4.963039457798004150e-01,-3.605496883392333984e-01,2.763672769069671631e-01,1.000000000000000000e+00,0.000000000000000000e+00,1.000000000000000000e+00,1.000000000000000000e+00,0.000000000000000000e+00,1.617629826068878174e-01,5.905621647834777832e-01,1.171078324317932129e+00,8.718733787536621094e-01,5.390342473983764648e-01,1.758497208356857300e-01,9.756401777267456055e-01,8.750623464584350586e-02,2.011691480875015259e-01,-9.785324335098266602e-02,9.943117499351501465e-01,4.205949977040290833e-02,-1.963443607091903687e-01,-6.071998551487922668e-02,9.786532521247863770e-01,5.594421029090881348e-01,1.829249411821365356e-02,1.050941878929734230e-03,0.000000000000000000e+00,1.000000000000000000e+00,1.409661322832107544e-01,-6.097887754440307617e-01,1.231403589248657227e+00,8.566573262214660645e-01,-5.120399594306945801e-01,7.752581238746643066e-01,1.000000000000000000e+00,1.617629826068878174e-01,5.905621647834777832e-01,1.171078324317932129e+00,8.718733787536621094e-01,5.390342473983764648e-01,1.758497208356857300e-01,1.000000000000000000e+00,2.820161104202270508e+00,-4.805013835430145264e-01,1.235955119132995605e+00,-5.255098938941955566e-01,3.509986400604248047e-01,4.562224075198173523e-02,1.000000000000000000e+00,2.893630504608154297e+00,6.061471104621887207e-01,8.021653890609741211e-01,-4.963039457798004150e-01,-3.605496883392333984e-01,2.763672769069671631e-01,1.000000000000000000e+00,0.000000000000000000e+00,1.000000000000000000e+00,1.000000000000000000e+00,0.000000000000000000e+00,2.820161104202270508e+00,-4.805013835430145264e-01,1.235955119132995605e+00,-5.255098938941955566e-01,3.509986400604248047e-01,4.562224075198173523e-02,-1.312811364642368916e-01,-3.482252579206290832e-02,4.571140601470680132e-03,1.000000000000000000e+00,2.893630504608154297e+00,6.061471104621887207e-01,8.021653890609741211e-01,-4.963039457798004150e-01,-3.605496883392333984e-01,2.763672769069671631e-01,1.144761560668906969e-01,-1.453246488223314259e-02,-1.623798760038236422e-03,1.000000000000000000e+00,-1.410959213972091675e-01,-5.850237235426902771e-02,-1.000000014901161194e-01,4.407101869583129883e-01,2.393709123134613037e-02,1.999999880790710449e-01,-1.000000014901161194e-01,3.926858305931091309e-01,-1.720545291900634766e-01,2.594351768493652344e-02,-4.507780075073242188e-03,4.133203625679016113e-01,1.347248554229736328e-01,4.683685302734375000e-02,6.346225738525390625e-03,4.673342406749725342e-01
5.999999999999999778e-01,1.583069115877151489e-01,-6.199967265129089355e-01,1.247014284133911133e+00,8.787650465965270996e-01,-5.076308846473693848e-01,7.867090106010437012e-01,9.878203272819519043e-01,9.893888980150222778e-02,1.200932338833808899e-01,-1.012807264924049377e-01,9.947658777236938477e-01,1.354054827243089676e-02,-1.181249544024467468e-01,-2.553875558078289032e-02,9.926704168319702148e-01,-8.755552768707275391e-01,-1.316718578338623047e+00,-6.914380937814712524e-02,1.000000000000000000e+00,0.000000000000000000e+00,1.583069115877151489e-01,-6.199967265129089355e-01,1.247014284133911133e+00,8.787650465965270996e-01,-5.076308846473693848e-01,7.867090106010437012e-01,1.000000000000000000e+00,1.794811189174652100e-01,6.013725996017456055e-01,1.174473404884338379e+00,9.029902219772338867e-01,5.419442057609558105e-01,1.623279452323913574e-01,1.000000000000000000e+00,2.809626817703247070e+00,-4.732629656791687012e-01,1.236919641494750977e+00,-5.278772711753845215e-01,3.754362761974334717e-01,5.134640634059906006e-02,1.000000000000000000e+00,2.883713483810424805e+00,5.987282991409301758e-01,8.079198598861694336e-01,-4.949258565902709961e-01,-3.837563991546630859e-01,3.017137050628662109e-01,1.000000000000000000e+00,0.000000000000000000e+00,1.000000000000000000e+00,1.000000000000000000e+00,0.000000000000000000e+00,1.794811189174652100e-01,6.013725996017456055e-01,1.174473404884338379e+00,9.029902219772338867e-01,5.419442057609558105e-01,1.623279452323913574e-01,9.755730032920837402e-01,8.975800871849060059e-02,2.005015909671783447e-01,-9.785060584545135498e-02,9.947243332862854004e-01,3.080239892005920410e-02,-1.966790556907653809e-01,-4.966919124126434326e-02,9.792090654373168945e-01,5.695365071296691895e-01,1.562167890369892120e-02,4.304012109059840441e-04,0.000000000000000000e+00,1.000000000000000000e+00,1.583069115877151489e-01,-6.199967265129089355e-01,1.247014284133911133e+00,8.787650465965270996e-01,-5.076308846473693848e-01,7.867090106010437012e-01,1.000000000000000000e+00,1.794811189174652100e-01,6.013725996017456055e-01,1.174473404884338379e+00,9.029902219772338867e-01,5.419442057609558105e-01,1.623279452323913574e-01,1.000000000000000000e+00,2.809626817703247070e+00,-4.732629656791687012e-01,1.236919641494750977e+00,-5.278772711753845215e-01,3.754362761974334717e-01,5.134640634059906006e-02,1.000000000000000000e+00,2.883713483810424805e+00,5.987282991409301758e-01,8.079198598861694336e-01,-4.949258565902709961e-01,-3.837563991546630859e-01,3.017137050628662109e-01,1.000000000000000000e+00,0.000000000000000000e+00,1.000000000000000000e+00,1.000000000000000000e+00,0.000000000000000000e+00,2.809626817703247070e+00,-4.732629656791687012e-01,1.236919641494750977e+00,-5.278772711753845215e-01,3.754362761974334717e-01,5.134640634059906006e-02,-1.368078681669072927e-01,-2.659567524048700449e-02,3.607966382459804056e-03,1.000000000000000000e+00,2.883713483810424805e+00,5.987282991409301758e-01,8.079198598861694336e-01,-4.949258565902709961e-01,-3.837563991546630859e-01,3.017137050628662109e-01,1.175806641401340724e-01,-6.085268184472303332e-03,-6.746218253330313330e-04,1.000000000000000000e+00,-1.651514023542404175e-01,-1.077353954315185547e-01,-1.000000014901161194e-01,4.350861012935638428e-01,3.551117703318595886e-02,1.999999582767486572e-01,-1.000000014901161194e-01,3.942867517471313477e-01,-1.755068302154541016e-01,3.187584877014160156e-02,-5.651473999023437500e-03,4.120714068412780762e-01,1.326174736022949219e-01,5.112886428833007812e-02,6.817579269409179688e-03,4.677529036998748779e-01
6.199999999999999956e-01,1.760410219430923462e-01,-6.300789713859558105e-01,1.262839794158935547e+00,8.953481912612915039e-01,-4.990231990814208984e-01,7.965595126152038574e-01,9.906061291694641113e-01,9.881877899169921875e-02,9.452173858880996704e-02,-1.024217456579208374e-01,9.941582679748535156e-01,3.404624387621879578e-02,-9.060516208410263062e-02,-4.340749606490135193e-02,9.949404597282409668e-01,-9.072784185409545898e-01,-1.460755109786987305e+00,-1.112576276063919067e-01,1.000000000000000000e+00,0.000000000000000000e+00,1.760410219430923462e-01,-6.300789713859558105e-01,1.262839794158935547e+00,8.953481912612915039e-01,-4.990231990814208984e-01,7.965595126152038574e-01,1.000000000000000000e+00,1.978183239698410034e-01,6.122219562530517578e-01,1.177599787712097168e+00,9.337491393089294434e-01,5.427117943763732910e-01,1.490348130464553833e-01,1.000000000000000000e+00,2.799060583114624023e+00,-4.655278921127319336e-01,1.237994551658630371e+00,-5.285575389862060547e-01,4.007432758808135986e-01,5.656852200627326965e-02,1.000000000000000000e+00,2.873841047286987305e+00,5.908401012420654297e-01,8.141858577728271484e-01,-4.916969835758209229e-01,-4.075150787830352783e-01,3.275338411331176758e-01,1.000000000000000000e+00,0.000000000000000000e+00,1.000000000000000000e+00,1.000000000000000000e+00,0.000000000000000000e+00,1.978183239698410034e-01,6.122219562530517578e-01,1.177599787712097168e+00,9.337491393089294434e-01,5.427117943763732910e-01,1.490348130464553833e-01,9.755150079727172852e-01,9.203802049160003662e-02,1.997488290071487427e-01,-9.785385429859161377e-02,9.950113892555236816e-01,1.941949315369129181e-02,-1.969650238752365112e-01,-3.849019855260848999e-02,9.796547293663024902e-01,5.715724229812622070e-01,1.338623091578483582e-02,-3.509852467686869204e-05,0.000000000000000000e+00,1.000000000000000000e+00,1.760410219430923462e-01,-6.300789713859558105e-01,1.262839794158935547e+00,8.953481912612915039e-01,-4.990231990814208984e-01,7.965595126152038574e-01,1.000000000000000000e+00,1.978183239698410034e-01,6.122219562530517578e-01,1.177599787712097168e+00,9.337491393089294434e-01,5.427117943763732910e-01,1.490348130464553833e-01,1.000000000000000000e+00,2.799060583114624023e+00,-4.655278921127319336e-01,1.237994551658630371e+00,-5.285575389862060547e-01,4.007432758808135986e-01,5.656852200627326965e-02,1.000000000000000000e+00,2.873841047286987305e+00,5.908401012420654297e-01,8.141858577728271484e-01,-4.916969835758209229e-01,-4.075150787830352783e-01,3.275338411331176758e-01,1.000000000000000000e+00,0.000000000000000000e+00,1.000000000000000000e+00,1.000000000000000000e+00,0.000000000000000000e+00,2.799060583114624023e+00,-4.655278921127319336e-01,1.237994551658630371e+00,-5.285575389862060547e-01,4.007432758808135986e-01,5.656852200627326965e-02,-1.420998956810756442e-01,-1.864772184800811416e-02,2.585450335744060579e-03,1.000000000000000000e+00,2.873841047286987305e+00,5.908401012420654297e-01,8.141858577728271484e-01,-4.916969835758209229e-01,-4.075150787830352783e-01,3.275338411331176758e-01,1.201281800521168674e-01,1.895311077786621112e-03,2.759044416342296135e-04,1.000000000000000000e+00,-1.908337026834487915e-01,-1.522970199584960938e-01,-1.000000014901161194e-01,4.287100732326507568e-01,4.749831557273864746e-02,1.999999284744262695e-01,-1.000000014901161194e-01,3.958460688591003418e-01,-1.782629489898681641e-01,3.727316856384277344e-02,-6.714105606079101562e-03,4.107328653335571289e-01,1.287825107574462891e-01,5.418372154235839844e-02,7.013320922851562500e-03,4.675006270408630371e-01
6.400000000000000133e-01,1.940534114837646484e-01,-6.399505138397216797e-01,1.278845906257629395e+00,9.059244990348815918e-01,-4.861288368701934814e-01,8.045001029968261719e-01,9.927749633789062500e-01,1.000172272324562073e-01,6.629142910242080688e-02,-1.037515476346015930e-01,9.930533766746520996e-01,5.550479516386985779e-02,-6.027948483824729919e-02,-6.198160722851753235e-02,9.962553977966308594e-01,-9.453866481781005859e-01,-1.579581379890441895e+00,-1.580137163400650024e-01,1.000000000000000000e+00,0.000000000000000000e+00,1.940534114837646484e-01,-6.399505138397216797e-01,1.278845906257629395e+00,9.059244990348815918e-01,-4.861288368701934814e-01,8.045001029968261719e-01,1.000000000000000000e+00,2.167676687240600586e-01,6.230673193931579590e-01,1.180463314056396484e+00,9.641730785369873047e-01,5.413432121276855469e-01,1.361177563667297363e-01,1.000000000000000000e+00,2.788495063781738281e+00,-4.572793841361999512e-01,1.239168643951416016e+00,-5.276257395744323730e-01,4.268412888050079346e-01,6.120474636554718018e-02,1.000000000000000000e+00,2.864048957824707031e+00,5.824729800224304199e-01,8.209713101387023926e-01,-4.867352247238159180e-01,-4.316605627536773682e-01,3.536679446697235107e-01,1.000000000000000000e+00,0.000000000000000000e+00,1.000000000000000000e+00,1.000000000000000000e+00,0.000000000000000000e+00,2.167676687240600586e-01,6.230673193931579590e-01,1.180463314056396484e+00,9.641730785369873047e-01,5.413432121276855469e-01,1.361177563667297363e-01,9.754648804664611816e-01,9.431710839271545410e-02,1.989292353391647339e-01,-9.786121547222137451e-02,9.951677322387695312e-01,8.037195540964603424e-03,-1.972098797559738159e-01,-2.730745449662208557e-02,9.799810647964477539e-01,5.704598426818847656e-01,1.147449947893619537e-02,-3.687871503643691540e-04,0.000000000000000000e+00,1.000000000000000000e+00,1.940534114837646484e-01,-6.399505138397216797e-01,1.278845906257629395e+00,9.059244990348815918e-01,-4.861288368701934814e-01,8.045001029968261719e-01,1.000000000000000000e+00,2.167676687240600586e-01,6.230673193931579590e-01,1.180463314056396484e+00,9.641730785369873047e-01,5.413432121276855469e-01,1.361177563667297363e-01,1.000000000000000000e+00,2.788495063781738281e+00,-4.572793841361999512e-01,1.239168643951416016e+00,-5.276257395744323730e-01,4.268412888050079346e-01,6.120474636554718018e-02,1.000000000000000000e+00,2.864048957824707031e+00,5.824729800224304199e-01,8.209713101387023926e-01,-4.867352247238159180e-01,-4.316605627536773682e-01,3.536679446697235107e-01,1.000000000000000000e+00,0.000000000000000000e+00,1.000000000000000000e+00,1.000000000000000000e+00,0.000000000000000000e+00,2.788495063781738281e+00,-4.572793841361999512e-01,1.239168643951416016e+00,-5.276257395744323730e-01,4.268412888050079346e-01,6.120474636554718018e-02,-1.470939854863547724e-01,-1.101614600706946057e-02,1.519590291942360394e-03,1.000000000000000000e+00,2.864048957824707031e+00,5.824729800224304199e-01,8.209713101387023926e-01,-4.867352247238159180e-01,-4.316605627536773682e-01,3.536679446697235107e-01,1.219449954237334655e-01,9.306100584064225245e-03,1.194364459966373859e-03,1.000000000000000000e+00,-1.999997347593307495e-01,-1.996467411518096924e-01,-1.000000014901161194e-01,4.242551326751708984e-01,5.917761847376823425e-02,1.999998837709426880e-01,-1.000000014901161194e-01,3.976028263568878174e-01,-1.802859306335449219e-01,4.212832450866699219e-02,-7.676124572753906250e-03,4.093256890773773193e-01,1.231720447540283203e-01,5.593228340148925781e-02,6.920576095581054688e-03,4.665248394012451172e-01
6.600000000000000311e-01,2.122206538915634155e-01,-6.495250463485717773e-01,1.294991612434387207e+00,9.101586341857910156e-01,-4.688756763935089111e-01,8.102836608886718750e-01,9.940674304962158203e-01,1.026457101106643677e-01,3.596893697977066040e-02,-1.051848828792572021e-01,9.914073944091796875e-01,7.776553928852081299e-02,-2.767757326364517212e-02,-8.108757436275482178e-02,9.963226318359375000e-01,-9.430418610572814941e-01,-1.676995038986206055e+00,-2.022178024053573608e-01,1.000000000000000000e+00,0.000000000000000000e+00,2.122206538915634155e-01,-6.495250463485717773e-01,1.294991612434387207e+00,9.101586341857910156e-01,-4.688756763935089111e-01,8.102836608886718750e-01,1.000000000000000000e+00,2.363226115703582764e-01,6.338662505149841309e-01,1.183072805404663086e+00,9.942800998687744141e-01,5.378528833389282227e-01,1.236877143383026123e-01,1.000000000000000000e+00,2.777962207794189453e+00,-4.485023915767669678e-01,1.240429639816284180e+00,-5.251660346984863281e-01,4.536408185958862305e-01,6.518565863370895386e-02,1.000000000000000000e+00,2.854370594024658203e+00,5.736209154129028320e-01,8.282809257507324219e-01,-4.801881313323974609e-01,-4.559842944145202637e-01,3.799290657043457031e-01,1.000000000000000000e+00,0.000000000000000000e+00,1.000000000000000000e+00,1.000000000000000000e+00,0.000000000000000000e+00,2.363226115703582764e-01,6.338662505149841309e-01,1.183072805404663086e+00,9.942800998687744141e-01,5.378528833389282227e-01,1.236877143383026123e-01,9.754214286804199219e-01,9.658987820148468018e-02,1.980496048927307129e-01,-9.787125885486602783e-02,9.951936006546020508e-01,-3.332050982862710953e-03,-1.974195241928100586e-01,-1.613320969045162201e-02,9.801864027976989746e-01,5.708857774734497070e-01,9.819786064326763153e-03,-5.949098267592489719e-04,0.000000000000000000e+00,1.000000000000000000e+00,2.122206538915634155e-01,-6.495250463485717773e-01,1.294991612434387207e+00,9.101586341857910156e-01,-4.688756763935089111e-01,8.102836608886718750e-01,1.000000000000000000e+00,2.363226115703582764e-01,6.338662505149841309e-01,1.183072805404663086e+00,9.942800998687744141e-01,5.378528833389282227e-01,1.236877143383026123e-01,1.000000000000000000e+00,2.777962207794189453e+00,-4.485023915767669678e-01,1.240429639816284180e+00,-5.251660346984863281e-01,4.536408185958862305e-01,6.518565863370895386e-02,1.000000000000000000e+00,2.854370594024658203e+00,5.736209154129028320e-01,8.282809257507324219e-01,-4.801881313323974609e-01,-4.559842944145202637e-01,3.799290657043457031e-01,1.000000000000000000e+00,0.000000000000000000e+00,1.000000000000000000e+00,1.000000000000000000e+00,0.000000000000000000e+00,2.777962207794189453e+00,-4.485023915767669678e-01,1.240429639816284180e+00,-5.251660346984863281e-01,4.536408185958862305e-01,6.518565863370895386e-02,-1.517315682020629330e-01,-3.736270700713806292e-03,4.282095551071396500e-04,1.000000000000000000e+00,2.854370594024658203e+00,5.736209154129028320e-01,8.282809257507324219e-01,-4.801881313323974609e-01,-4.559842944145202637e-01,3.799290657043457031e-01,1.228661038356423513e-01,1.603418594403449582e-02,2.042401513521849288e-03,1.000000000000000000e+00,-1.999763399362564087e-01,-1.999954581260681152e-01,-1.000000014901161194e-01,4.239911437034606934e-01,7.036084681749343872e-02,1.999998837709426880e-01,-1.000000014901161194e-01,4.022844135761260986e-01,-1.815462112426757812e-01,4.643392562866210938e-02,-8.520603179931640625e-03,4.078685641288757324e-01,1.157989501953125000e-01,5.633091926574707031e-02,6.548881530761718750e-03,4.648129343986511230e-01
6.800000000000000488e-01,2.304139286279678345e-01,-6.587154865264892578e-01,1.311233401298522949e+00,9.078596830368041992e-01,-4.473265111446380615e-01,8.139240145683288574e-01,9.943093657493591309e-01,1.064343228936195374e-01,4.549994599074125290e-03,-1.063588932156562805e-01,9.893616437911987305e-01,9.925394505262374878e-02,6.062436383217573166e-03,-9.917306154966354370e-02,9.950517416000366211e-01,-8.422874808311462402e-01,-1.629387736320495605e+00,-2.139546126127243042e-01,1.000000000000000000e+00,0.000000000000000000e+00,2.304139286279678345e-01,-6.587154865264892578e-01,1.311233401298522949e+00,9.078596830368041992e-01,-4.473265111446380615e-01,8.139240145683288574e-01,1.000000000000000000e+00,2.564770579338073730e-01,6.445763111114501953e-01,1.185439705848693848e+00,1.024109840393066406e+00,5.322460532188415527e-01,1.119609698653221130e-01,1.000000000000000000e+00,2.767491340637207031e+00,-4.391838610172271729e-01,1.241764187812805176e+00,-5.212696790695190430e-01,4.810430109500885010e-01,6.845626980066299438e-02,1.000000000000000000e+00,2.844835996627807617e+00,5.642825961112976074e-01,8.361152410507202148e-01,-4.722339510917663574e-01,-4.802381992340087891e-01,4.060962498188018799e-01,1.000000000000000000e+00,0.000000000000000000e+00,1.000000000000000000e+00,1.000000000000000000e+00,0.000000000000000000e+00,2.564770579338073730e-01,6.445763111114501953e-01,1.185439705848693848e+00,1.024109840393066406e+00,5.322460532188415527e-01,1.119609698653221130e-01,9.753838777542114258e-01,9.885992854833602905e-02,1.971119195222854614e-01,-9.788291901350021362e-02,9.950891733169555664e-01,-1.471762452274560928e-02,-1.975989192724227905e-01,-4.938556812703609467e-03,9.802705645561218262e-01,5.719717144966125488e-01,8.386308327317237854e-03,-7.332169916480779648e-04,0.000000000000000000e+00,1.000000000000000000e+00,2.304139286279678345e-01,-6.587154865264892578e-01,1.311233401298522949e+00,9.078596830368041992e-01,-4.473265111446380615e-01,8.139240145683288574e-01,1.000000000000000000e+00,2.564770579338073730e-01,6.445763111114501953e-01,1.185439705848693848e+00,1.024109840393066406e+00,5.322460532188415527e-01,1.119609698653221130e-01,1.000000000000000000e+00,2.767491340637207031e+00,-4.391838610172271729e-01,1.241764187812805176e+00,-5.212696790695190430e-01,4.810430109500885010e-01,6.845626980066299438e-02,1.000000000000000000e+00,2.844835996627807617e+00,5.642825961112976074e-01,8.361152410507202148e-01,-4.722339510917663574e-01,-4.802381992340087891e-01,4.060962498188018799e-01,1.000000000000000000e+00,0.000000000000000000e+00,1.000000000000000000e+00,1.000000000000000000e+00,0.000000000000000000e+00,2.767491340637207031e+00,-4.391838610172271729e-01,1.241764187812805176e+00,-5.212696790695190430e-01,4.810430109500885010e-01,6.845626980066299438e-02,-1.559587875952122560e-01,3.162683677902844437e-03,-6.701090169076578951e-04,1.000000000000000000e+00,2.844835996627807617e+00,5.642825961112976074e-01,8.361152410507202148e-01,-4.722339510917663574e-01,-4.802381992340087891e-01,4.060962498188018799e-01,1.227469809480845331e-01,2.197440721812293773e-02,2.780289164838994909e-03,1.000000000000000000e+00,-1.999967247247695923e-01,-1.999999731779098511e-01,-1.000000014901161194e-01,4.281637966632843018e-01,8.107511699199676514e-02,1.999999731779098511e-01,-1.000000014901161194e-01,4.079753458499908447e-01,-1.820166110992431641e-01,5.018210411071777344e-02,-9.232044219970703125e-03,4.063932597637176514e-01,1.067538261413574219e-01,5.538249015808105469e-02,5.931615829467773438e-03,4.624180793762207031e-01
7.000000000000000666e-01,2.485037297010421753e-01,-6.674390435218811035e-01,1.327531933784484863e+00,8.992933630943298340e-01,-4.218926727771759033e-01,8.159117102622985840e-01,9.935466051101684570e-01,1.108212769031524658e-01,-2.416441030800342560e-02,-1.072540581226348877e-01,9.872365593910217285e-01,1.177312955260276794e-01,3.690312057733535767e-02,-1.143797859549522400e-01,9.927514791488647461e-01,-6.764051318168640137e-01,-1.379348278045654297e+00,-2.094683349132537842e-01,1.000000000000000000e+00,0.000000000000000000e+00,2.485037297010421753e-01,-6.674390435218811035e-01,1.327531933784484863e+00,8.992933630943298340e-01,-4.218926727771759033e-01,8.159117102622985840e-01,1.000000000000000000e+00,2.772260606288909912e-01,6.551550626754760742e-01,1.187580704689025879e+00,1.053729176521301270e+00,5.245147347450256348e-01,1.012910977005958557e-01,1.000000000000000000e+00,2.757110834121704102e+00,-4.293126165866851807e-01,1.243157148361206055e+00,-5.160340070724487305e-01,5.089414119720458984e-01,7.097726315259933472e-02,1.000000000000000000e+00,2.835471868515014648e+00,5.544619560241699219e-01,8.444703817367553711e-01,-4.630787670612335205e-01,-5.041406750679016113e-01,4.319121241569519043e-01,1.000000000000000000e+00,0.000000000000000000e+00,1.000000000000000000e+00,1.000000000000000000e+00,0.000000000000000000e+00,2.772260606288909912e-01,6.551550626754760742e-01,1.187580704689025879e+00,1.053729176521301270e+00,5.245147347450256348e-01,1.012910977005958557e-01,9.753515124320983887e-01,1.011215448379516602e-01,1.961220502853393555e-01,-9.789505600929260254e-02,9.948543906211853027e-01,-2.610175125300884247e-02,-1.977523267269134521e-01,6.259004119783639908e-03,9.802320599555969238e-01,5.703569054603576660e-01,7.168051321059465408e-03,-7.929143612273037434e-04,0.000000000000000000e+00,1.000000000000000000e+00,2.485037297010421753e-01,-6.674390435218811035e-01,1.327531933784484863e+00,8.992933630943298340e-01,-4.218926727771759033e-01,8.159117102622985840e-01,1.000000000000000000e+00,2.772260606288909912e-01,6.551550626754760742e-01,1.187580704689025879e+00,1.053729176521301270e+00,5.245147347450256348e-01,1.012910977005958557e-01,1.000000000000000000e+00,2.757110834121704102e+00,-4.293126165866851807e-01,1.243157148361206055e+00,-5.160340070724487305e-01,5.089414119720458984e-01,7.097726315259933472e-02,1.000000000000000000e+00,2.835471868515014648e+00,5.544619560241699219e-01,8.444703817367553711e-01,-4.630787670612335205e-01,-5.041406750679016113e-01,4.319121241569519043e-01,1.000000000000000000e+00,0.000000000000000000e+00,1.000000000000000000e+00,1.000000000000000000e+00,0.000000000000000000e+00,2.757110834121704102e+00,-4.293126165866851807e-01,1.243157148361206055e+00,-5.160340070724487305e-01,5.089414119720458984e-01,7.097726315259933472e-02,-1.597253647202435400e-01,9.656944692160607246e-03,-1.756182909050690855e-03,1.000000000000000000e+00,2.835471868515014648e+00,5.544619560241699219e-01,8.444703817367553711e-01,-4.630787670612335205e-01,-5.041406750679016113e-01,4.319121241569519043e-01,1.214711971937506990e-01,2.703515703260017666e-02,3.369477722842587064e-03,1.000000000000000000e+00,-1.999986022710800171e-01,-2.000000029802322388e-01,-1.000000014901161194e-01,4.323297142982482910e-01,8.975783735513687134e-02,2.000000029802322388e-01,-1.000000014901161194e-01,4.172241687774658203e-01,-1.816694736480712891e-01,5.336284637451171875e-02,-9.797573089599609375e-03,4.049502313137054443e-01,9.627532958984375000e-02,5.318856239318847656e-02,5.134105682373046875e-03,4.594992101192474365e-01
7.199999999999999734e-01,2.663723826408386230e-01,-6.756238937377929688e-01,1.343860983848571777e+00,8.854016065597534180e-01,-3.932660222053527832e-01,8.170136809349060059e-01,9.921981096267700195e-01,1.152846440672874451e-01,-4.746050760149955750e-02,-1.081495210528373718e-01,9.852829575538635254e-01,1.323679983615875244e-01,6.202202662825584412e-02,-1.262024343013763428e-01,9.900637865066528320e-01,-5.316672921180725098e-01,-1.080933690071105957e+00,-1.926388442516326904e-01,1.000000000000000000e+00,0.000000000000000000e+00,2.663723826408386230e-01,-6.756238937377929688e-01,1.343860983848571777e+00,8.854016065597534180e-01,-3.932660222053527832e-01,8.170136809349060059e-01,1.000000000000000000e+00,2.985663115978240967e-01,6.655600666999816895e-01,1.189521193504333496e+00,1.083230495452880859e+00,5.146428942680358887e-01,9.215631335973739624e-02,1.000000000000000000e+00,2.746846437454223633e+00,-4.188797771930694580e-01,1.244593739509582520e+00,-5.095605254173278809e-01,5.372235178947448730e-01,7.272742688655853271e-02,1.000000000000000000e+00,2.826300382614135742e+00,5.441686511039733887e-01,8.533366322517395020e-01,-4.529522955417633057e-01,-5.273895263671875000e-01,4.570962786674499512e-01,1.000000000000000000e+00,0.000000000000000000e+00,1.000000000000000000e+00,1.000000000000000000e+00,0.000000000000000000e+00,2.985663115978240967e-01,6.655600666999816895e-01,1.189521193504333496e+00,1.083230495452880859e+00,5.146428942680358887e-01,9.215631335973739624e-02,9.753237366676330566e-01,1.033532917499542236e-01,1.950943320989608765e-01,-9.790670871734619141e-02,9.944932460784912109e-01,-3.738402202725410461e-02,-1.978837400674819946e-01,1.736048050224781036e-02,9.800717830657958984e-01,5.600316524505615234e-01,6.141810212284326553e-03,-7.903323858045041561e-04,0.000000000000000000e+00,1.000000000000000000e+00,2.663723826408386230e-01,-6.756238937377929688e-01,1.343860983848571777e+00,8.854016065597534180e-01,-3.932660222053527832e-01,8.170136809349060059e-01,1.000000000000000000e+00,2.985663115978240967e-01,6.655600666999816895e-01,1.189521193504333496e+00,1.083230495452880859e+00,5.146428942680358887e-01,9.215631335973739624e-02,1.000000000000000000e+00,2.746846437454223633e+00,-4.188797771930694580e-01,1.244593739509582520e+00,-5.095605254173278809e-01,5.372235178947448730e-01,7.272742688655853271e-02,1.000000000000000000e+00,2.826300382614135742e+00,5.441686511039733887e-01,8.533366322517395020e-01,-4.529522955417633057e-01,-5.273895263671875000e-01,4.570962786674499512e-01,1.000000000000000000e+00,0.000000000000000000e+00,1.000000000000000000e+00,1.000000000000000000e+00,0.000000000000000000e+00,2.746846437454223633e+00,-4.188797771930694580e-01,1.244593739509582520e+00,-5.095605254173278809e-01,5.372235178947448730e-01,7.272742688655853271e-02,-1.629832018998086940e-01,1.572521491342815381e-02,-2.810342473711993638e-03,1.000000000000000000e+00,2.826300382614135742e+00,5.441686511039733887e-01,8.533366322517395020e-01,-4.529522955417633057e-01,-5.273895263671875000e-01,4.570962786674499512e-01,1.189748683963044174e-01,3.114430547432189833e-02,3.781472521314076241e-03,1.000000000000000000e+00,-1.999981999397277832e-01,-2.000000029802322388e-01,-1.000000014901161194e-01,4.309932887554168701e-01,9.971754997968673706e-02,1.999510675668716431e-01,-1.000000014901161194e-01,4.263105094432830811e-01,-1.804761886596679688e-01,5.596184730529785156e-02,-1.020526885986328125e-02,4.036085009574890137e-01,8.474993705749511719e-02,4.995703697204589844e-02,4.242181777954101562e-03,4.562980830669403076e-01
7.399999999999999911e-01,2.839239239692687988e-01,-6.832128763198852539e-01,1.360206484794616699e+00,8.673550486564636230e-01,-3.621644079685211182e-01,8.174442648887634277e-01,9.906713962554931641e-01,1.194386929273605347e-01,-6.561002135276794434e-02,-1.090316325426101685e-01,9.835318922996520996e-01,1.441432386636734009e-01,8.174581825733184814e-02,-1.356450170278549194e-01,9.873794317245483398e-01,-4.517370462417602539e-01,-8.613305687904357910e-01,-1.669972538948059082e-01,1.000000000000000000e+00,0.000000000000000000e+00,2.839239239692687988e-01,-6.832128763198852539e-01,1.360206484794616699e+00,8.673550486564636230e-01,-3.621644079685211182e-01,8.174442648887634277e-01,1.000000000000000000e+00,3.204962313175201416e-01,6.757483482360839844e-01,1.191296696662902832e+00,1.112720131874084473e+00,5.026242733001708984e-01,8.509509265422821045e-02,1.000000000000000000e+00,2.736721992492675781e+00,-4.078787565231323242e-01,1.246058344841003418e+00,-5.019543170928955078e-01,5.657725334167480469e-01,7.370734959840774536e-02,1.000000000000000000e+00,2.817337751388549805e+00,5.334182977676391602e-01,8.626989722251892090e-01,-4.420979619026184082e-01,-5.496831536293029785e-01,4.813931286334991455e-01,1.000000000000000000e+00,0.000000000000000000e+00,1.000000000000000000e+00,1.000000000000000000e+00,0.000000000000000000e+00,3.204962313175201416e-01,6.757483482360839844e-01,1.191296696662902832e+00,1.112720131874084473e+00,5.026242733001708984e-01,8.509509265422821045e-02,9.752998948097229004e-01,1.055168434977531433e-01,1.940525323152542114e-01,-9.791719168424606323e-02,9.940182566642761230e-01,-4.837374389171600342e-02,-1.979960054159164429e-01,2.817782759666442871e-02,9.797977805137634277e-01,5.426826477050781250e-01,5.155330523848533630e-03,-7.363948388956487179e-04,0.000000000000000000e+00,1.000000000000000000e+00,2.839239239692687988e-01,-6.832128763198852539e-01,1.360206484794616699e+00,8.673550486564636230e-01,-3.621644079685211182e-01,8.174442648887634277e-01,1.000000000000000000e+00,3.204962313175201416e-01,6.757483482360839844e-01,1.191296696662902832e+00,1.112720131874084473e+00,5.026242733001708984e-01,8.509509265422821045e-02,1.000000000000000000e+00,2.736721992492675781e+00,-4.078787565231323242e-01,1.246058344841003418e+00,-5.019543170928955078e-01,5.657725334167480469e-01,7.370734959840774536e-02,1.000000000000000000e+00,2.817337751388549805e+00,5.334182977676391602e-01,8.626989722251892090e-01,-4.420979619026184082e-01,-5.496831536293029785e-01,4.813931286334991455e-01,1.000000000000000000e+00,0.000000000000000000e+00,1.000000000000000000e+00,1.000000000000000000e+00,0.000000000000000000e+00,2.736721992492675781e+00,-4.078787565231323242e-01,1.246058344841003418e+00,-5.019543170928955078e-01,5.657725334167480469e-01,7.370734959840774536e-02,-1.656864732145531816e-01,2.134694920887114655e-02,-3.812813590616553894e-03,1.000000000000000000e+00,2.817337751388549805e+00,5.334182977676391602e-01,8.626989722251892090e-01,-4.420979619026184082e-01,-5.496831536293029785e-01,4.813931286334991455e-01,1.152526502424022770e-01,3.426894359414367486e-02,4.003589193848293426e-03,1.000000000000000000e+00,-1.999987810850143433e-01,-2.000000029802322388e-01,-1.000000014901161194e-01,4.244776070117950439e-01,1.092151403427124023e-01,1.999999880790710449e-01,-1.000000014901161194e-01,4.353883862495422363e-01,-1.784119606018066406e-01,5.796313285827636719e-02,-1.044631004333496094e-02,4.024500846862792969e-01,7.259798049926757812e-02,4.591202735900878906e-02,3.337860107421875000e-03,4.530017971992492676e-01
7.600000000000000089e-01,3.010845184326171875e-01,-6.901616454124450684e-01,1.376551985740661621e+00,8.461129069328308105e-01,-3.291226327419281006e-01,8.168317079544067383e-01,9.891290664672851562e-01,1.231198832392692566e-01,-8.040803670883178711e-02,-1.096706911921501160e-01,9.819055199623107910e-01,1.543828696012496948e-01,9.796068072319030762e-02,-1.438861638307571411e-01,9.847338199615478516e-01,-4.103551506996154785e-01,-7.409131526947021484e-01,-1.381397247314453125e-01,1.000000000000000000e+00,0.000000000000000000e+00,3.010845184326171875e-01,-6.901616454124450684e-01,1.376551985740661621e+00,8.461129069328308105e-01,-3.291226327419281006e-01,8.168317079544067383e-01,1.000000000000000000e+00,3.430164456367492676e-01,6.856769323348999023e-01,1.192953109741210938e+00,1.142279982566833496e+00,4.884690344333648682e-01,8.051345497369766235e-02,1.000000000000000000e+00,2.726758718490600586e+00,-3.963051736354827881e-01,1.247535943984985352e+00,-4.933230578899383545e-01,5.944691300392150879e-01,7.394391298294067383e-02,1.000000000000000000e+00,2.808597326278686523e+00,5.222329497337341309e-01,8.725376725196838379e-01,-4.307592809200286865e-01,-5.707380175590515137e-01,5.045995712280273438e-01,1.000000000000000000e+00,0.000000000000000000e+00,1.000000000000000000e+00,1.000000000000000000e+00,0.000000000000000000e+00,3.430164456367492676e-01,6.856769323348999023e-01,1.192953109741210938e+00,1.142279982566833496e+00,4.884690344333648682e-01,8.051345497369766235e-02,9.752801060676574707e-01,1.076019480824470520e-01,1.930047571659088135e-01,-9.792620688676834106e-02,9.934422373771667480e-01,-5.901847407221794128e-02,-1.980895698070526123e-01,3.865931555628776550e-02,9.794213771820068359e-01,5.272786021232604980e-01,4.320372827351093292e-03,-6.673883181065320969e-04,0.000000000000000000e+00,1.000000000000000000e+00,3.010845184326171875e-01,-6.901616454124450684e-01,1.376551985740661621e+00,8.461129069328308105e-01,-3.291226327419281006e-01,8.168317079544067383e-01,1.000000000000000000e+00,3.430164456367492676e-01,6.856769323348999023e-01,1.192953109741210938e+00,1.142279982566833496e+00,4.884690344333648682e-01,8.051345497369766235e-02,1.000000000000000000e+00,2.726758718490600586e+00,-3.963051736354827881e-01,1.247535943984985352e+00,-4.933230578899383545e-01,5.944691300392150879e-01,7.394391298294067383e-02,1.000000000000000000e+00,2.808597326278686523e+00,5.222329497337341309e-01,8.725376725196838379e-01,-4.307592809200286865e-01,-5.707380175590515137e-01,5.045995712280273438e-01,1.000000000000000000e+00,0.000000000000000000e+00,1.000000000000000000e+00,1.000000000000000000e+00,0.000000000000000000e+00,2.726758718490600586e+00,-3.963051736354827881e-01,1.247535943984985352e+00,-4.933230578899383545e-01,5.944691300392150879e-01,7.394391298294067383e-02,-1.677916857503229386e-01,2.650200931475943378e-02,-4.744237763623024295e-03,1.000000000000000000e+00,2.808597326278686523e+00,5.222329497337341309e-01,8.725376725196838379e-01,-4.307592809200286865e-01,-5.707380175590515137e-01,5.045995712280273438e-01,1.103475197012002834e-01,3.641905143612111928e-02,4.040231120865683812e-03,1.000000000000000000e+00,-1.999954134225845337e-01,-2.000000029802322388e-01,-1.000000014901161194e-01,4.183996319770812988e-01,1.188728213310241699e-01,1.999999135732650757e-01,-1.000000014901161194e-01,4.464364945888519287e-01,-1.754593849182128906e-01,5.934977531433105469e-02,-1.051521301269531250e-02,4.015467464923858643e-01,6.016397476196289062e-02,4.123044013977050781e-02,2.482891082763671875e-03,4.497050344944000244e-01
7.800000000000000266e-01,3.177962601184844971e-01,-6.964349150657653809e-01,1.392871856689453125e+00,8.222872018814086914e-01,-2.945027649402618408e-01,8.146353363990783691e-01,9.875876307487487793e-01,1.262650787830352783e-01,-9.342295676469802856e-02,-1.098667159676551819e-01,9.803870320320129395e-01,1.636175364255905151e-01,1.122498288750648499e-01,-1.513225883245468140e-01,9.820904135704040527e-01,-3.651830554008483887e-01,-6.708897948265075684e-01,-1.087868139147758484e-01,1.000000000000000000e+00,0.000000000000000000e+00,3.177962601184844971e-01,-6.964349150657653809e-01,1.392871856689453125e+00,8.222872018814086914e-01,-2.945027649402618408e-01,8.146353363990783691e-01,1.000000000000000000e+00,3.661291003227233887e-01,6.953032016754150391e-01,1.194542884826660156e+00,1.171988487243652344e+00,4.721720218658447266e-01,7.880759984254837036e-02,1.000000000000000000e+00,2.716976642608642578e+00,-3.841572403907775879e-01,1.249011635780334473e+00,-4.837765991687774658e-01,6.231928467750549316e-01,7.349368184804916382e-02,1.000000000000000000e+00,2.800086259841918945e+00,5.106394886970520020e-01,8.828296065330505371e-01,-4.191685616970062256e-01,-5.903003215789794922e-01,5.265716314315795898e-01,1.000000000000000000e+00,0.000000000000000000e+00,1.000000000000000000e+00,1.000000000000000000e+00,0.000000000000000000e+00,3.661291003227233887e-01,6.953032016754150391e-01,1.194542884826660156e+00,1.171988487243652344e+00,4.721720218658447266e-01,7.880759984254837036e-02,9.752629995346069336e-01,1.096249073743820190e-01,1.919495612382888794e-01,-9.793353080749511719e-02,9.927702546119689941e-01,-6.940049678087234497e-02,-1.981698125600814819e-01,4.888543486595153809e-02,9.789479970932006836e-01,5.179995894432067871e-01,3.798867575824260712e-03,-5.828642169944941998e-04,0.000000000000000000e+00,1.000000000000000000e+00,3.177962601184844971e-01,-6.964349150657653809e-01,1.392871856689453125e+00,8.222872018814086914e-01,-2.945027649402618408e-01,8.146353363990783691e-01,1.000000000000000000e+00,3.661291003227233887e-01,6.953032016754150391e-01,1.194542884826660156e+00,1.171988487243652344e+00,4.721720218658447266e-01,7.880759984254837036e-02,1.000000000000000000e+00,2.716976642608642578e+00,-3.841572403907775879e-01,1.249011635780334473e+00,-4.837765991687774658e-01,6.231928467750549316e-01,7.349368184804916382e-02,1.000000000000000000e+00,2.800086259841918945e+00,5.106394886970520020e-01,8.828296065330505371e-01,-4.191685616970062256e-01,-5.903003215789794922e-01,5.265716314315795898e-01,1.000000000000000000e+00,0.000000000000000000e+00,1.000000000000000000e+00,1.000000000000000000e+00,0.000000000000000000e+00,2.716976642608642578e+00,-3.841572403907775879e-01,1.249011635780334473e+00,-4.837765991687774658e-01,6.231928467750549316e-01,7.349368184804916382e-02,-1.692581037280703748e-01,3.117092290578193925e-02,-5.586271284453603325e-03,1.000000000000000000e+00,2.800086259841918945e+00,5.106394886970520020e-01,8.828296065330505371e-01,-4.191685616970062256e-01,-5.903003215789794922e-01,5.265716314315795898e-01,1.043504315056326681e-01,3.763442781529469094e-02,3.909494721092247882e-03,1.000000000000000000e+00,-1.999964267015457153e-01,-2.000000029802322388e-01,-1.000000014901161194e-01,4.121535122394561768e-01,1.289579719305038452e-01,1.999984681606292725e-01,-1.000000014901161194e-01,4.540882706642150879e-01,-1.716001033782958984e-01,6.010222434997558594e-02,-1.040935516357421875e-02,4.009733796119689941e-01,4.768919944763183594e-02,3.603601455688476562e-02,1.719474792480468750e-03,4.464457929134368896e-01
8.000000000000000444e-01,3.340111076831817627e-01,-7.020038962364196777e-01,1.409130334854125977e+00,7.962659001350402832e-01,-2.586260735988616943e-01,8.104320168495178223e-01,9.860701560974121094e-01,1.288505643606185913e-01,-1.051825284957885742e-01,-1.096182689070701599e-01,9.790349602699279785e-01,1.716816127300262451e-01,1.250986307859420776e-01,-1.577601730823516846e-01,9.795214533805847168e-01,-3.080143630504608154e-01,-5.985586047172546387e-01,-8.288377523422241211e-02,1.000000000000000000e+00,0.000000000000000000e+00,3.340111076831817627e-01,-7.020038962364196777e-01,1.409130334854125977e+00,7.962659001350402832e-01,-2.586260735988616943e-01,8.104320168495178223e-01,1.000000000000000000e+00,3.898376524448394775e-01,7.045839428901672363e-01,1.196126461029052734e+00,1.201894044876098633e+00,4.537057280540466309e-01,8.022822439670562744e-02,1.000000000000000000e+00,2.707393169403076172e+00,-3.714354038238525391e-01,1.250473141670227051e+00,-4.734256267547607422e-01,6.518234014511108398e-01,7.244442403316497803e-02,1.000000000000000000e+00,2.791807889938354492e+00,4.986698329448699951e-01,8.935491442680358887e-01,-4.075404703617095947e-01,-6.081543564796447754e-01,5.472147464752197266e-01,1.000000000000000000e+00,0.000000000000000000e+00,1.000000000000000000e+00,1.000000000000000000e+00,0.000000000000000000e+00,3.898376524448394775e-01,7.045839428901672363e-01,1.196126461029052734e+00,1.201894044876098633e+00,4.537057280540466309e-01,8.022822439670562744e-02,9.752479791641235352e-01,1.116113439202308655e-01,1.908782422542572021e-01,-9.793891757726669312e-02,9.919999241828918457e-01,-7.965139299631118774e-02,-1.982411742210388184e-01,5.898544937372207642e-02,9.783769249916076660e-01,5.154942870140075684e-01,3.403063397854566574e-03,-4.916657926514744759e-04,0.000000000000000000e+00,1.000000000000000000e+00,3.340111076831817627e-01,-7.020038962364196777e-01,1.409130334854125977e+00,7.962659001350402832e-01,-2.586260735988616943e-01,8.104320168495178223e-01,1.000000000000000000e+00,3.898376524448394775e-01,7.045839428901672363e-01,1.196126461029052734e+00,1.201894044876098633e+00,4.537057280540466309e-01,8.022822439670562744e-02,1.000000000000000000e+00,2.707393169403076172e+00,-3.714354038238525391e-01,1.250473141670227051e+00,-4.734256267547607422e-01,6.518234014511108398e-01,7.244442403316497803e-02,1.000000000000000000e+00,2.791807889938354492e+00,4.986698329448699951e-01,8.935491442680358887e-01,-4.075404703617095947e-01,-6.081543564796447754e-01,5.472147464752197266e-01,1.000000000000000000e+00,0.000000000000000000e+00,1.000000000000000000e+00,1.000000000000000000e+00,0.000000000000000000e+00,2.707393169403076172e+00,-3.714354038238525391e-01,1.250473141670227051e+00,-4.734256267547607422e-01,6.518234014511108398e-01,7.244442403316497803e-02,-1.700480324661475529e-01,3.533486971445132241e-02,-6.322097424739797633e-03,1.000000000000000000e+00,2.791807889938354492e+00,4.986698329448699951e-01,8.935491442680358887e-01,-4.075404703617095947e-01,-6.081543564796447754e-01,5.472147464752197266e-01,9.739199991335084627e-02,3.796912183519363104e-02,3.638396477151716046e-03,1.000000000000000000e+00,-2.000000029802322388e-01,-2.000000029802322388e-01,-1.000000014901161194e-01,4.059389829635620117e-01,1.397514790296554565e-01,1.999743580818176270e-01,-1.000000014901161194e-01,4.565574228763580322e-01,-1.668138504028320312e-01,6.019759178161621094e-02,-1.012945175170898438e-02,4.007906019687652588e-01,3.534460067749023438e-02,3.042578697204589844e-02,1.075744628906250000e-03,4.432436525821685791e-01
8.200000000000000622e-01,3.496884703636169434e-01,-7.068465352058410645e-01,1.425284147262573242e+00,7.684084177017211914e-01,-2.218451052904129028e-01,8.038979768753051758e-01,9.846457839012145996e-01,1.309064775705337524e-01,-1.154830902814865112e-01,-1.090792566537857056e-01,9.778854846954345703e-01,1.784426867961883545e-01,1.362885385751724243e-01,-1.631060242652893066e-01,9.771499633789062500e-01,-2.541225850582122803e-01,-5.111878514289855957e-01,-6.087245047092437744e-02,1.000000000000000000e+00,0.000000000000000000e+00,3.496884703636169434e-01,-7.068465352058410645e-01,1.425284147262573242e+00,7.684084177017211914e-01,-2.218451052904129028e-01,8.038979768753051758e-01,1.000000000000000000e+00,4.141458868980407715e-01,7.134757041931152344e-01,1.197765707969665527e+00,1.231952071189880371e+00,4.330480098724365234e-01,8.456511795520782471e-02,1.000000000000000000e+00,2.698023319244384766e+00,-3.581427335739135742e-01,1.251908779144287109e+00,-4.623815119266510010e-01,6.802412867546081543e-01,7.091553509235382080e-02,1.000000000000000000e+00,2.783760547637939453e+00,4.863597452640533447e-01,9.046691060066223145e-01,-3.960698544979095459e-01,-6.241267919540405273e-01,5.664702653884887695e-01,1.000000000000000000e+00,0.000000000000000000e+00,1.000000000000000000e+00,1.000000000000000000e+00,0.000000000000000000e+00,4.141458868980407715e-01,7.134757041931152344e-01,1.197765707969665527e+00,1.231952071189880371e+00,4.330480098724365234e-01,8.456511795520782471e-02,9.752347469329833984e-01,1.135854348540306091e-01,1.897779852151870728e-01,-9.794232994318008423e-02,9.911236166954040527e-01,-8.989685028791427612e-02,-1.983043998479843140e-01,6.908322125673294067e-02,9.777029156684875488e-01,5.188339948654174805e-01,2.938465215265750885e-03,-3.935106797143816948e-04,0.000000000000000000e+00,1.000000000000000000e+00,3.496884703636169434e-01,-7.068465352058410645e-01,1.425284147262573242e+00,7.684084177017211914e-01,-2.218451052904129028e-01,8.038979768753051758e-01,1.000000000000000000e+00,4.141458868980407715e-01,7.134757041931152344e-01,1.197765707969665527e+00,1.231952071189880371e+00,4.330480098724365234e-01,8.456511795520782471e-02,1.000000000000000000e+00,2.698023319244384766e+00,-3.581427335739135742e-01,1.251908779144287109e+00,-4.623815119266510010e-01,6.802412867546081543e-01,7.091553509235382080e-02,1.000000000000000000e+00,2.783760547637939453e+00,4.863597452640533447e-01,9.046691060066223145e-01,-3.960698544979095459e-01,-6.241267919540405273e-01,5.664702653884887695e-01,1.000000000000000000e+00,0.000000000000000000e+00,1.000000000000000000e+00,1.000000000000000000e+00,0.000000000000000000e+00,2.698023319244384766e+00,-3.581427335739135742e-01,1.251908779144287109e+00,-4.623815119266510010e-01,6.802412867546081543e-01,7.091553509235382080e-02,-1.701268251939271892e-01,3.897527583199167367e-02,-6.936827832913564085e-03,1.000000000000000000e+00,2.783760547637939453e+00,4.863597452640533447e-01,9.046691060066223145e-01,-3.960698544979095459e-01,-6.241267919540405273e-01,5.664702653884887695e-01,8.962203969051221741e-02,3.748241727841050697e-02,3.259332880095236473e-03,1.000000000000000000e+00,-1.999999880790710449e-01,-2.000000029802322388e-01,-1.000000014901161194e-01,3.989137411117553711e-01,1.502406299114227295e-01,1.997618824243545532e-01,-1.000000014901161194e-01,4.583454430103302002e-01,-1.610870361328125000e-01,5.961537361145019531e-02,-9.681224822998046875e-03,4.009996354579925537e-01,2.326798439025878906e-02,2.448773384094238281e-02,5.698204040527343750e-04,4.401098489761352539e-01
8.399999999999999689e-01,3.647950589656829834e-01,-7.109479308128356934e-01,1.441284656524658203e+00,7.391180992126464844e-01,-1.845011413097381592e-01,7.947905063629150391e-01,9.833772778511047363e-01,1.325000524520874023e-01,-1.241487190127372742e-01,-1.083937361836433411e-01,9.769210815429687500e-01,1.840546578168869019e-01,1.456707417964935303e-01,-1.675382107496261597e-01,9.750441312789916992e-01,-2.132913917303085327e-01,-4.256542026996612549e-01,-4.275560006499290466e-02,1.000000000000000000e+00,0.000000000000000000e+00,3.647950589656829834e-01,-7.109479308128356934e-01,1.441284656524658203e+00,7.391180992126464844e-01,-1.845011413097381592e-01,7.947905063629150391e-01,1.000000000000000000e+00,4.390559494495391846e-01,7.219344973564147949e-01,1.199514508247375488e+00,1.262065768241882324e+00,4.101833403110504150e-01,9.135089069604873657e-02,1.000000000000000000e+00,2.688879251480102539e+00,-3.442845344543457031e-01,1.253310918807983398e+00,-4.507558941841125488e-01,7.083274722099304199e-01,6.905180215835571289e-02,1.000000000000000000e+00,2.775940179824829102e+00,4.737481772899627686e-01,9.161614179611206055e-01,-3.849311769008636475e-01,-6.380860805511474609e-01,5.843057036399841309e-01,1.000000000000000000e+00,0.000000000000000000e+00,1.000000000000000000e+00,1.000000000000000000e+00,0.000000000000000000e+00,4.390559494495391846e-01,7.219344973564147949e-01,1.199514508247375488e+00,1.262065768241882324e+00,4.101833403110504150e-01,9.135089069604873657e-02,9.752243161201477051e-01,1.155636906623840332e-01,1.886333674192428589e-01,-9.794379770755767822e-02,9.901320934295654297e-01,-1.002269312739372253e-01,-1.983545571565628052e-01,7.926826924085617065e-02,9.769196510314941406e-01,5.244342088699340820e-01,1.878398121334612370e-03,-2.297318278579041362e-04,0.000000000000000000e+00,1.000000000000000000e+00,3.647950589656829834e-01,-7.109479308128356934e-01,1.441284656524658203e+00,7.391180992126464844e-01,-1.845011413097381592e-01,7.947905063629150391e-01,1.000000000000000000e+00,4.390559494495391846e-01,7.219344973564147949e-01,1.199514508247375488e+00,1.262065768241882324e+00,4.101833403110504150e-01,9.135089069604873657e-02,1.000000000000000000e+00,2.688879251480102539e+00,-3.442845344543457031e-01,1.253310918807983398e+00,-4.507558941841125488e-01,7.083274722099304199e-01,6.905180215835571289e-02,1.000000000000000000e+00,2.775940179824829102e+00,4.737481772899627686e-01,9.161614179611206055e-01,-3.849311769008636475e-01,-6.380860805511474609e-01,5.843057036399841309e-01,1.000000000000000000e+00,0.000000000000000000e+00,1.000000000000000000e+00,1.000000000000000000e+00,0.000000000000000000e+00,2.688879251480102539e+00,-3.442845344543457031e-01,1.253310918807983398e+00,-4.507558941841125488e-01,7.083274722099304199e-01,6.905180215835571289e-02,-1.694631934059163680e-01,4.207382569744999579e-02,-7.418801768593330515e-03,1.000000000000000000e+00,2.775940179824829102e+00,4.737481772899627686e-01,9.161614179611206055e-01,-3.849311769008636475e-01,-6.380860805511474609e-01,5.843057036399841309e-01,8.119090226754396844e-02,3.623603567436717299e-02,2.806936889317351858e-03,1.000000000000000000e+00,-1.999998688697814941e-01,-2.000000029802322388e-01,-1.000000014901161194e-01,3.926807641983032227e-01,1.612789928913116455e-01,1.999320983886718750e-01,-1.000000014901161194e-01,4.609250426292419434e-01,-1.544094085693359375e-01,5.833625793457031250e-02,-9.074449539184570312e-03,4.015628099441528320e-01,1.156473159790039062e-02,1.830029487609863281e-02,2.117156982421875000e-04,4.370505809783935547e-01
8.599999999999999867e-01,3.793058991432189941e-01,-7.142996191978454590e-01,1.457078695297241211e+00,7.087874412536621094e-01,-1.468698829412460327e-01,7.829579114913940430e-01,9.822770953178405762e-01,1.337166279554367065e-01,-1.313465237617492676e-01,-1.076302528381347656e-01,9.760999679565429688e-01,1.887987703084945679e-01,1.534528434276580811e-01,-1.713158339262008667e-01,9.731923937797546387e-01,-1.840243041515350342e-01,-3.571603298187255859e-01,-2.831306308507919312e-02,1.000000000000000000e+00,0.000000000000000000e+00,3.793058991432189941e-01,-7.142996191978454590e-01,1.457078695297241211e+00,7.087874412536621094e-01,-1.468698829412460327e-01,7.829579114913940430e-01,1.000000000000000000e+00,4.645681679248809814e-01,7.299160361289978027e-01,1.201418161392211914e+00,1.292153000831604004e+00,3.850895166397094727e-01,1.002035513520240784e-01,1.000000000000000000e+00,2.679972410202026367e+00,-3.298684060573577881e-01,1.254673719406127930e+00,-4.386611878871917725e-01,7.359611988067626953e-01,6.701158732175827026e-02,1.000000000000000000e+00,2.768338203430175781e+00,4.608762264251708984e-01,9.279974102973937988e-01,-3.742787241935729980e-01,-6.499396562576293945e-01,6.007066369056701660e-01,1.000000000000000000e+00,0.000000000000000000e+00,1.000000000000000000e+00,1.000000000000000000e+00,0.000000000000000000e+00,4.645681679248809814e-01,7.299160361289978027e-01,1.201418161392211914e+00,1.292153000831604004e+00,3.850895166397094727e-01,1.002035513520240784e-01,9.752188920974731445e-01,1.175469011068344116e-01,1.874327659606933594e-01,-9.794488549232482910e-02,9.890218973159790039e-01,-1.106464043259620667e-01,-1.983812451362609863e-01,8.954637497663497925e-02,9.760258793830871582e-01,5.290216803550720215e-01,9.077902068383991718e-04,-1.592692569829523563e-04,0.000000000000000000e+00,1.000000000000000000e+00,3.793058991432189941e-01,-7.142996191978454590e-01,1.457078695297241211e+00,7.087874412536621094e-01,-1.468698829412460327e-01,7.829579114913940430e-01,1.000000000000000000e+00,4.645681679248809814e-01,7.299160361289978027e-01,1.201418161392211914e+00,1.292153000831604004e+00,3.850895166397094727e-01,1.002035513520240784e-01,1.000000000000000000e+00,2.679972410202026367e+00,-3.298684060573577881e-01,1.254673719406127930e+00,-4.386611878871917725e-01,7.359611988067626953e-01,6.701158732175827026e-02,1.000000000000000000e+00,2.768338203430175781e+00,4.608762264251708984e-01,9.279974102973937988e-01,-3.742787241935729980e-01,-6.499396562576293945e-01,6.007066369056701660e-01,1.000000000000000000e+00,0.000000000000000000e+00,1.000000000000000000e+00,1.000000000000000000e+00,0.000000000000000000e+00,2.679972410202026367e+00,-3.298684060573577881e-01,1.254673719406127930e+00,-4.386611878871917725e-01,7.359611988067626953e-01,6.701158732175827026e-02,-1.680293816585310407e-01,4.461215200847945539e-02,-7.760032460598934034e-03,1.000000000000000000e+00,2.768338203430175781e+00,4.608762264251708984e-01,9.279974102973937988e-01,-3.742787241935729980e-01,-6.499396562576293945e-01,6.007066369056701660e-01,7.224113457225625479e-02,3.429431878127342515e-02,2.315955581663697860e-03,1.000000000000000000e+00,-2.000000029802322388e-01,-2.000000029802322388e-01,-1.000000014901161194e-01,3.881126046180725098e-01,1.735627055168151855e-01,1.958188414573669434e-01,-1.000000014901161194e-01,4.640065133571624756e-01,-1.467623710632324219e-01,5.633831024169921875e-02,-8.323669433593750000e-03,4.024494588375091553e-01,2.970695495605468750e-04,1.192498207092285156e-02,3.576278686523437500e-06,4.340673983097076416e-01
8.800000000000000044e-01,3.932030498981475830e-01,-7.168973684310913086e-01,1.472611904144287109e+00,6.777185201644897461e-01,-1.091286092996597290e-01,7.684584259986877441e-01,9.813197255134582520e-01,1.346344351768493652e-01,-1.374239176511764526e-01,-1.068083643913269043e-01,9.753897190093994141e-01,1.928913444280624390e-01,1.600116640329360962e-01,-1.746100336313247681e-01,9.715491533279418945e-01,-1.602723151445388794e-01,-3.064958751201629639e-01,-1.717192493379116058e-02,1.000000000000000000e+00,0.000000000000000000e+00,3.932030498981475830e-01,-7.168973684310913086e-01,1.472611904144287109e+00,6.777185201644897461e-01,-1.091286092996597290e-01,7.684584259986877441e-01,1.000000000000000000e+00,4.906814396381378174e-01,7.373753786087036133e-01,1.203515410423278809e+00,1.322155475616455078e+00,3.577418327331542969e-01,1.108715087175369263e-01,1.000000000000000000e+00,2.671310901641845703e+00,-3.149045705795288086e-01,1.255995273590087891e+00,-4.262110590934753418e-01,7.630181908607482910e-01,6.495570391416549683e-02,1.000000000000000000e+00,2.760944128036499023e+00,4.477866590023040771e-01,9.401485919952392578e-01,-3.642470836639404297e-01,-6.596288084983825684e-01,6.156705021858215332e-01,1.000000000000000000e+00,0.000000000000000000e+00,1.000000000000000000e+00,1.000000000000000000e+00,0.000000000000000000e+00,4.906814396381378174e-01,7.373753786087036133e-01,1.203515410423278809e+00,1.322155475616455078e+00,3.577418327331542969e-01,1.108715087175369263e-01,9.752280712127685547e-01,1.195188537240028381e-01,1.861332952976226807e-01,-9.793689101934432983e-02,9.877917766571044922e-01,-1.211440488696098328e-01,-1.983399391174316406e-01,9.991375356912612915e-02,9.750275015830993652e-01,5.354465842247009277e-01,-9.082239121198654175e-03,1.565458136610686779e-03,0.000000000000000000e+00,1.000000000000000000e+00,3.932030498981475830e-01,-7.168973684310913086e-01,1.472611904144287109e+00,6.777185201644897461e-01,-1.091286092996597290e-01,7.684584259986877441e-01,1.000000000000000000e+00,4.906814396381378174e-01,7.373753786087036133e-01,1.203515410423278809e+00,1.322155475616455078e+00,3.577418327331542969e-01,1.108715087175369263e-01,1.000000000000000000e+00,2.671310901641845703e+00,-3.149045705795288086e-01,1.255995273590087891e+00,-4.262110590934753418e-01,7.630181908607482910e-01,6.495570391416549683e-02,1.000000000000000000e+00,2.760944128036499023e+00,4.477866590023040771e-01,9.401485919952392578e-01,-3.642470836639404297e-01,-6.596288084983825684e-01,6.156705021858215332e-01,1.000000000000000000e+00,0.000000000000000000e+00,1.000000000000000000e+00,1.000000000000000000e+00,0.000000000000000000e+00,2.671310901641845703e+00,-3.149045705795288086e-01,1.255995273590087891e+00,-4.262110590934753418e-01,7.630181908607482910e-01,6.495570391416549683e-02,-1.657986850288616920e-01,4.657013529202780333e-02,-7.954380936920121825e-03,1.000000000000000000e+00,2.760944128036499023e+00,4.477866590023040771e-01,9.401485919952392578e-01,-3.642470836639404297e-01,-6.596288084983825684e-01,6.156705021858215332e-01,6.290626036141887256e-02,3.172370385295075756e-02,1.819404374454713924e-03,1.000000000000000000e+00,-2.000000029802322388e-01,-2.000000029802322388e-01,-1.000000014901161194e-01,3.840606212615966797e-01,1.867242157459259033e-01,1.860522329807281494e-01,-1.000000014901161194e-01,4.671198427677154541e-01,-1.381194591522216797e-01,5.359578132629394531e-02,-7.446289062500000000e-03,4.036453366279602051e-01,-1.052498817443847656e-02,5.405187606811523438e-03,-5.698204040527343750e-05,4.311661422252655029e-01
9.000000000000000222e-01,4.064737558364868164e-01,-7.187402248382568359e-01,1.487832188606262207e+00,6.461180448532104492e-01,-7.138840109109878540e-02,7.514826655387878418e-01,9.804778695106506348e-01,1.353146880865097046e-01,-1.426643878221511841e-01,-1.059457212686538696e-01,9.747765064239501953e-01,1.964340060949325562e-01,1.656462997198104858e-01,-1.774844974279403687e-01,9.700827598571777344e-01,-1.382118761539459229e-01,-2.661144137382507324e-01,-8.870877325534820557e-03,1.000000000000000000e+00,0.000000000000000000e+00,4.064737558364868164e-01,-7.187402248382568359e-01,1.487832188606262207e+00,6.461180448532104492e-01,-7.138840109109878540e-02,7.514826655387878418e-01,1.000000000000000000e+00,5.173935294151306152e-01,7.442673444747924805e-01,1.205840945243835449e+00,1.351992249488830566e+00,3.281105756759643555e-01,1.231778413057327271e-01,1.000000000000000000e+00,2.662900447845458984e+00,-2.994057834148406982e-01,1.257276773452758789e+00,-4.135214388370513916e-01,7.893696427345275879e-01,6.304472684860229492e-02,1.000000000000000000e+00,2.753744125366210938e+00,4.345230162143707275e-01,9.525861740112304688e-01,-3.549517691135406494e-01,-6.671253442764282227e-01,6.292031407356262207e-01,1.000000000000000000e+00,0.000000000000000000e+00,1.000000000000000000e+00,1.000000000000000000e+00,0.000000000000000000e+00,5.173935294151306152e-01,7.442673444747924805e-01,1.205840945243835449e+00,1.351992249488830566e+00,3.281105756759643555e-01,1.231778413057327271e-01,9.753271937370300293e-01,1.214394122362136841e-01,1.843622624874114990e-01,-9.791523218154907227e-02,9.864333271980285645e-01,-1.317650377750396729e-01,-1.978625357151031494e-01,1.104621440172195435e-01,9.739859104156494141e-01,5.485343933105468750e-01,-5.011971667408943176e-02,7.144895847886800766e-03,0.000000000000000000e+00,1.000000000000000000e+00,4.064737558364868164e-01,-7.187402248382568359e-01,1.487832188606262207e+00,6.461180448532104492e-01,-7.138840109109878540e-02,7.514826655387878418e-01,1.000000000000000000e+00,5.173935294151306152e-01,7.442673444747924805e-01,1.205840945243835449e+00,1.351992249488830566e+00,3.281105756759643555e-01,1.231778413057327271e-01,1.000000000000000000e+00,2.662900447845458984e+00,-2.994057834148406982e-01,1.257276773452758789e+00,-4.135214388370513916e-01,7.893696427345275879e-01,6.304472684860229492e-02,1.000000000000000000e+00,2.753744125366210938e+00,4.345230162143707275e-01,9.525861740112304688e-01,-3.549517691135406494e-01,-6.671253442764282227e-01,6.292031407356262207e-01,1.000000000000000000e+00,0.000000000000000000e+00,1.000000000000000000e+00,1.000000000000000000e+00,0.000000000000000000e+00,2.662900447845458984e+00,-2.994057834148406982e-01,1.257276773452758789e+00,-4.135214388370513916e-01,7.893696427345275879e-01,6.304472684860229492e-02,-1.627436045964142930e-01,4.792627395212600838e-02,-7.997526482245165269e-03,1.000000000000000000e+00,2.753744125366210938e+00,4.345230162143707275e-01,9.525861740112304688e-01,-3.549517691135406494e-01,-6.671253442764282227e-01,6.292031407356262207e-01,5.330880003666087219e-02,2.859032792883553498e-02,1.347007607806188084e-03,1.000000000000000000e+00,-1.999954730272293091e-01,-1.999999880790710449e-01,-1.000000014901161194e-01,3.802250921726226807e-01,1.992951035499572754e-01,1.756779104471206665e-01,-1.000000014901161194e-01,4.713388681411743164e-01,-1.284370422363281250e-01,5.007624626159667969e-02,-6.464481353759765625e-03,4.051469564437866211e-01,-2.093005180358886719e-02,-1.232624053955078125e-03,2.574920654296875000e-05,4.283517599105834961e-01
9.200000000000000400e-01,4.191088378429412842e-01,-7.198289036750793457e-01,1.502692103385925293e+00,6.141391992568969727e-01,-3.373834118247032166e-02,7.322263121604919434e-01,9.797381758689880371e-01,1.358059942722320557e-01,-1.472072452306747437e-01,-1.050750538706779480e-01,9.742540121078491211e-01,1.994704902172088623e-01,1.705065220594406128e-01,-1.799610257148742676e-01,9.687836170196533203e-01,-1.175942122936248779e-01,-2.297954261302947998e-01,-2.924866508692502975e-03,1.000000000000000000e+00,0.000000000000000000e+00,4.191088378429412842e-01,-7.198289036750793457e-01,1.502692103385925293e+00,6.141391992568969727e-01,-3.373834118247032166e-02,7.322263121604919434e-01,1.000000000000000000e+00,5.446995496749877930e-01,7.505457997322082520e-01,1.208426952362060547e+00,1.381478190422058105e+00,2.961462438106536865e-01,1.370477229356765747e-01,1.000000000000000000e+00,2.654745340347290039e+00,-2.833872735500335693e-01,1.258522629737854004e+00,-4.007111787796020508e-01,8.148810267448425293e-01,6.143799796700477600e-02,1.000000000000000000e+00,2.746722936630249023e+00,4.211291968822479248e-01,9.652816057205200195e-01,-3.464907109737396240e-01,-6.724275946617126465e-01,6.413158774375915527e-01,1.000000000000000000e+00,0.000000000000000000e+00,1.000000000000000000e+00,1.000000000000000000e+00,0.000000000000000000e+00,5.446995496749877930e-01,7.505457997322082520e-01,1.208426952362060547e+00,1.381478190422058105e+00,2.961462438106536865e-01,1.370477229356765747e-01,9.756531715393066406e-01,1.232516169548034668e-01,1.814111173152923584e-01,-9.791499376296997070e-02,9.849301576614379883e-01,-1.425665915012359619e-01,-1.962488293647766113e-01,1.213326752185821533e-01,9.730184078216552734e-01,5.659554600715637207e-01,-1.247709617018699646e-01,1.606092415750026703e-02,0.000000000000000000e+00,1.000000000000000000e+00,4.191088378429412842e-01,-7.198289036750793457e-01,1.502692103385925293e+00,6.141391992568969727e-01,-3.373834118247032166e-02,7.322263121604919434e-01,1.000000000000000000e+00,5.446995496749877930e-01,7.505457997322082520e-01,1.208426952362060547e+00,1.381478190422058105e+00,2.961462438106536865e-01,1.370477229356765747e-01,1.000000000000000000e+00,2.654745340347290039e+00,-2.833872735500335693e-01,1.258522629737854004e+00,-4.007111787796020508e-01,8.148810267448425293e-01,6.143799796700477600e-02,1.000000000000000000e+00,2.746722936630249023e+00,4.211291968822479248e-01,9.652816057205200195e-01,-3.464907109737396240e-01,-6.724275946617126465e-01,6.413158774375915527e-01,1.000000000000000000e+00,0.000000000000000000e+00,1.000000000000000000e+00,1.000000000000000000e+00,0.000000000000000000e+00,2.654745340347290039e+00,-2.833872735500335693e-01,1.258522629737854004e+00,-4.007111787796020508e-01,8.148810267448425293e-01,6.143799796700477600e-02,-1.588357325616756022e-01,4.865892958633466492e-02,-7.887635197583606206e-03,1.000000000000000000e+00,2.746722936630249023e+00,4.211291968822479248e-01,9.652816057205200195e-01,-3.464907109737396240e-01,-6.724275946617126465e-01,6.413158774375915527e-01,4.355519971093023412e-02,2.495679413213691689e-02,9.241885089015973442e-04,1.000000000000000000e+00,-1.999978423118591309e-01,-2.000000029802322388e-01,-1.000000014901161194e-01,3.766015470027923584e-01,1.999999582767486572e-01,1.630262136459350586e-01,-1.000000014901161194e-01,4.754958450794219971e-01,-1.176300048828125000e-01,4.572939872741699219e-02,-5.402088165283203125e-03,4.069655835628509521e-01,-3.096437454223632812e-02,-7.972002029418945312e-03,2.470016479492187500e-04,4.256212115287780762e-01
9.400000000000000577e-01,4.311018884181976318e-01,-7.201659679412841797e-01,1.517147898674011230e+00,5.819112658500671387e-01,3.743574721738696098e-03,7.108697295188903809e-01,9.790960550308227539e-01,1.361507624387741089e-01,-1.511097103357315063e-01,-1.042329892516136169e-01,9.738134145736694336e-01,2.020474225282669067e-01,1.746615618467330933e-01,-1.820731908082962036e-01,9.676481485366821289e-01,-9.962017834186553955e-02,-1.961454153060913086e-01,1.128333620727062225e-03,1.000000000000000000e+00,0.000000000000000000e+00,4.311018884181976318e-01,-7.201659679412841797e-01,1.517147898674011230e+00,5.819112658500671387e-01,3.743574721738696098e-03,7.108697295188903809e-01,1.000000000000000000e+00,5.725899338722229004e-01,7.561635375022888184e-01,1.211304426193237305e+00,1.410296082496643066e+00,2.617926299571990967e-01,1.524976789951324463e-01,1.000000000000000000e+00,2.646846532821655273e+00,-2.668671011924743652e-01,1.259740114212036133e+00,-3.879022002220153809e-01,8.394110202789306641e-01,6.029333919286727905e-02,1.000000000000000000e+00,2.739862680435180664e+00,4.076489806175231934e-01,9.782065749168395996e-01,-3.389461934566497803e-01,-6.755551695823669434e-01,6.520250439643859863e-01,1.000000000000000000e+00,0.000000000000000000e+00,1.000000000000000000e+00,1.000000000000000000e+00,0.000000000000000000e+00,5.725899338722229004e-01,7.561635375022888184e-01,1.211304426193237305e+00,1.410296082496643066e+00,2.617926299571990967e-01,1.524976789951324463e-01,9.762940406799316406e-01,1.248480901122093201e-01,1.768134981393814087e-01,-9.797138720750808716e-02,9.833030700683593750e-01,-1.533516049385070801e-01,-1.930069178342819214e-01,1.323935985565185547e-01,9.722244143486022949e-01,5.515621900558471680e-01,-2.125928699970245361e-01,2.796738967299461365e-02,0.000000000000000000e+00,1.000000000000000000e+00,4.311018884181976318e-01,-7.201659679412841797e-01,1.517147898674011230e+00,5.819112658500671387e-01,3.743574721738696098e-03,7.108697295188903809e-01,1.000000000000000000e+00,5.725899338722229004e-01,7.561635375022888184e-01,1.211304426193237305e+00,1.410296082496643066e+00,2.617926299571990967e-01,1.524976789951324463e-01,1.000000000000000000e+00,2.646846532821655273e+00,-2.668671011924743652e-01,1.259740114212036133e+00,-3.879022002220153809e-01,8.394110202789306641e-01,6.029333919286727905e-02,1.000000000000000000e+00,2.739862680435180664e+00,4.076489806175231934e-01,9.782065749168395996e-01,-3.389461934566497803e-01,-6.755551695823669434e-01,6.520250439643859863e-01,1.000000000000000000e+00,0.000000000000000000e+00,1.000000000000000000e+00,1.000000000000000000e+00,0.000000000000000000e+00,2.646846532821655273e+00,-2.668671011924743652e-01,1.259740114212036133e+00,-3.879022002220153809e-01,8.394110202789306641e-01,6.029333919286727905e-02,-1.540446623199082654e-01,4.874618333364066913e-02,-7.625627337422113960e-03,1.000000000000000000e+00,2.739862680435180664e+00,4.076489806175231934e-01,9.782065749168395996e-01,-3.389461934566497803e-01,-6.755551695823669434e-01,6.520250439643859863e-01,3.373084197875068219e-02,2.087981106296976641e-02,5.717120507469364288e-04,1.000000000000000000e+00,-1.999982297420501709e-01,-2.000000029802322388e-01,-1.000000014901161194e-01,3.738783597946166992e-01,1.999999880790710449e-01,1.392352133989334106e-01,-1.000000014901161194e-01,4.754465818405151367e-01,-1.055738925933837891e-01,4.048609733581542969e-02,-4.288911819458007812e-03,4.091288447380065918e-01,-4.068398475646972656e-02,-1.480317115783691406e-02,6.024837493896484375e-04,4.229648411273956299e-01
9.599999999999999645e-01,4.424488842487335205e-01,-7.197552919387817383e-01,1.531159043312072754e+00,5.495420098304748535e-01,4.100093245506286621e-02,6.876208186149597168e-01,9.785452485084533691e-01,1.363872140645980835e-01,-1.544278264045715332e-01,-1.034453064203262329e-01,9.734416604042053223e-01,2.042318135499954224e-01,1.781810820102691650e-01,-1.838752180337905884e-01,9.666652083396911621e-01,-8.485935628414154053e-02,-1.664670407772064209e-01,3.705163253471255302e-03,1.000000000000000000e+00,0.000000000000000000e+00,4.424488842487335205e-01,-7.197552919387817383e-01,1.531159043312072754e+00,5.495420098304748535e-01,4.100093245506286621e-02,6.876208186149597168e-01,1.000000000000000000e+00,6.010475754737854004e-01,7.610731124877929688e-01,1.214503884315490723e+00,1.438028454780578613e+00,2.251519709825515747e-01,1.693599671125411987e-01,1.000000000000000000e+00,2.639202833175659180e+00,-2.498662769794464111e-01,1.260940313339233398e+00,-3.752199411392211914e-01,8.628110289573669434e-01,5.977081879973411560e-02,1.000000000000000000e+00,2.733144521713256836e+00,3.941254615783691406e-01,9.913333058357238770e-01,-3.323868811130523682e-01,-6.765429973602294922e-01,6.613486409187316895e-01,1.000000000000000000e+00,0.000000000000000000e+00,1.000000000000000000e+00,1.000000000000000000e+00,0.000000000000000000e+00,6.010475754737854004e-01,7.610731124877929688e-01,1.214503884315490723e+00,1.438028454780578613e+00,2.251519709825515747e-01,1.693599671125411987e-01,9.772834181785583496e-01,1.259248107671737671e-01,1.704701185226440430e-01,-9.804607182741165161e-02,9.817246794700622559e-01,-1.631059795618057251e-01,-1.878938078880310059e-01,1.426868587732315063e-01,9.717696905136108398e-01,4.763682782649993896e-01,-3.197095394134521484e-01,4.773359745740890503e-02,0.000000000000000000e+00,1.000000000000000000e+00,4.424488842487335205e-01,-7.197552919387817383e-01,1.531159043312072754e+00,5.495420098304748535e-01,4.100093245506286621e-02,6.876208186149597168e-01,1.000000000000000000e+00,6.010475754737854004e-01,7.610731124877929688e-01,1.214503884315490723e+00,1.438028454780578613e+00,2.251519709825515747e-01,1.693599671125411987e-01,1.000000000000000000e+00,2.639202833175659180e+00,-2.498662769794464111e-01,1.260940313339233398e+00,-3.752199411392211914e-01,8.628110289573669434e-01,5.977081879973411560e-02,1.000000000000000000e+00,2.733144521713256836e+00,3.941254615783691406e-01,9.913333058357238770e-01,-3.323868811130523682e-01,-6.765429973602294922e-01,6.613486409187316895e-01,1.000000000000000000e+00,0.000000000000000000e+00,1.000000000000000000e+00,1.000000000000000000e+00,0.000000000000000000e+00,2.639202833175659180e+00,-2.498662769794464111e-01,1.260940313339233398e+00,-3.752199411392211914e-01,8.628110289573669434e-01,5.977081879973411560e-02,-1.483337481431063754e-01,4.816246278929714464e-02,-7.216107898779439145e-03,1.000000000000000000e+00,2.733144521713256836e+00,3.941254615783691406e-01,9.913333058357238770e-01,-3.323868811130523682e-01,-6.765429973602294922e-01,6.613486409187316895e-01,2.389899541426483004e-02,1.640943820525020413e-02,3.058649418842176310e-04,1.000000000000000000e+00,-1.999984234571456909e-01,-2.000000029802322388e-01,-1.000000014901161194e-01,3.721328675746917725e-01,1.999902129173278809e-01,1.169910654425621033e-01,-1.000000014901161194e-01,4.652434289455413818e-01,-9.217500686645507812e-02,3.429532051086425781e-02,-3.169536590576171875e-03,4.116395711898803711e-01,-5.015158653259277344e-02,-2.172064781188964844e-02,1.090049743652343750e-03,4.203728437423706055e-01
9.799999999999999822e-01,4.531478583812713623e-01,-7.186017036437988281e-01,1.544690012931823730e+00,5.171097517013549805e-01,7.800900936126708984e-02,6.627510786056518555e-01,9.780744910240173340e-01,1.365473270416259766e-01,-1.572427302598953247e-01,-1.027231961488723755e-01,9.731256365776062012e-01,2.060938328504562378e-01,1.811584681272506714e-01,-1.854226440191268921e-01,9.658158421516418457e-01,-7.280339300632476807e-02,-1.417011171579360962e-01,5.165667273104190826e-03,1.000000000000000000e+00,0.000000000000000000e+00,4.531478583812713623e-01,-7.186017036437988281e-01,1.544690012931823730e+00,5.171097517013549805e-01,7.800900936126708984e-02,6.627510786056518555e-01,1.000000000000000000e+00,6.300461292266845703e-01,7.652324438095092773e-01,1.218048810958862305e+00,1.464103460311889648e+00,1.866916120052337646e-01,1.868898868560791016e-01,1.000000000000000000e+00,2.631810426712036133e+00,-2.324087917804718018e-01,1.262136697769165039e+00,-3.627950847148895264e-01,8.849223256111145020e-01,6.003504991531372070e-02,1.000000000000000000e+00,2.726548433303833008e+00,3.806011676788330078e-01,1.004634022712707520e+00,-3.268700242042541504e-01,-6.754369735717773438e-01,6.693053245544433594e-01,1.000000000000000000e+00,0.000000000000000000e+00,1.000000000000000000e+00,1.000000000000000000e+00,0.000000000000000000e+00,6.300461292266845703e-01,7.652324438095092773e-01,1.218048810958862305e+00,1.464103460311889648e+00,1.866916120052337646e-01,1.868898868560791016e-01,9.786874651908874512e-01,1.261786520481109619e-01,1.620183289051055908e-01,-9.812839329242706299e-02,9.804103374481201172e-01,-1.707820743322372437e-01,-1.803934872150421143e-01,1.512436717748641968e-01,9.718969464302062988e-01,3.701111078262329102e-01,-4.489113092422485352e-01,7.256922870874404907e-02,0.000000000000000000e+00,1.000000000000000000e+00,4.531478583812713623e-01,-7.186017036437988281e-01,1.544690012931823730e+00,5.171097517013549805e-01,7.800900936126708984e-02,6.627510786056518555e-01,1.000000000000000000e+00,6.300461292266845703e-01,7.652324438095092773e-01,1.218048810958862305e+00,1.464103460311889648e+00,1.866916120052337646e-01,1.868898868560791016e-01,1.000000000000000000e+00,2.631810426712036133e+00,-2.324087917804718018e-01,1.262136697769165039e+00,-3.627950847148895264e-01,8.849223256111145020e-01,6.003504991531372070e-02,1.000000000000000000e+00,2.726548433303833008e+00,3.806011676788330078e-01,1.004634022712707520e+00,-3.268700242042541504e-01,-6.754369735717773438e-01,6.693053245544433594e-01,1.000000000000000000e+00,0.000000000000000000e+00,1.000000000000000000e+00,1.000000000000000000e+00,0.000000000000000000e+00,2.631810426712036133e+00,-2.324087917804718018e-01,1.262136697769165039e+00,-3.627950847148895264e-01,8.849223256111145020e-01,6.003504991531372070e-02,-1.416555892729754740e-01,4.687524186694291828e-02,-6.668201827720959818e-03,1.000000000000000000e+00,2.726548433303833008e+00,3.806011676788330078e-01,1.004634022712707520e+00,-3.268700242042541504e-01,-6.754369735717773438e-01,6.693053245544433594e-01,1.410363597673136571e-02,1.158949895520233753e-02,1.390018248157943656e-04,1.000000000000000000e+00,-1.999984532594680786e-01,-2.000000029802322388e-01,-1.000000014901161194e-01,3.702533245086669922e-01,1.999998539686203003e-01,9.569942951202392578e-02,-1.000000014901161194e-01,4.510633647441864014e-01,-7.744669914245605469e-02,2.716922760009765625e-02,-2.108097076416015625e-03,4.144031405448913574e-01,-5.943441390991210938e-02,-2.871680259704589844e-02,1.708507537841796875e-03,4.178395271301269531e-01
1.000000000000000000e+00,4.631980657577514648e-01,-7.167103290557861328e-01,1.557711124420166016e+00,4.846725463867187500e-01,1.147566363215446472e-01,6.365182995796203613e-01,9.776705503463745117e-01,1.366552412509918213e-01,-1.596428304910659790e-01,-1.020687445998191833e-01,9.728551506996154785e-01,2.076895833015441895e-01,1.836912184953689575e-01,-1.867574155330657959e-01,9.650799632072448730e-01,-6.259208172559738159e-02,-1.213682368397712708e-01,5.812106188386678696e-03,1.000000000000000000e+00,0.000000000000000000e+00,4.631980657577514648e-01,-7.167103290557861328e-01,1.557711124420166016e+00,4.846725463867187500e-01,1.147566363215446472e-01,6.365182995796203613e-01,1.000000000000000000e+00,6.595458388328552246e-01,7.686116695404052734e-01,1.221940517425537109e+00,1.487786769866943359e+00,1.471746265888214111e-01,2.037030011415481567e-01,1.000000000000000000e+00,2.624663829803466797e+00,-2.145219594240188599e-01,1.263346433639526367e+00,-3.507652580738067627e-01,9.055721163749694824e-01,6.124890223145484924e-02,1.000000000000000000e+00,2.720052480697631836e+00,3.671174049377441406e-01,1.018081784248352051e+00,-3.224431276321411133e-01,-6.722896695137023926e-01,6.759132742881774902e-01,1.000000000000000000e+00,0.000000000000000000e+00,1.000000000000000000e+00,1.000000000000000000e+00,0.000000000000000000e+00,6.595458388328552246e-01,7.686116695404052734e-01,1.221940517425537109e+00,1.487786769866943359e+00,1.471746265888214111e-01,2.037030011415481567e-01,9.804788231849670410e-01,1.255309879779815674e-01,1.513385027647018433e-01,-9.819231927394866943e-02,9.794350266456604004e-01,-1.762536168098449707e-01,-1.703515201807022095e-01,1.579526662826538086e-01,9.726414680480957031e-01,2.877314388751983643e-01,-5.628850460052490234e-01,9.852560609579086304e-02,0.000000000000000000e+00,1.000000000000000000e+00,4.631980657577514648e-01,-7.167103290557861328e-01,1.557711124420166016e+00,4.846725463867187500e-01,1.147566363215446472e-01,6.365182995796203613e-01,1.000000000000000000e+00,6.595458388328552246e-01,7.686116695404052734e-01,1.221940517425537109e+00,1.487786769866943359e+00,1.471746265888214111e-01,2.037030011415481567e-01,1.000000000000000000e+00,2.624663829803466797e+00,-2.145219594240188599e-01,1.263346433639526367e+00,-3.507652580738067627e-01,9.055721163749694824e-01,6.124890223145484924e-02,1.000000000000000000e+00,2.720052480697631836e+00,3.671174049377441406e-01,1.018081784248352051e+00,-3.224431276321411133e-01,-6.722896695137023926e-01,6.759132742881774902e-01,1.000000000000000000e+00,0.000000000000000000e+00,1.000000000000000000e+00,1.000000000000000000e+00,0.000000000000000000e+00,2.624663829803466797e+00,-2.145219594240188599e-01,1.263346433639526367e+00,-3.507652580738067627e-01,9.055721163749694824e-01,6.124890223145484924e-02,-1.339528269876770206e-01,4.484683928564914268e-02,-5.996506070519699860e-03,1.000000000000000000e+00,2.720052480697631836e+00,3.671174049377441406e-01,1.018081784248352051e+00,-3.224431276321411133e-01,-6.722896695137023926e-01,6.759132742881774902e-01,4.372768830698601020e-03,6.458430104250068027e-03,8.023999262279793779e-05,1.000000000000000000e+00,-1.999970227479934692e-01,-1.999999880790710449e-01,-1.000000014901161194e-01,3.660176098346710205e-01,2.000000029802322388e-01,6.756481528282165527e-02,-1.000000014901161194e-01,4.398318231105804443e-01,-6.149816513061523438e-02,1.917958259582519531e-02,-1.180887222290039062e-03,4.171905517578125000e-01,-6.859755516052246094e-02,-3.578400611877441406e-02,2.458095550537109375e-03,4.153589010238647461e-01
1.020000000000000018e+00,4.725999832153320312e-01,-7.140865921974182129e-01,1.570196032524108887e+00,4.523027539253234863e-01,1.512010544538497925e-01,6.089757084846496582e-01,9.773220419883728027e-01,1.367280632257461548e-01,-1.617009937763214111e-01,-1.014814004302024841e-01,9.726234674453735352e-01,2.090581357479095459e-01,1.858582794666290283e-01,-1.879074573516845703e-01,9.644416570663452148e-01,-5.365255847573280334e-02,-1.042672470211982727e-01,5.891082342714071274e-03,1.000000000000000000e+00,0.000000000000000000e+00,4.725999832153320312e-01,-7.140865921974182129e-01,1.570196032524108887e+00,4.523027539253234863e-01,1.512010544538497925e-01,6.089757084846496582e-01,1.000000000000000000e+00,6.894928812980651855e-01,7.711963653564453125e-01,1.226152300834655762e+00,1.508450031280517578e+00,1.072840020060539246e-01,2.185486257076263428e-01,1.000000000000000000e+00,2.617753028869628906e+00,-1.962366551160812378e-01,1.264590382575988770e+00,-3.392768502235412598e-01,9.245696067810058594e-01,6.355659663677215576e-02,1.000000000000000000e+00,2.713634729385375977e+00,3.537145555019378662e-01,1.031649947166442871e+00,-3.191454112529754639e-01,-6.671567559242248535e-01,6.811894774436950684e-01,1.000000000000000000e+00,0.000000000000000000e+00,1.000000000000000000e+00,1.000000000000000000e+00,0.000000000000000000e+00,6.894928812980651855e-01,7.711963653564453125e-01,1.226152300834655762e+00,1.508450031280517578e+00,1.072840020060539246e-01,2.185486257076263428e-01,9.825161695480346680e-01,1.240865066647529602e-01,1.387974917888641357e-01,-9.813911467790603638e-02,9.787088632583618164e-01,-1.802719086408615112e-01,-1.582116186618804932e-01,1.634985953569412231e-01,9.737749099731445312e-01,2.453437596559524536e-01,-6.585391163825988770e-01,1.259856373071670532e-01,0.000000000000000000e+00,1.000000000000000000e+00,4.725999832153320312e-01,-7.140865921974182129e-01,1.570196032524108887e+00,4.523027539253234863e-01,1.512010544538497925e-01,6.089757084846496582e-01,1.000000000000000000e+00,6.894928812980651855e-01,7.711963653564453125e-01,1.226152300834655762e+00,1.508450031280517578e+00,1.072840020060539246e-01,2.185486257076263428e-01,1.000000000000000000e+00,2.617753028869628906e+00,-1.962366551160812378e-01,1.264590382575988770e+00,-3.392768502235412598e-01,9.245696067810058594e-01,6.355659663677215576e-02,1.000000000000000000e+00,2.713634729385375977e+00,3.537145555019378662e-01,1.031649947166442871e+00,-3.191454112529754639e-01,-6.671567559242248535e-01,6.811894774436950684e-01,1.000000000000000000e+00,0.000000000000000000e+00,1.000000000000000000e+00,1.000000000000000000e+00,0.000000000000000000e+00,2.617753028869628906e+00,-1.962366551160812378e-01,1.264590382575988770e+00,-3.392768502235412598e-01,9.245696067810058594e-01,6.355659663677215576e-02,-1.251717120852999243e-01,4.204304741118147781e-02,-5.223125919840948539e-03,1.000000000000000000e+00,2.713634729385375977e+00,3.537145555019378662e-01,1.031649947166442871e+00,-3.191454112529754639e-01,-6.671567559242248535e-01,6.811894774436950684e-01,-5.278989520956145834e-03,1.050209113026445706e-03,1.361596777129771632e-04,1.000000000000000000e+00,-1.999935954809188843e-01,-1.999999880790710449e-01,-1.000000014901161194e-01,3.621978163719177246e-01,2.000000029802322388e-01,4.760281369090080261e-02,-1.000000014901161194e-01,4.281305074691772461e-01,-4.444646835327148438e-02,1.041078567504882812e-02,-4.630088806152343750e-04,4.197565913200378418e-01,-7.768893241882324219e-02,-4.291415214538574219e-02,3.339529037475585938e-03,4.129087626934051514e-01
1.040000000000000036e+00,4.813557863235473633e-01,-7.107372879981994629e-01,1.582117676734924316e+00,4.200803339481353760e-01,1.872794926166534424e-01,5.800462365150451660e-01,9.770209789276123047e-01,1.367777138948440552e-01,-1.634681969881057739e-01,-1.009604036808013916e-01,9.724253416061401367e-01,2.102284729480743408e-01,1.877151876688003540e-01,-1.888938248157501221e-01,9.638890624046325684e-01,-4.580893367528915405e-02,-8.942773938179016113e-02,5.597053095698356628e-03,1.000000000000000000e+00,0.000000000000000000e+00,4.813557863235473633e-01,-7.107372879981994629e-01,1.582117676734924316e+00,4.200803339481353760e-01,1.872794926166534424e-01,5.800462365150451660e-01,1.000000000000000000e+00,7.198226451873779297e-01,7.729831933975219727e-01,1.230637311935424805e+00,1.525658488273620605e+00,6.744857132434844971e-02,2.306202650070190430e-01,1.000000000000000000e+00,2.611066102981567383e+00,-1.775877922773361206e-01,1.265890836715698242e+00,-3.284843564033508301e-01,9.417049288749694824e-01,6.706177443265914917e-02,1.000000000000000000e+00,2.707272768020629883e+00,3.404318392276763916e-01,1.045311450958251953e+00,-3.170087337493896484e-01,-6.600951552391052246e-01,6.851485371589660645e-01,1.000000000000000000e+00,0.000000000000000000e+00,1.000000000000000000e+00,1.000000000000000000e+00,0.000000000000000000e+00,7.198226451873779297e-01,7.729831933975219727e-01,1.230637311935424805e+00,1.525658488273620605e+00,6.744857132434844971e-02,2.306202650070190430e-01,9.846826791763305664e-01,1.220018714666366577e-01,1.245612278580665588e-01,-9.797683358192443848e-02,9.781248569488525391e-01,-1.834999620914459229e-01,-1.442237794399261475e-01,1.684851348400115967e-01,9.750959873199462891e-01,2.224899828433990479e-01,-7.323934435844421387e-01,1.469559818506240845e-01,0.000000000000000000e+00,1.000000000000000000e+00,4.813557863235473633e-01,-7.107372879981994629e-01,1.582117676734924316e+00,4.200803339481353760e-01,1.872794926166534424e-01,5.800462365150451660e-01,1.000000000000000000e+00,7.198226451873779297e-01,7.729831933975219727e-01,1.230637311935424805e+00,1.525658488273620605e+00,6.744857132434844971e-02,2.306202650070190430e-01,1.000000000000000000e+00,2.611066102981567383e+00,-1.775877922773361206e-01,1.265890836715698242e+00,-3.284843564033508301e-01,9.417049288749694824e-01,6.706177443265914917e-02,1.000000000000000000e+00,2.707272768020629883e+00,3.404318392276763916e-01,1.045311450958251953e+00,-3.170087337493896484e-01,-6.600951552391052246e-01,6.851485371589660645e-01,1.000000000000000000e+00,0.000000000000000000e+00,1.000000000000000000e+00,1.000000000000000000e+00,0.000000000000000000e+00,2.611066102981567383e+00,-1.775877922773361206e-01,1.265890836715698242e+00,-3.284843564033508301e-01,9.417049288749694824e-01,6.706177443265914917e-02,-1.152812320043257732e-01,3.844468428513603264e-02,-4.379388628600246192e-03,1.000000000000000000e+00,2.707272768020629883e+00,3.404318392276763916e-01,1.045311450958251953e+00,-3.170087337493896484e-01,-6.600951552391052246e-01,6.851485371589660645e-01,-1.484823400669916388e-02,-4.604754915217723621e-03,3.114537024152914599e-04,1.000000000000000000e+00,-2.000000029802322388e-01,-2.000000029802322388e-01,-1.000000014901161194e-01,3.591378033161163330e-01,1.999946683645248413e-01,3.207045421004295349e-02,-1.000000014901161194e-01,4.186029732227325439e-01,-2.636241912841796875e-02,9.312629699707031250e-04,-2.455711364746093750e-05,4.219057261943817139e-01,-8.674359321594238281e-02,-5.010008811950683594e-02,4.354953765869140625e-03,4.104576706886291504e-01
1.060000000000000053e+00,4.894688427448272705e-01,-7.066699266433715820e-01,1.593448281288146973e+00,3.880595862865447998e-01,2.229560315608978271e-01,5.497478842735290527e-01,9.767616987228393555e-01,1.368128806352615356e-01,-1.649816036224365234e-01,-1.005041897296905518e-01,9.722562432289123535e-01,2.112267762422561646e-01,1.893029212951660156e-01,-1.897368580102920532e-01,9.634128808975219727e-01,-3.908400237560272217e-02,-7.644294947385787964e-02,5.077909678220748901e-03,1.000000000000000000e+00,0.000000000000000000e+00,4.894688427448272705e-01,-7.066699266433715820e-01,1.593448281288146973e+00,3.880595862865447998e-01,2.229560315608978271e-01,5.497478842735290527e-01,1.000000000000000000e+00,7.504635453224182129e-01,7.739757299423217773e-01,1.235334753990173340e+00,1.539149403572082520e+00,2.792714163661003113e-02,2.394227683544158936e-01,1.000000000000000000e+00,2.604587316513061523e+00,-1.586146056652069092e-01,1.267272591590881348e+00,-3.185472190380096436e-01,9.567538499832153320e-01,7.181023806333541870e-02,1.000000000000000000e+00,2.700942993164062500e+00,3.273073434829711914e-01,1.059040427207946777e+00,-3.160586059093475342e-01,-6.511605978012084961e-01,6.877997517585754395e-01,1.000000000000000000e+00,0.000000000000000000e+00,1.000000000000000000e+00,1.000000000000000000e+00,0.000000000000000000e+00,7.504635453224182129e-01,7.739757299423217773e-01,1.235334753990173340e+00,1.539149403572082520e+00,2.792714163661003113e-02,2.394227683544158936e-01,9.868019223213195801e-01,1.194546595215797424e-01,1.093285828828811646e-01,-9.771848469972610474e-02,9.776434302330017090e-01,-1.861844211816787720e-01,-1.291249543428421021e-01,1.730437129735946655e-01,9.764132499694824219e-01,1.979088932275772095e-01,-7.554613947868347168e-01,1.595316678285598755e-01,0.000000000000000000e+00,1.000000000000000000e+00,4.894688427448272705e-01,-7.066699266433715820e-01,1.593448281288146973e+00,3.880595862865447998e-01,2.229560315608978271e-01,5.497478842735290527e-01,1.000000000000000000e+00,7.504635453224182129e-01,7.739757299423217773e-01,1.235334753990173340e+00,1.539149403572082520e+00,2.792714163661003113e-02,2.394227683544158936e-01,1.000000000000000000e+00,2.604587316513061523e+00,-1.586146056652069092e-01,1.267272591590881348e+00,-3.185472190380096436e-01,9.567538499832153320e-01,7.181023806333541870e-02,1.000000000000000000e+00,2.700942993164062500e+00,3.273073434829711914e-01,1.059040427207946777e+00,-3.160586059093475342e-01,-6.511605978012084961e-01,6.877997517585754395e-01,1.000000000000000000e+00,0.000000000000000000e+00,1.000000000000000000e+00,1.000000000000000000e+00,0.000000000000000000e+00,2.604587316513061523e+00,-1.586146056652069092e-01,1.267272591590881348e+00,-3.185472190380096436e-01,9.567538499832153320e-01,7.181023806333541870e-02,-1.042828268905873212e-01,3.405297927289763216e-02,-3.505952039924223329e-03,1.000000000000000000e+00,2.700942993164062500e+00,3.273073434829711914e-01,1.059040427207946777e+00,-3.160586059093475342e-01,-6.511605978012084961e-01,6.877997517585754395e-01,-2.433952290118773093e-02,-1.047914644507308424e-02,6.095146029675667376e-04,1.000000000000000000e+00,-2.000000029802322388e-01,-2.000000029802322388e-01,-1.000000014901161194e-01,3.559585213661193848e-01,1.999972611665725708e-01,1.789758726954460144e-02,-1.000000014901161194e-01,4.141921401023864746e-01,-7.288932800292968750e-03,-9.199857711791992188e-03,6.699562072753906250e-05,4.234838485717773438e-01,-9.579420089721679688e-02,-5.732917785644531250e-02,5.505561828613281250e-03,4.079847633838653564e-01
1.080000000000000071e+00,4.969436228275299072e-01,-7.018927931785583496e-01,1.604161024093627930e+00,3.562798798084259033e-01,2.582100033760070801e-01,5.181397795677185059e-01,9.765388369560241699e-01,1.368399262428283691e-01,-1.662736833095550537e-01,-1.001092791557312012e-01,9.721116423606872559e-01,2.120785713195800781e-01,1.906573772430419922e-01,-1.904574036598205566e-01,9.630036354064941406e-01,-3.342383727431297302e-02,-6.523650139570236206e-02,4.443770740181207657e-03,1.000000000000000000e+00,0.000000000000000000e+00,4.969436228275299072e-01,-7.018927931785583496e-01,1.604161024093627930e+00,3.562798798084259033e-01,2.582100033760070801e-01,5.181397795677185059e-01,1.000000000000000000e+00,7.813407182693481445e-01,7.741816043853759766e-01,1.240178823471069336e+00,1.548951506614685059e+00,-1.116658933460712433e-02,2.450359463691711426e-01,1.000000000000000000e+00,2.598298549652099609e+00,-1.393609344959259033e-01,1.268760442733764648e+00,-3.096257448196411133e-01,9.694849848747253418e-01,7.778020948171615601e-02,1.000000000000000000e+00,2.694621562957763672e+00,3.143779337406158447e-01,1.072810769081115723e+00,-3.163148760795593262e-01,-6.404068470001220703e-01,6.891452670097351074e-01,1.000000000000000000e+00,0.000000000000000000e+00,1.000000000000000000e+00,1.000000000000000000e+00,0.000000000000000000e+00,7.813407182693481445e-01,7.741816043853759766e-01,1.240178823471069336e+00,1.548951506614685059e+00,-1.116658933460712433e-02,2.450359463691711426e-01,9.887118935585021973e-01,1.165970936417579651e-01,9.409493207931518555e-02,-9.732442349195480347e-02,9.772710800170898438e-01,-1.883326172828674316e-01,-1.139152944087982178e-01,1.770489811897277832e-01,9.775872826576232910e-01,1.678990572690963745e-01,-7.377561926841735840e-01,1.653172820806503296e-01,0.000000000000000000e+00,1.000000000000000000e+00,4.969436228275299072e-01,-7.018927931785583496e-01,1.604161024093627930e+00,3.562798798084259033e-01,2.582100033760070801e-01,5.181397795677185059e-01,1.000000000000000000e+00,7.813407182693481445e-01,7.741816043853759766e-01,1.240178823471069336e+00,1.548951506614685059e+00,-1.116658933460712433e-02,2.450359463691711426e-01,1.000000000000000000e+00,2.598298549652099609e+00,-1.393609344959259033e-01,1.268760442733764648e+00,-3.096257448196411133e-01,9.694849848747253418e-01,7.778020948171615601e-02,1.000000000000000000e+00,2.694621562957763672e+00,3.143779337406158447e-01,1.072810769081115723e+00,-3.163148760795593262e-01,-6.404068470001220703e-01,6.891452670097351074e-01,1.000000000000000000e+00,0.000000000000000000e+00,1.000000000000000000e+00,1.000000000000000000e+00,0.000000000000000000e+00,2.598298549652099609e+00,-1.393609344959259033e-01,1.268760442733764648e+00,-3.096257448196411133e-01,9.694849848747253418e-01,7.778020948171615601e-02,-9.220171520113903951e-02,2.888530272704148416e-02,-2.651201347874061753e-03,1.000000000000000000e+00,2.694621562957763672e+00,3.143779337406158447e-01,1.072810769081115723e+00,-3.163148760795593262e-01,-6.404068470001220703e-01,6.891452670097351074e-01,-3.376168125009414156e-02,-1.654841725679601083e-02,1.032893054557299656e-03,1.000000000000000000e+00,-2.000000029802322388e-01,-2.000000029802322388e-01,-1.000000014901161194e-01,3.533121943473815918e-01,1.999981850385665894e-01,4.877291154116392136e-03,-1.000000014901161194e-01,4.117815792560577393e-01,1.273083686828613281e-02,-1.991796493530273438e-02,-2.536773681640625000e-04,4.244528114795684814e-01,-1.048672199249267578e-01,-6.458210945129394531e-02,6.792545318603515625e-03,4.054749310016632080e-01
1.100000000000000089e+00,5.037851929664611816e-01,-6.964145302772521973e-01,1.614230275154113770e+00,3.247710168361663818e-01,2.930289506912231445e-01,4.852925240993499756e-01,9.763470888137817383e-01,1.368631422519683838e-01,-1.673761010169982910e-01,-9.977030009031295776e-02,9.719871878623962402e-01,2.128068506717681885e-01,1.918128430843353271e-01,-1.910741925239562988e-01,9.626517891883850098e-01,-2.863514795899391174e-02,-5.572405830025672913e-02,3.772479481995105743e-03,1.000000000000000000e+00,0.000000000000000000e+00,5.037851929664611816e-01,-6.964145302772521973e-01,1.614230275154113770e+00,3.247710168361663818e-01,2.930289506912231445e-01,4.852925240993499756e-01,1.000000000000000000e+00,8.123824596405029297e-01,7.736098170280456543e-01,1.245109915733337402e+00,1.555304527282714844e+00,-4.980786517262458801e-02,2.479558736085891724e-01,1.000000000000000000e+00,2.592177867889404297e+00,-1.198752149939537048e-01,1.270377993583679199e+00,-3.018775880336761475e-01,9.796655178070068359e-01,8.488254249095916748e-02,1.000000000000000000e+00,2.688284158706665039e+00,3.016796410083770752e-01,1.086596250534057617e+00,-3.177923858165740967e-01,-6.278855800628662109e-01,6.891797780990600586e-01,1.000000000000000000e+00,0.000000000000000000e+00,1.000000000000000000e+00,1.000000000000000000e+00,0.000000000000000000e+00,8.123824596405029297e-01,7.736098170280456543e-01,1.245109915733337402e+00,1.555304527282714844e+00,-4.980786517262458801e-02,2.479558736085891724e-01,9.903531670570373535e-01,1.135622635483741760e-01,7.939919084310531616e-02,-9.680389612913131714e-02,9.770106673240661621e-01,-1.899451762437820435e-01,-9.914446622133255005e-02,1.804266422986984253e-01,9.785788655281066895e-01,1.389521658420562744e-01,-7.099059820175170898e-01,1.658489704132080078e-01,0.000000000000000000e+00,1.000000000000000000e+00,5.037851929664611816e-01,-6.964145302772521973e-01,1.614230275154113770e+00,3.247710168361663818e-01,2.930289506912231445e-01,4.852925240993499756e-01,1.000000000000000000e+00,8.123824596405029297e-01,7.736098170280456543e-01,1.245109915733337402e+00,1.555304527282714844e+00,-4.980786517262458801e-02,2.479558736085891724e-01,1.000000000000000000e+00,2.592177867889404297e+00,-1.198752149939537048e-01,1.270377993583679199e+00,-3.018775880336761475e-01,9.796655178070068359e-01,8.488254249095916748e-02,1.000000000000000000e+00,2.688284158706665039e+00,3.016796410083770752e-01,1.086596250534057617e+00,-3.177923858165740967e-01,-6.278855800628662109e-01,6.891797780990600586e-01,1.000000000000000000e+00,0.000000000000000000e+00,1.000000000000000000e+00,1.000000000000000000e+00,0.000000000000000000e+00,2.592177867889404297e+00,-1.198752149939537048e-01,1.270377993583679199e+00,-3.018775880336761475e-01,9.796655178070068359e-01,8.488254249095916748e-02,-7.906922695517684674e-02,2.296592563612853688e-02,-1.868988385263427310e-03,1.000000000000000000e+00,2.688284158706665039e+00,3.016796410083770752e-01,1.086596250534057617e+00,-3.177923858165740967e-01,-6.278855800628662109e-01,6.891797780990600586e-01,-4.312589307942585326e-02,-2.278986178812325569e-02,1.583593196248934964e-03,1.000000000000000000e+00,-1.999999880790710449e-01,-2.000000029802322388e-01,-1.000000014901161194e-01,3.525264561176300049e-01,1.999980807304382324e-01,-5.860782694071531296e-03,-1.000000014901161194e-01,4.110372662544250488e-01,3.363966941833496094e-02,-3.114199638366699219e-02,-1.047849655151367188e-03,4.248792827129364014e-01,-1.139814853668212891e-01,-7.183432579040527344e-02,8.216142654418945312e-03,4.029169678688049316e-01
1.120000000000000107e+00,5.099990367889404297e-01,-6.902437210083007812e-01,1.623632431030273438e+00,2.935349941253662109e-01,3.274320363998413086e-01,4.513968527317047119e-01,9.761822223663330078e-01,1.368850767612457275e-01,-1.683181524276733398e-01,-9.948115050792694092e-02,9.718803167343139648e-01,2.134301811456680298e-01,1.928004920482635498e-01,-1.916022449731826782e-01,9.623496532440185547e-01,-2.452888898551464081e-02,-4.768531396985054016e-02,3.116874024271965027e-03,1.000000000000000000e+00,0.000000000000000000e+00,5.099990367889404297e-01,-6.902437210083007812e-01,1.623632431030273438e+00,2.935349941253662109e-01,3.274320363998413086e-01,4.513968527317047119e-01,1.000000000000000000e+00,8.435221910476684570e-01,7.722691893577575684e-01,1.250079274177551270e+00,1.558483481407165527e+00,-8.800334483385086060e-02,2.487601190805435181e-01,1.000000000000000000e+00,2.586200714111328125e+00,-1.002105325460433960e-01,1.272147059440612793e+00,-2.954553067684173584e-01,9.870664477348327637e-01,9.297234565019607544e-02,1.000000000000000000e+00,2.681905508041381836e+00,2.892472743988037109e-01,1.100370526313781738e+00,-3.205006718635559082e-01,-6.136460900306701660e-01,6.878910660743713379e-01,1.000000000000000000e+00,0.000000000000000000e+00,1.000000000000000000e+00,1.000000000000000000e+00,0.000000000000000000e+00,8.435221910476684570e-01,7.722691893577575684e-01,1.250079274177551270e+00,1.558483481407165527e+00,-8.800334483385086060e-02,2.487601190805435181e-01,9.917328953742980957e-01,1.104764118790626526e-01,6.527628004550933838e-02,-9.623921662569046021e-02,9.768412113189697266e-01,-1.911004185676574707e-01,-8.487664163112640381e-02,1.832384169101715088e-01,9.793976545333862305e-01,1.160832270979881287e-01,-6.846530437469482422e-01,1.615466922521591187e-01,0.000000000000000000e+00,1.000000000000000000e+00,5.099990367889404297e-01,-6.902437210083007812e-01,1.623632431030273438e+00,2.935349941253662109e-01,3.274320363998413086e-01,4.513968527317047119e-01,1.000000000000000000e+00,8.435221910476684570e-01,7.722691893577575684e-01,1.250079274177551270e+00,1.558483481407165527e+00,-8.800334483385086060e-02,2.487601190805435181e-01,1.000000000000000000e+00,2.586200714111328125e+00,-1.002105325460433960e-01,1.272147059440612793e+00,-2.954553067684173584e-01,9.870664477348327637e-01,9.297234565019607544e-02,1.000000000000000000e+00,2.681905508041381836e+00,2.892472743988037109e-01,1.100370526313781738e+00,-3.205006718635559082e-01,-6.136460900306701660e-01,6.878910660743713379e-01,1.000000000000000000e+00,0.000000000000000000e+00,1.000000000000000000e+00,1.000000000000000000e+00,0.000000000000000000e+00,2.586200714111328125e+00,-1.002105325460433960e-01,1.272147059440612793e+00,-2.954553067684173584e-01,9.870664477348327637e-01,9.297234565019607544e-02,-6.491186523739700398e-02,1.632073358475238933e-02,-1.216923941755404526e-03,1.000000000000000000e+00,2.681905508041381836e+00,2.892472743988037109e-01,1.100370526313781738e+00,-3.205006718635559082e-01,-6.136460900306701660e-01,6.878910660743713379e-01,-5.244491337531326236e-02,-2.918122910826803640e-02,2.263250594533711829e-03,1.000000000000000000e+00,-1.999999582767486572e-01,-2.000000029802322388e-01,-1.000000014901161194e-01,3.528075218200683594e-01,1.999943107366561890e-01,-1.504234876483678818e-02,-1.000000014901161194e-01,4.122185409069061279e-01,5.536890029907226562e-02,-4.277348518371582031e-02,-2.370119094848632812e-03,4.248716533184051514e-01,-1.231515407562255859e-01,-7.905125617980957031e-02,9.774208068847656250e-03,4.003136754035949707e-01
1.140000000000000124e+00,5.155905485153198242e-01,-6.833882331848144531e-01,1.632349729537963867e+00,2.625454366207122803e-01,3.614700734615325928e-01,4.167673587799072266e-01,9.760397672653198242e-01,1.369069069623947144e-01,-1.691245734691619873e-01,-9.923571348190307617e-02,9.717881083488464355e-01,2.139635831117630005e-01,1.936463117599487305e-01,-1.920537501573562622e-01,9.620897769927978516e-01,-2.098463661968708038e-02,-4.084144532680511475e-02,2.510199556127190590e-03,1.000000000000000000e+00,0.000000000000000000e+00,5.155905485153198242e-01,-6.833882331848144531e-01,1.632349729537963867e+00,2.625454366207122803e-01,3.614700734615325928e-01,4.167673587799072266e-01,1.000000000000000000e+00,8.746986985206604004e-01,7.701683044433593750e-01,1.255050301551818848e+00,1.558729767799377441e+00,-1.257974803447723389e-01,2.480825036764144897e-01,1.000000000000000000e+00,2.580338954925537109e+00,-8.042448014020919800e-02,1.274085402488708496e+00,-2.905045747756958008e-01,9.914659261703491211e-01,1.018667966127395630e-01,1.000000000000000000e+00,2.675462007522583008e+00,2.771148681640625000e-01,1.114106893539428711e+00,-3.244444727897644043e-01,-5.977351069450378418e-01,6.852607727050781250e-01,1.000000000000000000e+00,0.000000000000000000e+00,1.000000000000000000e+00,1.000000000000000000e+00,0.000000000000000000e+00,8.746986985206604004e-01,7.701683044433593750e-01,1.255050301551818848e+00,1.558729767799377441e+00,-1.257974803447723389e-01,2.480825036764144897e-01,9.928655624389648438e-01,1.074500307440757751e-01,5.169858038425445557e-02,-9.571070224046707153e-02,9.767322540283203125e-01,-1.919212341308593750e-01,-7.111760973930358887e-02,1.856038570404052734e-01,9.800478219985961914e-01,9.913880378007888794e-02,-6.567934751510620117e-01,1.535279005765914917e-01,0.000000000000000000e+00,1.000000000000000000e+00,5.155905485153198242e-01,-6.833882331848144531e-01,1.632349729537963867e+00,2.625454366207122803e-01,3.614700734615325928e-01,4.167673587799072266e-01,1.000000000000000000e+00,8.746986985206604004e-01,7.701683044433593750e-01,1.255050301551818848e+00,1.558729767799377441e+00,-1.257974803447723389e-01,2.480825036764144897e-01,1.000000000000000000e+00,2.580338954925537109e+00,-8.042448014020919800e-02,1.274085402488708496e+00,-2.905045747756958008e-01,9.914659261703491211e-01,1.018667966127395630e-01,1.000000000000000000e+00,2.675462007522583008e+00,2.771148681640625000e-01,1.114106893539428711e+00,-3.244444727897644043e-01,-5.977351069450378418e-01,6.852607727050781250e-01,1.000000000000000000e+00,0.000000000000000000e+00,1.000000000000000000e+00,1.000000000000000000e+00,0.000000000000000000e+00,2.580338954925537109e+00,-8.042448014020919800e-02,1.274085402488708496e+00,-2.905045747756958008e-01,9.914659261703491211e-01,1.018667966127395630e-01,-4.975235213971153370e-02,8.979207371583752817e-03,-7.550434764948717181e-04,1.000000000000000000e+00,2.675462007522583008e+00,2.771148681640625000e-01,1.114106893539428711e+00,-3.244444727897644043e-01,-5.977351069450378418e-01,6.852607727050781250e-01,-6.173241137354459895e-02,-3.569956741744539919e-02,3.073145076876445531e-03,1.000000000000000000e+00,-1.999997943639755249e-01,-2.000000029802322388e-01,-1.000000014901161194e-01,3.541463017463684082e-01,2.000000029802322388e-01,-2.311829850077629089e-02,-1.000000014901161194e-01,4.151929616928100586e-01,7.784652709960937500e-02,-5.470061302185058594e-02,-4.264831542968750000e-03,4.245743751525878906e-01,-1.323854923248291016e-01,-8.618450164794921875e-02,1.146197319030761719e-02,3.976830542087554932e-01
1.159999999999999920e+00,5.205641388893127441e-01,-6.758548021316528320e-01,1.640370368957519531e+00,2.317631542682647705e-01,3.952068686485290527e-01,3.817603290081024170e-01,9.759166836738586426e-01,1.369291096925735474e-01,-1.698151379823684692e-01,-9.902843832969665527e-02,9.717087149620056152e-01,2.144195884466171265e-01,1.943711191415786743e-01,-1.924391239881515503e-01,9.618665575981140137e-01,-1.793469674885272980e-02,-3.496230766177177429e-02,1.971153542399406433e-03,1.000000000000000000e+00,0.000000000000000000e+00,5.205641388893127441e-01,-6.758548021316528320e-01,1.640370368957519531e+00,2.317631542682647705e-01,3.952068686485290527e-01,3.817603290081024170e-01,1.000000000000000000e+00,9.058554172515869141e-01,7.673146724700927734e-01,1.259999394416809082e+00,1.556259274482727051e+00,-1.632714867591857910e-01,2.466032952070236206e-01,1.000000000000000000e+00,2.574561834335327148e+00,-6.057900935411453247e-02,1.276207566261291504e+00,-2.871618270874023438e-01,9.926531910896301270e-01,1.113635227084159851e-01,1.000000000000000000e+00,2.668928146362304688e+00,2.653153836727142334e-01,1.127778291702270508e+00,-3.296233117580413818e-01,-5.801976323127746582e-01,6.812685132026672363e-01,1.000000000000000000e+00,0.000000000000000000e+00,1.000000000000000000e+00,1.000000000000000000e+00,0.000000000000000000e+00,9.058554172515869141e-01,7.673146724700927734e-01,1.259999394416809082e+00,1.556259274482727051e+00,-1.632714867591857910e-01,2.466032952070236206e-01,9.937627911567687988e-01,1.045618727803230286e-01,3.875949606299400330e-02,-9.525405615568161011e-02,9.766610264778137207e-01,-1.925094574689865112e-01,-5.798404291272163391e-02,1.876167505979537964e-01,9.805293083190917969e-01,8.537375181913375854e-02,-6.220352053642272949e-01,1.432942003011703491e-01,0.000000000000000000e+00,1.000000000000000000e+00,5.205641388893127441e-01,-6.758548021316528320e-01,1.640370368957519531e+00,2.317631542682647705e-01,3.952068686485290527e-01,3.817603290081024170e-01,1.000000000000000000e+00,9.058554172515869141e-01,7.673146724700927734e-01,1.259999394416809082e+00,1.556259274482727051e+00,-1.632714867591857910e-01,2.466032952070236206e-01,1.000000000000000000e+00,2.574561834335327148e+00,-6.057900935411453247e-02,1.276207566261291504e+00,-2.871618270874023438e-01,9.926531910896301270e-01,1.113635227084159851e-01,1.000000000000000000e+00,2.668928146362304688e+00,2.653153836727142334e-01,1.127778291702270508e+00,-3.296233117580413818e-01,-5.801976323127746582e-01,6.812685132026672363e-01,1.000000000000000000e+00,0.000000000000000000e+00,1.000000000000000000e+00,1.000000000000000000e+00,0.000000000000000000e+00,2.574561834335327148e+00,-6.057900935411453247e-02,1.276207566261291504e+00,-2.871618270874023438e-01,9.926531910896301270e-01,1.113635227084159851e-01,-3.361812844067672834e-02,9.807304269744410163e-04,-5.443283288457216595e-04,1.000000000000000000e+00,2.668928146362304688e+00,2.653153836727142334e-01,1.127778291702270508e+00,-3.296233117580413818e-01,-5.801976323127746582e-01,6.812685132026672363e-01,-7.100218367653880758e-02,-4.231996576434537971e-02,4.014086712454165151e-03,1.000000000000000000e+00,-1.999986320734024048e-01,-1.999995857477188110e-01,-1.000000014901161194e-01,3.563392758369445801e-01,1.999999880790710449e-01,-2.985247969627380371e-02,-1.000000014901161194e-01,4.191585481166839600e-01,1.009864807128906250e-01,-6.679224967956542969e-02,-6.762981414794921875e-03,4.241643548011779785e-01,-1.416800022125244141e-01,-9.317421913146972656e-02,1.326990127563476562e-02,3.950517773628234863e-01
1.179999999999999938e+00,5.249236226081848145e-01,-6.676487922668457031e-01,1.647690176963806152e+00,2.011412382125854492e-01,4.287134706974029541e-01,3.467506170272827148e-01,9.758105874061584473e-01,1.369517147541046143e-01,-1.704060137271881104e-01,-9.885428100824356079e-02,9.716404080390930176e-01,2.148091793060302734e-01,1.949918270111083984e-01,-1.927676796913146973e-01,9.616751074790954590e-01,-1.532601937651634216e-02,-2.989925444126129150e-02,1.507952343672513962e-03,1.000000000000000000e+00,0.000000000000000000e+00,5.249236226081848145e-01,-6.676487922668457031e-01,1.647690176963806152e+00,2.011412382125854492e-01,4.287134706974029541e-01,3.467506170272827148e-01,1.000000000000000000e+00,9.369397163391113281e-01,7.637137770652770996e-01,1.264916300773620605e+00,1.551279067993164062e+00,-2.005145549774169922e-01,2.449515163898468018e-01,1.000000000000000000e+00,2.568835973739624023e+00,-4.074015840888023376e-02,1.278523445129394531e+00,-2.855516672134399414e-01,9.904326200485229492e-01,1.212590709328651428e-01,1.000000000000000000e+00,2.662280082702636719e+00,2.538809776306152344e-01,1.141357660293579102e+00,-3.360312879085540771e-01,-5.610759258270263672e-01,6.758943200111389160e-01,1.000000000000000000e+00,0.000000000000000000e+00,1.000000000000000000e+00,1.000000000000000000e+00,0.000000000000000000e+00,9.369397163391113281e-01,7.637137770652770996e-01,1.264916300773620605e+00,1.551279067993164062e+00,-2.005145549774169922e-01,2.449515163898468018e-01,9.944442510604858398e-01,1.018504425883293152e-01,2.659090235829353333e-02,-9.486620873212814331e-02,9.766182899475097656e-01,-1.929174661636352539e-01,-4.561788961291313171e-02,1.893230974674224854e-01,9.808546304702758789e-01,7.282800227403640747e-02,-5.810817480087280273e-01,1.323944777250289917e-01,0.000000000000000000e+00,1.000000000000000000e+00,5.249236226081848145e-01,-6.676487922668457031e-01,1.647690176963806152e+00,2.011412382125854492e-01,4.287134706974029541e-01,3.467506170272827148e-01,1.000000000000000000e+00,9.369397163391113281e-01,7.637137770652770996e-01,1.264916300773620605e+00,1.551279067993164062e+00,-2.005145549774169922e-01,2.449515163898468018e-01,1.000000000000000000e+00,2.568835973739624023e+00,-4.074015840888023376e-02,1.278523445129394531e+00,-2.855516672134399414e-01,9.904326200485229492e-01,1.212590709328651428e-01,1.000000000000000000e+00,2.662280082702636719e+00,2.538809776306152344e-01,1.141357660293579102e+00,-3.360312879085540771e-01,-5.610759258270263672e-01,6.758943200111389160e-01,1.000000000000000000e+00,0.000000000000000000e+00,1.000000000000000000e+00,1.000000000000000000e+00,0.000000000000000000e+00,2.568835973739624023e+00,-4.074015840888023376e-02,1.278523445129394531e+00,-2.855516672134399414e-01,9.904326200485229492e-01,1.212590709328651428e-01,-1.654647080332058429e-02,-7.621980436676611959e-03,-6.444083264159228969e-04,1.000000000000000000e+00,2.662280082702636719e+00,2.538809776306152344e-01,1.141357660293579102e+00,-3.360312879085540771e-01,-5.610759258270263672e-01,6.758943200111389160e-01,-8.026693236434387368e-02,-4.901379572903086235e-02,5.086100390927078552e-03,1.000000000000000000e+00,-1.999999731779098511e-01,-1.978049278259277344e-01,-1.000000014901161194e-01,3.592271208763122559e-01,1.999995857477188110e-01,-3.579177334904670715e-02,-1.000000014901161194e-01,4.232570528984069824e-01,1.246719360351562500e-01,-7.889246940612792969e-02,-9.876251220703125000e-03,4.238257110118865967e-01,-1.510164737701416016e-01,-9.994864463806152344e-02,1.518321037292480469e-02,3.924531340599060059e-01
1.199999999999999956e+00,5.286717414855957031e-01,-6.587743163108825684e-01,1.654312491416931152e+00,1.706353127956390381e-01,4.620565772056579590e-01,3.120830059051513672e-01,9.757264256477355957e-01,1.369602531194686890e-01,-1.708803772926330566e-01,-9.870107471942901611e-02,9.715830683708190918e-01,2.151388674974441528e-01,1.954899132251739502e-01,-1.930505782365798950e-01,9.615172743797302246e-01,-1.308139972388744354e-02,-2.014330774545669556e-02,2.630237024277448654e-03,1.000000000000000000e+00,0.000000000000000000e+00,5.286717414855957031e-01,-6.587743163108825684e-01,1.654312491416931152e+00,1.706353127956390381e-01,4.620565772056579590e-01,3.120830059051513672e-01,1.000000000000000000e+00,9.679031968116760254e-01,7.593695521354675293e-01,1.269802451133728027e+00,1.543989539146423340e+00,-2.375964075326919556e-01,2.436157613992691040e-01,1.000000000000000000e+00,2.563126087188720703e+00,-2.097770757973194122e-02,1.281039357185363770e+00,-2.857844829559326172e-01,9.846272468566894531e-01,1.313658654689788818e-01,1.000000000000000000e+00,2.655492544174194336e+00,2.428429424762725830e-01,1.154816985130310059e+00,-3.436564803123474121e-01,-5.404101610183715820e-01,6.691235899925231934e-01,1.000000000000000000e+00,0.000000000000000000e+00,1.000000000000000000e+00,1.000000000000000000e+00,0.000000000000000000e+00,9.679031968116760254e-01,7.593695521354675293e-01,1.269802451133728027e+00,1.543989539146423340e+00,-2.375964075326919556e-01,2.436157613992691040e-01,9.949363470077514648e-01,9.933798760175704956e-02,1.529202610254287720e-02,-9.453826397657394409e-02,9.766003489494323730e-01,-1.931695044040679932e-01,-3.412326425313949585e-02,1.907456517219543457e-01,9.810463190078735352e-01,6.096082553267478943e-02,-5.371407270431518555e-01,1.209451332688331604e-01,0.000000000000000000e+00,1.000000000000000000e+00,5.286717414855957031e-01,-6.587743163108825684e-01,1.654312491416931152e+00,1.706353127956390381e-01,4.620565772056579590e-01,3.120830059051513672e-01,1.000000000000000000e+00,9.679031968116760254e-01,7.593695521354675293e-01,1.269802451133728027e+00,1.543989539146423340e+00,-2.375964075326919556e-01,2.436157613992691040e-01,1.000000000000000000e+00,2.563126087188720703e+00,-2.097770757973194122e-02,1.281039357185363770e+00,-2.857844829559326172e-01,9.846272468566894531e-01,1.313658654689788818e-01,1.000000000000000000e+00,2.655492544174194336e+00,2.428429424762725830e-01,1.154816985130310059e+00,-3.436564803123474121e-01,-5.404101610183715820e-01,6.691235899925231934e-01,1.000000000000000000e+00,0.000000000000000000e+00,1.000000000000000000e+00,1.000000000000000000e+00,0.000000000000000000e+00,2.563126087188720703e+00,-2.097770757973194122e-02,1.281039357185363770e+00,-2.857844829559326172e-01,9.846272468566894531e-01,1.313658654689788818e-01,1.413717846579841918e-03,-1.676182650781665728e-02,-1.110465824277006609e-03,1.000000000000000000e+00,2.655492544174194336e+00,2.428429424762725830e-01,1.154816985130310059e+00,-3.436564803123474121e-01,-5.404101610183715820e-01,6.691235899925231934e-01,-8.953689053954450028e-02,-5.574725004663672046e-02,6.287959992940628240e-03,1.000000000000000000e+00,-1.999999582767486572e-01,-1.772758662700653076e-01,-1.000000014901161194e-01,3.621956408023834229e-01,1.999773234128952026e-01,-4.002044349908828735e-02,-1.000000014901161194e-01,4.249524176120758057e-01,1.487424373626708984e-01,-9.082078933715820312e-02,-1.358985900878906250e-02,4.237215816974639893e-01,-1.603600978851318359e-01,-1.064288616180419922e-01,1.718068122863769531e-02,3.899222016334533691e-01
1.219999999999999973e+00,5.318105816841125488e-01,-6.492340564727783203e-01,1.660246133804321289e+00,1.402424424886703491e-01,4.952765107154846191e-01,2.779916822910308838e-01,9.757593870162963867e-01,1.368030160665512085e-01,-1.708182990550994873e-01,-9.851175546646118164e-02,9.715530276298522949e-01,2.153611332178115845e-01,1.954210698604583740e-01,-1.933130174875259399e-01,9.614785313606262207e-01,-9.348345920443534851e-03,4.600000381469726562e-02,1.764986291527748108e-02,1.000000000000000000e+00,0.000000000000000000e+00,5.318105816841125488e-01,-6.492340564727783203e-01,1.660246133804321289e+00,1.402424424886703491e-01,4.952765107154846191e-01,2.779916822910308838e-01,1.000000000000000000e+00,9.987016916275024414e-01,7.542847990989685059e-01,1.274666666984558105e+00,1.534582734107971191e+00,-2.745407223701477051e-01,2.428295761346817017e-01,1.000000000000000000e+00,2.557394266128540039e+00,-1.364789204671978951e-03,1.283757925033569336e+00,-2.879552543163299561e-01,9.750809073448181152e-01,1.415255218744277954e-01,1.000000000000000000e+00,2.648541688919067383e+00,2.322318404912948608e-01,1.168128132820129395e+00,-3.524803519248962402e-01,-5.182384848594665527e-01,6.609494090080261230e-01,1.000000000000000000e+00,0.000000000000000000e+00,1.000000000000000000e+00,1.000000000000000000e+00,0.000000000000000000e+00,9.987016916275024414e-01,7.542847990989685059e-01,1.274666666984558105e+00,1.534582734107971191e+00,-2.745407223701477051e-01,2.428295761346817017e-01,9.952673316001892090e-01,9.705319255590438843e-02,4.893356934189796448e-03,-9.428253024816513062e-02,9.766002893447875977e-01,-1.932949572801589966e-01,-2.353874407708644867e-02,1.919187754392623901e-01,9.811286330223083496e-01,5.122327804565429688e-02,-4.922050535678863525e-01,1.078327149152755737e-01,0.000000000000000000e+00,1.000000000000000000e+00,5.318105816841125488e-01,-6.492340564727783203e-01,1.660246133804321289e+00,1.402424424886703491e-01,4.952765107154846191e-01,2.779916822910308838e-01,1.000000000000000000e+00,9.987016916275024414e-01,7.542847990989685059e-01,1.274666666984558105e+00,1.534582734107971191e+00,-2.745407223701477051e-01,2.428295761346817017e-01,1.000000000000000000e+00,2.557394266128540039e+00,-1.364789204671978951e-03,1.283757925033569336e+00,-2.879552543163299561e-01,9.750809073448181152e-01,1.415255218744277954e-01,1.000000000000000000e+00,2.648541688919067383e+00,2.322318404912948608e-01,1.168128132820129395e+00,-3.524803519248962402e-01,-5.182384848594665527e-01,6.609494090080261230e-01,1.000000000000000000e+00,0.000000000000000000e+00,1.000000000000000000e+00,1.000000000000000000e+00,0.000000000000000000e+00,2.557394266128540039e+00,-1.364789204671978951e-03,1.283757925033569336e+00,-2.879552543163299561e-01,9.750809073448181152e-01,1.415255218744277954e-01,2.020217099993451559e-02,-2.635860357912944707e-02,-1.990272540225825407e-03,1.000000000000000000e+00,2.648541688919067383e+00,2.322318404912948608e-01,1.168128132820129395e+00,-3.524803519248962402e-01,-5.182384848594665527e-01,6.609494090080261230e-01,-9.881782795389579266e-02,-6.248035456388834064e-02,7.616595901462380747e-03,1.000000000000000000e+00,-1.999452412128448486e-01,-1.461441665887832642e-01,-1.000000014901161194e-01,3.639144897460937500e-01,1.999799609184265137e-01,-4.308652505278587341e-02,-1.000000014901161194e-01,4.252180457115173340e-01,1.729979515075683594e-01,-1.023828983306884766e-01,-1.785778999328613281e-02,4.239532351493835449e-01,-1.696579456329345703e-01,-1.125352382659912109e-01,1.923465728759765625e-02,3.874866068363189697e-01
1.239999999999999991e+00,5.343437790870666504e-01,-6.390304565429687500e-01,1.665504336357116699e+00,1.101452037692070007e-01,5.283679962158203125e-01,2.446327656507492065e-01,9.762389063835144043e-01,1.361905485391616821e-01,-1.685516387224197388e-01,-9.837428480386734009e-02,9.715869426727294922e-01,2.152702510356903076e-01,1.930803507566452026e-01,-1.935740411281585693e-01,9.618986248970031738e-01,-4.021272063255310059e-03,2.216114103794097900e-01,4.758542403578758240e-02,1.000000000000000000e+00,0.000000000000000000e+00,5.343437790870666504e-01,-6.390304565429687500e-01,1.665504336357116699e+00,1.101452037692070007e-01,5.283679962158203125e-01,2.446327656507492065e-01,1.000000000000000000e+00,1.029294252395629883e+00,7.484626770019531250e-01,1.279520034790039062e+00,1.523246049880981445e+00,-3.113262951374053955e-01,2.425644248723983765e-01,1.000000000000000000e+00,2.551600933074951172e+00,1.802251860499382019e-02,1.286679148674011230e+00,-2.921425104141235352e-01,9.616580009460449219e-01,1.516160964965820312e-01,1.000000000000000000e+00,2.641403675079345703e+00,2.220774441957473755e-01,1.181263327598571777e+00,-3.624772131443023682e-01,-4.945974647998809814e-01,6.513751745223999023e-01,1.000000000000000000e+00,0.000000000000000000e+00,1.000000000000000000e+00,1.000000000000000000e+00,0.000000000000000000e+00,1.029294252395629883e+00,7.484626770019531250e-01,1.279520034790039062e+00,1.523246049880981445e+00,-3.113262951374053955e-01,2.425644248723983765e-01,9.954639673233032227e-01,9.502943605184555054e-02,-4.576070234179496765e-03,-9.411811083555221558e-02,9.766075611114501953e-01,-1.933378875255584717e-01,-1.390376500785350800e-02,1.928915977478027344e-01,9.811215996742248535e-01,4.359444603323936462e-02,-4.450151920318603516e-01,9.365668147802352905e-02,0.000000000000000000e+00,1.000000000000000000e+00,5.343437790870666504e-01,-6.390304565429687500e-01,1.665504336357116699e+00,1.101452037692070007e-01,5.283679962158203125e-01,2.446327656507492065e-01,1.000000000000000000e+00,1.029294252395629883e+00,7.484626770019531250e-01,1.279520034790039062e+00,1.523246049880981445e+00,-3.113262951374053955e-01,2.425644248723983765e-01,1.000000000000000000e+00,2.551600933074951172e+00,1.802251860499382019e-02,1.286679148674011230e+00,-2.921425104141235352e-01,9.616580009460449219e-01,1.516160964965820312e-01,1.000000000000000000e+00,2.641403675079345703e+00,2.220774441957473755e-01,1.181263327598571777e+00,-3.624772131443023682e-01,-4.945974647998809814e-01,6.513751745223999023e-01,1.000000000000000000e+00,0.000000000000000000e+00,1.000000000000000000e+00,1.000000000000000000e+00,0.000000000000000000e+00,2.551600933074951172e+00,1.802251860499382019e-02,1.286679148674011230e+00,-2.921425104141235352e-01,9.616580009460449219e-01,1.516160964965820312e-01,3.974679955046653279e-02,-3.631771384700077654e-02,-3.322558486956523477e-03,1.000000000000000000e+00,2.641403675079345703e+00,2.220774441957473755e-01,1.181263327598571777e+00,-3.624772131443023682e-01,-4.945974647998809814e-01,6.513751745223999023e-01,-1.081092593222610365e-01,-6.916695084664881144e-02,9.066446157168631115e-03,1.000000000000000000e+00,-1.999725103378295898e-01,-8.926892280578613281e-02,-1.000000014901161194e-01,3.628469705581665039e-01,1.998161077499389648e-01,-4.537062346935272217e-02,-1.000000014901161194e-01,4.247492849826812744e-01,1.972112655639648438e-01,-1.133859157562255859e-01,-2.260303497314453125e-02,4.245436191558837891e-01,-1.788263320922851562e-01,-1.181814670562744141e-01,2.130913734436035156e-02,3.851693570613861084e-01
1.260000000000000009e+00,5.362813472747802734e-01,-6.281668543815612793e-01,1.670102119445800781e+00,8.091209083795547485e-02,5.612356066703796387e-01,2.120052874088287354e-01,9.775959849357604980e-01,1.347247064113616943e-01,-1.617269217967987061e-01,-9.841115772724151611e-02,9.717277884483337402e-01,2.146172821521759033e-01,1.860687732696533203e-01,-1.938932240009307861e-01,9.632154703140258789e-01,7.429935503751039505e-04,5.340810418128967285e-01,1.035068333148956299e-01,1.000000000000000000e+00,0.000000000000000000e+00,5.362813472747802734e-01,-6.281668543815612793e-01,1.670102119445800781e+00,8.091209083795547485e-02,5.612356066703796387e-01,2.120052874088287354e-01,1.000000000000000000e+00,1.059644341468811035e+00,7.419065237045288086e-01,1.284372091293334961e+00,1.510175585746765137e+00,-3.479194641113281250e-01,2.426882535219192505e-01,1.000000000000000000e+00,2.545704841613769531e+00,3.710561990737915039e-02,1.289801120758056641e+00,-2.984073460102081299e-01,9.442442655563354492e-01,1.615505963563919067e-01,1.000000000000000000e+00,2.634055376052856445e+00,2.124088257551193237e-01,1.194194555282592773e+00,-3.736134171485900879e-01,-4.695230424404144287e-01,6.404154896736145020e-01,1.000000000000000000e+00,0.000000000000000000e+00,1.000000000000000000e+00,1.000000000000000000e+00,0.000000000000000000e+00,1.059644341468811035e+00,7.419065237045288086e-01,1.284372091293334961e+00,1.510175585746765137e+00,-3.479194641113281250e-01,2.426882535219192505e-01,9.955536723136901855e-01,9.328518062829971313e-02,-1.307516358792781830e-02,-9.404974430799484253e-02,9.766145944595336914e-01,-1.933356672525405884e-01,-5.265956278890371323e-03,1.937057226896286011e-01,9.810456037521362305e-01,3.709306195378303528e-02,-3.962439596652984619e-01,7.916253805160522461e-02,0.000000000000000000e+00,1.000000000000000000e+00,5.362813472747802734e-01,-6.281668543815612793e-01,1.670102119445800781e+00,8.091209083795547485e-02,5.612356066703796387e-01,2.120052874088287354e-01,1.000000000000000000e+00,1.059644341468811035e+00,7.419065237045288086e-01,1.284372091293334961e+00,1.510175585746765137e+00,-3.479194641113281250e-01,2.426882535219192505e-01,1.000000000000000000e+00,2.545704841613769531e+00,3.710561990737915039e-02,1.289801120758056641e+00,-2.984073460102081299e-01,9.442442655563354492e-01,1.615505963563919067e-01,1.000000000000000000e+00,2.634055376052856445e+00,2.124088257551193237e-01,1.194194555282592773e+00,-3.736134171485900879e-01,-4.695230424404144287e-01,6.404154896736145020e-01,1.000000000000000000e+00,0.000000000000000000e+00,1.000000000000000000e+00,1.000000000000000000e+00,0.000000000000000000e+00,2.545704841613769531e+00,3.710561990737915039e-02,1.289801120758056641e+00,-2.984073460102081299e-01,9.442442655563354492e-01,1.615505963563919067e-01,5.996107510120775308e-02,-4.652734014622184056e-02,-5.134728164424225832e-03,1.000000000000000000e+00,2.634055376052856445e+00,2.124088257551193237e-01,1.194194555282592773e+00,-3.736134171485900879e-01,-4.695230424404144287e-01,6.404154896736145020e-01,-1.174022945762094872e-01,-7.575518699189176530e-02,1.062876616096124910e-02,1.000000000000000000e+00,0.000000000000000000e+00,0.000000000000000000e+00,0.000000000000000000e+00,0.000000000000000000e+00,0.000000000000000000e+00,0.000000000000000000e+00,0.000000000000000000e+00,0.000000000000000000e+00,0.000000000000000000e+00,0.000000000000000000e+00,0.000000000000000000e+00,0.000000000000000000e+00,0.000000000000000000e+00,0.000000000000000000e+00,0.000000000000000000e+00,0.000000000000000000e+00
