time,agent0_obs0,agent0_obs1,agent0_obs2,agent0_obs3,agent0_obs4,agent0_obs5,agent0_obs6,agent0_obs7,agent0_obs8,agent0_obs9,agent0_obs10,agent0_obs11,agent0_obs12,agent0_obs13,agent0_obs14,agent0_obs15,agent0_obs16,agent0_obs17,agent0_obs18,agent0_obs19,agent0_obs20,agent0_obs21,agent0_obs22,agent0_obs23,agent0_obs24,agent0_obs25,agent0_obs26,agent0_obs27,agent0_obs28,agent0_obs29,agent0_obs30,agent0_obs31,agent0_obs32,agent0_obs33,agent0_obs34,agent0_obs35,agent0_obs36,agent0_obs37,agent0_obs38,agent0_obs39,agent0_obs40,agent0_obs41,agent0_obs42,agent0_obs43,agent0_obs44,agent0_obs45,agent0_obs46,agent0_obs47,agent0_obs48,agent0_obs49,agent0_obs50,agent0_obs51,agent1_obs0,agent1_obs1,agent1_obs2,agent1_obs3,agent1_obs4,agent1_obs5,agent1_obs6,agent1_obs7,agent1_obs8,agent1_obs9,agent1_obs10,agent1_obs11,agent1_obs12,agent1_obs13,agent1_obs14,agent1_obs15,agent1_obs16,agent1_obs17,agent1_obs18,agent1_obs19,agent1_obs20,agent1_obs21,agent1_obs22,agent1_obs23,agent1_obs24,agent1_obs25,agent1_obs26,agent1_obs27,agent1_obs28,agent1_obs29,agent1_obs30,agent1_obs31,agent1_obs32,agent1_obs33,agent1_obs34,agent1_obs35,agent1_obs36,agent1_obs37,agent1_obs38,agent1_obs39,agent1_obs40,agent1_obs41,agent1_obs42,agent1_obs43,agent1_obs44,agent1_obs45,agent1_obs46,agent1_obs47,agent1_obs48,agent1_obs49,agent1_obs50,agent1_obs51,red0_pos_x,red0_pos_y,red0_pos_z,red0_vel_x,red0_vel_y,red0_vel_z,red0_roll,red0_pitch,red0_yaw,red0_active,red1_pos_x,red1_pos_y,red1_pos_z,red1_vel_x,red1_vel_y,red1_vel_z,red1_roll,red1_pitch,red1_yaw,red1_active,blue0_cmd_roll,blue0_cmd_pitch,blue0_cmd_yaw,blue0_cmd_thrust,blue1_cmd_roll,blue1_cmd_pitch,blue1_cmd_yaw,blue1_cmd_thrust,red0_cmd_roll,red0_cmd_pitch,red0_cmd_yaw,red0_cmd_thrust,red1_cmd_roll,red1_cmd_pitch,red1_cmd_yaw,red1_cmd_thrust
0.000000000000000000e+00,-7.625706493854522705e-02,-4.332044422626495361e-01,9.292523264884948730e-01,0.000000000000000000e+00,0.000000000000000000e+00,0.000000000000000000e+00,1.000000000000000000e+00,0.000000000000000000e+00,0.000000000000000000e+00,0.000000000000000000e+00,1.000000000000000000e+00,0.000000000000000000e+00,0.000000000000000000e+00,0.000000000000000000e+00,1.000000000000000000e+00,0.000000000000000000e+00,0.000000000000000000e+00,0.000000000000000000e+00,1.000000000000000000e+00,0.000000000000000000e+00,-7.625706493854522705e-02,-4.332044422626495361e-01,9.292523264884948730e-01,0.000000000000000000e+00,0.000000000000000000e+00,0.000000000000000000e+00,1.000000000000000000e+00,8.280036598443984985e-02,5.899505019187927246e-01,9.021701812744140625e-01,0.000000000000000000e+00,0.000000000000000000e+00,0.000000000000000000e+00,1.000000000000000000e+00,3.415084600448608398e+00,9.881520271301269531e-02,1.272240996360778809e+00,0.000000000000000000e+00,0.000000000000000000e+00,0.000000000000000000e+00,1.000000000000000000e+00,3.230568885803222656e+00,5.410556793212890625e-01,9.504414796829223633e-01,0.000000000000000000e+00,0.000000000000000000e+00,0.000000000000000000e+00,1.000000000000000000e+00,0.000000000000000000e+00,1.000000000000000000e+00,1.000000000000000000e+00,0.000000000000000000e+00,8.280036598443984985e-02,5.899505019187927246e-01,9.021701812744140625e-01,0.000000000000000000e+00,0.000000000000000000e+00,0.000000000000000000e+00,1.000000000000000000e+00,0.000000000000000000e+00,0.000000000000000000e+00,0.000000000000000000e+00,1.000000000000000000e+00,0.000000000000000000e+00,0.000000000000000000e+00,0.000000000000000000e+00,1.000000000000000000e+00,0.000000000000000000e+00,0.000000000000000000e+00,0.000000000000000000e+00,0.000000000000000000e+00,1.000000000000000000e+00,-7.625706493854522705e-02,-4.332044422626495361e-01,9.292523264884948730e-01,0.000000000000000000e+00,0.000000000000000000e+00,0.000000000000000000e+00,1.000000000000000000e+00,8.280036598443984985e-02,5.899505019187927246e-01,9.021701812744140625e-01,0.000000000000000000e+00,0.000000000000000000e+00,0.000000000000000000e+00,1.000000000000000000e+00,3.415084600448608398e+00,9.881520271301269531e-02,1.272240996360778809e+00,0.000000000000000000e+00,0.000000000000000000e+00,0.000000000000000000e+00,1.000000000000000000e+00,3.230568885803222656e+00,5.410556793212890625e-01,9.504414796829223633e-01,0.000000000000000000e+00,0.000000000000000000e+00,0.000000000000000000e+00,1.000000000000000000e+00,0.000000000000000000e+00,1.000000000000000000e+00,1.000000000000000000e+00,0.000000000000000000e+00,3.415084600448608398e+00,9.881520271301269531e-02,1.272240996360778809e+00,0.000000000000000000e+00,0.000000000000000000e+00,0.000000000000000000e+00,0.000000000000000000e+00,0.000000000000000000e+00,0.000000000000000000e+00,1.000000000000000000e+00,3.230568885803222656e+00,5.410556793212890625e-01,9.504414796829223633e-01,0.000000000000000000e+00,0.000000000000000000e+00,0.000000000000000000e+00,0.000000000000000000e+00,0.000000000000000000e+00,0.000000000000000000e+00,1.000000000000000000e+00,-6.488239020109176636e-02,2.000000029802322388e-01,-1.000000014901161194e-01,5.141605138778686523e-01,-3.720494732260704041e-02,1.999999731779098511e-01,-1.000000014901161194e-01,4.973892867565155029e-01,-3.498244285583496094e-02,-2.000000029802322388e-01,7.878780364990234375e-03,3.883095085620880127e-01,6.636190414428710938e-02,-2.000000029802322388e-01,-1.423954963684082031e-02,3.977245688438415527e-01
2.000000000000000042e-02,-7.625680416822433472e-02,-4.332043230533599854e-01,9.292706251144409180e-01,1.070160797098651528e-04,4.676069511333480477e-05,3.550235880538821220e-03,9.999918341636657715e-01,2.858727704733610153e-03,2.894216682761907578e-03,-2.862257882952690125e-03,9.999952912330627441e-01,1.216386561281979084e-03,-2.890725154429674149e-03,-1.224660431034862995e-03,9.999951720237731934e-01,-1.972200423479080200e-01,4.978771507740020752e-01,-2.914036512374877930e-01,1.000000000000000000e+00,0.000000000000000000e+00,-7.625680416822433472e-02,-4.332043230533599854e-01,9.292706251144409180e-01,1.070160797098651528e-04,4.676069511333480477e-05,3.550235880538821220e-03,1.000000000000000000e+00,8.280062675476074219e-02,5.899505615234375000e-01,9.021844267845153809e-01,1.050491555361077189e-04,3.439556894591078162e-05,2.811235142871737480e-03,1.000000000000000000e+00,3.415084362030029297e+00,9.881524741649627686e-02,1.272231698036193848e+00,-1.148303417721763253e-04,1.958534448931459337e-05,-1.562652993015944958e-03,1.000000000000000000e+00,3.230568647384643555e+00,5.410556197166442871e-01,9.504347443580627441e-01,-1.139449013862758875e-04,-3.711584940901957452e-05,-1.091071986593306065e-03,1.000000000000000000e+00,0.000000000000000000e+00,1.000000000000000000e+00,1.000000000000000000e+00,0.000000000000000000e+00,8.280062675476074219e-02,5.899505615234375000e-01,9.021844267845153809e-01,1.050491555361077189e-04,3.439556894591078162e-05,2.811235142871737480e-03,9.999917149543762207e-01,2.907926915213465691e-03,2.861960558220744133e-03,-2.910466166213154793e-03,9.999954700469970703e-01,8.835181361064314842e-04,-2.859378000721335411e-03,-8.918404346331954002e-04,9.999955892562866211e-01,-1.385383158922195435e-01,4.934521615505218506e-01,-2.987653017044067383e-01,0.000000000000000000e+00,1.000000000000000000e+00,-7.625680416822433472e-02,-4.332043230533599854e-01,9.292706251144409180e-01,1.070160797098651528e-04,4.676069511333480477e-05,3.550235880538821220e-03,1.000000000000000000e+00,8.280062675476074219e-02,5.899505615234375000e-01,9.021844267845153809e-01,1.050491555361077189e-04,3.439556894591078162e-05,2.811235142871737480e-03,1.000000000000000000e+00,3.415084362030029297e+00,9.881524741649627686e-02,1.272231698036193848e+00,-1.148303417721763253e-04,1.958534448931459337e-05,-1.562652993015944958e-03,1.000000000000000000e+00,3.230568647384643555e+00,5.410556197166442871e-01,9.504347443580627441e-01,-1.139449013862758875e-04,-3.711584940901957452e-05,-1.091071986593306065e-03,1.000000000000000000e+00,0.000000000000000000e+00,1.000000000000000000e+00,1.000000000000000000e+00,0.000000000000000000e+00,3.415084362030029297e+00,9.881524741649627686e-02,1.272231698036193848e+00,-1.148303417721763253e-04,1.958534448931459337e-05,-1.562652993015944958e-03,-5.483284484001044266e-04,-3.219176635032239275e-03,2.563202233116523582e-04,1.000000000000000000e+00,3.230568647384643555e+00,5.410556197166442871e-01,9.504347443580627441e-01,-1.139449013862758875e-04,-3.711584940901957452e-05,-1.091071986593306065e-03,1.035317535737210679e-03,-3.182280328081210641e-03,-4.651072539315454185e-04,1.000000000000000000e+00,-1.015099510550498962e-02,2.000000029802322388e-01,-1.000000014901161194e-01,5.198535919189453125e-01,-2.715677581727504730e-02,1.999999433755874634e-01,-1.000000014901161194e-01,5.139151811599731445e-01,-3.496789932250976562e-02,-2.000000029802322388e-01,7.872581481933593750e-03,3.886093795299530029e-01,6.634974479675292969e-02,-2.000000029802322388e-01,-1.423454284667968750e-02,3.980298936367034912e-01
4.000000000000000083e-02,-7.624270766973495483e-02,-4.331987202167510986e-01,9.294379353523254395e-01,2.106179716065526009e-03,7.806172943674027920e-04,1.579756475985050201e-02,9.997255802154541016e-01,1.049833931028842926e-02,2.094152010977268219e-02,-1.064203120768070221e-02,9.999205470085144043e-01,6.761944852769374847e-03,-2.086886577308177948e-02,-6.982949562370777130e-03,9.997578263282775879e-01,-3.109077811241149902e-01,1.357180118560791016e+00,-4.880707263946533203e-01,1.000000000000000000e+00,0.000000000000000000e+00,-7.624270766973495483e-02,-4.331987202167510986e-01,9.294379353523254395e-01,2.106179716065526009e-03,7.806172943674027920e-04,1.579756475985050201e-02,1.000000000000000000e+00,8.281447738409042358e-02,5.899545550346374512e-01,9.023227095603942871e-01,2.073836047202348709e-03,5.492311320267617702e-04,1.347677037119865417e-02,1.000000000000000000e+00,3.415070056915283203e+00,9.881770610809326172e-02,1.272174358367919922e+00,-2.120349323377013206e-03,3.591270069591701031e-04,-4.687455017119646072e-03,1.000000000000000000e+00,3.230554342269897461e+00,5.410509705543518066e-01,9.503977894783020020e-01,-2.115773037075996399e-03,-6.842241855338215828e-04,-2.816889202222228050e-03,1.000000000000000000e+00,0.000000000000000000e+00,1.000000000000000000e+00,1.000000000000000000e+00,0.000000000000000000e+00,8.281447738409042358e-02,5.899545550346374512e-01,9.023227095603942871e-01,2.073836047202348709e-03,5.492311320267617702e-04,1.347677037119865417e-02,9.997263550758361816e-01,1.063321344554424286e-02,2.084360457956790924e-02,-1.073583588004112244e-02,9.999309182167053223e-01,4.817722830921411514e-03,-2.079093270003795624e-02,-5.040177609771490097e-03,9.997712969779968262e-01,-2.441913932561874390e-01,1.361425995826721191e+00,-4.855920672416687012e-01,0.000000000000000000e+00,1.000000000000000000e+00,-7.624270766973495483e-02,-4.331987202167510986e-01,9.294379353523254395e-01,2.106179716065526009e-03,7.806172943674027920e-04,1.579756475985050201e-02,1.000000000000000000e+00,8.281447738409042358e-02,5.899545550346374512e-01,9.023227095603942871e-01,2.073836047202348709e-03,5.492311320267617702e-04,1.347677037119865417e-02,1.000000000000000000e+00,3.415070056915283203e+00,9.881770610809326172e-02,1.272174358367919922e+00,-2.120349323377013206e-03,3.591270069591701031e-04,-4.687455017119646072e-03,1.000000000000000000e+00,3.230554342269897461e+00,5.410509705543518066e-01,9.503977894783020020e-01,-2.115773037075996399e-03,-6.842241855338215828e-04,-2.816889202222228050e-03,1.000000000000000000e+00,0.000000000000000000e+00,1.000000000000000000e+00,1.000000000000000000e+00,0.000000000000000000e+00,3.415070056915283203e+00,9.881770610809326172e-02,1.272174358367919922e+00,-2.120349323377013206e-03,3.591270069591701031e-04,-4.687455017119646072e-03,-3.831256134352543745e-03,-2.256231192643753936e-02,8.318679248956793813e-04,1.000000000000000000e+00,3.230554342269897461e+00,5.410509705543518066e-01,9.503977894783020020e-01,-2.115773037075996399e-03,-6.842241855338215828e-04,-2.816889202222228050e-03,7.248690043845346966e-03,-2.237163518795393102e-02,-1.496418745551814956e-03,1.000000000000000000e+00,8.419214189052581787e-02,1.999998241662979126e-01,-1.000000014901161194e-01,5.621320605278015137e-01,-2.838761918246746063e-02,1.999981701374053955e-01,-1.000000014901161194e-01,5.574068427085876465e-01,-3.485083580017089844e-02,-2.000000029802322388e-01,7.822036743164062500e-03,3.903384804725646973e-01,6.614947319030761719e-02,-2.000000029802322388e-01,-1.415276527404785156e-02,3.997841775417327881e-01
5.999999999999999778e-02,-7.614487409591674805e-02,-4.331674277782440186e-01,9.299277663230895996e-01,9.604657068848609924e-03,2.675080904737114906e-03,3.692487627267837524e-02,9.983866810798645020e-01,2.168310061097145081e-02,5.247864127159118652e-02,-2.221259474754333496e-02,9.997079372406005859e-01,9.527486748993396759e-03,-5.225672572851181030e-02,-1.067780237644910812e-02,9.985767006874084473e-01,1.289393454790115356e-01,1.715470075607299805e+00,-6.363759636878967285e-01,1.000000000000000000e+00,0.000000000000000000e+00,-7.614487409591674805e-02,-4.331674277782440186e-01,9.299277663230895996e-01,9.604657068848609924e-03,2.675080904737114906e-03,3.692487627267837524e-02,1.000000000000000000e+00,8.291124552488327026e-02,5.899770855903625488e-01,9.027540087699890137e-01,9.534688666462898254e-03,2.000818727537989616e-03,3.335857763886451721e-02,1.000000000000000000e+00,3.414975166320800781e+00,9.883378446102142334e-02,1.272041678428649902e+00,-9.078107774257659912e-03,1.533643575385212898e-03,-9.313547052443027496e-03,1.000000000000000000e+00,3.230459213256835938e+00,5.410202741622924805e-01,9.503203630447387695e-01,-9.112872183322906494e-03,-2.934435382485389709e-03,-5.355777218937873840e-03,1.000000000000000000e+00,0.000000000000000000e+00,1.000000000000000000e+00,1.000000000000000000e+00,0.000000000000000000e+00,8.291124552488327026e-02,5.899770855903625488e-01,9.027540087699890137e-01,9.534688666462898254e-03,2.000818727537989616e-03,3.335857763886451721e-02,9.983777403831481934e-01,2.124204672873020172e-02,5.282727628946304321e-02,-2.173293195664882660e-02,9.997256994247436523e-01,8.735212497413158417e-03,-5.262722820043563843e-02,-9.869133122265338898e-03,9.985654950141906738e-01,-1.744369119405746460e-01,1.762727737426757812e+00,-5.914173126220703125e-01,0.000000000000000000e+00,1.000000000000000000e+00,-7.614487409591674805e-02,-4.331674277782440186e-01,9.299277663230895996e-01,9.604657068848609924e-03,2.675080904737114906e-03,3.692487627267837524e-02,1.000000000000000000e+00,8.291124552488327026e-02,5.899770855903625488e-01,9.027540087699890137e-01,9.534688666462898254e-03,2.000818727537989616e-03,3.335857763886451721e-02,1.000000000000000000e+00,3.414975166320800781e+00,9.883378446102142334e-02,1.272041678428649902e+00,-9.078107774257659912e-03,1.533643575385212898e-03,-9.313547052443027496e-03,1.000000000000000000e+00,3.230459213256835938e+00,5.410202741622924805e-01,9.503203630447387695e-01,-9.112872183322906494e-03,-2.934435382485389709e-03,-5.355777218937873840e-03,1.000000000000000000e+00,0.000000000000000000e+00,1.000000000000000000e+00,1.000000000000000000e+00,0.000000000000000000e+00,3.414975166320800781e+00,9.883378446102142334e-02,1.272041678428649902e+00,-9.078107774257659912e-03,1.533643575385212898e-03,-9.313547052443027496e-03,-9.318762835445781531e-03,-5.466621895997936242e-02,1.727060265669352283e-03,1.000000000000000000e+00,3.230459213256835938e+00,5.410202741622924805e-01,9.503203630447387695e-01,-9.112872183322906494e-03,-2.934435382485389709e-03,-5.355777218937873840e-03,1.765983493479649988e-02,-5.445250214693331259e-02,-3.114531358128347534e-03,1.000000000000000000e+00,1.406721621751785278e-01,1.999988555908203125e-01,-1.000000014901161194e-01,5.695536732673645020e-01,-1.844852603971958160e-02,1.999999433755874634e-01,-1.000000014901161194e-01,5.877782702445983887e-01,-3.449177742004394531e-02,-2.000000029802322388e-01,7.664442062377929688e-03,3.929437994956970215e-01,6.545138359069824219e-02,-2.000000029802322388e-01,-1.386880874633789062e-02,4.023742973804473877e-01
8.000000000000000167e-02,-7.582849264144897461e-02,-4.330980479717254639e-01,9.309269189834594727e-01,2.488084509968757629e-02,4.050140734761953354e-03,6.753019988536834717e-02,9.957578182220458984e-01,3.579541295766830444e-02,8.476642519235610962e-02,-3.585382550954818726e-02,9.993568062782287598e-01,-8.336161263287067413e-04,-8.474173396825790405e-02,-2.209120430052280426e-03,9.964006543159484863e-01,9.051386713981628418e-01,1.436086177825927734e+00,-6.996645927429199219e-01,1.000000000000000000e+00,0.000000000000000000e+00,-7.582849264144897461e-02,-4.330980479717254639e-01,9.309269189834594727e-01,2.488084509968757629e-02,4.050140734761953354e-03,6.753019988536834717e-02,1.000000000000000000e+00,8.322732150554656982e-02,5.900358557701110840e-01,9.036764502525329590e-01,2.502233162522315979e-02,4.163599573075771332e-03,6.371001154184341431e-02,1.000000000000000000e+00,3.414685487747192383e+00,9.888271987438201904e-02,1.271804809570312500e+00,-2.217338792979717255e-02,3.746032482013106346e-03,-1.502432581037282944e-02,1.000000000000000000e+00,3.230167865753173828e+00,5.409264564514160156e-01,9.501848220825195312e-01,-2.237317152321338654e-02,-7.189878728240728378e-03,-8.520509116351604462e-03,1.000000000000000000e+00,0.000000000000000000e+00,1.000000000000000000e+00,1.000000000000000000e+00,0.000000000000000000e+00,8.322732150554656982e-02,5.900358557701110840e-01,9.036764502525329590e-01,2.502233162522315979e-02,4.163599573075771332e-03,6.371001154184341431e-02,9.956725239753723145e-01,3.338319435715675354e-02,8.672840148210525513e-02,-3.438622877001762390e-02,9.993576407432556152e-01,1.009676419198513031e-02,-8.633562177419662476e-02,-1.303533278405666351e-02,9.961808323860168457e-01,-3.823886066675186157e-02,1.513860344886779785e+00,-6.368168592453002930e-01,0.000000000000000000e+00,1.000000000000000000e+00,-7.582849264144897461e-02,-4.330980479717254639e-01,9.309269189834594727e-01,2.488084509968757629e-02,4.050140734761953354e-03,6.753019988536834717e-02,1.000000000000000000e+00,8.322732150554656982e-02,5.900358557701110840e-01,9.036764502525329590e-01,2.502233162522315979e-02,4.163599573075771332e-03,6.371001154184341431e-02,1.000000000000000000e+00,3.414685487747192383e+00,9.888271987438201904e-02,1.271804809570312500e+00,-2.217338792979717255e-02,3.746032482013106346e-03,-1.502432581037282944e-02,1.000000000000000000e+00,3.230167865753173828e+00,5.409264564514160156e-01,9.501848220825195312e-01,-2.237317152321338654e-02,-7.189878728240728378e-03,-8.520509116351604462e-03,1.000000000000000000e+00,0.000000000000000000e+00,1.000000000000000000e+00,1.000000000000000000e+00,0.000000000000000000e+00,3.414685487747192383e+00,9.888271987438201904e-02,1.271804809570312500e+00,-2.217338792979717255e-02,3.746032482013106346e-03,-1.502432581037282944e-02,-1.472702012753704381e-02,-8.567995051815247010e-02,2.846206118487493684e-03,1.000000000000000000e+00,3.230167865753173828e+00,5.409264564514160156e-01,9.501848220825195312e-01,-2.237317152321338654e-02,-7.189878728240728378e-03,-8.520509116351604462e-03,2.793497247297094949e-02,-8.565819141472119647e-02,-5.159371949844233918e-03,1.000000000000000000e+00,1.739953160285949707e-01,1.999999582767486572e-01,-1.000000014901161194e-01,5.793693661689758301e-01,-1.092428807169198990e-02,2.000000029802322388e-01,-1.000000014901161194e-01,5.637565255165100098e-01,-3.387427330017089844e-02,-2.000000029802322388e-01,7.386922836303710938e-03,3.952417373657226562e-01,6.415081024169921875e-02,-2.000000029802322388e-01,-1.333904266357421875e-02,4.045378863811492920e-01
1.000000000000000056e-01,-7.513871043920516968e-02,-4.330312907695770264e-01,9.326152801513671875e-01,4.735134914517402649e-02,1.382344169542193413e-03,1.064992621541023254e-01,9.928842782974243164e-01,5.216274410486221313e-02,1.070510894060134888e-01,-4.967156052589416504e-02,9.984321594238281250e-01,-2.580867707729339600e-02,-1.082294881343841553e-01,2.030763402581214905e-02,9.939185380935668945e-01,1.490248680114746094e+00,8.368086814880371094e-01,-7.011304497718811035e-01,1.000000000000000000e+00,0.000000000000000000e+00,-7.513871043920516968e-02,-4.330312907695770264e-01,9.326152801513671875e-01,4.735134914517402649e-02,1.382344169542193413e-03,1.064992621541023254e-01,1.000000000000000000e+00,8.392569422721862793e-02,5.901398658752441406e-01,9.052913188934326172e-01,4.822592064738273621e-02,6.410992238670587540e-03,1.027245447039604187e-01,1.000000000000000000e+00,3.414085388183593750e+00,9.898415207862854004e-02,1.271452665328979492e+00,-4.030227288603782654e-02,6.816830486059188843e-03,-2.070742473006248474e-02,1.000000000000000000e+00,3.229561328887939453e+00,5.407316088676452637e-01,9.499881863594055176e-01,-4.082794860005378723e-02,-1.311292592436075211e-02,-1.131969317793846130e-02,1.000000000000000000e+00,0.000000000000000000e+00,1.000000000000000000e+00,1.000000000000000000e+00,0.000000000000000000e+00,8.392569422721862793e-02,5.901398658752441406e-01,9.052913188934326172e-01,4.822592064738273621e-02,6.410992238670587540e-03,1.027245447039604187e-01,9.926767945289611816e-01,4.613328725099563599e-02,1.116451397538185120e-01,-4.739453643560409546e-02,9.988387227058410645e-01,8.668052032589912415e-03,-1.111155971884727478e-01,-1.389594376087188721e-02,9.937103986740112305e-01,8.578017354011535645e-02,9.141240119934082031e-01,-6.332447528839111328e-01,0.000000000000000000e+00,1.000000000000000000e+00,-7.513871043920516968e-02,-4.330312907695770264e-01,9.326152801513671875e-01,4.735134914517402649e-02,1.382344169542193413e-03,1.064992621541023254e-01,1.000000000000000000e+00,8.392569422721862793e-02,5.901398658752441406e-01,9.052913188934326172e-01,4.822592064738273621e-02,6.410992238670587540e-03,1.027245447039604187e-01,1.000000000000000000e+00,3.414085388183593750e+00,9.898415207862854004e-02,1.271452665328979492e+00,-4.030227288603782654e-02,6.816830486059188843e-03,-2.070742473006248474e-02,1.000000000000000000e+00,3.229561328887939453e+00,5.407316088676452637e-01,9.499881863594055176e-01,-4.082794860005378723e-02,-1.311292592436075211e-02,-1.131969317793846130e-02,1.000000000000000000e+00,0.000000000000000000e+00,1.000000000000000000e+00,1.000000000000000000e+00,0.000000000000000000e+00,3.414085388183593750e+00,9.898415207862854004e-02,1.271452665328979492e+00,-4.030227288603782654e-02,6.816830486059188843e-03,-2.070742473006248474e-02,-1.847412234913979948e-02,-1.067138566206700112e-01,3.852886187126934418e-03,1.000000000000000000e+00,3.229561328887939453e+00,5.407316088676452637e-01,9.499881863594055176e-01,-4.082794860005378723e-02,-1.311292592436075211e-02,-1.131969317793846130e-02,3.505655802597281573e-02,-1.069324890476979206e-01,-6.998968544044156456e-03,1.000000000000000000e+00,1.548150926828384399e-01,2.000000029802322388e-01,-1.000000014901161194e-01,5.802189707756042480e-01,4.443953745067119598e-03,1.999999582767486572e-01,-1.000000014901161194e-01,5.184233784675598145e-01,-3.310847282409667969e-02,-2.000000029802322388e-01,7.030010223388671875e-03,3.969773352146148682e-01,6.247329711914062500e-02,-2.000000029802322388e-01,-1.263570785522460938e-02,4.060196280479431152e-01
1.199999999999999956e-01,-7.395333051681518555e-02,-4.330784976482391357e-01,9.351469874382019043e-01,7.439755648374557495e-02,-8.401443250477313995e-03,1.521982401609420776e-01,9.907311797142028809e-01,6.925322115421295166e-02,1.168583557009696960e-01,-6.287643313407897949e-02,9.963691234588623047e-01,-5.740395933389663696e-02,-1.204094663262367249e-01,4.952425509691238403e-02,9.914882779121398926e-01,1.502141714096069336e+00,3.379308283329010010e-01,-6.619368195533752441e-01,1.000000000000000000e+00,0.000000000000000000e+00,-7.395333051681518555e-02,-4.330784976482391357e-01,9.351469874382019043e-01,7.439755648374557495e-02,-8.401443250477313995e-03,1.521982401609420776e-01,1.000000000000000000e+00,8.513799309730529785e-02,5.902847647666931152e-01,9.077275395393371582e-01,7.633545994758605957e-02,8.117564953863620758e-03,1.451581716537475586e-01,1.000000000000000000e+00,3.413092374801635742e+00,9.915214776992797852e-02,1.270989060401916504e+00,-6.146277114748954773e-02,1.039769686758518219e-02,-2.618329040706157684e-02,1.000000000000000000e+00,3.228553771972656250e+00,5.404082536697387695e-01,9.497401118278503418e-01,-6.243890896439552307e-02,-2.003285847604274750e-02,-1.365711446851491928e-02,1.000000000000000000e+00,0.000000000000000000e+00,1.000000000000000000e+00,1.000000000000000000e+00,0.000000000000000000e+00,8.513799309730529785e-02,5.902847647666931152e-01,9.077275395393371582e-01,7.633545994758605957e-02,8.117564953863620758e-03,1.451581716537475586e-01,9.904562234878540039e-01,5.857792124152183533e-02,1.247603297233581543e-01,-5.970188602805137634e-02,9.982022643089294434e-01,5.286040715873241425e-03,-1.242263913154602051e-01,-1.268401835113763809e-02,9.921728372573852539e-01,1.969471722841262817e-01,4.253759980201721191e-01,-5.790241956710815430e-01,0.000000000000000000e+00,1.000000000000000000e+00,-7.395333051681518555e-02,-4.330784976482391357e-01,9.351469874382019043e-01,7.439755648374557495e-02,-8.401443250477313995e-03,1.521982401609420776e-01,1.000000000000000000e+00,8.513799309730529785e-02,5.902847647666931152e-01,9.077275395393371582e-01,7.633545994758605957e-02,8.117564953863620758e-03,1.451581716537475586e-01,1.000000000000000000e+00,3.413092374801635742e+00,9.915214776992797852e-02,1.270989060401916504e+00,-6.146277114748954773e-02,1.039769686758518219e-02,-2.618329040706157684e-02,1.000000000000000000e+00,3.228553771972656250e+00,5.404082536697387695e-01,9.497401118278503418e-01,-6.243890896439552307e-02,-2.003285847604274750e-02,-1.365711446851491928e-02,1.000000000000000000e+00,0.000000000000000000e+00,1.000000000000000000e+00,1.000000000000000000e+00,0.000000000000000000e+00,3.413092374801635742e+00,9.915214776992797852e-02,1.270989060401916504e+00,-6.146277114748954773e-02,1.039769686758518219e-02,-2.618329040706157684e-02,-2.044659370737271498e-02,-1.182645873226570998e-01,4.597360690081314996e-03,1.000000000000000000e+00,3.228553771972656250e+00,5.404082536697387695e-01,9.497401118278503418e-01,-6.243890896439552307e-02,-2.003285847604274750e-02,-1.365711446851491928e-02,3.879491036173915441e-02,-1.185521828037756631e-01,-8.341671079881601489e-03,1.000000000000000000e+00,1.434358954429626465e-01,2.000000029802322388e-01,-1.000000014901161194e-01,5.776440501213073730e-01,-6.067948415875434875e-03,2.000000029802322388e-01,-1.000000014901161194e-01,4.821591377258300781e-01,-3.231167793273925781e-02,-2.000000029802322388e-01,6.643056869506835938e-03,3.985119163990020752e-01,6.086206436157226562e-02,-1.963613033294677734e-01,-1.188850402832031250e-02,4.072925150394439697e-01
1.400000000000000133e-01,-7.220605015754699707e-02,-4.333921372890472412e-01,9.386411309242248535e-01,1.034168675541877747e-01,-2.585911750793457031e-02,2.030324935913085938e-01,9.891850352287292480e-01,8.489085733890533447e-02,1.196104884147644043e-01,-7.516178488731384277e-02,9.936579465866088867e-01,-8.363444358110427856e-02,-1.259517073631286621e-01,7.373978942632675171e-02,9.892920255661010742e-01,9.957548975944519043e-01,1.876836419105529785e-01,-5.934908986091613770e-01,1.000000000000000000e+00,0.000000000000000000e+00,-7.220605015754699707e-02,-4.333921372890472412e-01,9.386411309242248535e-01,1.034168675541877747e-01,-2.585911750793457031e-02,2.030324935913085938e-01,1.000000000000000000e+00,8.693328499794006348e-02,5.904552340507507324e-01,9.110016226768493652e-01,1.063262522220611572e-01,8.805715478956699371e-03,1.855595856904983521e-01,1.000000000000000000e+00,3.411659955978393555e+00,9.939424693584442139e-02,1.270418167114257812e+00,-8.428729325532913208e-02,1.422094274312257767e-02,-3.135516494512557983e-02,1.000000000000000000e+00,3.227097272872924805e+00,5.399416089057922363e-01,9.494492411613464355e-01,-8.576507121324539185e-02,-2.742664515972137451e-02,-1.552471797913312912e-02,1.000000000000000000e+00,0.000000000000000000e+00,1.000000000000000000e+00,1.000000000000000000e+00,0.000000000000000000e+00,8.693328499794006348e-02,5.904552340507507324e-01,9.110016226768493652e-01,1.063262522220611572e-01,8.805715478956699371e-03,1.855595856904983521e-01,9.888987541198730469e-01,6.988508254289627075e-02,1.311311274766921997e-01,-7.054535299539566040e-02,9.975085258483886719e-01,3.907494537997990847e-04,-1.307771056890487671e-01,-9.637102484703063965e-03,9.913649559020996094e-01,2.228977084159851074e-01,2.913082540035247803e-01,-4.947934448719024658e-01,0.000000000000000000e+00,1.000000000000000000e+00,-7.220605015754699707e-02,-4.333921372890472412e-01,9.386411309242248535e-01,1.034168675541877747e-01,-2.585911750793457031e-02,2.030324935913085938e-01,1.000000000000000000e+00,8.693328499794006348e-02,5.904552340507507324e-01,9.110016226768493652e-01,1.063262522220611572e-01,8.805715478956699371e-03,1.855595856904983521e-01,1.000000000000000000e+00,3.411659955978393555e+00,9.939424693584442139e-02,1.270418167114257812e+00,-8.428729325532913208e-02,1.422094274312257767e-02,-3.135516494512557983e-02,1.000000000000000000e+00,3.227097272872924805e+00,5.399416089057922363e-01,9.494492411613464355e-01,-8.576507121324539185e-02,-2.742664515972137451e-02,-1.552471797913312912e-02,1.000000000000000000e+00,0.000000000000000000e+00,1.000000000000000000e+00,1.000000000000000000e+00,0.000000000000000000e+00,3.411659955978393555e+00,9.939424693584442139e-02,1.270418167114257812e+00,-8.428729325532913208e-02,1.422094274312257767e-02,-3.135516494512557983e-02,-2.151181004492686011e-02,-1.259078306548433446e-01,5.142109428383332889e-03,1.000000000000000000e+00,3.227097272872924805e+00,5.399416089057922363e-01,9.494492411613464355e-01,-8.576507121324539185e-02,-2.742664515972137451e-02,-1.552471797913312912e-02,4.077832566574319390e-02,-1.260016234715850558e-01,-9.308349511904394358e-03,1.000000000000000000e+00,1.446857154369354248e-01,1.999999582767486572e-01,-1.000000014901161194e-01,5.707866549491882324e-01,-7.939907722175121307e-03,1.999999880790710449e-01,-1.000000014901161194e-01,4.685561954975128174e-01,-3.151941299438476562e-02,-1.995503902435302734e-01,6.250143051147460938e-03,4.001395404338836670e-01,5.972886085510253906e-02,-1.883680820465087891e-01,-1.119732856750488281e-02,4.088490605354309082e-01
1.600000000000000033e-01,-6.986969709396362305e-02,-4.341097474098205566e-01,9.431867599487304688e-01,1.333770006895065308e-01,-4.887402430176734924e-02,2.573678791522979736e-01,9.876041412353515625e-01,9.752217680215835571e-02,1.229952126741409302e-01,-8.564243465662002563e-02,9.914510846138000488e-01,-9.844002127647399902e-02,-1.315438002347946167e-01,8.668614923954010010e-02,9.875130653381347656e-01,4.306777119636535645e-01,3.351213335990905762e-01,-4.950686097145080566e-01,1.000000000000000000e+00,0.000000000000000000e+00,-6.986969709396362305e-02,-4.341097474098205566e-01,9.431867599487304688e-01,1.333770006895065308e-01,-4.887402430176734924e-02,2.573678791522979736e-01,1.000000000000000000e+00,8.933450281620025635e-02,5.906289219856262207e-01,9.150441884994506836e-01,1.369658261537551880e-01,8.363611064851284027e-03,2.215563058853149414e-01,1.000000000000000000e+00,3.409758567810058594e+00,9.971424192190170288e-02,1.269749164581298828e+00,-1.085061505436897278e-01,1.820361055433750153e-02,-3.587612509727478027e-02,1.000000000000000000e+00,3.225162267684936523e+00,5.393243432044982910e-01,9.491273164749145508e-01,-1.104598566889762878e-01,-3.512668237090110779e-02,-1.662979088723659515e-02,1.000000000000000000e+00,0.000000000000000000e+00,1.000000000000000000e+00,1.000000000000000000e+00,0.000000000000000000e+00,8.933450281620025635e-02,5.906289219856262207e-01,9.150441884994506836e-01,1.369658261537551880e-01,8.363611064851284027e-03,2.215563058853149414e-01,9.873535633087158203e-01,7.927155494689941406e-02,1.372919976711273193e-01,-7.952135801315307617e-02,9.968264102935791016e-01,-3.673051716759800911e-03,-1.371474564075469971e-01,-7.291045505553483963e-03,9.905238747596740723e-01,1.099956557154655457e-01,3.848187625408172607e-01,-3.960977792739868164e-01,0.000000000000000000e+00,1.000000000000000000e+00,-6.986969709396362305e-02,-4.341097474098205566e-01,9.431867599487304688e-01,1.333770006895065308e-01,-4.887402430176734924e-02,2.573678791522979736e-01,1.000000000000000000e+00,8.933450281620025635e-02,5.906289219856262207e-01,9.150441884994506836e-01,1.369658261537551880e-01,8.363611064851284027e-03,2.215563058853149414e-01,1.000000000000000000e+00,3.409758567810058594e+00,9.971424192190170288e-02,1.269749164581298828e+00,-1.085061505436897278e-01,1.820361055433750153e-02,-3.587612509727478027e-02,1.000000000000000000e+00,3.225162267684936523e+00,5.393243432044982910e-01,9.491273164749145508e-01,-1.104598566889762878e-01,-3.512668237090110779e-02,-1.662979088723659515e-02,1.000000000000000000e+00,0.000000000000000000e+00,1.000000000000000000e+00,1.000000000000000000e+00,0.000000000000000000e+00,3.409758567810058594e+00,9.971424192190170288e-02,1.269749164581298828e+00,-1.085061505436897278e-01,1.820361055433750153e-02,-3.587612509727478027e-02,-2.252907374301784532e-02,-1.341535748640203529e-01,5.550588167785062282e-03,1.000000000000000000e+00,3.225162267684936523e+00,5.393243432044982910e-01,9.491273164749145508e-01,-1.104598566889762878e-01,-3.512668237090110779e-02,-1.662979088723659515e-02,4.265228924012827438e-02,-1.335973071394420675e-01,-1.002745437940042242e-02,1.000000000000000000e+00,1.392462998628616333e-01,1.999999582767486572e-01,-1.000000014901161194e-01,5.530362725257873535e-01,-9.974625892937183380e-03,1.999997496604919434e-01,-1.000000014901161194e-01,4.572275578975677490e-01,-3.070688247680664062e-02,-1.916930675506591797e-01,5.851984024047851562e-03,4.019182324409484863e-01,5.927848815917968750e-02,-1.794869899749755859e-01,-1.059460639953613281e-02,4.109171926975250244e-01
1.799999999999999933e-01,-6.692284345626831055e-02,-4.353162348270416260e-01,9.488351345062255859e-01,1.647566109895706177e-01,-7.460062950849533081e-02,3.130439221858978271e-01,9.855918884277343750e-01,1.070512384176254272e-01,1.309531480073928833e-01,-9.363168478012084961e-02,9.900889396667480469e-01,-1.046757549047470093e-01,-1.408609300851821899e-01,9.090620279312133789e-02,9.858469963073730469e-01,1.467531025409698486e-01,5.328899025917053223e-01,-3.926169872283935547e-01,1.000000000000000000e+00,0.000000000000000000e+00,-6.692284345626831055e-02,-4.353162348270416260e-01,9.488351345062255859e-01,1.647566109895706177e-01,-7.460062950849533081e-02,3.130439221858978271e-01,1.000000000000000000e+00,9.235569834709167480e-02,5.907866358757019043e-01,9.197661876678466797e-01,1.684844195842742920e-01,7.231563329696655273e-03,2.529969513416290283e-01,1.000000000000000000e+00,3.407358407974243164e+00,1.001154780387878418e-01,1.268996000289916992e+00,-1.343678086996078491e-01,2.237272448837757111e-02,-3.973471373319625854e-02,1.000000000000000000e+00,3.222719669342041016e+00,5.385499596595764160e-01,9.487905502319335938e-01,-1.366569250822067261e-01,-4.318685829639434814e-02,-1.696223020553588867e-02,1.000000000000000000e+00,0.000000000000000000e+00,1.000000000000000000e+00,1.000000000000000000e+00,0.000000000000000000e+00,9.235569834709167480e-02,5.907866358757019043e-01,9.197661876678466797e-01,1.684844195842742920e-01,7.231563329696655273e-03,2.529969513416290283e-01,9.855534434318542480e-01,8.638267219066619873e-02,1.456797569990158081e-01,-8.652490377426147461e-02,9.962352514266967773e-01,-5.371701903641223907e-03,-1.455953270196914673e-01,-7.310827728360891342e-03,9.893172383308410645e-01,-1.482244301587343216e-02,4.641133248805999756e-01,-3.044513463973999023e-01,0.000000000000000000e+00,1.000000000000000000e+00,-6.692284345626831055e-02,-4.353162348270416260e-01,9.488351345062255859e-01,1.647566109895706177e-01,-7.460062950849533081e-02,3.130439221858978271e-01,1.000000000000000000e+00,9.235569834709167480e-02,5.907866358757019043e-01,9.197661876678466797e-01,1.684844195842742920e-01,7.231563329696655273e-03,2.529969513416290283e-01,1.000000000000000000e+00,3.407358407974243164e+00,1.001154780387878418e-01,1.268996000289916992e+00,-1.343678086996078491e-01,2.237272448837757111e-02,-3.973471373319625854e-02,1.000000000000000000e+00,3.222719669342041016e+00,5.385499596595764160e-01,9.487905502319335938e-01,-1.366569250822067261e-01,-4.318685829639434814e-02,-1.696223020553588867e-02,1.000000000000000000e+00,0.000000000000000000e+00,1.000000000000000000e+00,1.000000000000000000e+00,0.000000000000000000e+00,3.407358407974243164e+00,1.001154780387878418e-01,1.268996000289916992e+00,-1.343678086996078491e-01,2.237272448837757111e-02,-3.973471373319625854e-02,-2.377753088969230405e-02,-1.437466477661233366e-01,5.850598187346579479e-03,1.000000000000000000e+00,3.222719669342041016e+00,5.385499596595764160e-01,9.487905502319335938e-01,-1.366569250822067261e-01,-4.318685829639434814e-02,-1.696223020553588867e-02,4.500247534054839516e-02,-1.418002124591548618e-01,-1.054620708868666754e-02,1.000000000000000000e+00,1.424257308244705200e-01,1.999999880790710449e-01,-1.000000014901161194e-01,5.302293300628662109e-01,-1.384989637881517410e-02,2.000000029802322388e-01,-1.000000014901161194e-01,4.448258876800537109e-01,-2.986574172973632812e-02,-1.833770275115966797e-01,5.447626113891601562e-03,4.037712812423706055e-01,5.954813957214355469e-02,-1.696932315826416016e-01,-1.006793975830078125e-02,4.134963452816009521e-01
2.000000000000000111e-01,-6.332977116107940674e-02,-4.370473921298980713e-01,9.555891156196594238e-01,1.982662230730056763e-01,-1.012644693255424500e-01,3.672840595245361328e-01,9.833059906959533691e-01,1.142579242587089539e-01,1.416140049695968628e-01,-9.931156784296035767e-02,9.891259670257568359e-01,-1.084766238927841187e-01,-1.524683982133865356e-01,9.260180592536926270e-02,9.839605689048767090e-01,1.715941876173019409e-01,5.422021746635437012e-01,-2.917199134826660156e-01,1.000000000000000000e+00,0.000000000000000000e+00,-6.332977116107940674e-02,-4.370473921298980713e-01,9.555891156196594238e-01,1.982662230730056763e-01,-1.012644693255424500e-01,3.672840595245361328e-01,1.000000000000000000e+00,9.601753205060958862e-02,5.909196734428405762e-01,9.250729084014892578e-01,2.011481374502182007e-01,5.946857389062643051e-03,2.794687747955322266e-01,1.000000000000000000e+00,3.404425621032714844e+00,1.006020605564117432e-01,1.268170475959777832e+00,-1.619599163532257080e-01,2.675966545939445496e-02,-4.302803426980972290e-02,1.000000000000000000e+00,3.219739675521850586e+00,5.376105308532714844e-01,9.484536647796630859e-01,-1.643255800008773804e-01,-5.168867111206054688e-02,-1.654728874564170837e-02,1.000000000000000000e+00,0.000000000000000000e+00,1.000000000000000000e+00,1.000000000000000000e+00,0.000000000000000000e+00,9.601753205060958862e-02,5.909196734428405762e-01,9.250729084014892578e-01,2.011481374502182007e-01,5.946857389062643051e-03,2.794687747955322266e-01,9.837134480476379395e-01,9.151326119899749756e-02,1.547043323516845703e-01,-9.179885685443878174e-02,9.957635402679443359e-01,-5.312027875334024429e-03,-1.545350253582000732e-01,-8.976167999207973480e-03,9.879466891288757324e-01,-6.448731571435928345e-02,4.211176633834838867e-01,-2.244297415018081665e-01,0.000000000000000000e+00,1.000000000000000000e+00,-6.332977116107940674e-02,-4.370473921298980713e-01,9.555891156196594238e-01,1.982662230730056763e-01,-1.012644693255424500e-01,3.672840595245361328e-01,1.000000000000000000e+00,9.601753205060958862e-02,5.909196734428405762e-01,9.250729084014892578e-01,2.011481374502182007e-01,5.946857389062643051e-03,2.794687747955322266e-01,1.000000000000000000e+00,3.404425621032714844e+00,1.006020605564117432e-01,1.268170475959777832e+00,-1.619599163532257080e-01,2.675966545939445496e-02,-4.302803426980972290e-02,1.000000000000000000e+00,3.219739675521850586e+00,5.376105308532714844e-01,9.484536647796630859e-01,-1.643255800008773804e-01,-5.168867111206054688e-02,-1.654728874564170837e-02,1.000000000000000000e+00,0.000000000000000000e+00,1.000000000000000000e+00,1.000000000000000000e+00,0.000000000000000000e+00,3.404425621032714844e+00,1.006020605564117432e-01,1.268170475959777832e+00,-1.619599163532257080e-01,2.675966545939445496e-02,-4.302803426980972290e-02,-2.503627605457282509e-02,-1.525094750346112082e-01,6.032645485318888917e-03,1.000000000000000000e+00,3.219739675521850586e+00,5.376105308532714844e-01,9.484536647796630859e-01,-1.643255800008773804e-01,-5.168867111206054688e-02,-1.654728874564170837e-02,4.751902384207246088e-02,-1.487155234257702130e-01,-1.085473750551870994e-02,1.000000000000000000e+00,1.442437469959259033e-01,2.000000029802322388e-01,-1.000000014901161194e-01,5.247617959976196289e-01,-1.483362168073654175e-02,1.999999731779098511e-01,-1.000000014901161194e-01,4.315463006496429443e-01,-2.902197837829589844e-02,-1.745908260345458984e-01,5.042552947998046875e-03,4.055685400962829590e-01,6.052851676940917969e-02,-1.590597629547119141e-01,-9.598493576049804688e-03,4.164735376834869385e-01
2.200000000000000011e-01,-5.904714763164520264e-02,-4.393175840377807617e-01,9.634025692939758301e-01,2.338473647832870483e-01,-1.286583095788955688e-01,4.187774062156677246e-01,9.813401103019714355e-01,1.198093071579933167e-01,1.503908634185791016e-01,-1.031506434082984924e-01,9.881011843681335449e-01,-1.140883937478065491e-01,-1.622702181339263916e-01,9.644659608602523804e-02,9.820216894149780273e-01,3.123895227909088135e-01,3.757104575634002686e-01,-1.959989368915557861e-01,1.000000000000000000e+00,0.000000000000000000e+00,-5.904714763164520264e-02,-4.393175840377807617e-01,9.634025692939758301e-01,2.338473647832870483e-01,-1.286583095788955688e-01,4.187774062156677246e-01,1.000000000000000000e+00,1.003415212035179138e-01,5.910277962684631348e-01,9.308617711067199707e-01,2.347070723772048950e-01,4.779312759637832642e-03,3.006193637847900391e-01,1.000000000000000000e+00,3.400927543640136719e+00,1.011782288551330566e-01,1.267285108566284180e+00,-1.909203380346298218e-01,3.134270384907722473e-02,-4.562749713659286499e-02,1.000000000000000000e+00,3.216196060180664062e+00,5.364969372749328613e-01,9.481328725814819336e-01,-1.930543482303619385e-01,-6.063297018408775330e-02,-1.523027103394269943e-02,1.000000000000000000e+00,0.000000000000000000e+00,1.000000000000000000e+00,1.000000000000000000e+00,0.000000000000000000e+00,1.003415212035179138e-01,5.910277962684631348e-01,9.308617711067199707e-01,2.347070723772048950e-01,4.779312759637832642e-03,3.006193637847900391e-01,9.821676015853881836e-01,9.512406587600708008e-02,1.621677279472351074e-01,-9.561671316623687744e-02,9.954068064689636230e-01,-4.782099742442369461e-03,-1.618777513504028320e-01,-1.080912258476018906e-02,9.867516756057739258e-01,-5.151505395770072937e-02,3.137807548046112061e-01,-1.585657894611358643e-01,0.000000000000000000e+00,1.000000000000000000e+00,-5.904714763164520264e-02,-4.393175840377807617e-01,9.634025692939758301e-01,2.338473647832870483e-01,-1.286583095788955688e-01,4.187774062156677246e-01,1.000000000000000000e+00,1.003415212035179138e-01,5.910277962684631348e-01,9.308617711067199707e-01,2.347070723772048950e-01,4.779312759637832642e-03,3.006193637847900391e-01,1.000000000000000000e+00,3.400927543640136719e+00,1.011782288551330566e-01,1.267285108566284180e+00,-1.909203380346298218e-01,3.134270384907722473e-02,-4.562749713659286499e-02,1.000000000000000000e+00,3.216196060180664062e+00,5.364969372749328613e-01,9.481328725814819336e-01,-1.930543482303619385e-01,-6.063297018408775330e-02,-1.523027103394269943e-02,1.000000000000000000e+00,0.000000000000000000e+00,1.000000000000000000e+00,1.000000000000000000e+00,0.000000000000000000e+00,3.400927543640136719e+00,1.011782288551330566e-01,1.267285108566284180e+00,-1.909203380346298218e-01,3.134270384907722473e-02,-4.562749713659286499e-02,-2.596155768063250491e-02,-1.581925402709225548e-01,6.056441307582831682e-03,1.000000000000000000e+00,3.216196060180664062e+00,5.364969372749328613e-01,9.481328725814819336e-01,-1.930543482303619385e-01,-6.063297018408775330e-02,-1.523027103394269943e-02,4.968902161158129938e-02,-1.525735929233456023e-01,-1.090539635948088379e-02,1.000000000000000000e+00,1.366207897663116455e-01,2.000000029802322388e-01,-1.000000014901161194e-01,5.327963232994079590e-01,-1.261068880558013916e-02,1.999997049570083618e-01,-1.000000014901161194e-01,4.180634319782257080e-01,-2.821278572082519531e-02,-1.654636859893798828e-01,4.648208618164062500e-03,4.072268605232238770e-01,6.225776672363281250e-02,-1.477620601654052734e-01,-9.177446365356445312e-03,4.197785556316375732e-01
2.399999999999999911e-01,-5.403927713632583618e-02,-4.421467185020446777e-01,9.722266793251037598e-01,2.707910835742950439e-01,-1.573989987373352051e-01,4.683923125267028809e-01,9.800460338592529297e-01,1.240477338433265686e-01,1.553130000829696655e-01,-1.056655421853065491e-01,9.869501590728759766e-01,-1.215084120631217957e-01,-1.683590263128280640e-01,1.026725992560386658e-01,9.803640842437744141e-01,3.530504703521728516e-01,2.081267088651657104e-01,-1.249431595206260681e-01,1.000000000000000000e+00,0.000000000000000000e+00,-5.403927713632583618e-02,-4.421467185020446777e-01,9.722266793251037598e-01,2.707910835742950439e-01,-1.573989987373352051e-01,4.683923125267028809e-01,1.000000000000000000e+00,1.053405553102493286e-01,5.911139249801635742e-01,9.370235204696655273e-01,2.685876190662384033e-01,3.738075494766235352e-03,3.161646127700805664e-01,1.000000000000000000e+00,3.396842718124389648e+00,1.018473133444786072e-01,1.266355037689208984e+00,-2.205789685249328613e-01,3.605025261640548706e-02,-4.743408411741256714e-02,1.000000000000000000e+00,3.212072849273681641e+00,5.352010130882263184e-01,9.478478431701660156e-01,-2.221982181072235107e-01,-6.994993239641189575e-02,-1.283180620521306992e-02,1.000000000000000000e+00,0.000000000000000000e+00,1.000000000000000000e+00,1.000000000000000000e+00,0.000000000000000000e+00,1.053405553102493286e-01,5.911139249801635742e-01,9.370235204696655273e-01,2.685876190662384033e-01,3.738075494766235352e-03,3.161646127700805664e-01,9.810119867324829102e-01,9.763463586568832397e-02,1.675802618265151978e-01,-9.825774282217025757e-02,9.951505064964294434e-01,-4.589674994349479675e-03,-1.672156900167465210e-01,-1.196353044360876083e-02,9.858478307723999023e-01,-1.601081341505050659e-02,2.302073985338211060e-01,-1.061701700091362000e-01,0.000000000000000000e+00,1.000000000000000000e+00,-5.403927713632583618e-02,-4.421467185020446777e-01,9.722266793251037598e-01,2.707910835742950439e-01,-1.573989987373352051e-01,4.683923125267028809e-01,1.000000000000000000e+00,1.053405553102493286e-01,5.911139249801635742e-01,9.370235204696655273e-01,2.685876190662384033e-01,3.738075494766235352e-03,3.161646127700805664e-01,1.000000000000000000e+00,3.396842718124389648e+00,1.018473133444786072e-01,1.266355037689208984e+00,-2.205789685249328613e-01,3.605025261640548706e-02,-4.743408411741256714e-02,1.000000000000000000e+00,3.212072849273681641e+00,5.352010130882263184e-01,9.478478431701660156e-01,-2.221982181072235107e-01,-6.994993239641189575e-02,-1.283180620521306992e-02,1.000000000000000000e+00,0.000000000000000000e+00,1.000000000000000000e+00,1.000000000000000000e+00,0.000000000000000000e+00,3.396842718124389648e+00,1.018473133444786072e-01,1.266355037689208984e+00,-2.205789685249328613e-01,3.605025261640548706e-02,-4.743408411741256714e-02,-2.642538213573754347e-02,-1.602665791988491240e-01,5.922259647911940275e-03,1.000000000000000000e+00,3.212072849273681641e+00,5.352010130882263184e-01,9.478478431701660156e-01,-2.221982181072235107e-01,-6.994993239641189575e-02,-1.283180620521306992e-02,5.135982780225897826e-02,-1.530413834058534928e-01,-1.072106211222982955e-02,1.000000000000000000e+00,1.220034584403038025e-01,1.999999880790710449e-01,-1.000000014901161194e-01,5.319173336029052734e-01,-7.207572460174560547e-03,1.999999731779098511e-01,-1.000000014901161194e-01,4.066803753376007080e-01,-2.746534347534179688e-02,-1.562118530273437500e-01,4.274129867553710938e-03,4.087055325508117676e-01,6.482911109924316406e-02,-1.359887123107910156e-01,-8.800983428955078125e-03,4.234559535980224609e-01
2.600000000000000089e-01,-4.828624427318572998e-02,-4.455651640892028809e-01,9.820322990417480469e-01,3.083156645298004150e-01,-1.877007037401199341e-01,5.168316364288330078e-01,9.792613983154296875e-01,1.269434243440628052e-01,1.579003185033798218e-01,-1.071890369057655334e-01,9.859763979911804199e-01,-1.279106587171554565e-01,-1.719233840703964233e-01,1.083327829837799072e-01,9.791355133056640625e-01,2.192048430442810059e-01,1.468087583780288696e-01,-6.866020709276199341e-02,1.000000000000000000e+00,0.000000000000000000e+00,-4.828624427318572998e-02,-4.455651640892028809e-01,9.820322990417480469e-01,3.083156645298004150e-01,-1.877007037401199341e-01,5.168316364288330078e-01,1.000000000000000000e+00,1.110164374113082886e-01,5.911795496940612793e-01,9.434453845024108887e-01,3.023232817649841309e-01,2.712598536163568497e-03,3.260628581047058105e-01,1.000000000000000000e+00,3.392163753509521484e+00,1.026110947132110596e-01,1.265396237373352051e+00,-2.502962946891784668e-01,4.080589488148689270e-02,-4.840362071990966797e-02,1.000000000000000000e+00,3.207367420196533203e+00,5.337159037590026855e-01,9.476218819618225098e-01,-2.511608898639678955e-01,-7.957509160041809082e-02,-9.175628423690795898e-03,1.000000000000000000e+00,0.000000000000000000e+00,1.000000000000000000e+00,1.000000000000000000e+00,0.000000000000000000e+00,1.110164374113082886e-01,5.911795496940612793e-01,9.434453845024108887e-01,3.023232817649841309e-01,2.712598536163568497e-03,3.260628581047058105e-01,9.801254272460937500e-01,9.935065358877182007e-02,1.717083603143692017e-01,-9.997227042913436890e-02,9.949775338172912598e-01,-5.045226775109767914e-03,-1.713471859693527222e-01,-1.222111750394105911e-02,9.851350188255310059e-01,2.482278086245059967e-02,1.940616220235824585e-01,-6.590531021356582642e-02,0.000000000000000000e+00,1.000000000000000000e+00,-4.828624427318572998e-02,-4.455651640892028809e-01,9.820322990417480469e-01,3.083156645298004150e-01,-1.877007037401199341e-01,5.168316364288330078e-01,1.000000000000000000e+00,1.110164374113082886e-01,5.911795496940612793e-01,9.434453845024108887e-01,3.023232817649841309e-01,2.712598536163568497e-03,3.260628581047058105e-01,1.000000000000000000e+00,3.392163753509521484e+00,1.026110947132110596e-01,1.265396237373352051e+00,-2.502962946891784668e-01,4.080589488148689270e-02,-4.840362071990966797e-02,1.000000000000000000e+00,3.207367420196533203e+00,5.337159037590026855e-01,9.476218819618225098e-01,-2.511608898639678955e-01,-7.957509160041809082e-02,-9.175628423690795898e-03,1.000000000000000000e+00,0.000000000000000000e+00,1.000000000000000000e+00,1.000000000000000000e+00,0.000000000000000000e+00,3.392163753509521484e+00,1.026110947132110596e-01,1.265396237373352051e+00,-2.502962946891784668e-01,4.080589488148689270e-02,-4.840362071990966797e-02,-2.654371864270625020e-02,-1.597058571003462379e-01,5.682406766908544571e-03,1.000000000000000000e+00,3.207367420196533203e+00,5.337159037590026855e-01,9.476218819618225098e-01,-2.511608898639678955e-01,-7.957509160041809082e-02,-9.175628423690795898e-03,5.277702193331818697e-02,-1.509843794629206482e-01,-1.039188152275322824e-02,1.000000000000000000e+00,1.096455827355384827e-01,2.000000029802322388e-01,-1.000000014901161194e-01,5.201954841613769531e-01,-9.894021786749362946e-04,1.999999880790710449e-01,-1.000000014901161194e-01,3.980078399181365967e-01,-2.679014205932617188e-02,-1.470317840576171875e-01,3.925800323486328125e-03,4.099680781364440918e-01,6.828379631042480469e-02,-1.239206790924072266e-01,-8.453130722045898438e-03,4.275341629981994629e-01
2.800000000000000266e-01,-4.178068041801452637e-02,-4.495993554592132568e-01,9.927945733070373535e-01,3.460301160812377930e-01,-2.188863009214401245e-01,5.637145042419433594e-01,9.786579608917236328e-01,1.282562315464019775e-01,1.605586558580398560e-01,-1.077252626419067383e-01,9.855580329895019531e-01,-1.306549459695816040e-01,-1.749971657991409302e-01,1.105702742934226990e-01,9.783406257629394531e-01,4.559993278235197067e-03,1.648748517036437988e-01,-2.340320311486721039e-02,1.000000000000000000e+00,0.000000000000000000e+00,-4.178068041801452637e-02,-4.495993554592132568e-01,9.927945733070373535e-01,3.460301160812377930e-01,-2.188863009214401245e-01,5.637145042419433594e-01,1.000000000000000000e+00,1.173640638589859009e-01,5.912237167358398438e-01,9.500160217285156250e-01,3.357132673263549805e-01,1.553981564939022064e-03,3.306024372577667236e-01,1.000000000000000000e+00,3.386892557144165039e+00,1.034700497984886169e-01,1.264425635337829590e+00,-2.796764373779296875e-01,4.556366428732872009e-02,-4.851149022579193115e-02,1.000000000000000000e+00,3.202087163925170898e+00,5.320355296134948730e-01,9.474815726280212402e-01,-2.795581221580505371e-01,-8.950842916965484619e-02,-4.088904242962598801e-03,1.000000000000000000e+00,0.000000000000000000e+00,1.000000000000000000e+00,1.000000000000000000e+00,0.000000000000000000e+00,1.173640638589859009e-01,5.912237167358398438e-01,9.500160217285156250e-01,3.357132673263549805e-01,1.553981564939022064e-03,3.306024372577667236e-01,9.793709516525268555e-01,1.005162820219993591e-01,1.752971857786178589e-01,-1.009799763560295105e-01,9.948685765266418457e-01,-6.295765284448862076e-03,-1.750304847955703735e-01,-1.153561566025018692e-02,9.844955205917358398e-01,6.759991496801376343e-02,1.811154037714004517e-01,-3.598087653517723083e-02,0.000000000000000000e+00,1.000000000000000000e+00,-4.178068041801452637e-02,-4.495993554592132568e-01,9.927945733070373535e-01,3.460301160812377930e-01,-2.188863009214401245e-01,5.637145042419433594e-01,1.000000000000000000e+00,1.173640638589859009e-01,5.912237167358398438e-01,9.500160217285156250e-01,3.357132673263549805e-01,1.553981564939022064e-03,3.306024372577667236e-01,1.000000000000000000e+00,3.386892557144165039e+00,1.034700497984886169e-01,1.264425635337829590e+00,-2.796764373779296875e-01,4.556366428732872009e-02,-4.851149022579193115e-02,1.000000000000000000e+00,3.202087163925170898e+00,5.320355296134948730e-01,9.474815726280212402e-01,-2.795581221580505371e-01,-8.950842916965484619e-02,-4.088904242962598801e-03,1.000000000000000000e+00,0.000000000000000000e+00,1.000000000000000000e+00,1.000000000000000000e+00,0.000000000000000000e+00,3.386892557144165039e+00,1.034700497984886169e-01,1.264425635337829590e+00,-2.796764373779296875e-01,4.556366428732872009e-02,-4.851149022579193115e-02,-2.651814922663178406e-02,-1.578689721883177466e-01,5.391159407894734884e-03,1.000000000000000000e+00,3.202087163925170898e+00,5.320355296134948730e-01,9.474815726280212402e-01,-2.795581221580505371e-01,-8.950842916965484619e-02,-4.088904242962598801e-03,5.433534107932040669e-02,-1.475261729600436666e-01,-1.001228900611030037e-02,1.000000000000000000e+00,9.842573851346969604e-02,2.000000029802322388e-01,-1.000000014901161194e-01,5.010290741920471191e-01,3.833246650174260139e-03,1.999999880790710449e-01,-1.000000014901161194e-01,3.910834193229675293e-01,-2.618050575256347656e-02,-1.380388736724853516e-01,3.603219985961914062e-03,4.109765887260437012e-01,7.253003120422363281e-02,-1.117250919342041016e-01,-8.100509643554687500e-03,4.319472610950469971e-01
2.999999999999999889e-01,-3.452010452747344971e-02,-4.542562365531921387e-01,1.004469394683837891e+00,3.837989866733551025e-01,-2.497234493494033813e-01,6.074259877204895020e-01,9.780709743499755859e-01,1.281994283199310303e-01,1.641410440206527710e-01,-1.074442192912101746e-01,9.857215285301208496e-01,-1.296498328447341919e-01,-1.784183830022811890e-01,1.091707199811935425e-01,9.778797626495361328e-01,-1.417943537235260010e-01,1.790025532245635986e-01,6.764390971511602402e-03,1.000000000000000000e+00,0.000000000000000000e+00,-3.452010452747344971e-02,-4.542562365531921387e-01,1.004469394683837891e+00,3.837989866733551025e-01,-2.497234493494033813e-01,6.074259877204895020e-01,1.000000000000000000e+00,1.243760138750076294e-01,5.912422537803649902e-01,9.566328525543212891e-01,3.687175810337066650e-01,1.063259696820750833e-04,3.302792608737945557e-01,1.000000000000000000e+00,3.381038188934326172e+00,1.044240444898605347e-01,1.263460636138916016e+00,-3.085457384586334229e-01,5.030840635299682617e-02,-4.777886345982551575e-02,1.000000000000000000e+00,3.196245908737182617e+00,5.301533341407775879e-01,9.474570751190185547e-01,-3.071911036968231201e-01,-9.981954842805862427e-02,2.574142301455140114e-03,1.000000000000000000e+00,0.000000000000000000e+00,1.000000000000000000e+00,1.000000000000000000e+00,0.000000000000000000e+00,1.243760138750076294e-01,5.912422537803649902e-01,9.566328525543212891e-01,3.687175810337066650e-01,1.063259696820750833e-04,3.302792608737945557e-01,9.786999821662902832e-01,1.013181582093238831e-01,1.785531491041183472e-01,-1.014661863446235657e-01,9.948042631149291992e-01,-8.326792158186435699e-03,-1.784690767526626587e-01,-9.967676363885402679e-03,9.838951230049133301e-01,1.024721190333366394e-01,1.658040732145309448e-01,-1.449364796280860901e-02,0.000000000000000000e+00,1.000000000000000000e+00,-3.452010452747344971e-02,-4.542562365531921387e-01,1.004469394683837891e+00,3.837989866733551025e-01,-2.497234493494033813e-01,6.074259877204895020e-01,1.000000000000000000e+00,1.243760138750076294e-01,5.912422537803649902e-01,9.566328525543212891e-01,3.687175810337066650e-01,1.063259696820750833e-04,3.302792608737945557e-01,1.000000000000000000e+00,3.381038188934326172e+00,1.044240444898605347e-01,1.263460636138916016e+00,-3.085457384586334229e-01,5.030840635299682617e-02,-4.777886345982551575e-02,1.000000000000000000e+00,3.196245908737182617e+00,5.301533341407775879e-01,9.474570751190185547e-01,-3.071911036968231201e-01,-9.981954842805862427e-02,2.574142301455140114e-03,1.000000000000000000e+00,0.000000000000000000e+00,1.000000000000000000e+00,1.000000000000000000e+00,0.000000000000000000e+00,3.381038188934326172e+00,1.044240444898605347e-01,1.263460636138916016e+00,-3.085457384586334229e-01,5.030840635299682617e-02,-4.777886345982551575e-02,-2.646523649740899903e-02,-1.555439765479533776e-01,5.079963438196088629e-03,1.000000000000000000e+00,3.196245908737182617e+00,5.301533341407775879e-01,9.474570751190185547e-01,-3.071911036968231201e-01,-9.981954842805862427e-02,2.574142301455140114e-03,5.632132126720695853e-02,-1.433058008789904747e-01,-9.644925285054336411e-03,1.000000000000000000e+00,9.233428537845611572e-02,2.000000029802322388e-01,-1.000000014901161194e-01,4.837752878665924072e-01,8.013859391212463379e-03,1.999999731779098511e-01,-1.000000014901161194e-01,3.852528333663940430e-01,-2.561807632446289062e-02,-1.292750835418701172e-01,3.303289413452148438e-03,4.117032587528228760e-01,7.734394073486328125e-02,-9.957718849182128906e-02,-7.704257965087890625e-03,4.365070462226867676e-01
3.200000000000000067e-01,-2.650465071201324463e-02,-4.595190882682800293e-01,1.016977310180664062e+00,4.214788973331451416e-01,-2.792509198188781738e-01,6.463479399681091309e-01,9.775409698486328125e-01,1.273337155580520630e-01,1.679279059171676636e-01,-1.066837534308433533e-01,9.861800074577331543e-01,-1.267581433057785034e-01,-1.817477196455001831e-01,1.059961020946502686e-01,9.776157736778259277e-01,-1.773727238178253174e-01,1.580471545457839966e-01,2.587115392088890076e-02,1.000000000000000000e+00,0.000000000000000000e+00,-2.650465071201324463e-02,-4.595190882682800293e-01,1.016977310180664062e+00,4.214788973331451416e-01,-2.792509198188781738e-01,6.463479399681091309e-01,1.000000000000000000e+00,1.320445239543914795e-01,5.912283658981323242e-01,9.632033705711364746e-01,4.013240039348602295e-01,-1.750454306602478027e-03,3.256402313709259033e-01,1.000000000000000000e+00,3.374611854553222656e+00,1.054728031158447266e-01,1.262517333030700684e+00,-3.368116021156311035e-01,5.503587797284126282e-02,-4.627506062388420105e-02,1.000000000000000000e+00,3.189859867095947266e+00,5.280606746673583984e-01,9.475808739662170410e-01,-3.339278995990753174e-01,-1.106175184249877930e-01,1.093730051070451736e-02,1.000000000000000000e+00,0.000000000000000000e+00,1.000000000000000000e+00,1.000000000000000000e+00,0.000000000000000000e+00,1.320445239543914795e-01,5.912283658981323242e-01,9.632033705711364746e-01,4.013240039348602295e-01,-1.750454306602478027e-03,3.256402313709259033e-01,9.781248569488525391e-01,1.018667519092559814e-01,1.813700199127197266e-01,-1.015833765268325806e-01,9.947676658630371094e-01,-1.087568420916795731e-02,-1.815288960933685303e-01,-7.786401081830263138e-03,9.833548665046691895e-01,1.216508150100708008e-01,1.420213580131530762e-01,2.492057974450290203e-04,0.000000000000000000e+00,1.000000000000000000e+00,-2.650465071201324463e-02,-4.595190882682800293e-01,1.016977310180664062e+00,4.214788973331451416e-01,-2.792509198188781738e-01,6.463479399681091309e-01,1.000000000000000000e+00,1.320445239543914795e-01,5.912283658981323242e-01,9.632033705711364746e-01,4.013240039348602295e-01,-1.750454306602478027e-03,3.256402313709259033e-01,1.000000000000000000e+00,3.374611854553222656e+00,1.054728031158447266e-01,1.262517333030700684e+00,-3.368116021156311035e-01,5.503587797284126282e-02,-4.627506062388420105e-02,1.000000000000000000e+00,3.189859867095947266e+00,5.280606746673583984e-01,9.475808739662170410e-01,-3.339278995990753174e-01,-1.106175184249877930e-01,1.093730051070451736e-02,1.000000000000000000e+00,0.000000000000000000e+00,1.000000000000000000e+00,1.000000000000000000e+00,0.000000000000000000e+00,3.374611854553222656e+00,1.054728031158447266e-01,1.262517333030700684e+00,-3.368116021156311035e-01,5.503587797284126282e-02,-4.627506062388420105e-02,-2.639876117895215840e-02,-1.527893191038365295e-01,4.764449015448144961e-03,1.000000000000000000e+00,3.189859867095947266e+00,5.280606746673583984e-01,9.475808739662170410e-01,-3.339278995990753174e-01,-1.106175184249877930e-01,1.093730051070451736e-02,5.882078342329977172e-02,-1.383654827553431055e-01,-9.309559597971847622e-03,1.000000000000000000e+00,8.778946846723556519e-02,2.000000029802322388e-01,-1.000000014901161194e-01,4.707705974578857422e-01,1.232571527361869812e-02,2.000000029802322388e-01,-1.000000014901161194e-01,3.808235228061676025e-01,-2.508187294006347656e-02,-1.207549571990966797e-01,3.021955490112304688e-03,4.121365547180175781e-01,8.247637748718261719e-02,-8.763337135314941406e-02,-7.234811782836914062e-03,4.409865140914916992e-01
3.400000000000000244e-01,-1.773796416819095612e-02,-4.653579294681549072e-01,1.030214428901672363e+00,4.588546752929687500e-01,-3.071506023406982422e-01,6.797677874565124512e-01,9.771389365196228027e-01,1.261480152606964111e-01,1.711319088935852051e-01,-1.057099327445030212e-01,9.866700172424316406e-01,-1.237242668867111206e-01,-1.844582855701446533e-01,1.028054654598236084e-01,9.774488210678100586e-01,-1.556674391031265259e-01,1.223951950669288635e-01,3.666293248534202576e-02,1.000000000000000000e+00,0.000000000000000000e+00,-1.773796416819095612e-02,-4.653579294681549072e-01,1.030214428901672363e+00,4.588546752929687500e-01,-3.071506023406982422e-01,6.797677874565124512e-01,1.000000000000000000e+00,1.403614133596420288e-01,5.911731719970703125e-01,9.696464538574218750e-01,4.335104525089263916e-01,-4.072178620845079422e-03,3.172466754913330078e-01,1.000000000000000000e+00,3.367626190185546875e+00,1.066159009933471680e-01,1.261610507965087891e+00,-3.643526732921600342e-01,5.973857641220092773e-02,-4.407864063978195190e-02,1.000000000000000000e+00,3.182948112487792969e+00,5.257468223571777344e-01,9.478880167007446289e-01,-3.596062362194061279e-01,-1.220146268606185913e-01,2.110205963253974915e-02,1.000000000000000000e+00,0.000000000000000000e+00,1.000000000000000000e+00,1.000000000000000000e+00,0.000000000000000000e+00,1.403614133596420288e-01,5.911731719970703125e-01,9.696464538574218750e-01,4.335104525089263916e-01,-4.072178620845079422e-03,3.172466754913330078e-01,9.776589274406433105e-01,1.022311076521873474e-01,1.836627572774887085e-01,-1.014545336365699768e-01,9.947466850280761719e-01,-1.364528108388185501e-02,-1.840928643941879272e-01,-5.292985122650861740e-03,9.828947186470031738e-01,1.304975748062133789e-01,1.166194528341293335e-01,9.725185111165046692e-03,0.000000000000000000e+00,1.000000000000000000e+00,-1.773796416819095612e-02,-4.653579294681549072e-01,1.030214428901672363e+00,4.588546752929687500e-01,-3.071506023406982422e-01,6.797677874565124512e-01,1.000000000000000000e+00,1.403614133596420288e-01,5.911731719970703125e-01,9.696464538574218750e-01,4.335104525089263916e-01,-4.072178620845079422e-03,3.172466754913330078e-01,1.000000000000000000e+00,3.367626190185546875e+00,1.066159009933471680e-01,1.261610507965087891e+00,-3.643526732921600342e-01,5.973857641220092773e-02,-4.407864063978195190e-02,1.000000000000000000e+00,3.182948112487792969e+00,5.257468223571777344e-01,9.478880167007446289e-01,-3.596062362194061279e-01,-1.220146268606185913e-01,2.110205963253974915e-02,1.000000000000000000e+00,0.000000000000000000e+00,1.000000000000000000e+00,1.000000000000000000e+00,0.000000000000000000e+00,3.367626190185546875e+00,1.066159009933471680e-01,1.261610507965087891e+00,-3.643526732921600342e-01,5.973857641220092773e-02,-4.407864063978195190e-02,-2.628318970859315484e-02,-1.493194799329737865e-01,4.447160954363526056e-03,1.000000000000000000e+00,3.182948112487792969e+00,5.257468223571777344e-01,9.478880167007446289e-01,-3.596062362194061279e-01,-1.220146268606185913e-01,2.110205963253974915e-02,6.177006569509643774e-02,-1.324851690230424150e-01,-8.997612622239459929e-03,1.000000000000000000e+00,8.371657133102416992e-02,2.000000029802322388e-01,-1.000000014901161194e-01,4.622561633586883545e-01,1.642465777695178986e-02,2.000000029802322388e-01,-1.000000014901161194e-01,3.780841827392578125e-01,-2.455615997314453125e-02,-1.124999523162841797e-01,2.757310867309570312e-03,4.122780561447143555e-01,8.774852752685546875e-02,-7.600808143615722656e-02,-6.680250167846679688e-03,4.452126324176788330e-01
3.599999999999999867e-01,-8.227995596826076508e-03,-4.717406332492828369e-01,1.044070839881896973e+00,4.957373142242431641e-01,-3.335172235965728760e-01,7.077907323837280273e-01,9.768610596656799316e-01,1.248778104782104492e-01,1.736318618059158325e-01,-1.046683043241500854e-01,9.871100783348083496e-01,-1.210708916187286377e-01,-1.865128427743911743e-01,1.000956892967224121e-01,9.773401618003845215e-01,-1.388052403926849365e-01,9.568052738904953003e-02,4.141474515199661255e-02,1.000000000000000000e+00,0.000000000000000000e+00,-8.227995596826076508e-03,-4.717406332492828369e-01,1.044070839881896973e+00,4.957373142242431641e-01,-3.335172235965728760e-01,7.077907323837280273e-01,1.000000000000000000e+00,1.493181586265563965e-01,5.910673141479492188e-01,9.758922457695007324e-01,4.652683436870574951e-01,-6.872624624520540237e-03,3.057028651237487793e-01,1.000000000000000000e+00,3.360097646713256836e+00,1.078527197241783142e-01,1.260753154754638672e+00,-3.909934461116790771e-01,6.440155953168869019e-02,-4.127042740583419800e-02,1.000000000000000000e+00,3.175534248352050781e+00,5.231989026069641113e-01,9.484152197837829590e-01,-3.840138912200927734e-01,-1.341046243906021118e-01,3.313552960753440857e-02,1.000000000000000000e+00,0.000000000000000000e+00,1.000000000000000000e+00,1.000000000000000000e+00,0.000000000000000000e+00,1.493181586265563965e-01,5.910673141479492188e-01,9.758922457695007324e-01,4.652683436870574951e-01,-6.872624624520540237e-03,3.057028651237487793e-01,9.772895574569702148e-01,1.024803742766380310e-01,1.854808330535888672e-01,-1.011742874979972839e-01,9.947316646575927734e-01,-1.651871949434280396e-02,-1.861964762210845947e-01,-2.622319152578711510e-03,9.825091361999511719e-01,1.377300471067428589e-01,9.645856916904449463e-02,1.522766612470149994e-02,0.000000000000000000e+00,1.000000000000000000e+00,-8.227995596826076508e-03,-4.717406332492828369e-01,1.044070839881896973e+00,4.957373142242431641e-01,-3.335172235965728760e-01,7.077907323837280273e-01,1.000000000000000000e+00,1.493181586265563965e-01,5.910673141479492188e-01,9.758922457695007324e-01,4.652683436870574951e-01,-6.872624624520540237e-03,3.057028651237487793e-01,1.000000000000000000e+00,3.360097646713256836e+00,1.078527197241783142e-01,1.260753154754638672e+00,-3.909934461116790771e-01,6.440155953168869019e-02,-4.127042740583419800e-02,1.000000000000000000e+00,3.175534248352050781e+00,5.231989026069641113e-01,9.484152197837829590e-01,-3.840138912200927734e-01,-1.341046243906021118e-01,3.313552960753440857e-02,1.000000000000000000e+00,0.000000000000000000e+00,1.000000000000000000e+00,1.000000000000000000e+00,0.000000000000000000e+00,3.360097646713256836e+00,1.078527197241783142e-01,1.260753154754638672e+00,-3.909934461116790771e-01,6.440155953168869019e-02,-4.127042740583419800e-02,-2.608942345063900575e-02,-1.449498632775261253e-01,4.129679719658370038e-03,1.000000000000000000e+00,3.175534248352050781e+00,5.231989026069641113e-01,9.484152197837829590e-01,-3.840138912200927734e-01,-1.341046243906021118e-01,3.313552960753440857e-02,6.505996995090343460e-02,-1.255594684819483220e-01,-8.694203771701936034e-03,1.000000000000000000e+00,8.002208918333053589e-02,1.999999731779098511e-01,-1.000000014901161194e-01,4.544702768325805664e-01,2.227641455829143524e-02,2.000000029802322388e-01,-1.000000014901161194e-01,3.773151636123657227e-01,-2.403211593627929688e-02,-1.045477390289306641e-01,2.508401870727539062e-03,4.121392071247100830e-01,9.305906295776367188e-02,-6.477808952331542969e-02,-6.041288375854492188e-03,4.490841329097747803e-01
3.800000000000000044e-01,2.014452125877141953e-03,-4.786381423473358154e-01,1.058442354202270508e+00,5.320358872413635254e-01,-3.585037589073181152e-01,7.308633327484130859e-01,9.766554236412048340e-01,1.235704421997070312e-01,1.757116615772247314e-01,-1.036272794008255005e-01,9.875320196151733398e-01,-1.184988394379615784e-01,-1.881638467311859131e-01,9.752400964498519897e-02,9.772837758064270020e-01,-1.441346704959869385e-01,8.201856911182403564e-02,4.196755960583686829e-02,1.000000000000000000e+00,0.000000000000000000e+00,2.014452125877141953e-03,-4.786381423473358154e-01,1.058442354202270508e+00,5.320358872413635254e-01,-3.585037589073181152e-01,7.308633327484130859e-01,1.000000000000000000e+00,1.589063704013824463e-01,5.909010171890258789e-01,9.818836450576782227e-01,4.966275990009307861e-01,-1.016255747526884079e-02,2.916730940341949463e-01,1.000000000000000000e+00,3.352045774459838867e+00,1.091823056340217590e-01,1.259957194328308105e+00,-4.165467023849487305e-01,6.900651752948760986e-02,-3.794075176119804382e-02,1.000000000000000000e+00,3.167645454406738281e+00,5.204024314880371094e-01,9.492000937461853027e-01,-4.069301187992095947e-01,-1.469595879316329956e-01,4.705762863159179688e-02,1.000000000000000000e+00,0.000000000000000000e+00,1.000000000000000000e+00,1.000000000000000000e+00,0.000000000000000000e+00,1.589063704013824463e-01,5.909010171890258789e-01,9.818836450576782227e-01,4.966275990009307861e-01,-1.016255747526884079e-02,2.916730940341949463e-01,9.769891500473022461e-01,1.026895418763160706e-01,1.869420409202575684e-01,-1.008124127984046936e-01,9.947136044502258301e-01,-1.954643987119197845e-02,-1.879609823226928711e-01,2.505812444724142551e-04,9.821766018867492676e-01,1.520099043846130371e-01,8.259820193052291870e-02,1.778860948979854584e-02,0.000000000000000000e+00,1.000000000000000000e+00,2.014452125877141953e-03,-4.786381423473358154e-01,1.058442354202270508e+00,5.320358872413635254e-01,-3.585037589073181152e-01,7.308633327484130859e-01,1.000000000000000000e+00,1.589063704013824463e-01,5.909010171890258789e-01,9.818836450576782227e-01,4.966275990009307861e-01,-1.016255747526884079e-02,2.916730940341949463e-01,1.000000000000000000e+00,3.352045774459838867e+00,1.091823056340217590e-01,1.259957194328308105e+00,-4.165467023849487305e-01,6.900651752948760986e-02,-3.794075176119804382e-02,1.000000000000000000e+00,3.167645454406738281e+00,5.204024314880371094e-01,9.492000937461853027e-01,-4.069301187992095947e-01,-1.469595879316329956e-01,4.705762863159179688e-02,1.000000000000000000e+00,0.000000000000000000e+00,1.000000000000000000e+00,1.000000000000000000e+00,0.000000000000000000e+00,3.352045774459838867e+00,1.091823056340217590e-01,1.259957194328308105e+00,-4.165467023849487305e-01,6.900651752948760986e-02,-3.794075176119804382e-02,-2.582165790846281672e-02,-1.397833786870468220e-01,3.819247221552029767e-03,1.000000000000000000e+00,3.167645454406738281e+00,5.204024314880371094e-01,9.492000937461853027e-01,-4.069301187992095947e-01,-1.469595879316329956e-01,4.705762863159179688e-02,6.861050893721731825e-02,-1.177415356667117496e-01,-8.391271720398767175e-03,1.000000000000000000e+00,7.617119699716567993e-02,2.000000029802322388e-01,-1.000000014901161194e-01,4.463502764701843262e-01,2.842916361987590790e-02,1.999999880790710449e-01,-1.000000014901161194e-01,3.780157566070556641e-01,-2.350139617919921875e-02,-9.693884849548339844e-02,2.274990081787109375e-03,4.117370843887329102e-01,9.834527969360351562e-02,-5.399560928344726562e-02,-5.324840545654296875e-03,4.525426328182220459e-01
4.000000000000000222e-01,1.297737844288349152e-02,-4.860234260559082031e-01,1.073233366012573242e+00,5.677213072776794434e-01,-3.821638822555541992e-01,7.493415474891662598e-01,9.764801263809204102e-01,1.222346425056457520e-01,1.776099205017089844e-01,-1.026306748390197754e-01,9.879692792892456055e-01,-1.156876087188720703e-01,-1.896141767501831055e-01,9.473842382431030273e-02,9.772773981094360352e-01,-1.586900800466537476e-01,7.391973584890365601e-02,3.978194296360015869e-02,1.000000000000000000e+00,0.000000000000000000e+00,1.297737844288349152e-02,-4.860234260559082031e-01,1.073233366012573242e+00,5.677213072776794434e-01,-3.821638822555541992e-01,7.493415474891662598e-01,1.000000000000000000e+00,1.691186279058456421e-01,5.906643271446228027e-01,9.875770807266235352e-01,5.276515483856201172e-01,-1.398157142102718353e-02,2.758505344390869141e-01,1.000000000000000000e+00,3.343493938446044922e+00,1.106033623218536377e-01,1.259231448173522949e+00,-4.408668577671051025e-01,7.353792339563369751e-02,-3.419425711035728455e-02,1.000000000000000000e+00,3.159312486648559570e+00,5.173415541648864746e-01,9.502801895141601562e-01,-4.281753599643707275e-01,-1.606368869543075562e-01,6.283563375473022461e-02,1.000000000000000000e+00,0.000000000000000000e+00,1.000000000000000000e+00,1.000000000000000000e+00,0.000000000000000000e+00,1.691186279058456421e-01,5.906643271446228027e-01,9.875770807266235352e-01,5.276515483856201172e-01,-1.398157142102718353e-02,2.758505344390869141e-01,9.767345786094665527e-01,1.029424518346786499e-01,1.881292462348937988e-01,-1.004185229539871216e-01,9.946812391281127930e-01,-2.292403392493724823e-02,-1.894884705543518066e-01,3.499036189168691635e-03,9.818767905235290527e-01,1.755754947662353516e-01,7.230947166681289673e-02,1.830377988517284393e-02,0.000000000000000000e+00,1.000000000000000000e+00,1.297737844288349152e-02,-4.860234260559082031e-01,1.073233366012573242e+00,5.677213072776794434e-01,-3.821638822555541992e-01,7.493415474891662598e-01,1.000000000000000000e+00,1.691186279058456421e-01,5.906643271446228027e-01,9.875770807266235352e-01,5.276515483856201172e-01,-1.398157142102718353e-02,2.758505344390869141e-01,1.000000000000000000e+00,3.343493938446044922e+00,1.106033623218536377e-01,1.259231448173522949e+00,-4.408668577671051025e-01,7.353792339563369751e-02,-3.419425711035728455e-02,1.000000000000000000e+00,3.159312486648559570e+00,5.173415541648864746e-01,9.502801895141601562e-01,-4.281753599643707275e-01,-1.606368869543075562e-01,6.283563375473022461e-02,1.000000000000000000e+00,0.000000000000000000e+00,1.000000000000000000e+00,1.000000000000000000e+00,0.000000000000000000e+00,3.343493938446044922e+00,1.106033623218536377e-01,1.259231448173522949e+00,-4.408668577671051025e-01,7.353792339563369751e-02,-3.419425711035728455e-02,-2.550834421199576346e-02,-1.341161855776149547e-01,3.525438307839055124e-03,1.000000000000000000e+00,3.159312486648559570e+00,5.173415541648864746e-01,9.502801895141601562e-01,-4.281753599643707275e-01,-1.606368869543075562e-01,6.283563375473022461e-02,7.238697293975041025e-02,-1.093458781980329864e-01,-8.086942601036414824e-03,1.000000000000000000e+00,7.151031494140625000e-02,1.999924927949905396e-01,-1.000000014901161194e-01,4.386919438838958740e-01,3.446681424975395203e-02,1.999998688697814941e-01,-1.000000014901161194e-01,3.801124095916748047e-01,-2.295017242431640625e-02,-8.970475196838378906e-02,2.056360244750976562e-03,4.110941886901855469e-01,1.035487651824951172e-01,-4.369854927062988281e-02,-4.539728164672851562e-03,4.555355906486511230e-01
4.199999999999999845e-01,2.464845031499862671e-02,-4.938699305057525635e-01,1.088354468345642090e+00,6.027891039848327637e-01,-4.044952392578125000e-01,7.634946107864379883e-01,9.763224720954895020e-01,1.209012866020202637e-01,1.793802380561828613e-01,-1.017159372568130493e-01,9.884231090545654297e-01,-1.125769093632698059e-01,-1.909142732620239258e-01,9.166554361581802368e-02,9.773173332214355469e-01,-1.716942936182022095e-01,6.522183120250701904e-02,3.597753122448921204e-02,1.000000000000000000e+00,0.000000000000000000e+00,2.464845031499862671e-02,-4.938699305057525635e-01,1.088354468345642090e+00,6.027891039848327637e-01,-4.044952392578125000e-01,7.634946107864379883e-01,1.000000000000000000e+00,1.799488812685012817e-01,5.903459191322326660e-01,9.929429292678833008e-01,5.584171414375305176e-01,-1.840733550488948822e-02,2.589129805564880371e-01,1.000000000000000000e+00,3.334467411041259766e+00,1.121142953634262085e-01,1.258583545684814453e+00,-4.638718068599700928e-01,7.798568904399871826e-02,-3.014436922967433929e-02,1.000000000000000000e+00,3.150570631027221680e+00,5.139994025230407715e-01,9.516920447349548340e-01,-4.476316571235656738e-01,-1.751860976219177246e-01,8.038607984781265259e-02,1.000000000000000000e+00,0.000000000000000000e+00,1.000000000000000000e+00,1.000000000000000000e+00,0.000000000000000000e+00,1.799488812685012817e-01,5.903459191322326660e-01,9.929429292678833008e-01,5.584171414375305176e-01,-1.840733550488948822e-02,2.589129805564880371e-01,9.765148162841796875e-01,1.032950952649116516e-01,1.890742778778076172e-01,-1.000265553593635559e-01,9.946244955062866211e-01,-2.677478827536106110e-02,-1.908236145973205566e-01,7.233528420329093933e-03,9.815977215766906738e-01,2.000159174203872681e-01,6.299524009227752686e-02,1.748747006058692932e-02,0.000000000000000000e+00,1.000000000000000000e+00,2.464845031499862671e-02,-4.938699305057525635e-01,1.088354468345642090e+00,6.027891039848327637e-01,-4.044952392578125000e-01,7.634946107864379883e-01,1.000000000000000000e+00,1.799488812685012817e-01,5.903459191322326660e-01,9.929429292678833008e-01,5.584171414375305176e-01,-1.840733550488948822e-02,2.589129805564880371e-01,1.000000000000000000e+00,3.334467411041259766e+00,1.121142953634262085e-01,1.258583545684814453e+00,-4.638718068599700928e-01,7.798568904399871826e-02,-3.014436922967433929e-02,1.000000000000000000e+00,3.150570631027221680e+00,5.139994025230407715e-01,9.516920447349548340e-01,-4.476316571235656738e-01,-1.751860976219177246e-01,8.038607984781265259e-02,1.000000000000000000e+00,0.000000000000000000e+00,1.000000000000000000e+00,1.000000000000000000e+00,0.000000000000000000e+00,3.334467411041259766e+00,1.121142953634262085e-01,1.258583545684814453e+00,-4.638718068599700928e-01,7.798568904399871826e-02,-3.014436922967433929e-02,-2.517347017115386179e-02,-1.282347402653094548e-01,3.253903099444923480e-03,1.000000000000000000e+00,3.150570631027221680e+00,5.139994025230407715e-01,9.516920447349548340e-01,-4.476316571235656738e-01,-1.751860976219177246e-01,8.038607984781265259e-02,7.637533923064052099e-02,-1.006689867019889828e-01,-7.777430338503900364e-03,1.000000000000000000e+00,6.624311208724975586e-02,1.998603045940399170e-01,-1.000000014901161194e-01,4.324724376201629639e-01,4.115422442555427551e-02,1.999999582767486572e-01,-1.000000014901161194e-01,3.843868970870971680e-01,-2.235531806945800781e-02,-8.286118507385253906e-02,1.850605010986328125e-03,4.102382063865661621e-01,1.086153984069824219e-01,-3.390908241271972656e-02,-3.696918487548828125e-03,4.580194652080535889e-01
4.400000000000000022e-01,3.701538220047950745e-02,-5.021510720252990723e-01,1.103721976280212402e+00,6.372496485710144043e-01,-4.255041778087615967e-01,7.736456990242004395e-01,9.761857390403747559e-01,1.196012794971466064e-01,1.809891164302825928e-01,-1.009097099304199219e-01,9.888838529586791992e-01,-1.092063039541244507e-01,-1.920384168624877930e-01,8.834207057952880859e-02,9.774032235145568848e-01,-1.831532269716262817e-01,5.483492836356163025e-02,3.140067681670188904e-02,1.000000000000000000e+00,0.000000000000000000e+00,3.701538220047950745e-02,-5.021510720252990723e-01,1.103721976280212402e+00,6.372496485710144043e-01,-4.255041778087615967e-01,7.736456990242004395e-01,1.000000000000000000e+00,1.913927793502807617e-01,5.899329185485839844e-01,9.979650974273681641e-01,5.890122652053833008e-01,-2.353109605610370636e-02,2.415560334920883179e-01,1.000000000000000000e+00,3.324993133544921875e+00,1.137133762240409851e-01,1.258018374443054199e+00,-4.855269193649291992e-01,8.234259486198425293e-02,-2.591506391763687134e-02,1.000000000000000000e+00,3.141456604003906250e+00,5.103579759597778320e-01,9.534699320793151855e-01,-4.652301371097564697e-01,-1.906499564647674561e-01,9.958145022392272949e-02,1.000000000000000000e+00,0.000000000000000000e+00,1.000000000000000000e+00,1.000000000000000000e+00,0.000000000000000000e+00,1.913927793502807617e-01,5.899329185485839844e-01,9.979650974273681641e-01,5.890122652053833008e-01,-2.353109605610370636e-02,2.415560334920883179e-01,9.763277173042297363e-01,1.037528887391090393e-01,1.897883564233779907e-01,-9.965226799249649048e-02,9.945378303527832031e-01,-3.104984760284423828e-02,-1.919731944799423218e-01,1.140198577195405960e-02,9.813339710235595703e-01,2.198125720024108887e-01,5.367881804704666138e-02,1.651071384549140930e-02,0.000000000000000000e+00,1.000000000000000000e+00,3.701538220047950745e-02,-5.021510720252990723e-01,1.103721976280212402e+00,6.372496485710144043e-01,-4.255041778087615967e-01,7.736456990242004395e-01,1.000000000000000000e+00,1.913927793502807617e-01,5.899329185485839844e-01,9.979650974273681641e-01,5.890122652053833008e-01,-2.353109605610370636e-02,2.415560334920883179e-01,1.000000000000000000e+00,3.324993133544921875e+00,1.137133762240409851e-01,1.258018374443054199e+00,-4.855269193649291992e-01,8.234259486198425293e-02,-2.591506391763687134e-02,1.000000000000000000e+00,3.141456604003906250e+00,5.103579759597778320e-01,9.534699320793151855e-01,-4.652301371097564697e-01,-1.906499564647674561e-01,9.958145022392272949e-02,1.000000000000000000e+00,0.000000000000000000e+00,1.000000000000000000e+00,1.000000000000000000e+00,0.000000000000000000e+00,3.324993133544921875e+00,1.137133762240409851e-01,1.258018374443054199e+00,-4.855269193649291992e-01,8.234259486198425293e-02,-2.591506391763687134e-02,-2.482028396329947345e-02,-1.222860435592045825e-01,3.005244678070067774e-03,1.000000000000000000e+00,3.141456604003906250e+00,5.103579759597778320e-01,9.534699320793151855e-01,-4.652301371097564697e-01,-1.906499564647674561e-01,9.958145022392272949e-02,8.055187260275423200e-02,-9.188249553388772028e-02,-7.451266434352392387e-03,1.000000000000000000e+00,6.052130088210105896e-02,1.903826147317886353e-01,-1.000000014901161194e-01,4.280306100845336914e-01,4.878870770335197449e-02,2.000000029802322388e-01,-1.000000014901161194e-01,3.924939334392547607e-01,-2.168631553649902344e-02,-7.641386985778808594e-02,1.655817031860351562e-03,4.092085063457489014e-01,1.135041713714599609e-01,-2.463173866271972656e-02,-2.807617187500000000e-03,4.599766135215759277e-01
4.600000000000000200e-01,5.006623640656471252e-02,-5.108407735824584961e-01,1.119259834289550781e+00,6.711255311965942383e-01,-4.452162086963653564e-01,7.802424430847167969e-01,9.761093258857727051e-01,1.183185726404190063e-01,1.822405755519866943e-01,-1.002157032489776611e-01,9.893505573272705078e-01,-1.055586412549018860e-01,-1.927893161773681641e-01,8.477339893579483032e-02,9.775714874267578125e-01,-1.960246562957763672e-01,1.472937967628240585e-02,2.929482236504554749e-02,1.000000000000000000e+00,0.000000000000000000e+00,5.006623640656471252e-02,-5.108407735824584961e-01,1.119259834289550781e+00,6.711255311965942383e-01,-4.452162086963653564e-01,7.802424430847167969e-01,1.000000000000000000e+00,2.034478336572647095e-01,5.894104838371276855e-01,1.002642035484313965e+00,6.195479631423950195e-01,-2.944098785519599915e-02,2.245675623416900635e-01,1.000000000000000000e+00,3.315098047256469727e+00,1.153987199068069458e-01,1.257538676261901855e+00,-5.058165788650512695e-01,8.660062402486801147e-02,-2.163271978497505188e-02,1.000000000000000000e+00,3.132007598876953125e+00,5.063988566398620605e-01,9.556453227996826172e-01,-4.809258282184600830e-01,-2.070606797933578491e-01,1.202592700719833374e-01,1.000000000000000000e+00,0.000000000000000000e+00,1.000000000000000000e+00,1.000000000000000000e+00,0.000000000000000000e+00,2.034478336572647095e-01,5.894104838371276855e-01,1.002642035484313965e+00,6.195479631423950195e-01,-2.944098785519599915e-02,2.245675623416900635e-01,9.761711955070495605e-01,1.043008416891098022e-01,1.902927309274673462e-01,-9.929502010345458984e-02,9.944182038307189941e-01,-3.568035364151000977e-02,-1.929520219564437866e-01,1.593501120805740356e-02,9.810788631439208984e-01,2.383990585803985596e-01,4.583786427974700928e-02,1.579215377569198608e-02,0.000000000000000000e+00,1.000000000000000000e+00,5.006623640656471252e-02,-5.108407735824584961e-01,1.119259834289550781e+00,6.711255311965942383e-01,-4.452162086963653564e-01,7.802424430847167969e-01,1.000000000000000000e+00,2.034478336572647095e-01,5.894104838371276855e-01,1.002642035484313965e+00,6.195479631423950195e-01,-2.944098785519599915e-02,2.245675623416900635e-01,1.000000000000000000e+00,3.315098047256469727e+00,1.153987199068069458e-01,1.257538676261901855e+00,-5.058165788650512695e-01,8.660062402486801147e-02,-2.163271978497505188e-02,1.000000000000000000e+00,3.132007598876953125e+00,5.063988566398620605e-01,9.556453227996826172e-01,-4.809258282184600830e-01,-2.070606797933578491e-01,1.202592700719833374e-01,1.000000000000000000e+00,0.000000000000000000e+00,1.000000000000000000e+00,1.000000000000000000e+00,0.000000000000000000e+00,3.315098047256469727e+00,1.153987199068069458e-01,1.257538676261901855e+00,-5.058165788650512695e-01,8.660062402486801147e-02,-2.163271978497505188e-02,-2.443678331586585095e-02,-1.162913428235479163e-01,2.775794041304957549e-03,1.000000000000000000e+00,3.132007598876953125e+00,5.063988566398620605e-01,9.556453227996826172e-01,-4.809258282184600830e-01,-2.070606797933578491e-01,1.202592700719833374e-01,8.487060637221732762e-02,-8.304303497383358490e-02,-7.090557917903535234e-03,1.000000000000000000e+00,5.293546244502067566e-02,1.749447882175445557e-01,-1.000000014901161194e-01,4.260486364364624023e-01,5.642929673194885254e-02,2.000000029802322388e-01,-1.000000014901161194e-01,4.015976488590240479e-01,-2.090978622436523438e-02,-7.036614418029785156e-02,1.470327377319335938e-03,4.080625474452972412e-01,1.181890964508056641e-01,-1.585888862609863281e-02,-1.883029937744140625e-03,4.614208340644836426e-01
4.799999999999999822e-01,6.378909945487976074e-02,-5.199131965637207031e-01,1.134901642799377441e+00,7.043668031692504883e-01,-4.636554121971130371e-01,7.839034199714660645e-01,9.762676358222961426e-01,1.169915273785591125e-01,1.822489500045776367e-01,-9.967393428087234497e-02,9.898324608802795410e-01,-1.014742329716682434e-01,-1.922675371170043945e-01,8.090052753686904907e-02,9.780023097991943359e-01,-2.159473747014999390e-01,-8.269894123077392578e-02,2.994187735021114349e-02,1.000000000000000000e+00,0.000000000000000000e+00,6.378909945487976074e-02,-5.199131965637207031e-01,1.134901642799377441e+00,7.043668031692504883e-01,-4.636554121971130371e-01,7.839034199714660645e-01,1.000000000000000000e+00,2.161139100790023804e-01,5.887621045112609863e-01,1.006988406181335449e+00,6.501425504684448242e-01,-3.623034805059432983e-02,2.087411880493164062e-01,1.000000000000000000e+00,3.304809331893920898e+00,1.171682626008987427e-01,1.257144331932067871e+00,-5.247281193733215332e-01,9.074947983026504517e-02,-1.741720736026763916e-02,1.000000000000000000e+00,3.122261762619018555e+00,5.021028518676757812e-01,9.582462310791015625e-01,-4.946820139884948730e-01,-2.244353294372558594e-01,1.422313898801803589e-01,1.000000000000000000e+00,0.000000000000000000e+00,1.000000000000000000e+00,1.000000000000000000e+00,0.000000000000000000e+00,2.161139100790023804e-01,5.887621045112609863e-01,1.006988406181335449e+00,6.501425504684448242e-01,-3.623034805059432983e-02,2.087411880493164062e-01,9.760405421257019043e-01,1.049489080905914307e-01,1.906060129404067993e-01,-9.896267950534820557e-02,9.942590594291687012e-01,-4.068504646420478821e-02,-1.937815994024276733e-01,2.084737084805965424e-02,9.808231592178344727e-01,2.591509521007537842e-01,3.874251618981361389e-02,1.409052032977342606e-02,0.000000000000000000e+00,1.000000000000000000e+00,6.378909945487976074e-02,-5.199131965637207031e-01,1.134901642799377441e+00,7.043668031692504883e-01,-4.636554121971130371e-01,7.839034199714660645e-01,1.000000000000000000e+00,2.161139100790023804e-01,5.887621045112609863e-01,1.006988406181335449e+00,6.501425504684448242e-01,-3.623034805059432983e-02,2.087411880493164062e-01,1.000000000000000000e+00,3.304809331893920898e+00,1.171682626008987427e-01,1.257144331932067871e+00,-5.247281193733215332e-01,9.074947983026504517e-02,-1.741720736026763916e-02,1.000000000000000000e+00,3.122261762619018555e+00,5.021028518676757812e-01,9.582462310791015625e-01,-4.946820139884948730e-01,-2.244353294372558594e-01,1.422313898801803589e-01,1.000000000000000000e+00,0.000000000000000000e+00,1.000000000000000000e+00,1.000000000000000000e+00,0.000000000000000000e+00,3.304809331893920898e+00,1.171682626008987427e-01,1.257144331932067871e+00,-5.247281193733215332e-01,9.074947983026504517e-02,-1.741720736026763916e-02,-2.400812889386541582e-02,-1.102435473713581082e-01,2.560541491203998862e-03,1.000000000000000000e+00,3.122261762619018555e+00,5.021028518676757812e-01,9.582462310791015625e-01,-4.946820139884948730e-01,-2.244353294372558594e-01,1.422313898801803589e-01,8.927167236467786759e-02,-7.416620981472199503e-02,-6.677164280158763565e-03,1.000000000000000000e+00,4.206227511167526245e-02,1.535412073135375977e-01,-1.000000014901161194e-01,4.267773330211639404e-01,6.425575166940689087e-02,2.000000029802322388e-01,-1.000000014901161194e-01,4.110475778579711914e-01,-1.998805999755859375e-02,-6.472563743591308594e-02,1.292943954467773438e-03,4.068687260150909424e-01,1.226432323455810547e-01,-7.580995559692382812e-03,-9.343624114990234375e-04,4.623953998088836670e-01
5.000000000000000000e-01,7.816958427429199219e-02,-5.293428301811218262e-01,1.150596499443054199e+00,7.367504239082336426e-01,-4.808102250099182129e-01,7.854502797126770020e-01,9.768633246421813965e-01,1.155366823077201843e-01,1.799705177545547485e-01,-9.933041781187057495e-02,9.903520345687866211e-01,-9.662552177906036377e-02,-1.893979460000991821e-01,7.651337981224060059e-02,9.789148569107055664e-01,-2.525058388710021973e-01,-2.265690267086029053e-01,3.284104168415069580e-02,1.000000000000000000e+00,0.000000000000000000e+00,7.816958427429199219e-02,-5.293428301811218262e-01,1.150596499443054199e+00,7.367504239082336426e-01,-4.808102250099182129e-01,7.854502797126770020e-01,1.000000000000000000e+00,2.293931841850280762e-01,5.879691839218139648e-01,1.011033654212951660e+00,6.808915138244628906e-01,-4.400514811277389526e-02,1.947314739227294922e-01,1.000000000000000000e+00,3.294154644012451172e+00,1.190197020769119263e-01,1.256832838058471680e+00,-5.422542691230773926e-01,9.477668255567550659e-02,-1.337456889450550079e-02,1.000000000000000000e+00,3.112258911132812500e+00,4.974507093429565430e-01,9.612967371940612793e-01,-5.064694881439208984e-01,-2.427743226289749146e-01,1.652931272983551025e-01,1.000000000000000000e+00,0.000000000000000000e+00,1.000000000000000000e+00,1.000000000000000000e+00,0.000000000000000000e+00,2.293931841850280762e-01,5.879691839218139648e-01,1.011033654212951660e+00,6.808915138244628906e-01,-4.400514811277389526e-02,1.947314739227294922e-01,9.759309887886047363e-01,1.057170704007148743e-01,1.907424032688140869e-01,-9.867086261510848999e-02,9.940519928932189941e-01,-4.609517753124237061e-02,-1.944808959960937500e-01,2.616499364376068115e-02,9.805573225021362305e-01,2.802275419235229492e-01,3.279296681284904480e-02,1.186061929911375046e-02,0.000000000000000000e+00,1.000000000000000000e+00,7.816958427429199219e-02,-5.293428301811218262e-01,1.150596499443054199e+00,7.367504239082336426e-01,-4.808102250099182129e-01,7.854502797126770020e-01,1.000000000000000000e+00,2.293931841850280762e-01,5.879691839218139648e-01,1.011033654212951660e+00,6.808915138244628906e-01,-4.400514811277389526e-02,1.947314739227294922e-01,1.000000000000000000e+00,3.294154644012451172e+00,1.190197020769119263e-01,1.256832838058471680e+00,-5.422542691230773926e-01,9.477668255567550659e-02,-1.337456889450550079e-02,1.000000000000000000e+00,3.112258911132812500e+00,4.974507093429565430e-01,9.612967371940612793e-01,-5.064694881439208984e-01,-2.427743226289749146e-01,1.652931272983551025e-01,1.000000000000000000e+00,0.000000000000000000e+00,1.000000000000000000e+00,1.000000000000000000e+00,0.000000000000000000e+00,3.294154644012451172e+00,1.190197020769119263e-01,1.256832838058471680e+00,-5.422542691230773926e-01,9.477668255567550659e-02,-1.337456889450550079e-02,-2.352128359756964701e-02,-1.041799449796863009e-01,2.355466323903186027e-03,1.000000000000000000e+00,3.112258911132812500e+00,4.974507093429565430e-01,9.612967371940612793e-01,-5.064694881439208984e-01,-2.427743226289749146e-01,1.652931272983551025e-01,9.369781596375861832e-02,-6.528981514130371977e-02,-6.198669648459671777e-03,1.000000000000000000e+00,2.754865586757659912e-02,1.278688609600067139e-01,-1.000000014901161194e-01,4.286253452301025391e-01,7.233271002769470215e-02,1.999952346086502075e-01,-1.000000014901161194e-01,4.210068285465240479e-01,-1.887583732604980469e-02,-5.950307846069335938e-02,1.122713088989257812e-03,4.056942164897918701e-01,1.268157958984375000e-01,2.031326293945312500e-04,2.598762512207031250e-05,4.629667103290557861e-01
5.200000000000000178e-01,9.318726509809494019e-02,-5.391033887863159180e-01,1.166309714317321777e+00,7.678880095481872559e-01,-4.965846240520477295e-01,7.857713699340820312e-01,9.780027866363525391e-01,1.138659790158271790e-01,1.747718453407287598e-01,-9.919152408838272095e-02,9.909402728080749512e-01,-9.054549038410186768e-02,-1.834985017776489258e-01,7.121784985065460205e-02,9.804368615150451660e-01,-3.122304081916809082e-01,-3.889526426792144775e-01,3.679086640477180481e-02,1.000000000000000000e+00,0.000000000000000000e+00,9.318726509809494019e-02,-5.391033887863159180e-01,1.166309714317321777e+00,7.678880095481872559e-01,-4.965846240520477295e-01,7.857713699340820312e-01,1.000000000000000000e+00,2.432893812656402588e-01,5.870109796524047852e-01,1.014819145202636719e+00,7.118725776672363281e-01,-5.288055539131164551e-02,1.830849498510360718e-01,1.000000000000000000e+00,3.283161878585815430e+00,1.209504976868629456e-01,1.256600022315979004e+00,-5.584039092063903809e-01,9.866818785667419434e-02,-9.589163586497306824e-03,1.000000000000000000e+00,3.102037906646728516e+00,4.924231767654418945e-01,9.648167490959167480e-01,-5.162754058837890625e-01,-2.620632350444793701e-01,1.892322003841400146e-01,1.000000000000000000e+00,0.000000000000000000e+00,1.000000000000000000e+00,1.000000000000000000e+00,0.000000000000000000e+00,2.432893812656402588e-01,5.870109796524047852e-01,1.014819145202636719e+00,7.118725776672363281e-01,-5.288055539131164551e-02,1.830849498510360718e-01,9.758373498916625977e-01,1.066089197993278503e-01,1.907254606485366821e-01,-9.842684119939804077e-02,9.937902092933654785e-01,-5.189823731780052185e-02,-1.950738877058029175e-01,3.187173232436180115e-02,9.802706837654113770e-01,2.994858920574188232e-01,2.802559547126293182e-02,9.436998516321182251e-03,0.000000000000000000e+00,1.000000000000000000e+00,9.318726509809494019e-02,-5.391033887863159180e-01,1.166309714317321777e+00,7.678880095481872559e-01,-4.965846240520477295e-01,7.857713699340820312e-01,1.000000000000000000e+00,2.432893812656402588e-01,5.870109796524047852e-01,1.014819145202636719e+00,7.118725776672363281e-01,-5.288055539131164551e-02,1.830849498510360718e-01,1.000000000000000000e+00,3.283161878585815430e+00,1.209504976868629456e-01,1.256600022315979004e+00,-5.584039092063903809e-01,9.866818785667419434e-02,-9.589163586497306824e-03,1.000000000000000000e+00,3.102037906646728516e+00,4.924231767654418945e-01,9.648167490959167480e-01,-5.162754058837890625e-01,-2.620632350444793701e-01,1.892322003841400146e-01,1.000000000000000000e+00,0.000000000000000000e+00,1.000000000000000000e+00,1.000000000000000000e+00,0.000000000000000000e+00,3.283161878585815430e+00,1.209504976868629456e-01,1.256600022315979004e+00,-5.584039092063903809e-01,9.866818785667419434e-02,-9.589163586497306824e-03,-2.296436762546359700e-02,-9.817825775078059536e-02,2.158583804322213376e-03,1.000000000000000000e+00,3.102037906646728516e+00,4.924231767654418945e-01,9.648167490959167480e-01,-5.162754058837890625e-01,-2.620632350444793701e-01,1.892322003841400146e-01,9.810405948165079604e-02,-5.648789822158906127e-02,-5.650457130422802121e-03,1.000000000000000000e+00,1.201586145907640457e-02,9.538391232490539551e-02,-1.000000014901161194e-01,4.296567738056182861e-01,8.053802698850631714e-02,1.999745965003967285e-01,-1.000000014901161194e-01,4.309358298778533936e-01,-1.752018928527832031e-02,-5.470967292785644531e-02,9.582042694091796875e-04,4.046053588390350342e-01,1.306145191192626953e-01,7.481336593627929688e-03,9.827613830566406250e-04,4.632072448730468750e-01
5.400000000000000355e-01,1.088128760457038879e-01,-5.491655468940734863e-01,1.182023644447326660e+00,7.972804903984069824e-01,-5.107594728469848633e-01,7.855620384216308594e-01,9.796736240386962891e-01,1.119258850812911987e-01,1.664708107709884644e-01,-9.922213852405548096e-02,9.916154146194458008e-01,-8.279005438089370728e-02,-1.743413358926773071e-01,6.458962708711624146e-02,9.825648069381713867e-01,-3.864874839782714844e-01,-5.591774582862854004e-01,4.052051529288291931e-02,1.000000000000000000e+00,0.000000000000000000e+00,1.088128760457038879e-01,-5.491655468940734863e-01,1.182023644447326660e+00,7.972804903984069824e-01,-5.107594728469848633e-01,7.855620384216308594e-01,1.000000000000000000e+00,2.578077912330627441e-01,5.858647227287292480e-01,1.018396377563476562e+00,7.431486248970031738e-01,-6.297251582145690918e-02,1.742473393678665161e-01,1.000000000000000000e+00,3.271858692169189453e+00,1.229577884078025818e-01,1.256439924240112305e+00,-5.732055902481079102e-01,1.024082601070404053e-01,-6.119866389781236649e-03,1.000000000000000000e+00,3.091638565063476562e+00,4.870015084743499756e-01,9.688220024108886719e-01,-5.241100788116455078e-01,-2.822759747505187988e-01,2.138376235961914062e-01,1.000000000000000000e+00,0.000000000000000000e+00,1.000000000000000000e+00,1.000000000000000000e+00,0.000000000000000000e+00,2.578077912330627441e-01,5.858647227287292480e-01,1.018396377563476562e+00,7.431486248970031738e-01,-6.297251582145690918e-02,1.742473393678665161e-01,9.757552742958068848e-01,1.076164022088050842e-01,1.905795186758041382e-01,-9.823208302259445190e-02,9.934691190719604492e-01,-5.804975703358650208e-02,-1.955819576978683472e-01,3.792132809758186340e-02,9.799540042877197266e-01,3.160220384597778320e-01,2.411573193967342377e-02,7.056433241814374924e-03,0.000000000000000000e+00,1.000000000000000000e+00,1.088128760457038879e-01,-5.491655468940734863e-01,1.182023644447326660e+00,7.972804903984069824e-01,-5.107594728469848633e-01,7.855620384216308594e-01,1.000000000000000000e+00,2.578077912330627441e-01,5.858647227287292480e-01,1.018396377563476562e+00,7.431486248970031738e-01,-6.297251582145690918e-02,1.742473393678665161e-01,1.000000000000000000e+00,3.271858692169189453e+00,1.229577884078025818e-01,1.256439924240112305e+00,-5.732055902481079102e-01,1.024082601070404053e-01,-6.119866389781236649e-03,1.000000000000000000e+00,3.091638565063476562e+00,4.870015084743499756e-01,9.688220024108886719e-01,-5.241100788116455078e-01,-2.822759747505187988e-01,2.138376235961914062e-01,1.000000000000000000e+00,0.000000000000000000e+00,1.000000000000000000e+00,1.000000000000000000e+00,0.000000000000000000e+00,3.271858692169189453e+00,1.229577884078025818e-01,1.256439924240112305e+00,-5.732055902481079102e-01,1.024082601070404053e-01,-6.119866389781236649e-03,-2.232210122186319839e-02,-9.231381495051782515e-02,1.968254576871773451e-03,1.000000000000000000e+00,3.091638565063476562e+00,4.870015084743499756e-01,9.688220024108886719e-01,-5.241100788116455078e-01,-2.822759747505187988e-01,2.138376235961914062e-01,1.024545297359897578e-01,-4.784759518928161093e-02,-5.034011493043132057e-03,1.000000000000000000e+00,-1.100182719528675079e-02,6.186126545071601868e-02,-1.000000014901161194e-01,4.271391332149505615e-01,8.854605257511138916e-02,1.999999880790710449e-01,-1.000000014901161194e-01,4.410049915313720703e-01,-1.586341857910156250e-02,-5.035471916198730469e-02,7.984638214111328125e-04,4.036679565906524658e-01,1.338980197906494141e-01,1.422095298767089844e-02,1.915454864501953125e-03,4.631666839122772217e-01
5.600000000000000533e-01,1.250063329935073853e-01,-5.594943761825561523e-01,1.197731137275695801e+00,8.243310451507568359e-01,-5.230056047439575195e-01,7.850898504257202148e-01,9.818066954612731934e-01,1.097626760601997375e-01,1.549448072910308838e-01,-9.940638393163681030e-02,9.923584461212158203e-01,-7.309744507074356079e-02,-1.617841422557830811e-01,5.636505410075187683e-02,9.852151870727539062e-01,-4.779102802276611328e-01,-7.294217348098754883e-01,3.997794166207313538e-02,1.000000000000000000e+00,0.000000000000000000e+00,1.250063329935073853e-01,-5.594943761825561523e-01,1.197731137275695801e+00,8.243310451507568359e-01,-5.230056047439575195e-01,7.850898504257202148e-01,1.000000000000000000e+00,2.729547321796417236e-01,5.845047831535339355e-01,1.021824598312377930e+00,7.747666239738464355e-01,-7.439213246107101440e-02,1.685653030872344971e-01,1.000000000000000000e+00,3.260271072387695312e+00,1.250383853912353516e-01,1.256346225738525391e+00,-5.867038369178771973e-01,1.059783846139907837e-01,-2.997368574142456055e-03,1.000000000000000000e+00,3.081100225448608398e+00,4.811675250530242920e-01,9.733237028121948242e-01,-5.300075411796569824e-01,-3.033760786056518555e-01,2.389067411422729492e-01,1.000000000000000000e+00,0.000000000000000000e+00,1.000000000000000000e+00,1.000000000000000000e+00,0.000000000000000000e+00,2.729547321796417236e-01,5.845047831535339355e-01,1.021824598312377930e+00,7.747666239738464355e-01,-7.439213246107101440e-02,1.685653030872344971e-01,9.756822586059570312e-01,1.087252721190452576e-01,1.903232783079147339e-01,-9.808430820703506470e-02,9.930862188339233398e-01,-6.449262052774429321e-02,-1.960193961858749390e-01,4.425657540559768677e-02,9.796008467674255371e-01,3.293157517910003662e-01,2.079732902348041534e-02,4.865675698965787888e-03,0.000000000000000000e+00,1.000000000000000000e+00,1.250063329935073853e-01,-5.594943761825561523e-01,1.197731137275695801e+00,8.243310451507568359e-01,-5.230056047439575195e-01,7.850898504257202148e-01,1.000000000000000000e+00,2.729547321796417236e-01,5.845047831535339355e-01,1.021824598312377930e+00,7.747666239738464355e-01,-7.439213246107101440e-02,1.685653030872344971e-01,1.000000000000000000e+00,3.260271072387695312e+00,1.250383853912353516e-01,1.256346225738525391e+00,-5.867038369178771973e-01,1.059783846139907837e-01,-2.997368574142456055e-03,1.000000000000000000e+00,3.081100225448608398e+00,4.811675250530242920e-01,9.733237028121948242e-01,-5.300075411796569824e-01,-3.033760786056518555e-01,2.389067411422729492e-01,1.000000000000000000e+00,0.000000000000000000e+00,1.000000000000000000e+00,1.000000000000000000e+00,0.000000000000000000e+00,3.260271072387695312e+00,1.250383853912353516e-01,1.256346225738525391e+00,-5.867038369178771973e-01,1.059783846139907837e-01,-2.997368574142456055e-03,-2.157087132076280361e-02,-8.663603476608416898e-02,1.783000259361344764e-03,1.000000000000000000e+00,3.081100225448608398e+00,4.811675250530242920e-01,9.733237028121948242e-01,-5.300075411796569824e-01,-3.033760786056518555e-01,2.389067411422729492e-01,1.067097784416246309e-01,-3.944141174545445772e-02,-4.354133507000805536e-03,1.000000000000000000e+00,-3.220381215214729309e-02,2.082301117479801178e-02,-1.000000014901161194e-01,4.153807163238525391e-01,9.654628485441207886e-02,1.999974548816680908e-01,-1.000000014901161194e-01,4.514575898647308350e-01,-1.384377479553222656e-02,-4.644560813903808594e-02,6.427764892578125000e-04,4.029462039470672607e-01,1.364800930023193359e-01,2.036380767822265625e-02,2.796411514282226562e-03,4.628457725048065186e-01
5.799999999999999600e-01,1.417145878076553345e-01,-5.700476169586181641e-01,1.213423728942871094e+00,8.483262658119201660e-01,-5.328780412673950195e-01,7.838035225868225098e-01,9.842653870582580566e-01,1.074875518679618835e-01,1.402442455291748047e-01,-9.975051134824752808e-02,9.931350350379943848e-01,-6.109822541475296021e-02,-1.458487510681152344e-01,4.614742100238800049e-02,9.882301688194274902e-01,-5.791105031967163086e-01,-9.030936360359191895e-01,3.360587358474731445e-02,1.000000000000000000e+00,0.000000000000000000e+00,1.417145878076553345e-01,-5.700476169586181641e-01,1.213423728942871094e+00,8.483262658119201660e-01,-5.328780412673950195e-01,7.838035225868225098e-01,1.000000000000000000e+00,2.887373566627502441e-01,5.829037427902221680e-01,1.025169730186462402e+00,8.067645430564880371e-01,-8.724391460418701172e-02,1.663262397050857544e-01,1.000000000000000000e+00,3.248424291610717773e+00,1.271886676549911499e-01,1.256311893463134766e+00,-5.989534258842468262e-01,1.093556061387062073e-01,-2.223232440883293748e-04,1.000000000000000000e+00,3.070461034774780273e+00,4.749038815498352051e-01,9.783295989036560059e-01,-5.340207815170288086e-01,-3.253149688243865967e-01,2.642479240894317627e-01,1.000000000000000000e+00,0.000000000000000000e+00,1.000000000000000000e+00,1.000000000000000000e+00,0.000000000000000000e+00,2.887373566627502441e-01,5.829037427902221680e-01,1.025169730186462402e+00,8.067645430564880371e-01,-8.724391460418701172e-02,1.663262397050857544e-01,9.756169319152832031e-01,1.099172979593276978e-01,1.899733841419219971e-01,-9.797884523868560791e-02,9.926410913467407227e-01,-7.116056978702545166e-02,-1.963971555233001709e-01,5.081208422780036926e-02,9.792069792747497559e-01,3.393637835979461670e-01,1.791923120617866516e-02,2.964029088616371155e-03,0.000000000000000000e+00,1.000000000000000000e+00,1.417145878076553345e-01,-5.700476169586181641e-01,1.213423728942871094e+00,8.483262658119201660e-01,-5.328780412673950195e-01,7.838035225868225098e-01,1.000000000000000000e+00,2.887373566627502441e-01,5.829037427902221680e-01,1.025169730186462402e+00,8.067645430564880371e-01,-8.724391460418701172e-02,1.663262397050857544e-01,1.000000000000000000e+00,3.248424291610717773e+00,1.271886676549911499e-01,1.256311893463134766e+00,-5.989534258842468262e-01,1.093556061387062073e-01,-2.223232440883293748e-04,1.000000000000000000e+00,3.070461034774780273e+00,4.749038815498352051e-01,9.783295989036560059e-01,-5.340207815170288086e-01,-3.253149688243865967e-01,2.642479240894317627e-01,1.000000000000000000e+00,0.000000000000000000e+00,1.000000000000000000e+00,1.000000000000000000e+00,0.000000000000000000e+00,3.248424291610717773e+00,1.271886676549911499e-01,1.256311893463134766e+00,-5.989534258842468262e-01,1.093556061387062073e-01,-2.223232440883293748e-04,-2.067890315056078107e-02,-8.117498210372509071e-02,1.601250458425552969e-03,1.000000000000000000e+00,3.070461034774780273e+00,4.749038815498352051e-01,9.783295989036560059e-01,-5.340207815170288086e-01,-3.253149688243865967e-01,2.642479240894317627e-01,1.108130252558425233e-01,-3.131821874013884788e-02,-3.617629995499006823e-03,1.000000000000000000e+00,-5.753307417035102844e-02,-1.789932698011398315e-02,-1.000000014901161194e-01,4.067782759666442871e-01,1.053000092506408691e-01,1.999909728765487671e-01,-1.000000014901161194e-01,4.606682062149047852e-01,-1.139783859252929688e-02,-4.299044609069824219e-02,4.899501800537109375e-04,4.025045633316040039e-01,1.381347179412841797e-01,2.581572532653808594e-02,3.588438034057617188e-03,4.621492326259613037e-01
5.999999999999999778e-01,1.588699221611022949e-01,-5.807734131813049316e-01,1.229076623916625977e+00,8.685578107833862305e-01,-5.399048924446105957e-01,7.808856368064880371e-01,9.868929982185363770e-01,1.053230017423629761e-01,1.222670674324035645e-01,-1.002693772315979004e-01,9.938594102859497070e-01,-4.679187387228012085e-02,-1.264445334672927856e-01,3.391893208026885986e-02,9.913936257362365723e-01,-6.739125847816467285e-01,-1.070318818092346191e+00,2.011519484221935272e-02,1.000000000000000000e+00,0.000000000000000000e+00,1.588699221611022949e-01,-5.807734131813049316e-01,1.229076623916625977e+00,8.685578107833862305e-01,-5.399048924446105957e-01,7.808856368064880371e-01,1.000000000000000000e+00,3.051635324954986572e-01,5.810320377349853516e-01,1.028502464294433594e+00,8.391621708869934082e-01,-1.016205772757530212e-01,1.677117943763732910e-01,1.000000000000000000e+00,3.236344099044799805e+00,1.294045597314834595e-01,1.256330251693725586e+00,-6.100162267684936523e-01,1.125111207365989685e-01,2.235168591141700745e-03,1.000000000000000000e+00,3.059757471084594727e+00,4.681943953037261963e-01,9.838434457778930664e-01,-5.362165570259094238e-01,-3.480270206928253174e-01,2.896760702133178711e-01,1.000000000000000000e+00,0.000000000000000000e+00,1.000000000000000000e+00,1.000000000000000000e+00,0.000000000000000000e+00,3.051635324954986572e-01,5.810320377349853516e-01,1.028502464294433594e+00,8.391621708869934082e-01,-1.016205772757530212e-01,1.677117943763732910e-01,9.755583405494689941e-01,1.111769527196884155e-01,1.895407140254974365e-01,-9.790970385074615479e-02,9.921333193778991699e-01,-7.800821959972381592e-02,-1.967223584651947021e-01,5.754369497299194336e-02,9.787691831588745117e-01,3.490485250949859619e-01,1.532317139208316803e-02,1.392008853144943714e-03,0.000000000000000000e+00,1.000000000000000000e+00,1.588699221611022949e-01,-5.807734131813049316e-01,1.229076623916625977e+00,8.685578107833862305e-01,-5.399048924446105957e-01,7.808856368064880371e-01,1.000000000000000000e+00,3.051635324954986572e-01,5.810320377349853516e-01,1.028502464294433594e+00,8.391621708869934082e-01,-1.016205772757530212e-01,1.677117943763732910e-01,1.000000000000000000e+00,3.236344099044799805e+00,1.294045597314834595e-01,1.256330251693725586e+00,-6.100162267684936523e-01,1.125111207365989685e-01,2.235168591141700745e-03,1.000000000000000000e+00,3.059757471084594727e+00,4.681943953037261963e-01,9.838434457778930664e-01,-5.362165570259094238e-01,-3.480270206928253174e-01,2.896760702133178711e-01,1.000000000000000000e+00,0.000000000000000000e+00,1.000000000000000000e+00,1.000000000000000000e+00,0.000000000000000000e+00,3.236344099044799805e+00,1.294045597314834595e-01,1.256330251693725586e+00,-6.100162267684936523e-01,1.125111207365989685e-01,2.235168591141700745e-03,-1.960959165823367850e-02,-7.595655525035582833e-02,1.421634745350092155e-03,1.000000000000000000e+00,3.059757471084594727e+00,4.681943953037261963e-01,9.838434457778930664e-01,-5.362165570259094238e-01,-3.480270206928253174e-01,2.896760702133178711e-01,1.146818095669039361e-01,-2.351491213393464008e-02,-2.834203530357730372e-03,1.000000000000000000e+00,-7.883492857217788696e-02,-6.643108278512954712e-02,-1.000000014901161194e-01,3.982383012771606445e-01,1.140516623854637146e-01,1.914108544588088989e-01,-1.000000014901161194e-01,4.698733985424041748e-01,-8.461475372314453125e-03,-3.999495506286621094e-02,3.383159637451171875e-04,4.024018049240112305e-01,1.386353969573974609e-01,3.047013282775878906e-02,4.250764846801757812e-03,4.609532952308654785e-01
6.199999999999999956e-01,1.763916760683059692e-01,-5.916112065315246582e-01,1.244653463363647461e+00,8.844446539878845215e-01,-5.437074303627014160e-01,7.759072184562683105e-01,9.894669651985168457e-01,1.035327911376953125e-01,1.011738851666450500e-01,-1.009446978569030762e-01,9.944279193878173828e-01,-3.038782067596912384e-02,-1.037562713027000427e-01,1.985477842390537262e-02,9.944046139717102051e-01,-7.483247518539428711e-01,-1.235843062400817871e+00,1.795020943973213434e-04,1.000000000000000000e+00,0.000000000000000000e+00,1.763916760683059692e-01,-5.916112065315246582e-01,1.244653463363647461e+00,8.844446539878845215e-01,-5.437074303627014160e-01,7.759072184562683105e-01,1.000000000000000000e+00,3.222412765026092529e-01,5.788584351539611816e-01,1.031896233558654785e+00,8.719534277915954590e-01,-1.176085248589515686e-01,1.727929860353469849e-01,1.000000000000000000e+00,3.224052190780639648e+00,1.316813379526138306e-01,1.256394982337951660e+00,-6.199604272842407227e-01,1.154095008969306946e-01,4.434831440448760986e-03,1.000000000000000000e+00,3.049026489257812500e+00,4.610243439674377441e-01,9.898652434349060059e-01,-5.366740226745605469e-01,-3.714220821857452393e-01,3.150007128715515137e-01,1.000000000000000000e+00,0.000000000000000000e+00,1.000000000000000000e+00,1.000000000000000000e+00,0.000000000000000000e+00,3.222412765026092529e-01,5.788584351539611816e-01,1.031896233558654785e+00,8.719534277915954590e-01,-1.176085248589515686e-01,1.727929860353469849e-01,9.755312204360961914e-01,1.124804541468620300e-01,1.889102905988693237e-01,-9.785931557416915894e-02,9.915597438812255859e-01,-8.504705131053924561e-02,-1.968819648027420044e-01,6.447941064834594727e-02,9.783046841621398926e-01,3.609684705734252930e-01,-7.648949511349201202e-03,2.420155797153711319e-03,0.000000000000000000e+00,1.000000000000000000e+00,1.763916760683059692e-01,-5.916112065315246582e-01,1.244653463363647461e+00,8.844446539878845215e-01,-5.437074303627014160e-01,7.759072184562683105e-01,1.000000000000000000e+00,3.222412765026092529e-01,5.788584351539611816e-01,1.031896233558654785e+00,8.719534277915954590e-01,-1.176085248589515686e-01,1.727929860353469849e-01,1.000000000000000000e+00,3.224052190780639648e+00,1.316813379526138306e-01,1.256394982337951660e+00,-6.199604272842407227e-01,1.154095008969306946e-01,4.434831440448760986e-03,1.000000000000000000e+00,3.049026489257812500e+00,4.610243439674377441e-01,9.898652434349060059e-01,-5.366740226745605469e-01,-3.714220821857452393e-01,3.150007128715515137e-01,1.000000000000000000e+00,0.000000000000000000e+00,1.000000000000000000e+00,1.000000000000000000e+00,0.000000000000000000e+00,3.224052190780639648e+00,1.316813379526138306e-01,1.256394982337951660e+00,-6.199604272842407227e-01,1.154095008969306946e-01,4.434831440448760986e-03,-1.832369024858308826e-02,-7.100995769569484750e-02,1.243232815664973429e-03,1.000000000000000000e+00,3.049026489257812500e+00,4.610243439674377441e-01,9.898652434349060059e-01,-5.366740226745605469e-01,-3.714220821857452393e-01,3.150007128715515137e-01,1.182060615728655339e-01,-1.607559120188550850e-02,-2.018198531649757765e-03,1.000000000000000000e+00,-1.021332368254661560e-01,-1.147939115762710571e-01,-1.000000014901161194e-01,3.915160298347473145e-01,1.229377314448356628e-01,1.778240501880645752e-01,-1.000000014901161194e-01,4.787237346172332764e-01,-4.970788955688476562e-03,-3.746438026428222656e-02,1.862049102783203125e-04,4.026883542537689209e-01,1.377968788146972656e-01,3.423714637756347656e-02,4.746913909912109375e-03,4.591905176639556885e-01
6.400000000000000133e-01,1.941883414983749390e-01,-6.024941205978393555e-01,1.260109901428222656e+00,8.954849839210510254e-01,-5.440211892127990723e-01,7.686229348182678223e-01,9.917748570442199707e-01,1.024244576692581177e-01,7.675849646329879761e-02,-1.017711460590362549e-01,9.947307705879211426e-01,-1.238541398197412491e-02,-7.762259989976882935e-02,4.471742082387208939e-03,9.969727993011474609e-01,-7.981442809104919434e-01,-1.408805370330810547e+00,-2.719058655202388763e-02,1.000000000000000000e+00,0.000000000000000000e+00,1.941883414983749390e-01,-6.024941205978393555e-01,1.260109901428222656e+00,8.954849839210510254e-01,-5.440211892127990723e-01,7.686229348182678223e-01,1.000000000000000000e+00,3.399778604507446289e-01,5.763499736785888672e-01,1.035425066947937012e+00,9.050483107566833496e-01,-1.352945566177368164e-01,1.816135793924331665e-01,1.000000000000000000e+00,3.211571455001831055e+00,1.340134739875793457e-01,1.256502032279968262e+00,-6.288604736328125000e-01,1.180081441998481750e-01,6.463888101279735565e-03,1.000000000000000000e+00,3.038300752639770508e+00,4.533810913562774658e-01,9.963910579681396484e-01,-5.354879498481750488e-01,-3.953773975372314453e-01,3.400058150291442871e-01,1.000000000000000000e+00,0.000000000000000000e+00,1.000000000000000000e+00,1.000000000000000000e+00,0.000000000000000000e+00,3.399778604507446289e-01,5.763499736785888672e-01,1.035425066947937012e+00,9.050483107566833496e-01,-1.352945566177368164e-01,1.816135793924331665e-01,9.756741523742675781e-01,1.137707754969596863e-01,1.873931735754013062e-01,-9.783082455396652222e-02,9.909185767173767090e-01,-9.224756062030792236e-02,-1.961864382028579712e-01,7.167072594165802002e-02,9.779438972473144531e-01,3.742204308509826660e-01,-7.937883585691452026e-02,7.080641575157642365e-03,0.000000000000000000e+00,1.000000000000000000e+00,1.941883414983749390e-01,-6.024941205978393555e-01,1.260109901428222656e+00,8.954849839210510254e-01,-5.440211892127990723e-01,7.686229348182678223e-01,1.000000000000000000e+00,3.399778604507446289e-01,5.763499736785888672e-01,1.035425066947937012e+00,9.050483107566833496e-01,-1.352945566177368164e-01,1.816135793924331665e-01,1.000000000000000000e+00,3.211571455001831055e+00,1.340134739875793457e-01,1.256502032279968262e+00,-6.288604736328125000e-01,1.180081441998481750e-01,6.463888101279735565e-03,1.000000000000000000e+00,3.038300752639770508e+00,4.533810913562774658e-01,9.963910579681396484e-01,-5.354879498481750488e-01,-3.953773975372314453e-01,3.400058150291442871e-01,1.000000000000000000e+00,0.000000000000000000e+00,1.000000000000000000e+00,1.000000000000000000e+00,0.000000000000000000e+00,3.211571455001831055e+00,1.340134739875793457e-01,1.256502032279968262e+00,-6.288604736328125000e-01,1.180081441998481750e-01,6.463888101279735565e-03,-1.677990734123176869e-02,-6.636605505494741486e-02,1.065934747096279958e-03,1.000000000000000000e+00,3.038300752639770508e+00,4.533810913562774658e-01,9.963910579681396484e-01,-5.354879498481750488e-01,-3.953773975372314453e-01,3.400058150291442871e-01,1.212474866041510224e-01,-9.063067767309362921e-03,-1.190549580521886586e-03,1.000000000000000000e+00,-1.241049170494079590e-01,-1.599921584129333496e-01,-1.000000014901161194e-01,3.892107307910919189e-01,1.326711773872375488e-01,1.604316234588623047e-01,-1.000000014901161194e-01,4.878247678279876709e-01,-8.568763732910156250e-04,-3.540062904357910156e-02,3.027915954589843750e-05,4.034138321876525879e-01,1.354808807373046875e-01,3.704285621643066406e-02,5.048274993896484375e-03,4.568319916725158691e-01
6.600000000000000311e-01,2.121587395668029785e-01,-6.133507490158081055e-01,1.275400400161743164e+00,9.012187719345092773e-01,-5.406997203826904297e-01,7.591694593429565430e-01,9.935451745986938477e-01,1.022646054625511169e-01,4.909197986125946045e-02,-1.027210280299186707e-01,9.946865439414978027e-01,6.859533488750457764e-03,-4.812964797019958496e-02,-1.185803487896919250e-02,9.987707138061523438e-01,-8.367437124252319336e-01,-1.556644082069396973e+00,-5.978190898895263672e-02,1.000000000000000000e+00,0.000000000000000000e+00,2.121587395668029785e-01,-6.133507490158081055e-01,1.275400400161743164e+00,9.012187719345092773e-01,-5.406997203826904297e-01,7.591694593429565430e-01,1.000000000000000000e+00,3.583771586418151855e-01,5.734719634056091309e-01,1.039164543151855469e+00,9.381603598594665527e-01,-1.547541171312332153e-01,1.942337006330490112e-01,1.000000000000000000e+00,3.198921203613281250e+00,1.363945007324218750e-01,1.256649017333984375e+00,-6.367960572242736816e-01,1.202565357089042664e-01,8.433561772108078003e-03,1.000000000000000000e+00,3.027613401412963867e+00,4.452548921108245850e-01,1.003412365913391113e+00,-5.327734947204589844e-01,-4.197310209274291992e-01,3.644402325153350830e-01,1.000000000000000000e+00,0.000000000000000000e+00,1.000000000000000000e+00,1.000000000000000000e+00,0.000000000000000000e+00,3.583771586418151855e-01,5.734719634056091309e-01,1.039164543151855469e+00,9.381603598594665527e-01,-1.547541171312332153e-01,1.942337006330490112e-01,9.761807918548583984e-01,1.149646267294883728e-01,1.839956492185592651e-01,-9.785731881856918335e-02,9.902111887931823730e-01,-9.952857345342636108e-02,-1.936367899179458618e-01,7.915254682302474976e-02,9.778751730918884277e-01,3.885937929153442383e-01,-1.982582509517669678e-01,1.583479717373847961e-02,0.000000000000000000e+00,1.000000000000000000e+00,2.121587395668029785e-01,-6.133507490158081055e-01,1.275400400161743164e+00,9.012187719345092773e-01,-5.406997203826904297e-01,7.591694593429565430e-01,1.000000000000000000e+00,3.583771586418151855e-01,5.734719634056091309e-01,1.039164543151855469e+00,9.381603598594665527e-01,-1.547541171312332153e-01,1.942337006330490112e-01,1.000000000000000000e+00,3.198921203613281250e+00,1.363945007324218750e-01,1.256649017333984375e+00,-6.367960572242736816e-01,1.202565357089042664e-01,8.433561772108078003e-03,1.000000000000000000e+00,3.027613401412963867e+00,4.452548921108245850e-01,1.003412365913391113e+00,-5.327734947204589844e-01,-4.197310209274291992e-01,3.644402325153350830e-01,1.000000000000000000e+00,0.000000000000000000e+00,1.000000000000000000e+00,1.000000000000000000e+00,0.000000000000000000e+00,3.198921203613281250e+00,1.363945007324218750e-01,1.256649017333984375e+00,-6.367960572242736816e-01,1.202565357089042664e-01,8.433561772108078003e-03,-1.493454361248596103e-02,-6.205164461981382829e-02,8.899156356499942494e-04,1.000000000000000000e+00,3.027613401412963867e+00,4.452548921108245850e-01,1.003412365913391113e+00,-5.327734947204589844e-01,-4.197310209274291992e-01,3.644402325153350830e-01,1.236542620931127545e-01,-2.561548176616135208e-03,-3.809760772766276893e-04,1.000000000000000000e+00,-1.470385342836380005e-01,-1.981086283922195435e-01,-1.000000014901161194e-01,3.896659314632415771e-01,1.450288891792297363e-01,1.374464482069015503e-01,-1.000000014901161194e-01,4.928775429725646973e-01,3.951549530029296875e-03,-3.380560874938964844e-02,-1.335144042968750000e-04,4.046324789524078369e-01,1.315951347351074219e-01,3.883290290832519531e-02,5.138635635375976562e-03,4.539112448692321777e-01
6.800000000000000488e-01,2.301933020353317261e-01,-6.241074800491333008e-01,1.290485620498657227e+00,9.012904763221740723e-01,-5.336446166038513184e-01,7.480018138885498047e-01,9.944745302200317383e-01,1.032346263527870178e-01,1.905296184122562408e-02,-1.037293300032615662e-01,9.942359328269958496e-01,2.711410447955131531e-02,-1.614402420818805695e-02,-2.894063666462898254e-02,9.994507431983947754e-01,-8.733947873115539551e-01,-1.638984084129333496e+00,-9.498005360364913940e-02,1.000000000000000000e+00,0.000000000000000000e+00,2.301933020353317261e-01,-6.241074800491333008e-01,1.290485620498657227e+00,9.012904763221740723e-01,-5.336446166038513184e-01,7.480018138885498047e-01,1.000000000000000000e+00,3.774351179599761963e-01,5.701883435249328613e-01,1.043190360069274902e+00,9.707562923431396484e-01,-1.760323494672775269e-01,2.105786502361297607e-01,1.000000000000000000e+00,3.186120748519897461e+00,1.388169229030609131e-01,1.256835699081420898e+00,-6.438505649566650391e-01,1.220954656600952148e-01,1.047320477664470673e-02,1.000000000000000000e+00,3.016992807388305664e+00,4.366393685340881348e-01,1.010915160179138184e+00,-5.286694765090942383e-01,-4.442860782146453857e-01,3.880363702774047852e-01,1.000000000000000000e+00,0.000000000000000000e+00,1.000000000000000000e+00,1.000000000000000000e+00,0.000000000000000000e+00,3.774351179599761963e-01,5.701883435249328613e-01,1.043190360069274902e+00,9.707562923431396484e-01,-1.760323494672775269e-01,2.105786502361297607e-01,9.771817922592163086e-01,1.159632578492164612e-01,1.779561340808868408e-01,-9.795396775007247925e-02,9.894354343414306641e-01,-1.068764850497245789e-01,-1.884698569774627686e-01,8.700623363256454468e-02,9.782173037528991699e-01,4.103339314460754395e-01,-3.446348011493682861e-01,2.977129817008972168e-02,0.000000000000000000e+00,1.000000000000000000e+00,2.301933020353317261e-01,-6.241074800491333008e-01,1.290485620498657227e+00,9.012904763221740723e-01,-5.336446166038513184e-01,7.480018138885498047e-01,1.000000000000000000e+00,3.774351179599761963e-01,5.701883435249328613e-01,1.043190360069274902e+00,9.707562923431396484e-01,-1.760323494672775269e-01,2.105786502361297607e-01,1.000000000000000000e+00,3.186120748519897461e+00,1.388169229030609131e-01,1.256835699081420898e+00,-6.438505649566650391e-01,1.220954656600952148e-01,1.047320477664470673e-02,1.000000000000000000e+00,3.016992807388305664e+00,4.366393685340881348e-01,1.010915160179138184e+00,-5.286694765090942383e-01,-4.442860782146453857e-01,3.880363702774047852e-01,1.000000000000000000e+00,0.000000000000000000e+00,1.000000000000000000e+00,1.000000000000000000e+00,0.000000000000000000e+00,3.186120748519897461e+00,1.388169229030609131e-01,1.256835699081420898e+00,-6.438505649566650391e-01,1.220954656600952148e-01,1.047320477664470673e-02,-1.274125588485085225e-02,-5.808580218393033512e-02,7.137609657128455437e-04,1.000000000000000000e+00,3.016992807388305664e+00,4.366393685340881348e-01,1.010915160179138184e+00,-5.286694765090942383e-01,-4.442860782146453857e-01,3.880363702774047852e-01,1.252987333382629687e-01,3.347017089648574029e-03,3.788409630247693838e-04,1.000000000000000000e+00,-1.740495264530181885e-01,-2.000000029802322388e-01,-1.000000014901161194e-01,3.930859863758087158e-01,1.586430817842483521e-01,1.140377670526504517e-01,-1.000000014901161194e-01,4.970363676548004150e-01,9.524822235107421875e-03,-3.267407417297363281e-02,-3.111362457275390625e-04,4.063863754272460938e-01,1.260912418365478516e-01,3.957700729370117188e-02,5.015611648559570312e-03,4.505188763141632080e-01
7.000000000000000666e-01,2.481769919395446777e-01,-6.346887350082397461e-01,1.305335879325866699e+00,8.955598473548889160e-01,-5.227595567703247070e-01,7.356271147727966309e-01,9.943710565567016602e-01,1.053473129868507385e-01,-1.132197678089141846e-02,-1.046880409121513367e-01,9.933338761329650879e-01,4.825175926089286804e-02,1.632969640195369720e-02,-4.679487273097038269e-02,9.987710118293762207e-01,-9.234904646873474121e-01,-1.559479594230651855e+00,-1.210187152028083801e-01,1.000000000000000000e+00,0.000000000000000000e+00,2.481769919395446777e-01,-6.346887350082397461e-01,1.305335879325866699e+00,8.955598473548889160e-01,-5.227595567703247070e-01,7.356271147727966309e-01,1.000000000000000000e+00,3.971351087093353271e-01,5.664625763893127441e-01,1.047574758529663086e+00,1.002114176750183105e+00,-1.991640627384185791e-01,2.303781062364578247e-01,1.000000000000000000e+00,3.173186063766479492e+00,1.412719190120697021e-01,1.257065176963806152e+00,-6.501088738441467285e-01,1.234559938311576843e-01,1.272652857005596161e-02,1.000000000000000000e+00,3.006465435028076172e+00,4.275325834751129150e-01,1.018880605697631836e+00,-5.233350396156311035e-01,-4.688221812248229980e-01,4.105396568775177002e-01,1.000000000000000000e+00,0.000000000000000000e+00,1.000000000000000000e+00,1.000000000000000000e+00,0.000000000000000000e+00,3.971351087093353271e-01,5.664625763893127441e-01,1.047574758529663086e+00,1.002114176750183105e+00,-1.991640627384185791e-01,2.303781062364578247e-01,9.786975979804992676e-01,1.166832596063613892e-01,1.689262837171554565e-01,-9.810227155685424805e-02,9.885708689689636230e-01,-1.144713386893272400e-01,-1.803524941205978394e-01,9.546076506376266479e-02,9.789587855339050293e-01,4.454177916049957275e-01,-4.906406402587890625e-01,4.793067276477813721e-02,0.000000000000000000e+00,1.000000000000000000e+00,2.481769919395446777e-01,-6.346887350082397461e-01,1.305335879325866699e+00,8.955598473548889160e-01,-5.227595567703247070e-01,7.356271147727966309e-01,1.000000000000000000e+00,3.971351087093353271e-01,5.664625763893127441e-01,1.047574758529663086e+00,1.002114176750183105e+00,-1.991640627384185791e-01,2.303781062364578247e-01,1.000000000000000000e+00,3.173186063766479492e+00,1.412719190120697021e-01,1.257065176963806152e+00,-6.501088738441467285e-01,1.234559938311576843e-01,1.272652857005596161e-02,1.000000000000000000e+00,3.006465435028076172e+00,4.275325834751129150e-01,1.018880605697631836e+00,-5.233350396156311035e-01,-4.688221812248229980e-01,4.105396568775177002e-01,1.000000000000000000e+00,0.000000000000000000e+00,1.000000000000000000e+00,1.000000000000000000e+00,0.000000000000000000e+00,3.173186063766479492e+00,1.412719190120697021e-01,1.257065176963806152e+00,-6.501088738441467285e-01,1.234559938311576843e-01,1.272652857005596161e-02,-1.014823525418320771e-02,-5.448250636611851050e-02,5.343969323728997231e-04,1.000000000000000000e+00,3.006465435028076172e+00,4.275325834751129150e-01,1.018880605697631836e+00,-5.233350396156311035e-01,-4.688221812248229980e-01,4.105396568775177002e-01,1.260744203956390974e-01,8.601859590569027603e-03,1.061362362925602487e-03,1.000000000000000000e+00,-1.998677700757980347e-01,-1.999999731779098511e-01,-1.000000014901161194e-01,3.990164697170257568e-01,1.736955940723419189e-01,9.216327965259552002e-02,-1.000000014901161194e-01,5.009386539459228516e-01,1.592922210693359375e-02,-3.199481964111328125e-02,-5.095005035400390625e-04,4.086932241916656494e-01,1.189782619476318359e-01,3.926825523376464844e-02,4.693031311035156250e-03,4.467723667621612549e-01
7.199999999999999734e-01,2.659959495067596436e-01,-6.450170278549194336e-01,1.319931983947753906e+00,8.843817114830017090e-01,-5.079169273376464844e-01,7.226734161376953125e-01,9.933711886405944824e-01,1.084153726696968079e-01,-3.820876032114028931e-02,-1.055594459176063538e-01,9.919340610504150391e-01,7.017206400632858276e-02,4.550829529762268066e-02,-6.567361205816268921e-02,9.968029260635375977e-01,-9.844494462013244629e-01,-1.305456638336181641e+00,-1.359900683164596558e-01,1.000000000000000000e+00,0.000000000000000000e+00,2.659959495067596436e-01,-6.450170278549194336e-01,1.319931983947753906e+00,8.843817114830017090e-01,-5.079169273376464844e-01,7.226734161376953125e-01,1.000000000000000000e+00,4.174455702304840088e-01,5.622569918632507324e-01,1.052384018898010254e+00,1.031477332115173340e+00,-2.242325842380523682e-01,2.533600330352783203e-01,1.000000000000000000e+00,3.160132884979248047e+00,1.437492668628692627e-01,1.257342815399169922e+00,-6.556575894355773926e-01,1.242575794458389282e-01,1.535159163177013397e-02,1.000000000000000000e+00,2.996054649353027344e+00,4.179369807243347168e-01,1.027284502983093262e+00,-5.169436335563659668e-01,-4.931025505065917969e-01,4.317262768745422363e-01,1.000000000000000000e+00,0.000000000000000000e+00,1.000000000000000000e+00,1.000000000000000000e+00,0.000000000000000000e+00,4.174455702304840088e-01,5.622569918632507324e-01,1.052384018898010254e+00,1.031477332115173340e+00,-2.242325842380523682e-01,2.533600330352783203e-01,9.806104302406311035e-01,1.170631051063537598e-01,1.571606695652008057e-01,-9.824736416339874268e-02,9.875819683074951172e-01,-1.225943863391876221e-01,-1.695603132247924805e-01,1.047767102718353271e-01,9.799343347549438477e-01,4.916687309741973877e-01,-6.045913100242614746e-01,6.860599666833877563e-02,0.000000000000000000e+00,1.000000000000000000e+00,2.659959495067596436e-01,-6.450170278549194336e-01,1.319931983947753906e+00,8.843817114830017090e-01,-5.079169273376464844e-01,7.226734161376953125e-01,1.000000000000000000e+00,4.174455702304840088e-01,5.622569918632507324e-01,1.052384018898010254e+00,1.031477332115173340e+00,-2.242325842380523682e-01,2.533600330352783203e-01,1.000000000000000000e+00,3.160132884979248047e+00,1.437492668628692627e-01,1.257342815399169922e+00,-6.556575894355773926e-01,1.242575794458389282e-01,1.535159163177013397e-02,1.000000000000000000e+00,2.996054649353027344e+00,4.179369807243347168e-01,1.027284502983093262e+00,-5.169436335563659668e-01,-4.931025505065917969e-01,4.317262768745422363e-01,1.000000000000000000e+00,0.000000000000000000e+00,1.000000000000000000e+00,1.000000000000000000e+00,0.000000000000000000e+00,3.160132884979248047e+00,1.437492668628692627e-01,1.257342815399169922e+00,-6.556575894355773926e-01,1.242575794458389282e-01,1.535159163177013397e-02,-7.095324254171270911e-03,-5.125516312447375711e-02,3.489255734116284390e-04,1.000000000000000000e+00,2.996054649353027344e+00,4.179369807243347168e-01,1.027284502983093262e+00,-5.169436335563659668e-01,-4.931025505065917969e-01,4.317262768745422363e-01,1.258794339943928586e-01,1.315432521462667204e-02,1.642386360261760547e-03,1.000000000000000000e+00,-1.999924778938293457e-01,-2.000000029802322388e-01,-1.000000014901161194e-01,4.100526869297027588e-01,1.898328214883804321e-01,6.922050565481185913e-02,-1.000000014901161194e-01,5.076858997344970703e-01,2.323603630065917969e-02,-3.175139427185058594e-02,-7.376670837402343750e-04,4.115644991397857666e-01,1.103575229644775391e-01,3.794503211975097656e-02,4.203557968139648438e-03,4.428294599056243896e-01
7.399999999999999911e-01,2.835487425327301025e-01,-6.550116539001464844e-01,1.334270477294921875e+00,8.686675429344177246e-01,-4.889578521251678467e-01,7.100487947463989258e-01,9.919266700744628906e-01,1.121119484305381775e-01,-5.926647409796714783e-02,-1.063840314745903015e-01,9.900333285331726074e-01,9.228513389825820923e-02,6.902204453945159912e-02,-8.523508161306381226e-02,9.939673542976379395e-01,-9.751465320587158203e-01,-1.011786103248596191e+00,-1.369542777538299561e-01,1.000000000000000000e+00,0.000000000000000000e+00,2.835487425327301025e-01,-6.550116539001464844e-01,1.334270477294921875e+00,8.686675429344177246e-01,-4.889578521251678467e-01,7.100487947463989258e-01,1.000000000000000000e+00,4.383205175399780273e-01,5.575314760208129883e-01,1.057680487632751465e+00,1.058218598365783691e+00,-2.514015436172485352e-01,2.793847322463989258e-01,1.000000000000000000e+00,3.146974802017211914e+00,1.462369263172149658e-01,1.257677316665649414e+00,-6.605848670005798340e-01,1.244062557816505432e-01,1.852390170097351074e-02,1.000000000000000000e+00,2.985779762268066406e+00,4.078598320484161377e-01,1.036098957061767578e+00,-5.096791982650756836e-01,-5.168784856796264648e-01,4.514146447181701660e-01,1.000000000000000000e+00,0.000000000000000000e+00,1.000000000000000000e+00,1.000000000000000000e+00,0.000000000000000000e+00,4.383205175399780273e-01,5.575314760208129883e-01,1.057680487632751465e+00,1.058218598365783691e+00,-2.514015436172485352e-01,2.793847322463989258e-01,9.827203154563903809e-01,1.170402690768241882e-01,1.433959603309631348e-01,-9.829673916101455688e-02,9.864329695701599121e-01,-1.314833313226699829e-01,-1.568393409252166748e-01,1.151159852743148804e-01,9.808923602104187012e-01,5.422367453575134277e-01,-6.776688694953918457e-01,9.131842851638793945e-02,0.000000000000000000e+00,1.000000000000000000e+00,2.835487425327301025e-01,-6.550116539001464844e-01,1.334270477294921875e+00,8.686675429344177246e-01,-4.889578521251678467e-01,7.100487947463989258e-01,1.000000000000000000e+00,4.383205175399780273e-01,5.575314760208129883e-01,1.057680487632751465e+00,1.058218598365783691e+00,-2.514015436172485352e-01,2.793847322463989258e-01,1.000000000000000000e+00,3.146974802017211914e+00,1.462369263172149658e-01,1.257677316665649414e+00,-6.605848670005798340e-01,1.244062557816505432e-01,1.852390170097351074e-02,1.000000000000000000e+00,2.985779762268066406e+00,4.078598320484161377e-01,1.036098957061767578e+00,-5.096791982650756836e-01,-5.168784856796264648e-01,4.514146447181701660e-01,1.000000000000000000e+00,0.000000000000000000e+00,1.000000000000000000e+00,1.000000000000000000e+00,0.000000000000000000e+00,3.146974802017211914e+00,1.462369263172149658e-01,1.257677316665649414e+00,-6.605848670005798340e-01,1.244062557816505432e-01,1.852390170097351074e-02,-3.520057697364641341e-03,-4.841620757099440731e-02,1.550146286024914333e-04,1.000000000000000000e+00,2.985779762268066406e+00,4.078598320484161377e-01,1.036098957061767578e+00,-5.096791982650756836e-01,-5.168784856796264648e-01,4.514146447181701660e-01,1.246189182392296591e-01,1.695819679561161308e-02,2.101416249525513147e-03,1.000000000000000000e+00,-1.999998390674591064e-01,-2.000000029802322388e-01,-1.000000014901161194e-01,4.215644299983978271e-01,1.996854692697525024e-01,4.687265306711196899e-02,-1.000000014901161194e-01,5.146159529685974121e-01,3.152441978454589844e-02,-3.192281723022460938e-02,-1.006603240966796875e-03,4.150204062461853027e-01,1.004233360290527344e-01,3.570008277893066406e-02,3.596544265747070312e-03,4.388974905014038086e-01
7.600000000000000089e-01,3.007541298866271973e-01,-6.645899415016174316e-01,1.348365902900695801e+00,8.494463562965393066e-01,-4.659089446067810059e-01,6.986303329467773438e-01,9.904040694236755371e-01,1.160169318318367004e-01,-7.509949803352355957e-02,-1.071872487664222717e-01,9.878531694412231445e-01,1.125040948390960693e-01,8.723965287208557129e-02,-1.033747941255569458e-01,9.908092617988586426e-01,-8.439444303512573242e-01,-7.936987280845642090e-01,-1.294747442007064819e-01,1.000000000000000000e+00,0.000000000000000000e+00,3.007541298866271973e-01,-6.645899415016174316e-01,1.348365902900695801e+00,8.494463562965393066e-01,-4.659089446067810059e-01,6.986303329467773438e-01,1.000000000000000000e+00,4.597033262252807617e-01,5.522419214248657227e-01,1.063524723052978516e+00,1.081898927688598633e+00,-2.808959484100341797e-01,3.084386587142944336e-01,1.000000000000000000e+00,3.133722782135009766e+00,1.487209051847457886e-01,1.258081555366516113e+00,-6.649801731109619141e-01,1.237940415740013123e-01,2.243562787771224976e-02,1.000000000000000000e+00,2.975656747817993164e+00,3.973136246204376221e-01,1.045292496681213379e+00,-5.017330646514892578e-01,-5.398958325386047363e-01,4.694780409336090088e-01,1.000000000000000000e+00,0.000000000000000000e+00,1.000000000000000000e+00,1.000000000000000000e+00,0.000000000000000000e+00,4.597033262252807617e-01,5.522419214248657227e-01,1.063524723052978516e+00,1.081898927688598633e+00,-2.808959484100341797e-01,3.084386587142944336e-01,9.848616719245910645e-01,1.165384948253631592e-01,1.283207088708877563e-01,-9.818018972873687744e-02,9.851111173629760742e-01,-1.411264985799789429e-01,-1.428568214178085327e-01,1.263915449380874634e-01,9.816399812698364258e-01,5.730735659599304199e-01,-7.251619100570678711e-01,1.140079796314239502e-01,0.000000000000000000e+00,1.000000000000000000e+00,3.007541298866271973e-01,-6.645899415016174316e-01,1.348365902900695801e+00,8.494463562965393066e-01,-4.659089446067810059e-01,6.986303329467773438e-01,1.000000000000000000e+00,4.597033262252807617e-01,5.522419214248657227e-01,1.063524723052978516e+00,1.081898927688598633e+00,-2.808959484100341797e-01,3.084386587142944336e-01,1.000000000000000000e+00,3.133722782135009766e+00,1.487209051847457886e-01,1.258081555366516113e+00,-6.649801731109619141e-01,1.237940415740013123e-01,2.243562787771224976e-02,1.000000000000000000e+00,2.975656747817993164e+00,3.973136246204376221e-01,1.045292496681213379e+00,-5.017330646514892578e-01,-5.398958325386047363e-01,4.694780409336090088e-01,1.000000000000000000e+00,0.000000000000000000e+00,1.000000000000000000e+00,1.000000000000000000e+00,0.000000000000000000e+00,3.133722782135009766e+00,1.487209051847457886e-01,1.258081555366516113e+00,-6.649801731109619141e-01,1.237940415740013123e-01,2.243562787771224976e-02,6.371659521158072863e-04,-4.597506262421791057e-02,-5.036549232088726033e-05,1.000000000000000000e+00,2.975656747817993164e+00,3.973136246204376221e-01,1.045292496681213379e+00,-5.017330646514892578e-01,-5.398958325386047363e-01,4.694780409336090088e-01,1.222237561376900428e-01,1.997459689293723528e-02,2.423921233813457199e-03,1.000000000000000000e+00,-1.999998688697814941e-01,-2.000000029802322388e-01,-1.000000014901161194e-01,4.305680692195892334e-01,1.999988704919815063e-01,2.399334684014320374e-02,-1.000000014901161194e-01,5.190327167510986328e-01,4.087400436401367188e-02,-3.248500823974609375e-02,-1.328229904174804688e-03,4.190922677516937256e-01,8.943819999694824219e-02,3.266215324401855469e-02,2.928495407104492188e-03,4.351718425750732422e-01
7.800000000000000266e-01,3.175493478775024414e-01,-6.736730933189392090e-01,1.362248897552490234e+00,8.274552226066589355e-01,-4.391842186450958252e-01,6.890571117401123047e-01,9.889158010482788086e-01,1.197057962417602539e-01,-8.784151077270507812e-02,-1.078578233718872070e-01,9.857520461082458496e-01,1.290725469589233398e-01,1.020406782627105713e-01,-1.181674897670745850e-01,9.877369403839111328e-01,-6.539440155029296875e-01,-6.780110001564025879e-01,-1.162783503532409668e-01,1.000000000000000000e+00,0.000000000000000000e+00,3.175493478775024414e-01,-6.736730933189392090e-01,1.362248897552490234e+00,8.274552226066589355e-01,-4.391842186450958252e-01,6.890571117401123047e-01,1.000000000000000000e+00,4.815296828746795654e-01,5.463404655456542969e-01,1.069976449012756348e+00,1.102185487747192383e+00,-3.128606081008911133e-01,3.403665721416473389e-01,1.000000000000000000e+00,3.120386838912963867e+00,1.511848717927932739e-01,1.258572220802307129e+00,-6.689338088035583496e-01,1.222984120249748230e-01,2.729354798793792725e-02,1.000000000000000000e+00,2.965697288513183594e+00,3.863157033920288086e-01,1.054832458496093750e+00,-4.932991862297058105e-01,-5.619056820869445801e-01,4.858551919460296631e-01,1.000000000000000000e+00,0.000000000000000000e+00,1.000000000000000000e+00,1.000000000000000000e+00,0.000000000000000000e+00,4.815296828746795654e-01,5.463404655456542969e-01,1.069976449012756348e+00,1.102185487747192383e+00,-3.128606081008911133e-01,3.403665721416473389e-01,9.869394302368164062e-01,1.154427528381347656e-01,1.123549491167068481e-01,-9.789605438709259033e-02,9.837039709091186523e-01,-1.508078575134277344e-01,-1.279336810111999512e-01,1.378391087055206299e-01,9.821575880050659180e-01,5.427271127700805664e-01,-7.667295336723327637e-01,1.350225359201431274e-01,0.000000000000000000e+00,1.000000000000000000e+00,3.175493478775024414e-01,-6.736730933189392090e-01,1.362248897552490234e+00,8.274552226066589355e-01,-4.391842186450958252e-01,6.890571117401123047e-01,1.000000000000000000e+00,4.815296828746795654e-01,5.463404655456542969e-01,1.069976449012756348e+00,1.102185487747192383e+00,-3.128606081008911133e-01,3.403665721416473389e-01,1.000000000000000000e+00,3.120386838912963867e+00,1.511848717927932739e-01,1.258572220802307129e+00,-6.689338088035583496e-01,1.222984120249748230e-01,2.729354798793792725e-02,1.000000000000000000e+00,2.965697288513183594e+00,3.863157033920288086e-01,1.054832458496093750e+00,-4.932991862297058105e-01,-5.619056820869445801e-01,4.858551919460296631e-01,1.000000000000000000e+00,0.000000000000000000e+00,1.000000000000000000e+00,1.000000000000000000e+00,0.000000000000000000e+00,3.120386838912963867e+00,1.511848717927932739e-01,1.258572220802307129e+00,-6.689338088035583496e-01,1.222984120249748230e-01,2.729354798793792725e-02,5.434963677608820737e-03,-4.393533418206785335e-02,-2.711828007998552670e-04,1.000000000000000000e+00,2.965697288513183594e+00,3.863157033920288086e-01,1.054832458496093750e+00,-4.932991862297058105e-01,-5.619056820869445801e-01,4.858551919460296631e-01,1.186679948652387406e-01,2.218347503799011911e-02,2.604095283795355986e-03,1.000000000000000000e+00,-1.999990791082382202e-01,-2.000000029802322388e-01,-1.000000014901161194e-01,4.366676211357116699e-01,1.999999880790710449e-01,1.907845376990735531e-03,-1.000000014901161194e-01,5.195350646972656250e-01,5.132532119750976562e-02,-3.339648246765136719e-02,-1.715183258056640625e-03,4.237878620624542236e-01,7.770133018493652344e-02,2.897763252258300781e-02,2.255916595458984375e-03,4.317932724952697754e-01
8.000000000000000444e-01,3.338827192783355713e-01,-6.821935176849365234e-01,1.375959038734436035e+00,8.030506372451782227e-01,-4.094439446926116943e-01,6.815888881683349609e-01,9.874321222305297852e-01,1.229349076747894287e-01,-9.932133555412292480e-02,-1.082374453544616699e-01,9.839574098587036133e-01,1.418182700872421265e-01,1.151623874902725220e-01,-1.292856186628341675e-01,9.848973155021667480e-01,-4.907243549823760986e-01,-6.251024007797241211e-01,-9.966266900300979614e-02,1.000000000000000000e+00,0.000000000000000000e+00,3.338827192783355713e-01,-6.821935176849365234e-01,1.375959038734436035e+00,8.030506372451782227e-01,-4.094439446926116943e-01,6.815888881683349609e-01,1.000000000000000000e+00,5.037290453910827637e-01,5.397781729698181152e-01,1.077089548110961914e+00,1.118782758712768555e+00,-3.471448719501495361e-01,3.747460842132568359e-01,1.000000000000000000e+00,3.106974840164184570e+00,1.536100059747695923e-01,1.259170174598693848e+00,-6.725359559059143066e-01,1.197810545563697815e-01,3.331675380468368530e-02,1.000000000000000000e+00,2.955909490585327148e+00,3.748884797096252441e-01,1.064684510231018066e+00,-4.845670461654663086e-01,-5.826745033264160156e-01,5.005511641502380371e-01,1.000000000000000000e+00,0.000000000000000000e+00,1.000000000000000000e+00,1.000000000000000000e+00,0.000000000000000000e+00,5.037290453910827637e-01,5.397781729698181152e-01,1.077089548110961914e+00,1.118782758712768555e+00,-3.471448719501495361e-01,3.747460842132568359e-01,9.889062047004699707e-01,1.136349663138389587e-01,9.566558152437210083e-02,-9.749198704957962036e-02,9.824252724647521973e-01,-1.591735631227493286e-01,-1.120719537138938904e-01,1.480810791254043579e-01,9.826048016548156738e-01,4.474838674068450928e-01,-8.117675781250000000e-01,1.536252945661544800e-01,0.000000000000000000e+00,1.000000000000000000e+00,3.338827192783355713e-01,-6.821935176849365234e-01,1.375959038734436035e+00,8.030506372451782227e-01,-4.094439446926116943e-01,6.815888881683349609e-01,1.000000000000000000e+00,5.037290453910827637e-01,5.397781729698181152e-01,1.077089548110961914e+00,1.118782758712768555e+00,-3.471448719501495361e-01,3.747460842132568359e-01,1.000000000000000000e+00,3.106974840164184570e+00,1.536100059747695923e-01,1.259170174598693848e+00,-6.725359559059143066e-01,1.197810545563697815e-01,3.331675380468368530e-02,1.000000000000000000e+00,2.955909490585327148e+00,3.748884797096252441e-01,1.064684510231018066e+00,-4.845670461654663086e-01,-5.826745033264160156e-01,5.005511641502380371e-01,1.000000000000000000e+00,0.000000000000000000e+00,1.000000000000000000e+00,1.000000000000000000e+00,0.000000000000000000e+00,3.106974840164184570e+00,1.536100059747695923e-01,1.259170174598693848e+00,-6.725359559059143066e-01,1.197810545563697815e-01,3.331675380468368530e-02,1.093407325770895389e-02,-4.229412735621829178e-02,-5.124471984846949019e-04,1.000000000000000000e+00,2.955909490585327148e+00,3.748884797096252441e-01,1.064684510231018066e+00,-4.845670461654663086e-01,-5.826745033264160156e-01,5.005511641502380371e-01,1.139751581882572223e-01,2.359054803021520819e-02,2.646231478094410172e-03,1.000000000000000000e+00,-1.999998688697814941e-01,-1.999999880790710449e-01,-1.000000014901161194e-01,4.366277456283569336e-01,1.999999433755874634e-01,-1.978121884167194366e-02,-1.000000014901161194e-01,5.078828930854797363e-01,6.280827522277832031e-02,-3.458929061889648438e-02,-2.174854278564453125e-03,4.290676116943359375e-01,6.550073623657226562e-02,2.478623390197753906e-02,1.625776290893554688e-03,4.288298785686492920e-01
8.200000000000000622e-01,3.497073650360107422e-01,-6.900969147682189941e-01,1.389537930488586426e+00,7.763839364051818848e-01,-3.773393034934997559e-01,6.760166287422180176e-01,9.859361052513122559e-01,1.256680041551589966e-01,-1.101709902286529541e-01,-1.082580611109733582e-01,9.824589490890502930e-01,1.518378704786300659e-01,1.273196339607238770e-01,-1.377755254507064819e-01,9.822462201118469238e-01,-3.975887596607208252e-01,-5.789297223091125488e-01,-8.148457854986190796e-02,1.000000000000000000e+00,0.000000000000000000e+00,3.497073650360107422e-01,-6.900969147682189941e-01,1.389537930488586426e+00,7.763839364051818848e-01,-3.773393034934997559e-01,6.760166287422180176e-01,1.000000000000000000e+00,5.262249708175659180e-01,5.325132608413696289e-01,1.084905385971069336e+00,1.131375551223754883e+00,-3.831787705421447754e-01,4.105261564254760742e-01,1.000000000000000000e+00,3.093493700027465820e+00,1.559744924306869507e-01,1.259900808334350586e+00,-6.758756637573242188e-01,1.160862967371940613e-01,4.073116555809974670e-02,1.000000000000000000e+00,2.946297883987426758e+00,3.630585670471191406e-01,1.074815869331359863e+00,-4.757152795791625977e-01,-6.019930243492126465e-01,5.136298537254333496e-01,1.000000000000000000e+00,0.000000000000000000e+00,1.000000000000000000e+00,1.000000000000000000e+00,0.000000000000000000e+00,5.262249708175659180e-01,5.325132608413696289e-01,1.084905385971069336e+00,1.131375551223754883e+00,-3.831787705421447754e-01,4.105261564254760742e-01,9.907169938087463379e-01,1.111178547143936157e-01,7.831238210201263428e-02,-9.701016545295715332e-02,9.814552664756774902e-01,-1.653325408697128296e-01,-9.523148834705352783e-02,1.562006622552871704e-01,9.831238389015197754e-01,3.350932002067565918e-01,-8.559795618057250977e-01,1.695268005132675171e-01,0.000000000000000000e+00,1.000000000000000000e+00,3.497073650360107422e-01,-6.900969147682189941e-01,1.389537930488586426e+00,7.763839364051818848e-01,-3.773393034934997559e-01,6.760166287422180176e-01,1.000000000000000000e+00,5.262249708175659180e-01,5.325132608413696289e-01,1.084905385971069336e+00,1.131375551223754883e+00,-3.831787705421447754e-01,4.105261564254760742e-01,1.000000000000000000e+00,3.093493700027465820e+00,1.559744924306869507e-01,1.259900808334350586e+00,-6.758756637573242188e-01,1.160862967371940613e-01,4.073116555809974670e-02,1.000000000000000000e+00,2.946297883987426758e+00,3.630585670471191406e-01,1.074815869331359863e+00,-4.757152795791625977e-01,-6.019930243492126465e-01,5.136298537254333496e-01,1.000000000000000000e+00,0.000000000000000000e+00,1.000000000000000000e+00,1.000000000000000000e+00,0.000000000000000000e+00,3.093493700027465820e+00,1.559744924306869507e-01,1.259900808334350586e+00,-6.758756637573242188e-01,1.160862967371940613e-01,4.073116555809974670e-02,1.719464947921536813e-02,-4.104211556700065877e-02,-7.800808203916650280e-04,1.000000000000000000e+00,2.946297883987426758e+00,3.630585670471191406e-01,1.074815869331359863e+00,-4.757152795791625977e-01,-6.019930243492126465e-01,5.136298537254333496e-01,1.082138573475065479e-01,2.422575434727058941e-02,2.564021393365985280e-03,1.000000000000000000e+00,-2.000000029802322388e-01,-2.000000029802322388e-01,-1.000000014901161194e-01,4.359757006168365479e-01,1.999986320734024048e-01,-3.137759491801261902e-02,-1.000000014901161194e-01,4.916292726993560791e-01,7.509899139404296875e-02,-3.595757484436035156e-02,-2.704858779907226562e-03,4.347777068614959717e-01,5.308127403259277344e-02,2.020621299743652344e-02,1.073598861694335938e-03,4.262801706790924072e-01
8.399999999999999689e-01,3.649794459342956543e-01,-6.973404884338378906e-01,1.403018832206726074e+00,7.476252913475036621e-01,-3.433362841606140137e-01,6.718314886093139648e-01,9.844844937324523926e-01,1.279815584421157837e-01,-1.200462877750396729e-01,-1.079784184694290161e-01,9.811191558837890625e-01,1.604554504156112671e-01,1.383150517940521240e-01,-1.450034826993942261e-01,9.797157645225524902e-01,-3.618188202381134033e-01,-5.096438527107238770e-01,-6.317796558141708374e-02,1.000000000000000000e+00,0.000000000000000000e+00,3.649794459342956543e-01,-6.973404884338378906e-01,1.403018832206726074e+00,7.476252913475036621e-01,-3.433362841606140137e-01,6.718314886093139648e-01,1.000000000000000000e+00,5.489344000816345215e-01,5.245179533958435059e-01,1.093436360359191895e+00,1.139662861824035645e+00,-4.201250374317169189e-01,4.458541274070739746e-01,1.000000000000000000e+00,3.079947471618652344e+00,1.582531929016113281e-01,1.260793566703796387e+00,-6.790394783020019531e-01,1.110410094261169434e-01,4.975723847746849060e-02,1.000000000000000000e+00,2.936862945556640625e+00,3.508566617965698242e-01,1.085194945335388184e+00,-4.669074118137359619e-01,-6.196813583374023438e-01,5.251979231834411621e-01,1.000000000000000000e+00,0.000000000000000000e+00,1.000000000000000000e+00,1.000000000000000000e+00,0.000000000000000000e+00,5.489344000816345215e-01,5.245179533958435059e-01,1.093436360359191895e+00,1.139662861824035645e+00,-4.201250374317169189e-01,4.458541274070739746e-01,9.922960400581359863e-01,1.080979108810424805e-01,6.052785366773605347e-02,-9.650772809982299805e-02,9.807979464530944824e-01,-1.694753170013427734e-01,-7.768551260232925415e-02,1.623282730579376221e-01,9.836741089820861816e-01,2.585664987564086914e-01,-8.619489073753356934e-01,1.747905611991882324e-01,0.000000000000000000e+00,1.000000000000000000e+00,3.649794459342956543e-01,-6.973404884338378906e-01,1.403018832206726074e+00,7.476252913475036621e-01,-3.433362841606140137e-01,6.718314886093139648e-01,1.000000000000000000e+00,5.489344000816345215e-01,5.245179533958435059e-01,1.093436360359191895e+00,1.139662861824035645e+00,-4.201250374317169189e-01,4.458541274070739746e-01,1.000000000000000000e+00,3.079947471618652344e+00,1.582531929016113281e-01,1.260793566703796387e+00,-6.790394783020019531e-01,1.110410094261169434e-01,4.975723847746849060e-02,1.000000000000000000e+00,2.936862945556640625e+00,3.508566617965698242e-01,1.085194945335388184e+00,-4.669074118137359619e-01,-6.196813583374023438e-01,5.251979231834411621e-01,1.000000000000000000e+00,0.000000000000000000e+00,1.000000000000000000e+00,1.000000000000000000e+00,0.000000000000000000e+00,3.079947471618652344e+00,1.582531929016113281e-01,1.260793566703796387e+00,-6.790394783020019531e-01,1.110410094261169434e-01,4.975723847746849060e-02,2.426240642953765569e-02,-4.016187756957156907e-02,-1.080377790710717809e-03,1.000000000000000000e+00,2.936862945556640625e+00,3.508566617965698242e-01,1.085194945335388184e+00,-4.669074118137359619e-01,-6.196813583374023438e-01,5.251979231834411621e-01,1.014863733272174939e-01,2.413602926134861271e-02,2.378307804783375001e-03,1.000000000000000000e+00,-1.999990642070770264e-01,-1.999999880790710449e-01,-1.000000014901161194e-01,4.326880276203155518e-01,1.999952793121337891e-01,-3.686708956956863403e-02,-1.000000014901161194e-01,4.754425883293151855e-01,8.787155151367187500e-02,-3.736996650695800781e-02,-3.291368484497070312e-03,4.406011402606964111e-01,4.063415527343750000e-02,1.533198356628417969e-02,6.232261657714843750e-04,4.241030812263488770e-01
8.599999999999999867e-01,3.796595931053161621e-01,-7.038889527320861816e-01,1.416424393653869629e+00,7.170708179473876953e-01,-3.077106177806854248e-01,6.684787273406982422e-01,9.831711053848266602e-01,1.299491524696350098e-01,-1.284050196409225464e-01,-1.075137853622436523e-01,9.798364639282226562e-01,1.684083193540573120e-01,1.477004438638687134e-01,-1.517688781023025513e-01,9.773182272911071777e-01,-3.435809016227722168e-01,-4.229378700256347656e-01,-4.596298187971115112e-02,1.000000000000000000e+00,0.000000000000000000e+00,3.796595931053161621e-01,-7.038889527320861816e-01,1.416424393653869629e+00,7.170708179473876953e-01,-3.077106177806854248e-01,6.684787273406982422e-01,1.000000000000000000e+00,5.717699527740478516e-01,5.157812237739562988e-01,1.102654933929443359e+00,1.143581151962280273e+00,-4.572533071041107178e-01,4.787445068359375000e-01,1.000000000000000000e+00,3.066339015960693359e+00,1.604174524545669556e-01,1.261883139610290527e+00,-6.821088790893554688e-01,1.044590920209884644e-01,6.058653071522712708e-02,1.000000000000000000e+00,2.927602529525756836e+00,3.383168280124664307e-01,1.095792770385742188e+00,-4.582898020744323730e-01,-6.355905532836914062e-01,5.353874564170837402e-01,1.000000000000000000e+00,0.000000000000000000e+00,1.000000000000000000e+00,1.000000000000000000e+00,0.000000000000000000e+00,5.717699527740478516e-01,5.157812237739562988e-01,1.102654933929443359e+00,1.143581151962280273e+00,-4.572533071041107178e-01,4.787445068359375000e-01,9.935319423675537109e-01,1.049247086048126221e-01,4.341804236173629761e-02,-9.598512947559356689e-02,9.803044199943542480e-01,-1.725980490446090698e-01,-6.067270040512084961e-02,1.673141866922378540e-01,9.840349555015563965e-01,2.265155017375946045e-01,-7.907430529594421387e-01,1.672100573778152466e-01,0.000000000000000000e+00,1.000000000000000000e+00,3.796595931053161621e-01,-7.038889527320861816e-01,1.416424393653869629e+00,7.170708179473876953e-01,-3.077106177806854248e-01,6.684787273406982422e-01,1.000000000000000000e+00,5.717699527740478516e-01,5.157812237739562988e-01,1.102654933929443359e+00,1.143581151962280273e+00,-4.572533071041107178e-01,4.787445068359375000e-01,1.000000000000000000e+00,3.066339015960693359e+00,1.604174524545669556e-01,1.261883139610290527e+00,-6.821088790893554688e-01,1.044590920209884644e-01,6.058653071522712708e-02,1.000000000000000000e+00,2.927602529525756836e+00,3.383168280124664307e-01,1.095792770385742188e+00,-4.582898020744323730e-01,-6.355905532836914062e-01,5.353874564170837402e-01,1.000000000000000000e+00,0.000000000000000000e+00,1.000000000000000000e+00,1.000000000000000000e+00,0.000000000000000000e+00,3.066339015960693359e+00,1.604174524545669556e-01,1.261883139610290527e+00,-6.821088790893554688e-01,1.044590920209884644e-01,6.058653071522712708e-02,3.214591974110156403e-02,-3.962403715993390030e-02,-1.419037247330072818e-03,1.000000000000000000e+00,2.927602529525756836e+00,3.383168280124664307e-01,1.095792770385742188e+00,-4.582898020744323730e-01,-6.355905532836914062e-01,5.353874564170837402e-01,9.391511428594037647e-02,2.337746141251240140e-02,2.114369331644681826e-03,1.000000000000000000e+00,-1.999998688697814941e-01,-2.000000029802322388e-01,-1.000000014901161194e-01,4.274121820926666260e-01,1.999849677085876465e-01,-3.607866540551185608e-02,-1.000000014901161194e-01,4.604106545448303223e-01,1.008245944976806641e-01,-3.870463371276855469e-02,-3.914594650268554688e-03,4.461497664451599121e-01,2.829742431640625000e-02,1.024031639099121094e-02,2.899169921875000000e-04,4.222492873668670654e-01
8.800000000000000044e-01,3.937154710292816162e-01,-7.097120881080627441e-01,1.429765701293945312e+00,6.851298809051513672e-01,-2.706938982009887695e-01,6.653047204017639160e-01,9.820548295974731445e-01,1.315877884626388550e-01,-1.351042389869689941e-01,-1.069522351026535034e-01,9.786131381988525391e-01,1.757204979658126831e-01,1.553374528884887695e-01,-1.581174582242965698e-01,9.751252532005310059e-01,-3.123587071895599365e-01,-3.416277766227722168e-01,-3.094562888145446777e-02,1.000000000000000000e+00,0.000000000000000000e+00,3.937154710292816162e-01,-7.097120881080627441e-01,1.429765701293945312e+00,6.851298809051513672e-01,-2.706938982009887695e-01,6.653047204017639160e-01,1.000000000000000000e+00,5.946469306945800781e-01,5.063033699989318848e-01,1.112498283386230469e+00,1.143496274948120117e+00,-4.941541254520416260e-01,5.077499151229858398e-01,1.000000000000000000e+00,3.052669525146484375e+00,1.624348759651184082e-01,1.263206362724304199e+00,-6.851567029953002930e-01,9.615176916122436523e-02,7.335187494754791260e-02,1.000000000000000000e+00,2.918512582778930664e+00,3.254756629467010498e-01,1.106582880020141602e+00,-4.499917626380920410e-01,-6.496017575263977051e-01,5.443396568298339844e-01,1.000000000000000000e+00,0.000000000000000000e+00,1.000000000000000000e+00,1.000000000000000000e+00,0.000000000000000000e+00,5.946469306945800781e-01,5.063033699989318848e-01,1.112498283386230469e+00,1.143496274948120117e+00,-4.941541254520416260e-01,5.077499151229858398e-01,9.943906664848327637e-01,1.019055992364883423e-01,2.833145111799240112e-02,-9.541526436805725098e-02,9.798468947410583496e-01,-1.754883527755737305e-01,-4.564372450113296509e-02,1.718007028102874756e-01,9.840738773345947266e-01,2.104545980691909790e-01,-6.631372570991516113e-01,1.494968086481094360e-01,0.000000000000000000e+00,1.000000000000000000e+00,3.937154710292816162e-01,-7.097120881080627441e-01,1.429765701293945312e+00,6.851298809051513672e-01,-2.706938982009887695e-01,6.653047204017639160e-01,1.000000000000000000e+00,5.946469306945800781e-01,5.063033699989318848e-01,1.112498283386230469e+00,1.143496274948120117e+00,-4.941541254520416260e-01,5.077499151229858398e-01,1.000000000000000000e+00,3.052669525146484375e+00,1.624348759651184082e-01,1.263206362724304199e+00,-6.851567029953002930e-01,9.615176916122436523e-02,7.335187494754791260e-02,1.000000000000000000e+00,2.918512582778930664e+00,3.254756629467010498e-01,1.106582880020141602e+00,-4.499917626380920410e-01,-6.496017575263977051e-01,5.443396568298339844e-01,1.000000000000000000e+00,0.000000000000000000e+00,1.000000000000000000e+00,1.000000000000000000e+00,0.000000000000000000e+00,3.052669525146484375e+00,1.624348759651184082e-01,1.263206362724304199e+00,-6.851567029953002930e-01,9.615176916122436523e-02,7.335187494754791260e-02,4.079831704691883748e-02,-3.938331406931472323e-02,-1.799976646847632755e-03,1.000000000000000000e+00,2.918512582778930664e+00,3.254756629467010498e-01,1.106582880020141602e+00,-4.499917626380920410e-01,-6.496017575263977051e-01,5.443396568298339844e-01,8.563019529175706912e-02,2.200941069762785141e-02,1.799428856045032221e-03,1.000000000000000000e+00,-1.999999582767486572e-01,-2.000000029802322388e-01,-1.000000014901161194e-01,4.197075963020324707e-01,1.996650993824005127e-01,-2.384435757994651794e-02,-1.000000014901161194e-01,4.478993415832519531e-01,1.137573719024658203e-01,-3.987526893615722656e-02,-4.554510116577148438e-03,4.510878622531890869e-01,1.617789268493652344e-02,4.995584487915039062e-03,8.082389831542968750e-05,4.206588566303253174e-01
9.000000000000000222e-01,4.071232378482818604e-01,-7.147846817970275879e-01,1.443039655685424805e+00,6.522318124771118164e-01,-2.325961291790008545e-01,6.615213751792907715e-01,9.811242222785949707e-01,1.328771412372589111e-01,-1.404965519905090332e-01,-1.063152030110359192e-01,9.775195121765136719e-01,1.820797622203826904e-01,1.615323424339294434e-01,-1.637059152126312256e-01,9.731947183609008789e-01,-2.620372176170349121e-01,-2.854011058807373047e-01,-1.811716146767139435e-02,1.000000000000000000e+00,0.000000000000000000e+00,4.071232378482818604e-01,-7.147846817970275879e-01,1.443039655685424805e+00,6.522318124771118164e-01,-2.325961291790008545e-01,6.615213751792907715e-01,1.000000000000000000e+00,6.174912452697753906e-01,4.960911870002746582e-01,1.122880220413208008e+00,1.140100955963134766e+00,-5.306385159492492676e-01,5.320440530776977539e-01,1.000000000000000000e+00,3.038938522338867188e+00,1.642692685127258301e-01,1.264802813529968262e+00,-6.882433891296386719e-01,8.594173938035964966e-02,8.810305595397949219e-02,1.000000000000000000e+00,2.909584283828735352e+00,3.123721480369567871e-01,1.117542266845703125e+00,-4.421263635158538818e-01,-6.616242527961730957e-01,5.521935820579528809e-01,1.000000000000000000e+00,0.000000000000000000e+00,1.000000000000000000e+00,1.000000000000000000e+00,0.000000000000000000e+00,6.174912452697753906e-01,4.960911870002746582e-01,1.122880220413208008e+00,1.140100955963134766e+00,-5.306385159492492676e-01,5.320440530776977539e-01,9.949263334274291992e-01,9.929961711168289185e-02,1.616469025611877441e-02,-9.485281258821487427e-02,9.793953895568847656e-01,-1.782911866903305054e-01,-3.353586792945861816e-02,1.758533269166946411e-01,9.838450551033020020e-01,1.860562711954116821e-01,-4.958075582981109619e-01,1.188027411699295044e-01,0.000000000000000000e+00,1.000000000000000000e+00,4.071232378482818604e-01,-7.147846817970275879e-01,1.443039655685424805e+00,6.522318124771118164e-01,-2.325961291790008545e-01,6.615213751792907715e-01,1.000000000000000000e+00,6.174912452697753906e-01,4.960911870002746582e-01,1.122880220413208008e+00,1.140100955963134766e+00,-5.306385159492492676e-01,5.320440530776977539e-01,1.000000000000000000e+00,3.038938522338867188e+00,1.642692685127258301e-01,1.264802813529968262e+00,-6.882433891296386719e-01,8.594173938035964966e-02,8.810305595397949219e-02,1.000000000000000000e+00,2.909584283828735352e+00,3.123721480369567871e-01,1.117542266845703125e+00,-4.421263635158538818e-01,-6.616242527961730957e-01,5.521935820579528809e-01,1.000000000000000000e+00,0.000000000000000000e+00,1.000000000000000000e+00,1.000000000000000000e+00,0.000000000000000000e+00,3.038938522338867188e+00,1.642692685127258301e-01,1.264802813529968262e+00,-6.882433891296386719e-01,8.594173938035964966e-02,8.810305595397949219e-02,5.011929344098847716e-02,-3.937947533122398980e-02,-2.224332574703311721e-03,1.000000000000000000e+00,2.909584283828735352e+00,3.123721480369567871e-01,1.117542266845703125e+00,-4.421263635158538818e-01,-6.616242527961730957e-01,5.521935820579528809e-01,7.676025564564079029e-02,2.009171480689841971e-02,1.460693475339898406e-03,1.000000000000000000e+00,-1.999999731779098511e-01,-2.000000029802322388e-01,-1.000000014901161194e-01,4.105315804481506348e-01,1.873865127563476562e-01,-6.312098354101181030e-03,-1.000000014901161194e-01,4.385629296302795410e-01,1.265473365783691406e-01,-4.082942008972167969e-02,-5.193233489990234375e-03,4.551736414432525635e-01,4.361391067504882812e-03,-3.502368927001953125e-04,-1.430511474609375000e-06,4.192565679550170898e-01
9.200000000000000400e-01,4.198671281337738037e-01,-7.190883755683898926e-01,1.456225633621215820e+00,6.187376379966735840e-01,-1.938236355781555176e-01,6.562353372573852539e-01,9.803194999694824219e-01,1.338254809379577637e-01,-1.451364904642105103e-01,-1.055894196033477783e-01,9.766113162040710449e-01,1.873003393411636353e-01,1.668074876070022583e-01,-1.682892888784408569e-01,9.715215563774108887e-01,-2.104523330926895142e-01,-2.511807084083557129e-01,-8.888419717550277710e-03,1.000000000000000000e+00,0.000000000000000000e+00,4.198671281337738037e-01,-7.190883755683898926e-01,1.456225633621215820e+00,6.187376379966735840e-01,-1.938236355781555176e-01,6.562353372573852539e-01,1.000000000000000000e+00,6.402440071105957031e-01,4.851536750793457031e-01,1.133703708648681641e+00,1.134274125099182129e+00,-5.666109919548034668e-01,5.514448881149291992e-01,1.000000000000000000e+00,3.025145292282104492e+00,1.658812165260314941e-01,1.266711950302124023e+00,-6.914133429527282715e-01,7.367601990699768066e-02,1.047955006361007690e-01,1.000000000000000000e+00,2.900809049606323242e+00,2.990465164184570312e-01,1.128649711608886719e+00,-4.347918629646301270e-01,-6.715919971466064453e-01,5.590759515762329102e-01,1.000000000000000000e+00,0.000000000000000000e+00,1.000000000000000000e+00,1.000000000000000000e+00,0.000000000000000000e+00,6.402440071105957031e-01,4.851536750793457031e-01,1.133703708648681641e+00,1.134274125099182129e+00,-5.666109919548034668e-01,5.514448881149291992e-01,9.952194690704345703e-01,9.735941886901855469e-02,7.714468520134687424e-03,-9.437331557273864746e-02,9.790093898773193359e-01,-1.806501448154449463e-01,-2.514052763581275940e-02,1.790584921836853027e-01,9.835172295570373535e-01,1.147861927747726440e-01,-2.980834245681762695e-01,7.787480950355529785e-02,0.000000000000000000e+00,1.000000000000000000e+00,4.198671281337738037e-01,-7.190883755683898926e-01,1.456225633621215820e+00,6.187376379966735840e-01,-1.938236355781555176e-01,6.562353372573852539e-01,1.000000000000000000e+00,6.402440071105957031e-01,4.851536750793457031e-01,1.133703708648681641e+00,1.134274125099182129e+00,-5.666109919548034668e-01,5.514448881149291992e-01,1.000000000000000000e+00,3.025145292282104492e+00,1.658812165260314941e-01,1.266711950302124023e+00,-6.914133429527282715e-01,7.367601990699768066e-02,1.047955006361007690e-01,1.000000000000000000e+00,2.900809049606323242e+00,2.990465164184570312e-01,1.128649711608886719e+00,-4.347918629646301270e-01,-6.715919971466064453e-01,5.590759515762329102e-01,1.000000000000000000e+00,0.000000000000000000e+00,1.000000000000000000e+00,1.000000000000000000e+00,0.000000000000000000e+00,3.025145292282104492e+00,1.658812165260314941e-01,1.266711950302124023e+00,-6.914133429527282715e-01,7.367601990699768066e-02,1.047955006361007690e-01,5.997978495108118729e-02,-3.954446008292977766e-02,-2.690022313864108561e-03,1.000000000000000000e+00,2.900809049606323242e+00,2.990465164184570312e-01,1.128649711608886719e+00,-4.347918629646301270e-01,-6.715919971466064453e-01,5.590759515762329102e-01,6.742786890246105225e-02,1.768358620721754981e-02,1.123900048496294379e-03,1.000000000000000000e+00,-1.999999880790710449e-01,-2.000000029802322388e-01,-1.000000014901161194e-01,4.008488357067108154e-01,1.622384190559387207e-01,1.282891631126403809e-02,-1.000000014901161194e-01,4.300918281078338623e-01,1.391093730926513672e-01,-4.154086112976074219e-02,-5.814552307128906250e-03,4.582861959934234619e-01,-7.086277008056640625e-03,-5.760431289672851562e-03,4.076957702636718750e-05,4.179525673389434814e-01
9.400000000000000577e-01,4.319377839565277100e-01,-7.226136922836303711e-01,1.469286441802978516e+00,5.849132537841796875e-01,-1.547780334949493408e-01,6.486544609069824219e-01,9.796022176742553711e-01,1.345058083534240723e-01,-1.492911726236343384e-01,-1.047995015978813171e-01,9.758697152137756348e-01,1.915606558322906494e-01,1.714547425508499146e-01,-1.720075905323028564e-01,9.700602293014526367e-01,-1.737108379602432251e-01,-2.225811481475830078e-01,-2.468705410137772560e-03,1.000000000000000000e+00,0.000000000000000000e+00,4.319377839565277100e-01,-7.226136922836303711e-01,1.469286441802978516e+00,5.849132537841796875e-01,-1.547780334949493408e-01,6.486544609069824219e-01,1.000000000000000000e+00,6.628655791282653809e-01,4.735025763511657715e-01,1.144872546195983887e+00,1.127001285552978516e+00,-6.018692851066589355e-01,5.661509633064270020e-01,1.000000000000000000e+00,3.011287689208984375e+00,1.672284305095672607e-01,1.268971443176269531e+00,-6.946942806243896484e-01,5.923321470618247986e-02,1.232921406626701355e-01,1.000000000000000000e+00,2.892174959182739258e+00,2.855403423309326172e-01,1.139886856079101562e+00,-4.280726611614227295e-01,-6.794614195823669434e-01,5.650925040245056152e-01,1.000000000000000000e+00,0.000000000000000000e+00,1.000000000000000000e+00,1.000000000000000000e+00,0.000000000000000000e+00,6.628655791282653809e-01,4.735025763511657715e-01,1.144872546195983887e+00,1.127001285552978516e+00,-6.018692851066589355e-01,5.661509633064270020e-01,9.953519105911254883e-01,9.624300897121429443e-02,3.461512504145503044e-03,-9.402504563331604004e-02,9.789323806762695312e-01,-1.812477707862854004e-01,-2.083241753280162811e-02,1.800798475742340088e-01,9.834314584732055664e-01,-4.669081792235374451e-02,-1.015305891633033752e-01,3.346333280205726624e-02,0.000000000000000000e+00,1.000000000000000000e+00,4.319377839565277100e-01,-7.226136922836303711e-01,1.469286441802978516e+00,5.849132537841796875e-01,-1.547780334949493408e-01,6.486544609069824219e-01,1.000000000000000000e+00,6.628655791282653809e-01,4.735025763511657715e-01,1.144872546195983887e+00,1.127001285552978516e+00,-6.018692851066589355e-01,5.661509633064270020e-01,1.000000000000000000e+00,3.011287689208984375e+00,1.672284305095672607e-01,1.268971443176269531e+00,-6.946942806243896484e-01,5.923321470618247986e-02,1.232921406626701355e-01,1.000000000000000000e+00,2.892174959182739258e+00,2.855403423309326172e-01,1.139886856079101562e+00,-4.280726611614227295e-01,-6.794614195823669434e-01,5.650925040245056152e-01,1.000000000000000000e+00,0.000000000000000000e+00,1.000000000000000000e+00,1.000000000000000000e+00,0.000000000000000000e+00,3.011287689208984375e+00,1.672284305095672607e-01,1.268971443176269531e+00,-6.946942806243896484e-01,5.923321470618247986e-02,1.232921406626701355e-01,7.025276519718209878e-02,-3.981229853187318035e-02,-3.191964378423124693e-03,1.000000000000000000e+00,2.892174959182739258e+00,2.855403423309326172e-01,1.139886856079101562e+00,-4.280726611614227295e-01,-6.794614195823669434e-01,5.650925040245056152e-01,5.774808988773449947e-02,1.484260534330306136e-02,8.123897876636185234e-04,1.000000000000000000e+00,0.000000000000000000e+00,0.000000000000000000e+00,0.000000000000000000e+00,0.000000000000000000e+00,0.000000000000000000e+00,0.000000000000000000e+00,0.000000000000000000e+00,0.000000000000000000e+00,0.000000000000000000e+00,0.000000000000000000e+00,0.000000000000000000e+00,0.000000000000000000e+00,0.000000000000000000e+00,0.000000000000000000e+00,0.000000000000000000e+00,0.000000000000000000e+00
