time,agent0_obs0,agent0_obs1,agent0_obs2,agent0_obs3,agent0_obs4,agent0_obs5,agent0_obs6,agent0_obs7,agent0_obs8,agent0_obs9,agent0_obs10,agent0_obs11,agent0_obs12,agent0_obs13,agent0_obs14,agent0_obs15,agent0_obs16,agent0_obs17,agent0_obs18,agent0_obs19,agent0_obs20,agent0_obs21,agent0_obs22,agent0_obs23,agent0_obs24,agent0_obs25,agent0_obs26,agent0_obs27,agent0_obs28,agent0_obs29,agent0_obs30,agent0_obs31,agent0_obs32,agent0_obs33,agent0_obs34,agent0_obs35,agent0_obs36,agent0_obs37,agent0_obs38,agent0_obs39,agent0_obs40,agent0_obs41,agent0_obs42,agent0_obs43,agent0_obs44,agent0_obs45,agent0_obs46,agent0_obs47,agent0_obs48,agent0_obs49,agent0_obs50,agent0_obs51,agent1_obs0,agent1_obs1,agent1_obs2,agent1_obs3,agent1_obs4,agent1_obs5,agent1_obs6,agent1_obs7,agent1_obs8,agent1_obs9,agent1_obs10,agent1_obs11,agent1_obs12,agent1_obs13,agent1_obs14,agent1_obs15,agent1_obs16,agent1_obs17,agent1_obs18,agent1_obs19,agent1_obs20,agent1_obs21,agent1_obs22,agent1_obs23,agent1_obs24,agent1_obs25,agent1_obs26,agent1_obs27,agent1_obs28,agent1_obs29,agent1_obs30,agent1_obs31,agent1_obs32,agent1_obs33,agent1_obs34,agent1_obs35,agent1_obs36,agent1_obs37,agent1_obs38,agent1_obs39,agent1_obs40,agent1_obs41,agent1_obs42,agent1_obs43,agent1_obs44,agent1_obs45,agent1_obs46,agent1_obs47,agent1_obs48,agent1_obs49,agent1_obs50,agent1_obs51,red0_pos_x,red0_pos_y,red0_pos_z,red0_vel_x,red0_vel_y,red0_vel_z,red0_roll,red0_pitch,red0_yaw,red0_active,red1_pos_x,red1_pos_y,red1_pos_z,red1_vel_x,red1_vel_y,red1_vel_z,red1_roll,red1_pitch,red1_yaw,red1_active,blue0_cmd_roll,blue0_cmd_pitch,blue0_cmd_yaw,blue0_cmd_thrust,blue1_cmd_roll,blue1_cmd_pitch,blue1_cmd_yaw,blue1_cmd_thrust,red0_cmd_roll,red0_cmd_pitch,red0_cmd_yaw,red0_cmd_thrust,red1_cmd_roll,red1_cmd_pitch,red1_cmd_yaw,red1_cmd_thrust
0.000000000000000000e+00,2.055952511727809906e-02,-5.696178674697875977e-01,1.008830785751342773e+00,0.000000000000000000e+00,0.000000000000000000e+00,0.000000000000000000e+00,1.000000000000000000e+00,0.000000000000000000e+00,0.000000000000000000e+00,0.000000000000000000e+00,1.000000000000000000e+00,0.000000000000000000e+00,0.000000000000000000e+00,0.000000000000000000e+00,1.000000000000000000e+00,0.000000000000000000e+00,0.000000000000000000e+00,0.000000000000000000e+00,1.000000000000000000e+00,0.000000000000000000e+00,2.055952511727809906e-02,-5.696178674697875977e-01,1.008830785751342773e+00,0.000000000000000000e+00,0.000000000000000000e+00,0.000000000000000000e+00,1.000000000000000000e+00,1.372413616627454758e-02,4.148599803447723389e-01,9.049786925315856934e-01,0.000000000000000000e+00,0.000000000000000000e+00,0.000000000000000000e+00,1.000000000000000000e+00,3.480005741119384766e+00,-6.456739902496337891e-01,8.126106262207031250e-01,0.000000000000000000e+00,0.000000000000000000e+00,0.000000000000000000e+00,1.000000000000000000e+00,2.579589843750000000e+00,2.491266727447509766e-01,9.537547230720520020e-01,0.000000000000000000e+00,0.000000000000000000e+00,0.000000000000000000e+00,1.000000000000000000e+00,1.000000000000000000e+00,0.000000000000000000e+00,0.000000000000000000e+00,1.000000000000000000e+00,1.372413616627454758e-02,4.148599803447723389e-01,9.049786925315856934e-01,0.000000000000000000e+00,0.000000000000000000e+00,0.000000000000000000e+00,1.000000000000000000e+00,0.000000000000000000e+00,0.000000000000000000e+00,0.000000000000000000e+00,1.000000000000000000e+00,0.000000000000000000e+00,0.000000000000000000e+00,0.000000000000000000e+00,1.000000000000000000e+00,0.000000000000000000e+00,0.000000000000000000e+00,0.000000000000000000e+00,0.000000000000000000e+00,1.000000000000000000e+00,2.055952511727809906e-02,-5.696178674697875977e-01,1.008830785751342773e+00,0.000000000000000000e+00,0.000000000000000000e+00,0.000000000000000000e+00,1.000000000000000000e+00,1.372413616627454758e-02,4.148599803447723389e-01,9.049786925315856934e-01,0.000000000000000000e+00,0.000000000000000000e+00,0.000000000000000000e+00,1.000000000000000000e+00,3.480005741119384766e+00,-6.456739902496337891e-01,8.126106262207031250e-01,0.000000000000000000e+00,0.000000000000000000e+00,0.000000000000000000e+00,1.000000000000000000e+00,2.579589843750000000e+00,2.491266727447509766e-01,9.537547230720520020e-01,0.000000000000000000e+00,0.000000000000000000e+00,0.000000000000000000e+00,1.000000000000000000e+00,1.000000000000000000e+00,0.000000000000000000e+00,0.000000000000000000e+00,1.000000000000000000e+00,3.480005741119384766e+00,-6.456739902496337891e-01,8.126106262207031250e-01,0.000000000000000000e+00,0.000000000000000000e+00,0.000000000000000000e+00,0.000000000000000000e+00,0.000000000000000000e+00,0.000000000000000000e+00,1.000000000000000000e+00,2.579589843750000000e+00,2.491266727447509766e-01,9.537547230720520020e-01,0.000000000000000000e+00,0.000000000000000000e+00,0.000000000000000000e+00,0.000000000000000000e+00,0.000000000000000000e+00,0.000000000000000000e+00,1.000000000000000000e+00,8.343278430402278900e-03,1.999345719814300537e-01,-1.000000014901161194e-01,4.436888694763183594e-01,1.999999880790710449e-01,1.999896168708801270e-01,-1.000000014901161194e-01,3.846840262413024902e-01,-5.093812942504882812e-03,-2.000000029802322388e-01,1.122951507568359375e-03,4.034578800201416016e-01,-1.523160934448242188e-02,-2.000000029802322388e-01,3.411293029785156250e-03,3.965534269809722900e-01
2.000000000000000042e-02,2.055978961288928986e-02,-5.696178674697875977e-01,1.008832573890686035e+00,1.064176904037594795e-04,1.075908585335128009e-05,4.915412282571196556e-04,9.999908208847045898e-01,3.144231159240007401e-03,2.948937937617301941e-03,-3.144978079944849014e-03,9.999951720237731934e-01,2.487169695086777210e-04,-2.948141191154718399e-03,-2.579889842309057713e-04,9.999957680702209473e-01,-3.011288493871688843e-02,5.059473514556884766e-01,-3.240568935871124268e-01,1.000000000000000000e+00,0.000000000000000000e+00,2.055978961288928986e-02,-5.696178674697875977e-01,1.008832573890686035e+00,1.064176904037594795e-04,1.075908585335128009e-05,4.915412282571196556e-04,1.000000000000000000e+00,1.372432336211204529e-02,4.148597717285156250e-01,9.049547314643859863e-01,7.713460945524275303e-05,-9.023034363053739071e-05,-4.004520829766988754e-03,1.000000000000000000e+00,3.480005502700805664e+00,-6.456739902496337891e-01,8.126055598258972168e-01,-1.134196863858960569e-04,2.856426817743340507e-06,-7.897198083810508251e-04,1.000000000000000000e+00,2.579589605331420898e+00,2.491266876459121704e-01,9.537476897239685059e-01,-1.140728418249636889e-04,8.537564099242445081e-06,-1.140734995715320110e-03,1.000000000000000000e+00,1.000000000000000000e+00,0.000000000000000000e+00,0.000000000000000000e+00,1.000000000000000000e+00,1.372432336211204529e-02,4.148597717285156250e-01,9.049547314643859863e-01,7.713460945524275303e-05,-9.023034363053739071e-05,-4.004520829766988754e-03,9.999922513961791992e-01,3.232772229239344597e-03,2.264657756313681602e-03,-3.226793603971600533e-03,9.999913573265075684e-01,-2.638764912262558937e-03,-2.273168647661805153e-03,2.631436800584197044e-03,9.999939799308776855e-01,4.658266007900238037e-01,4.050854742527008057e-01,-3.572922050952911377e-01,0.000000000000000000e+00,1.000000000000000000e+00,2.055978961288928986e-02,-5.696178674697875977e-01,1.008832573890686035e+00,1.064176904037594795e-04,1.075908585335128009e-05,4.915412282571196556e-04,1.000000000000000000e+00,1.372432336211204529e-02,4.148597717285156250e-01,9.049547314643859863e-01,7.713460945524275303e-05,-9.023034363053739071e-05,-4.004520829766988754e-03,1.000000000000000000e+00,3.480005502700805664e+00,-6.456739902496337891e-01,8.126055598258972168e-01,-1.134196863858960569e-04,2.856426817743340507e-06,-7.897198083810508251e-04,1.000000000000000000e+00,2.579589605331420898e+00,2.491266876459121704e-01,9.537476897239685059e-01,-1.140728418249636889e-04,8.537564099242445081e-06,-1.140734995715320110e-03,1.000000000000000000e+00,1.000000000000000000e+00,0.000000000000000000e+00,0.000000000000000000e+00,1.000000000000000000e+00,3.480005502700805664e+00,-6.456739902496337891e-01,8.126055598258972168e-01,-1.134196863858960569e-04,2.856426817743340507e-06,-7.897198083810508251e-04,-7.948542405388936297e-05,-3.161109657523697436e-03,3.679736346394960479e-05,1.000000000000000000e+00,2.579589605331420898e+00,2.491266876459121704e-01,9.537476897239685059e-01,-1.140728418249636889e-04,8.537564099242445081e-06,-1.140734995715320110e-03,-2.382264466936839602e-04,-3.187809266534946673e-03,1.114132836497990956e-04,1.000000000000000000e+00,-4.251719918102025986e-03,1.993530839681625366e-01,-1.000000014901161194e-01,4.760974049568176270e-01,1.999996900558471680e-01,1.999203264713287354e-01,-1.000000014901161194e-01,3.890866339206695557e-01,-5.093336105346679688e-03,-2.000000029802322388e-01,1.122713088989257812e-03,4.037440717220306396e-01,-1.522850990295410156e-02,-2.000000029802322388e-01,3.410100936889648438e-03,3.968423902988433838e-01
4.000000000000000083e-02,2.057360671460628510e-02,-5.696169137954711914e-01,1.008872509002685547e+00,2.054564654827117920e-03,9.945959754986688495e-05,4.928907379508018494e-03,9.997094869613647461e-01,1.147287618368864059e-02,2.120135165750980377e-02,-1.148616801947355270e-02,9.999340176582336426e-01,5.052782944403588772e-04,-2.119415439665317535e-02,-7.486537215299904346e-04,9.997751712799072266e-01,7.444178685545921326e-03,1.373780250549316406e+00,-5.148967504501342773e-01,1.000000000000000000e+00,0.000000000000000000e+00,2.057360671460628510e-02,-5.696169137954711914e-01,1.008872509002685547e+00,2.054564654827117920e-03,9.945959754986688495e-05,4.928907379508018494e-03,1.000000000000000000e+00,1.373461261391639709e-02,4.148478507995605469e-01,9.048082232475280762e-01,1.547790598124265671e-03,-1.793770119547843933e-03,-1.163089927285909653e-02,1.000000000000000000e+00,3.479991197586059570e+00,-6.456736922264099121e-01,8.125815987586975098e-01,-2.112891059368848801e-03,5.278482421999797225e-05,-1.653204089961946011e-03,1.000000000000000000e+00,2.579575300216674805e+00,2.491277754306793213e-01,9.537085890769958496e-01,-2.116556512191891670e-03,1.572098408360034227e-04,-3.029927378520369530e-03,1.000000000000000000e+00,1.000000000000000000e+00,0.000000000000000000e+00,0.000000000000000000e+00,1.000000000000000000e+00,1.373461261391639709e-02,4.148478507995605469e-01,9.048082232475280762e-01,1.547790598124265671e-03,-1.793770119547843933e-03,-1.163089927285909653e-02,9.997583627700805664e-01,1.317485980689525604e-02,1.760126091539859772e-02,-1.281579770147800446e-02,9.997106790542602539e-01,-2.035915479063987732e-02,-1.786439679563045502e-02,2.012865990400314331e-02,9.996378421783447266e-01,1.365747094154357910e+00,1.212709784507751465e+00,-6.164287924766540527e-01,0.000000000000000000e+00,1.000000000000000000e+00,2.057360671460628510e-02,-5.696169137954711914e-01,1.008872509002685547e+00,2.054564654827117920e-03,9.945959754986688495e-05,4.928907379508018494e-03,1.000000000000000000e+00,1.373461261391639709e-02,4.148478507995605469e-01,9.048082232475280762e-01,1.547790598124265671e-03,-1.793770119547843933e-03,-1.163089927285909653e-02,1.000000000000000000e+00,3.479991197586059570e+00,-6.456736922264099121e-01,8.125815987586975098e-01,-2.112891059368848801e-03,5.278482421999797225e-05,-1.653204089961946011e-03,1.000000000000000000e+00,2.579575300216674805e+00,2.491277754306793213e-01,9.537085890769958496e-01,-2.116556512191891670e-03,1.572098408360034227e-04,-3.029927378520369530e-03,1.000000000000000000e+00,1.000000000000000000e+00,0.000000000000000000e+00,0.000000000000000000e+00,1.000000000000000000e+00,3.479991197586059570e+00,-6.456736922264099121e-01,8.125815987586975098e-01,-2.112891059368848801e-03,5.278482421999797225e-05,-1.653204089961946011e-03,-5.566555396163728282e-04,-2.226358928506111390e-02,1.187561207823259804e-04,1.000000000000000000e+00,2.579575300216674805e+00,2.491277754306793213e-01,9.537085890769958496e-01,-2.116556512191891670e-03,1.572098408360034227e-04,-3.029927378520369530e-03,-1.666636056086046817e-03,-2.240113044127145514e-02,3.609501342784620119e-04,1.000000000000000000e+00,-2.079705521464347839e-02,1.999984830617904663e-01,-1.000000014901161194e-01,5.215197801589965820e-01,1.999999433755874634e-01,1.999261826276779175e-01,-1.000000014901161194e-01,4.178267121315002441e-01,-5.079984664916992188e-03,-2.000000029802322388e-01,1.116991043090820312e-03,4.053744375705718994e-01,-1.518082618713378906e-02,-2.000000029802322388e-01,3.390789031982421875e-03,3.984929025173187256e-01
5.999999999999999778e-02,2.066857740283012390e-02,-5.696144104003906250e-01,1.009060263633728027e+00,9.300113655626773834e-03,1.157821898232214153e-04,1.643414050340652466e-02,9.983261227607727051e-01,2.274563722312450409e-02,5.317556858062744141e-02,-2.274332754313945770e-02,9.997411370277404785e-01,-6.486528436653316021e-04,-5.317655950784683228e-02,-5.618222639895975590e-04,9.985849857330322266e-01,3.745040297508239746e-02,1.752577066421508789e+00,-6.077605485916137695e-01,1.000000000000000000e+00,0.000000000000000000e+00,2.066857740283012390e-02,-5.696144104003906250e-01,1.009060263633728027e+00,9.300113655626773834e-03,1.157821898232214153e-04,1.643414050340652466e-02,1.000000000000000000e+00,1.380686555057764053e-02,4.147641360759735107e-01,9.045022130012512207e-01,7.098820526152849197e-03,-8.228063583374023438e-03,-1.961856521666049957e-02,1.000000000000000000e+00,3.479896068572998047e+00,-6.456713080406188965e-01,8.125386238098144531e-01,-9.129012003540992737e-03,2.267497475259006023e-04,-2.879481995478272438e-03,1.000000000000000000e+00,2.579480409622192383e+00,2.491348236799240112e-01,9.536248445510864258e-01,-9.106311947107315063e-03,6.735112401656806469e-04,-5.801084917038679123e-03,1.000000000000000000e+00,1.000000000000000000e+00,0.000000000000000000e+00,0.000000000000000000e+00,1.000000000000000000e+00,1.380686555057764053e-02,4.147641360759735107e-01,9.045022130012512207e-01,7.098820526152849197e-03,-8.228063583374023438e-03,-1.961856521666049957e-02,9.985768198966979980e-01,2.756417170166969299e-02,4.565902799367904663e-02,-2.512763440608978271e-02,9.982728362083435059e-01,-5.310428515076637268e-02,-4.704394191503524780e-02,5.188139900565147400e-02,9.975446462631225586e-01,1.771670341491699219e+00,1.584108710289001465e+00,-7.139657735824584961e-01,0.000000000000000000e+00,1.000000000000000000e+00,2.066857740283012390e-02,-5.696144104003906250e-01,1.009060263633728027e+00,9.300113655626773834e-03,1.157821898232214153e-04,1.643414050340652466e-02,1.000000000000000000e+00,1.380686555057764053e-02,4.147641360759735107e-01,9.045022130012512207e-01,7.098820526152849197e-03,-8.228063583374023438e-03,-1.961856521666049957e-02,1.000000000000000000e+00,3.479896068572998047e+00,-6.456713080406188965e-01,8.125386238098144531e-01,-9.129012003540992737e-03,2.267497475259006023e-04,-2.879481995478272438e-03,1.000000000000000000e+00,2.579480409622192383e+00,2.491348236799240112e-01,9.536248445510864258e-01,-9.106311947107315063e-03,6.735112401656806469e-04,-5.801084917038679123e-03,1.000000000000000000e+00,1.000000000000000000e+00,0.000000000000000000e+00,0.000000000000000000e+00,1.000000000000000000e+00,3.479896068572998047e+00,-6.456713080406188965e-01,8.125386238098144531e-01,-9.129012003540992737e-03,2.267497475259006023e-04,-2.879481995478272438e-03,-1.356153424798996893e-03,-5.432155562582052788e-02,2.468154445790646983e-04,1.000000000000000000e+00,2.579480409622192383e+00,2.491348236799240112e-01,9.536248445510864258e-01,-9.106311947107315063e-03,6.735112401656806469e-04,-5.801084917038679123e-03,-4.057138760647100058e-03,-5.447822996059525913e-02,7.496220600927202150e-04,1.000000000000000000e+00,-2.545896731317043304e-02,1.999364942312240601e-01,-1.000000014901161194e-01,5.255038142204284668e-01,1.999999582767486572e-01,1.999544501304626465e-01,-1.000000014901161194e-01,4.341677427291870117e-01,-5.031824111938476562e-03,-2.000000029802322388e-01,1.096725463867187500e-03,4.077347218990325928e-01,-1.499009132385253906e-02,-2.000000029802322388e-01,3.318071365356445312e-03,4.008705317974090576e-01
8.000000000000000167e-02,2.097440883517265320e-02,-5.696142315864562988e-01,1.009549498558044434e+00,2.402724511921405792e-02,-1.578801457071676850e-04,3.555945679545402527e-02,9.956288933753967285e-01,3.523587062954902649e-02,8.649580180644989014e-02,-3.521470353007316589e-02,9.993782043457031250e-01,-1.770993811078369617e-03,-8.650441467761993408e-02,-1.282671350054442883e-03,9.962506294250488281e-01,-4.357893764972686768e-02,1.470177769660949707e+00,-6.407300233840942383e-01,1.000000000000000000e+00,0.000000000000000000e+00,2.097440883517265320e-02,-5.696142315864562988e-01,1.009549498558044434e+00,2.402724511921405792e-02,-1.578801457071676850e-04,3.555945679545402527e-02,1.000000000000000000e+00,1.403994578868150711e-02,4.144932925701141357e-01,9.040470719337463379e-01,1.826095394790172577e-02,-2.128007449209690094e-02,-2.616009861230850220e-02,1.000000000000000000e+00,3.479603290557861328e+00,-6.456640958786010742e-01,8.124669790267944336e-01,-2.246687561273574829e-02,5.562037695199251175e-04,-4.406149033457040787e-03,1.000000000000000000e+00,2.579189300537109375e+00,2.491563409566879272e-01,9.534780979156494141e-01,-2.233185246586799622e-02,1.648743636906147003e-03,-9.234769269824028015e-03,1.000000000000000000e+00,1.000000000000000000e+00,0.000000000000000000e+00,0.000000000000000000e+00,1.000000000000000000e+00,1.403994578868150711e-02,4.144932925701141357e-01,9.040470719337463379e-01,1.826095394790172577e-02,-2.128007449209690094e-02,-2.616009861230850220e-02,9.962430596351623535e-01,4.418609663844108582e-02,7.448007911443710327e-02,-3.760265186429023743e-02,9.954468607902526855e-01,-8.758757263422012329e-02,-7.801111787557601929e-02,8.445786684751510620e-02,9.933685660362243652e-01,1.470226764678955078e+00,1.315156221389770508e+00,-7.466100454330444336e-01,0.000000000000000000e+00,1.000000000000000000e+00,2.097440883517265320e-02,-5.696142315864562988e-01,1.009549498558044434e+00,2.402724511921405792e-02,-1.578801457071676850e-04,3.555945679545402527e-02,1.000000000000000000e+00,1.403994578868150711e-02,4.144932925701141357e-01,9.040470719337463379e-01,1.826095394790172577e-02,-2.128007449209690094e-02,-2.616009861230850220e-02,1.000000000000000000e+00,3.479603290557861328e+00,-6.456640958786010742e-01,8.124669790267944336e-01,-2.246687561273574829e-02,5.562037695199251175e-04,-4.406149033457040787e-03,1.000000000000000000e+00,2.579189300537109375e+00,2.491563409566879272e-01,9.534780979156494141e-01,-2.233185246586799622e-02,1.648743636906147003e-03,-9.234769269824028015e-03,1.000000000000000000e+00,1.000000000000000000e+00,0.000000000000000000e+00,0.000000000000000000e+00,1.000000000000000000e+00,3.479603290557861328e+00,-6.456640958786010742e-01,8.124669790267944336e-01,-2.246687561273574829e-02,5.562037695199251175e-04,-4.406149033457040787e-03,-2.145431396885754457e-03,-8.559805880420157109e-02,4.082993572116457763e-04,1.000000000000000000e+00,2.579189300537109375e+00,2.491563409566879272e-01,9.534780979156494141e-01,-2.233185246586799622e-02,1.648743636906147003e-03,-9.234769269824028015e-03,-6.414120977710000351e-03,-8.562830679203092821e-02,1.237225522081573936e-03,1.000000000000000000e+00,-2.005825750529766083e-02,1.999874562025070190e-01,-1.000000014901161194e-01,5.219906568527221680e-01,1.999999731779098511e-01,1.999964118003845215e-01,-1.000000014901161194e-01,4.413203895092010498e-01,-4.938840866088867188e-03,-2.000000029802322388e-01,1.057863235473632812e-03,4.095705449581146240e-01,-1.451706886291503906e-02,-2.000000029802322388e-01,3.158569335937500000e-03,4.026489257812500000e-01
1.000000000000000056e-01,2.164026722311973572e-02,-5.696207880973815918e-01,1.010479331016540527e+00,4.570652171969413757e-02,-5.106887547299265862e-04,6.083647906780242920e-02,9.927178621292114258e-01,4.779041558504104614e-02,1.105776280164718628e-01,-4.797189682722091675e-02,9.988481998443603516e-01,-1.020202413201332092e-03,-1.104990094900131226e-01,-4.291845485568046570e-03,9.938669800758361816e-01,-1.276629120111465454e-01,8.728652596473693848e-01,-6.312962770462036133e-01,1.000000000000000000e+00,0.000000000000000000e+00,2.164026722311973572e-02,-5.696207880973815918e-01,1.010479331016540527e+00,4.570652171969413757e-02,-5.106887547299265862e-04,6.083647906780242920e-02,1.000000000000000000e+00,1.454389188438653946e-02,4.139040112495422363e-01,9.034848213195800781e-01,3.445101529359817505e-02,-4.041613265872001648e-02,-2.994127571582794189e-02,1.000000000000000000e+00,3.478993654251098633e+00,-6.456490755081176758e-01,8.123691678047180176e-01,-4.106432199478149414e-02,1.015260932035744190e-03,-5.336457397788763046e-03,1.000000000000000000e+00,2.578583955764770508e+00,2.492010146379470825e-01,9.532644152641296387e-01,-4.070861265063285828e-02,3.004456637427210808e-03,-1.235150638967752457e-02,1.000000000000000000e+00,1.000000000000000000e+00,0.000000000000000000e+00,0.000000000000000000e+00,1.000000000000000000e+00,1.454389188438653946e-02,4.139040112495422363e-01,9.034848213195800781e-01,3.445101529359817505e-02,-4.041613265872001648e-02,-2.994127571582794189e-02,9.936268329620361328e-01,6.112325191497802734e-02,9.470843523740768433e-02,-5.032584071159362793e-02,9.923793077468872070e-01,-1.124751418828964233e-01,-1.008615419268608093e-01,1.069920361042022705e-01,9.891307353973388672e-01,8.771061897277832031e-01,7.902765870094299316e-01,-7.406849861145019531e-01,0.000000000000000000e+00,1.000000000000000000e+00,2.164026722311973572e-02,-5.696207880973815918e-01,1.010479331016540527e+00,4.570652171969413757e-02,-5.106887547299265862e-04,6.083647906780242920e-02,1.000000000000000000e+00,1.454389188438653946e-02,4.139040112495422363e-01,9.034848213195800781e-01,3.445101529359817505e-02,-4.041613265872001648e-02,-2.994127571582794189e-02,1.000000000000000000e+00,3.478993654251098633e+00,-6.456490755081176758e-01,8.123691678047180176e-01,-4.106432199478149414e-02,1.015260932035744190e-03,-5.336457397788763046e-03,1.000000000000000000e+00,2.578583955764770508e+00,2.492010146379470825e-01,9.532644152641296387e-01,-4.070861265063285828e-02,3.004456637427210808e-03,-1.235150638967752457e-02,1.000000000000000000e+00,1.000000000000000000e+00,0.000000000000000000e+00,0.000000000000000000e+00,1.000000000000000000e+00,3.478993654251098633e+00,-6.456490755081176758e-01,8.123691678047180176e-01,-4.106432199478149414e-02,1.015260932035744190e-03,-5.336457397788763046e-03,-2.693404712819085813e-03,-1.069553410369024071e-01,5.542699964566899767e-04,1.000000000000000000e+00,2.578583955764770508e+00,2.492010146379470825e-01,9.532644152641296387e-01,-4.070861265063285828e-02,3.004456637427210808e-03,-1.235150638967752457e-02,-8.042325470767414108e-03,-1.068292974508493476e-01,1.675932196810449651e-03,1.000000000000000000e+00,-1.454728376120328903e-02,1.999747008085250854e-01,-1.000000014901161194e-01,4.970968961715698242e-01,1.999996751546859741e-01,1.999996900558471680e-01,-1.000000014901161194e-01,4.416866600513458252e-01,-4.807949066162109375e-03,-2.000000029802322388e-01,1.003980636596679688e-03,4.105799496173858643e-01,-1.358914375305175781e-02,-2.000000029802322388e-01,2.885818481445312500e-03,4.034371376037597656e-01
1.199999999999999956e-01,2.278482355177402496e-02,-5.696321129798889160e-01,1.011951565742492676e+00,7.186386734247207642e-02,-5.502912099473178387e-04,8.944283425807952881e-02,9.905617237091064453e-01,5.952810496091842651e-02,1.234663203358650208e-01,-6.008246541023254395e-02,9.981931447982788086e-01,7.681799470447003841e-04,-1.231975033879280090e-01,-8.179089985787868500e-03,9.923484921455383301e-01,-9.140252321958541870e-02,4.217117130756378174e-01,-5.711447596549987793e-01,1.000000000000000000e+00,0.000000000000000000e+00,2.278482355177402496e-02,-5.696321129798889160e-01,1.011951565742492676e+00,7.186386734247207642e-02,-5.502912099473178387e-04,8.944283425807952881e-02,1.000000000000000000e+00,1.540406234562397003e-02,4.128920733928680420e-01,9.028711318969726562e-01,5.390032008290290833e-02,-6.358313560485839844e-02,-3.122571483254432678e-02,1.000000000000000000e+00,3.477980136871337891e+00,-6.456239819526672363e-01,8.122587800025939941e-01,-6.285957247018814087e-02,1.552105648443102837e-03,-5.669495090842247009e-03,1.000000000000000000e+00,2.577579975128173828e+00,2.492750734090805054e-01,9.529922008514404297e-01,-6.219711154699325562e-02,4.584167618304491043e-03,-1.511094998568296432e-02,1.000000000000000000e+00,1.000000000000000000e+00,0.000000000000000000e+00,0.000000000000000000e+00,1.000000000000000000e+00,1.540406234562397003e-02,4.128920733928680420e-01,9.028711318969726562e-01,5.390032008290290833e-02,-6.358313560485839844e-02,-3.122571483254432678e-02,9.914214611053466797e-01,7.667471468448638916e-02,1.058515757322311401e-01,-6.307238340377807617e-02,9.899778366088867188e-01,-1.263557821512222290e-01,-1.144790053367614746e-01,1.185955181717872620e-01,9.863212704658508301e-01,4.686694741249084473e-01,4.385162889957427979e-01,-6.788550615310668945e-01,0.000000000000000000e+00,1.000000000000000000e+00,2.278482355177402496e-02,-5.696321129798889160e-01,1.011951565742492676e+00,7.186386734247207642e-02,-5.502912099473178387e-04,8.944283425807952881e-02,1.000000000000000000e+00,1.540406234562397003e-02,4.128920733928680420e-01,9.028711318969726562e-01,5.390032008290290833e-02,-6.358313560485839844e-02,-3.122571483254432678e-02,1.000000000000000000e+00,3.477980136871337891e+00,-6.456239819526672363e-01,8.122587800025939941e-01,-6.285957247018814087e-02,1.552105648443102837e-03,-5.669495090842247009e-03,1.000000000000000000e+00,2.577579975128173828e+00,2.492750734090805054e-01,9.529922008514404297e-01,-6.219711154699325562e-02,4.584167618304491043e-03,-1.511094998568296432e-02,1.000000000000000000e+00,1.000000000000000000e+00,0.000000000000000000e+00,0.000000000000000000e+00,1.000000000000000000e+00,3.477980136871337891e+00,-6.456239819526672363e-01,8.122587800025939941e-01,-6.285957247018814087e-02,1.552105648443102837e-03,-5.669495090842247009e-03,-2.982582881396006642e-03,-1.186009941543666457e-01,6.617503880033466946e-04,1.000000000000000000e+00,2.577579975128173828e+00,2.492750734090805054e-01,9.529922008514404297e-01,-6.219711154699325562e-02,4.584167618304491043e-03,-1.511094998568296432e-02,-8.869296618624034415e-03,-1.184320603536352934e-01,1.993089498235615931e-03,1.000000000000000000e+00,-1.126793958246707916e-02,1.999111026525497437e-01,-1.000000014901161194e-01,4.555131793022155762e-01,2.000000029802322388e-01,2.000000029802322388e-01,-1.000000014901161194e-01,4.356509149074554443e-01,-4.662990570068359375e-03,-2.000000029802322388e-01,9.438991546630859375e-04,4.111566841602325439e-01,-1.207756996154785156e-02,-2.000000029802322388e-01,2.490997314453125000e-03,4.035774469375610352e-01
1.400000000000000133e-01,2.447311207652091980e-02,-5.696410536766052246e-01,1.013994336128234863e+00,9.992989897727966309e-02,-3.001071454491466284e-04,1.169967800378799438e-01,9.889871478080749512e-01,6.997193396091461182e-02,1.304160356521606445e-01,-7.070963084697723389e-02,9.974964261054992676e-01,1.028729369863867760e-03,-1.300175487995147705e-01,-1.023906935006380081e-02,9.914588332176208496e-01,3.447080776095390320e-02,3.187895119190216064e-01,-4.832931458950042725e-01,1.000000000000000000e+00,0.000000000000000000e+00,2.447311207652091980e-02,-5.696410536766052246e-01,1.013994336128234863e+00,9.992989897727966309e-02,-3.001071454491466284e-04,1.169967800378799438e-01,1.000000000000000000e+00,1.667110249400138855e-02,4.113945960998535156e-01,9.022471904754638672e-01,7.516498863697052002e-02,-8.899446576833724976e-02,-3.092807345092296600e-02,1.000000000000000000e+00,3.476513862609863281e+00,-6.455878019332885742e-01,8.121456503868103027e-01,-8.638047426939010620e-02,2.125979168340563774e-03,-5.526449996978044510e-03,1.000000000000000000e+00,2.576129436492919922e+00,2.493817359209060669e-01,9.526669383049011230e-01,-8.536819368600845337e-02,6.258762907236814499e-03,-1.759722083806991577e-02,1.000000000000000000e+00,1.000000000000000000e+00,0.000000000000000000e+00,0.000000000000000000e+00,1.000000000000000000e+00,1.667110249400138855e-02,4.113945960998535156e-01,9.022471904754638672e-01,7.516498863697052002e-02,-8.899446576833724976e-02,-3.092807345092296600e-02,9.894957542419433594e-01,9.026312083005905151e-02,1.129198223352432251e-01,-7.472176104784011841e-02,9.880229830741882324e-01,-1.350088566541671753e-01,-1.237536966800689697e-01,1.251531094312667847e-01,9.843890666961669922e-01,3.905955851078033447e-01,3.779324889183044434e-01,-5.923169255256652832e-01,0.000000000000000000e+00,1.000000000000000000e+00,2.447311207652091980e-02,-5.696410536766052246e-01,1.013994336128234863e+00,9.992989897727966309e-02,-3.001071454491466284e-04,1.169967800378799438e-01,1.000000000000000000e+00,1.667110249400138855e-02,4.113945960998535156e-01,9.022471904754638672e-01,7.516498863697052002e-02,-8.899446576833724976e-02,-3.092807345092296600e-02,1.000000000000000000e+00,3.476513862609863281e+00,-6.455878019332885742e-01,8.121456503868103027e-01,-8.638047426939010620e-02,2.125979168340563774e-03,-5.526449996978044510e-03,1.000000000000000000e+00,2.576129436492919922e+00,2.493817359209060669e-01,9.526669383049011230e-01,-8.536819368600845337e-02,6.258762907236814499e-03,-1.759722083806991577e-02,1.000000000000000000e+00,1.000000000000000000e+00,0.000000000000000000e+00,0.000000000000000000e+00,1.000000000000000000e+00,3.476513862609863281e+00,-6.455878019332885742e-01,8.121456503868103027e-01,-8.638047426939010620e-02,2.125979168340563774e-03,-5.526449996978044510e-03,-3.136251411945039334e-03,-1.260971605854670496e-01,7.393381530079250977e-04,1.000000000000000000e+00,2.576129436492919922e+00,2.493817359209060669e-01,9.526669383049011230e-01,-8.536819368600845337e-02,6.258762907236814499e-03,-1.759722083806991577e-02,-9.217946194668058882e-03,-1.260196627076828335e-01,2.206940533749620573e-03,1.000000000000000000e+00,-1.074272789992392063e-03,1.999997347593307495e-01,-1.000000014901161194e-01,4.272660911083221436e-01,1.999999284744262695e-01,1.999999731779098511e-01,-1.000000014901161194e-01,4.365366101264953613e-01,-4.523515701293945312e-03,-1.966171264648437500e-01,8.838176727294921875e-04,4.116759896278381348e-01,-9.918689727783203125e-03,-2.000000029802322388e-01,1.980304718017578125e-03,4.034787118434906006e-01
1.600000000000000033e-01,2.672973275184631348e-02,-5.696458220481872559e-01,1.016550183296203613e+00,1.286985874176025391e-01,-2.428993466310203075e-04,1.398975998163223267e-01,9.873822331428527832e-01,7.885685563087463379e-02,1.373246163129806519e-01,-7.946167886257171631e-02,9.968373775482177734e-01,-1.080731977708637714e-03,-1.369755417108535767e-01,-9.844949468970298767e-03,9.905255436897277832e-01,1.200829148292541504e-01,4.134900569915771484e-01,-3.857073783874511719e-01,1.000000000000000000e+00,0.000000000000000000e+00,2.672973275184631348e-02,-5.696458220481872559e-01,1.016550183296203613e+00,1.286985874176025391e-01,-2.428993466310203075e-04,1.398975998163223267e-01,1.000000000000000000e+00,1.837608590722084045e-02,4.093734025955200195e-01,9.016405940055847168e-01,9.784465283155441284e-02,-1.161438301205635071e-01,-2.936799079179763794e-02,1.000000000000000000e+00,3.474564075469970703e+00,-6.455401182174682617e-01,8.120412826538085938e-01,-1.113010346889495850e-01,2.723206533119082451e-03,-4.707858432084321976e-03,1.000000000000000000e+00,2.574203491210937500e+00,2.495222389698028564e-01,9.522960186004638672e-01,-1.099160164594650269e-01,7.967810146510601044e-03,-1.962044276297092438e-02,1.000000000000000000e+00,1.000000000000000000e+00,0.000000000000000000e+00,0.000000000000000000e+00,1.000000000000000000e+00,1.837608590722084045e-02,4.093734025955200195e-01,9.016405940055847168e-01,9.784465283155441284e-02,-1.161438301205635071e-01,-2.936799079179763794e-02,9.874823093414306641e-01,1.021557152271270752e-01,1.201787516474723816e-01,-8.446371555328369141e-02,9.859557151794433594e-01,-1.440736353397369385e-01,-1.332088708877563477e-01,1.321194171905517578e-01,9.822422862052917480e-01,4.770144820213317871e-01,4.506598114967346191e-01,-4.997127652168273926e-01,0.000000000000000000e+00,1.000000000000000000e+00,2.672973275184631348e-02,-5.696458220481872559e-01,1.016550183296203613e+00,1.286985874176025391e-01,-2.428993466310203075e-04,1.398975998163223267e-01,1.000000000000000000e+00,1.837608590722084045e-02,4.093734025955200195e-01,9.016405940055847168e-01,9.784465283155441284e-02,-1.161438301205635071e-01,-2.936799079179763794e-02,1.000000000000000000e+00,3.474564075469970703e+00,-6.455401182174682617e-01,8.120412826538085938e-01,-1.113010346889495850e-01,2.723206533119082451e-03,-4.707858432084321976e-03,1.000000000000000000e+00,2.574203491210937500e+00,2.495222389698028564e-01,9.522960186004638672e-01,-1.099160164594650269e-01,7.967810146510601044e-03,-1.962044276297092438e-02,1.000000000000000000e+00,1.000000000000000000e+00,0.000000000000000000e+00,0.000000000000000000e+00,1.000000000000000000e+00,3.474564075469970703e+00,-6.455401182174682617e-01,8.120412826538085938e-01,-1.113010346889495850e-01,2.723206533119082451e-03,-4.707858432084321976e-03,-3.277859986703300817e-03,-1.341125950342547668e-01,7.969493356439927723e-04,1.000000000000000000e+00,2.574203491210937500e+00,2.495222389698028564e-01,9.522960186004638672e-01,-1.099160164594650269e-01,7.967810146510601044e-03,-1.962044276297092438e-02,-9.384585062126039531e-03,-1.342163634844453224e-01,2.335795339807981551e-03,1.000000000000000000e+00,1.130371447652578354e-02,1.999788582324981689e-01,-1.000000014901161194e-01,4.181270003318786621e-01,1.999999731779098511e-01,1.999999731779098511e-01,-1.000000014901161194e-01,4.370521903038024902e-01,-4.380941390991210938e-03,-1.889276504516601562e-01,8.227825164794921875e-04,4.122302532196044922e-01,-7.031440734863281250e-03,-1.938629150390625000e-01,1.354694366455078125e-03,4.033366441726684570e-01
1.799999999999999933e-01,2.956780977547168732e-02,-5.696544647216796875e-01,1.019512176513671875e+00,1.582091301679611206e-01,-7.974047330208122730e-04,1.571065932512283325e-01,9.855413436889648438e-01,8.607788383960723877e-02,1.459418982267379761e-01,-8.633238077163696289e-02,9.962558746337890625e-01,-4.600931890308856964e-03,-1.457914859056472778e-01,-8.065101690590381622e-03,9.892825484275817871e-01,1.612207591533660889e-01,4.697850942611694336e-01,-2.993695735931396484e-01,1.000000000000000000e+00,0.000000000000000000e+00,2.956780977547168732e-02,-5.696544647216796875e-01,1.019512176513671875e+00,1.582091301679611206e-01,-7.974047330208122730e-04,1.571065932512283325e-01,1.000000000000000000e+00,2.054853737354278564e-02,4.067916274070739746e-01,9.010753631591796875e-01,1.220979616045951843e-01,-1.453053951263427734e-01,-2.676340378820896149e-02,1.000000000000000000e+00,3.472101926803588867e+00,-6.454800963401794434e-01,8.119587898254394531e-01,-1.378411948680877686e-01,3.346447600051760674e-03,-3.334437031298875809e-03,1.000000000000000000e+00,2.571772813796997070e+00,2.496970742940902710e-01,9.518881440162658691e-01,-1.360790580511093140e-01,9.683901444077491760e-03,-2.131570316851139069e-02,1.000000000000000000e+00,1.000000000000000000e+00,0.000000000000000000e+00,0.000000000000000000e+00,1.000000000000000000e+00,2.054853737354278564e-02,4.067916274070739746e-01,9.010753631591796875e-01,1.220979616045951843e-01,-1.453053951263427734e-01,-2.676340378820896149e-02,9.853405356407165527e-01,1.123969778418540955e-01,1.283394694328308105e-01,-9.203881770372390747e-02,9.836463928222656250e-01,-1.548182964324951172e-01,-1.436417698860168457e-01,1.407365202903747559e-01,9.795714616775512695e-01,5.159516930580139160e-01,4.723572432994842529e-01,-4.015580415725708008e-01,0.000000000000000000e+00,1.000000000000000000e+00,2.956780977547168732e-02,-5.696544647216796875e-01,1.019512176513671875e+00,1.582091301679611206e-01,-7.974047330208122730e-04,1.571065932512283325e-01,1.000000000000000000e+00,2.054853737354278564e-02,4.067916274070739746e-01,9.010753631591796875e-01,1.220979616045951843e-01,-1.453053951263427734e-01,-2.676340378820896149e-02,1.000000000000000000e+00,3.472101926803588867e+00,-6.454800963401794434e-01,8.119587898254394531e-01,-1.378411948680877686e-01,3.346447600051760674e-03,-3.334437031298875809e-03,1.000000000000000000e+00,2.571772813796997070e+00,2.496970742940902710e-01,9.518881440162658691e-01,-1.360790580511093140e-01,9.683901444077491760e-03,-2.131570316851139069e-02,1.000000000000000000e+00,1.000000000000000000e+00,0.000000000000000000e+00,0.000000000000000000e+00,1.000000000000000000e+00,3.472101926803588867e+00,-6.454800963401794434e-01,8.119587898254394531e-01,-1.378411948680877686e-01,3.346447600051760674e-03,-3.334437031298875809e-03,-3.448680974570367090e-03,-1.433557172219799281e-01,8.385055328841289901e-04,1.000000000000000000e+00,2.571772813796997070e+00,2.496970742940902710e-01,9.518881440162658691e-01,-1.360790580511093140e-01,9.683901444077491760e-03,-2.131570316851139069e-02,-9.410033221947588719e-03,-1.438572980039090066e-01,2.382152672287138079e-03,1.000000000000000000e+00,2.120696753263473511e-02,1.999611705541610718e-01,-1.000000014901161194e-01,4.110969305038452148e-01,1.999999880790710449e-01,2.000000029802322388e-01,-1.000000014901161194e-01,4.362205862998962402e-01,-4.209518432617187500e-03,-1.807377338409423828e-01,7.567405700683593750e-04,4.127381443977355957e-01,-3.272533416748046875e-03,-1.862642765045166016e-01,6.060600280761718750e-04,4.031569063663482666e-01
2.000000000000000111e-01,3.300460055470466614e-02,-5.696813464164733887e-01,1.022770285606384277e+00,1.886639147996902466e-01,-2.161559183150529861e-03,1.690674126148223877e-01,9.837152361869812012e-01,9.183533489704132080e-02,1.545024067163467407e-01,-9.155407547950744629e-02,9.957600831985473633e-01,-8.950136601924896240e-03,-1.546692401170730591e-01,-5.340937990695238113e-03,9.879520535469055176e-01,2.000881433486938477e-01,4.104254543781280518e-01,-2.254043072462081909e-01,1.000000000000000000e+00,0.000000000000000000e+00,3.300460055470466614e-02,-5.696813464164733887e-01,1.022770285606384277e+00,1.886639147996902466e-01,-2.161559183150529861e-03,1.690674126148223877e-01,1.000000000000000000e+00,2.322074398398399353e-02,4.036070704460144043e-01,9.005684852600097656e-01,1.479615718126296997e-01,-1.766365766525268555e-01,-2.351137436926364899e-02,1.000000000000000000e+00,3.469093561172485352e+00,-6.454073190689086914e-01,8.119068741798400879e-01,-1.660490334033966064e-01,3.999254200607538223e-03,-1.619763439521193504e-03,1.000000000000000000e+00,2.568803310394287109e+00,2.499060034751892090e-01,9.514471292495727539e-01,-1.639410555362701416e-01,1.136662531644105911e-02,-2.293959632515907288e-02,1.000000000000000000e+00,1.000000000000000000e+00,0.000000000000000000e+00,0.000000000000000000e+00,1.000000000000000000e+00,2.322074398398399353e-02,4.036070704460144043e-01,9.005684852600097656e-01,1.479615718126296997e-01,-1.766365766525268555e-01,-2.351137436926364899e-02,9.833220839500427246e-01,1.207608282566070557e-01,1.359945684671401978e-01,-9.765443205833435059e-02,9.813874363899230957e-01,-1.653551310300827026e-01,-1.534317880868911743e-01,1.493168920278549194e-01,9.768127799034118652e-01,4.487205743789672852e-01,4.039178192615509033e-01,-3.079805374145507812e-01,0.000000000000000000e+00,1.000000000000000000e+00,3.300460055470466614e-02,-5.696813464164733887e-01,1.022770285606384277e+00,1.886639147996902466e-01,-2.161559183150529861e-03,1.690674126148223877e-01,1.000000000000000000e+00,2.322074398398399353e-02,4.036070704460144043e-01,9.005684852600097656e-01,1.479615718126296997e-01,-1.766365766525268555e-01,-2.351137436926364899e-02,1.000000000000000000e+00,3.469093561172485352e+00,-6.454073190689086914e-01,8.119068741798400879e-01,-1.660490334033966064e-01,3.999254200607538223e-03,-1.619763439521193504e-03,1.000000000000000000e+00,2.568803310394287109e+00,2.499060034751892090e-01,9.514471292495727539e-01,-1.639410555362701416e-01,1.136662531644105911e-02,-2.293959632515907288e-02,1.000000000000000000e+00,1.000000000000000000e+00,0.000000000000000000e+00,0.000000000000000000e+00,1.000000000000000000e+00,3.469093561172485352e+00,-6.454073190689086914e-01,8.119068741798400879e-01,-1.660490334033966064e-01,3.999254200607538223e-03,-1.619763439521193504e-03,-3.617920888351324089e-03,-1.516814203449234899e-01,8.622430362045198013e-04,1.000000000000000000e+00,2.568803310394287109e+00,2.499060034751892090e-01,9.514471292495727539e-01,-1.639410555362701416e-01,1.136662531644105911e-02,-2.293959632515907288e-02,-9.122121264267125940e-03,-1.528175952985455499e-01,2.324547047130438599e-03,1.000000000000000000e+00,3.286153450608253479e-02,1.926005780696868896e-01,-1.000000014901161194e-01,3.985561430454254150e-01,2.000000029802322388e-01,2.000000029802322388e-01,-1.000000014901161194e-01,4.317833781242370605e-01,-3.983020782470703125e-03,-1.720588207244873047e-01,6.818771362304687500e-04,4.131128489971160889e-01,1.511812210083007812e-03,-1.781687736511230469e-01,-2.679824829101562500e-04,4.028913676738739014e-01
2.200000000000000011e-01,3.705733269453048706e-02,-5.697435736656188965e-01,1.026222109794616699e+00,2.197819054126739502e-01,-4.446314182132482529e-03,1.759533733129501343e-01,9.822219610214233398e-01,9.639874100685119629e-02,1.610821336507797241e-01,-9.538978338241577148e-02,9.953415989875793457e-01,-1.400365214794874191e-02,-1.616816669702529907e-01,-1.610894687473773956e-03,9.868417382240295410e-01,2.480787038803100586e-01,2.814403176307678223e-01,-1.636147350072860718e-01,1.000000000000000000e+00,0.000000000000000000e+00,3.705733269453048706e-02,-5.697435736656188965e-01,1.026222109794616699e+00,2.197819054126739502e-01,-4.446314182132482529e-03,1.759533733129501343e-01,1.000000000000000000e+00,2.642295509576797485e-02,3.997780680656433105e-01,9.001300334930419922e-01,1.751656830310821533e-01,-2.098487615585327148e-01,-1.998562738299369812e-02,1.000000000000000000e+00,3.465508937835693359e+00,-6.453213095664978027e-01,8.118926286697387695e-01,-1.955281794071197510e-01,4.677322227507829666e-03,4.754510591737926006e-04,1.000000000000000000e+00,2.565263509750366211e+00,2.501477301120758057e-01,9.509743452072143555e-01,-1.931418180465698242e-01,1.293796766549348831e-02,-2.446036413311958313e-02,1.000000000000000000e+00,1.000000000000000000e+00,0.000000000000000000e+00,0.000000000000000000e+00,1.000000000000000000e+00,2.642295509576797485e-02,3.997780680656433105e-01,9.001300334930419922e-01,1.751656830310821533e-01,-2.098487615585327148e-01,-1.998562738299369812e-02,9.816585779190063477e-01,1.271553337574005127e-01,1.420501470565795898e-01,-1.017171517014503479e-01,9.795024991035461426e-01,-1.738643050193786621e-01,-1.612462103366851807e-01,1.562264263629913330e-01,9.744707345962524414e-01,3.340971469879150391e-01,3.036467134952545166e-01,-2.238400727510452271e-01,0.000000000000000000e+00,1.000000000000000000e+00,3.705733269453048706e-02,-5.697435736656188965e-01,1.026222109794616699e+00,2.197819054126739502e-01,-4.446314182132482529e-03,1.759533733129501343e-01,1.000000000000000000e+00,2.642295509576797485e-02,3.997780680656433105e-01,9.001300334930419922e-01,1.751656830310821533e-01,-2.098487615585327148e-01,-1.998562738299369812e-02,1.000000000000000000e+00,3.465508937835693359e+00,-6.453213095664978027e-01,8.118926286697387695e-01,-1.955281794071197510e-01,4.677322227507829666e-03,4.754510591737926006e-04,1.000000000000000000e+00,2.565263509750366211e+00,2.501477301120758057e-01,9.509743452072143555e-01,-1.931418180465698242e-01,1.293796766549348831e-02,-2.446036413311958313e-02,1.000000000000000000e+00,1.000000000000000000e+00,0.000000000000000000e+00,0.000000000000000000e+00,1.000000000000000000e+00,3.465508937835693359e+00,-6.453213095664978027e-01,8.118926286697387695e-01,-1.955281794071197510e-01,4.677322227507829666e-03,4.754510591737926006e-04,-3.734073262032952707e-03,-1.569638276749825145e-01,8.623377043296338081e-04,1.000000000000000000e+00,2.565263509750366211e+00,2.501477301120758057e-01,9.509743452072143555e-01,-1.931418180465698242e-01,1.293796766549348831e-02,-2.446036413311958313e-02,-8.287600987628290783e-03,-1.588270562762097438e-01,2.132053210334314275e-03,1.000000000000000000e+00,4.384388774633407593e-02,1.814393103122711182e-01,-1.000000014901161194e-01,3.829081058502197266e-01,2.000000029802322388e-01,2.000000029802322388e-01,-1.000000014901161194e-01,4.243986606597900391e-01,-3.676891326904296875e-03,-1.630322933197021484e-01,5.967617034912109375e-04,4.133231043815612793e-01,7.415771484375000000e-03,-1.696813106536865234e-01,-1.252412796020507812e-03,4.025479555130004883e-01
2.399999999999999911e-01,4.173373430967330933e-02,-5.698604583740234375e-01,1.029763698577880859e+00,2.509081959724426270e-01,-7.739142980426549911e-03,1.774049699306488037e-01,9.812420010566711426e-01,1.000286117196083069e-01,1.647992879152297974e-01,-9.810050576925277710e-02,9.949793219566345215e-01,-1.981847733259201050e-02,-1.659542769193649292e-01,3.279828932136297226e-03,9.861282110214233398e-01,2.992870211601257324e-01,1.377682387828826904e-01,-1.127091944217681885e-01,1.000000000000000000e+00,0.000000000000000000e+00,4.173373430967330933e-02,-5.698604583740234375e-01,1.029763698577880859e+00,2.509081959724426270e-01,-7.739142980426549911e-03,1.774049699306488037e-01,1.000000000000000000e+00,3.017806448042392731e-02,3.952721953392028809e-01,8.997601866722106934e-01,2.032661586999893188e-01,-2.443498820066452026e-01,-1.680075377225875854e-02,1.000000000000000000e+00,3.461328268051147461e+00,-6.452215313911437988e-01,8.119240403175354004e-01,-2.255934476852416992e-01,5.368187557905912399e-03,2.966139465570449829e-03,1.000000000000000000e+00,2.561132669448852539e+00,2.504190504550933838e-01,9.504724740982055664e-01,-2.230136245489120483e-01,1.428119838237762451e-02,-2.584953419864177704e-02,1.000000000000000000e+00,1.000000000000000000e+00,0.000000000000000000e+00,0.000000000000000000e+00,1.000000000000000000e+00,3.017806448042392731e-02,3.952721953392028809e-01,8.997601866722106934e-01,2.032661586999893188e-01,-2.443498820066452026e-01,-1.680075377225875854e-02,9.803950786590576172e-01,1.317051798105239868e-01,1.465586125850677490e-01,-1.044710874557495117e-01,9.780841469764709473e-01,-1.801040321588516235e-01,-1.670672595500946045e-01,1.612619608640670776e-01,9.726681709289550781e-01,2.461189180612564087e-01,2.328680455684661865e-01,-1.494325548410415649e-01,0.000000000000000000e+00,1.000000000000000000e+00,4.173373430967330933e-02,-5.698604583740234375e-01,1.029763698577880859e+00,2.509081959724426270e-01,-7.739142980426549911e-03,1.774049699306488037e-01,1.000000000000000000e+00,3.017806448042392731e-02,3.952721953392028809e-01,8.997601866722106934e-01,2.032661586999893188e-01,-2.443498820066452026e-01,-1.680075377225875854e-02,1.000000000000000000e+00,3.461328268051147461e+00,-6.452215313911437988e-01,8.119240403175354004e-01,-2.255934476852416992e-01,5.368187557905912399e-03,2.966139465570449829e-03,1.000000000000000000e+00,2.561132669448852539e+00,2.504190504550933838e-01,9.504724740982055664e-01,-2.230136245489120483e-01,1.428119838237762451e-02,-2.584953419864177704e-02,1.000000000000000000e+00,1.000000000000000000e+00,0.000000000000000000e+00,0.000000000000000000e+00,1.000000000000000000e+00,3.461328268051147461e+00,-6.452215313911437988e-01,8.119240403175354004e-01,-2.255934476852416992e-01,5.368187557905912399e-03,2.966139465570449829e-03,-3.772346856929309402e-03,-1.587821015386268186e-01,8.381399713009410508e-04,1.000000000000000000e+00,2.561132669448852539e+00,2.504190504550933838e-01,9.504724740982055664e-01,-2.230136245489120483e-01,1.428119838237762451e-02,-2.584953419864177704e-02,-6.749482238866556100e-03,-1.613537863644822767e-01,1.788780008801151011e-03,1.000000000000000000e+00,5.583203956484794617e-02,1.642119139432907104e-01,-1.000000014901161194e-01,3.713522255420684814e-01,1.999999880790710449e-01,2.000000029802322388e-01,-1.000000014901161194e-01,4.172390103340148926e-01,-3.265380859375000000e-03,-1.538937091827392578e-01,5.004405975341796875e-04,4.133621454238891602e-01,1.444411277770996094e-02,-1.609997749328613281e-01,-2.315521240234375000e-03,4.021729230880737305e-01
2.600000000000000089e-01,4.702764004468917847e-02,-5.700528025627136230e-01,1.033283710479736328e+00,2.813703715801239014e-01,-1.211536861956119537e-02,1.732704043388366699e-01,9.808028340339660645e-01,1.029103472828865051e-01,1.656364351511001587e-01,-9.991618245840072632e-02,9.946474432945251465e-01,-2.633139118552207947e-02,-1.674596220254898071e-01,9.276140481233596802e-03,9.858353734016418457e-01,3.445718884468078613e-01,-6.573763093911111355e-04,-7.079371064901351929e-02,1.000000000000000000e+00,0.000000000000000000e+00,4.702764004468917847e-02,-5.700528025627136230e-01,1.033283710479736328e+00,2.813703715801239014e-01,-1.211536861956119537e-02,1.732704043388366699e-01,1.000000000000000000e+00,3.450029715895652771e-02,3.900688886642456055e-01,8.994457721710205078e-01,2.318785786628723145e-01,-2.795901298522949219e-01,-1.466874126344919205e-02,1.000000000000000000e+00,3.456545829772949219e+00,-6.451079845428466797e-01,8.120083808898925781e-01,-2.556085288524627686e-01,6.057017948478460312e-03,5.803587380796670914e-03,1.000000000000000000e+00,2.556402683258056641e+00,2.507141530513763428e-01,9.499436020851135254e-01,-2.529249191284179688e-01,1.525792200118303299e-02,-2.715301886200904846e-02,1.000000000000000000e+00,1.000000000000000000e+00,0.000000000000000000e+00,0.000000000000000000e+00,1.000000000000000000e+00,3.450029715895652771e-02,3.900688886642456055e-01,8.994457721710205078e-01,2.318785786628723145e-01,-2.795901298522949219e-01,-1.466874126344919205e-02,9.794275760650634766e-01,1.347671896219253540e-01,1.501978933811187744e-01,-1.060699522495269775e-01,9.770053029060363770e-01,-1.849587708711624146e-01,-1.716705262660980225e-01,1.652222424745559692e-01,9.712007045745849609e-01,2.072815299034118652e-01,2.017485797405242920e-01,-9.185399115085601807e-02,0.000000000000000000e+00,1.000000000000000000e+00,4.702764004468917847e-02,-5.700528025627136230e-01,1.033283710479736328e+00,2.813703715801239014e-01,-1.211536861956119537e-02,1.732704043388366699e-01,1.000000000000000000e+00,3.450029715895652771e-02,3.900688886642456055e-01,8.994457721710205078e-01,2.318785786628723145e-01,-2.795901298522949219e-01,-1.466874126344919205e-02,1.000000000000000000e+00,3.456545829772949219e+00,-6.451079845428466797e-01,8.120083808898925781e-01,-2.556085288524627686e-01,6.057017948478460312e-03,5.803587380796670914e-03,1.000000000000000000e+00,2.556402683258056641e+00,2.507141530513763428e-01,9.499436020851135254e-01,-2.529249191284179688e-01,1.525792200118303299e-02,-2.715301886200904846e-02,1.000000000000000000e+00,1.000000000000000000e+00,0.000000000000000000e+00,0.000000000000000000e+00,1.000000000000000000e+00,3.456545829772949219e+00,-6.451079845428466797e-01,8.120083808898925781e-01,-2.556085288524627686e-01,6.057017948478460312e-03,5.803587380796670914e-03,-3.737947972081909903e-03,-1.581435228833314444e-01,7.955750381238363075e-04,1.000000000000000000e+00,2.556402683258056641e+00,2.507141530513763428e-01,9.499436020851135254e-01,-2.529249191284179688e-01,1.525792200118303299e-02,-2.715301886200904846e-02,-4.448913923852731815e-03,-1.613899431178549282e-01,1.301573423617554759e-03,1.000000000000000000e+00,6.455423682928085327e-02,1.447801738977432251e-01,-1.000000014901161194e-01,3.643676936626434326e-01,1.999998986721038818e-01,1.999999731779098511e-01,-1.000000014901161194e-01,4.113471508026123047e-01,-2.720594406127929688e-03,-1.448600292205810547e-01,3.926753997802734375e-04,4.132140576839447021e-01,2.255058288574218750e-02,-1.523118019104003906e-01,-3.422021865844726562e-03,4.017905592918395996e-01
2.800000000000000266e-01,5.292098596692085266e-02,-5.703427791595458984e-01,1.036673784255981445e+00,3.106650114059448242e-01,-1.762867160141468048e-02,1.640199571847915649e-01,9.808934330940246582e-01,1.051598414778709412e-01,1.636758744716644287e-01,-1.010354086756706238e-01,9.943239688873291016e-01,-3.334628418087959290e-02,-1.662535071372985840e-01,1.617208868265151978e-02,9.859505891799926758e-01,3.727786540985107422e-01,-1.376366317272186279e-01,-3.625356405973434448e-02,1.000000000000000000e+00,0.000000000000000000e+00,5.292098596692085266e-02,-5.703427791595458984e-01,1.036673784255981445e+00,3.106650114059448242e-01,-1.762867160141468048e-02,1.640199571847915649e-01,1.000000000000000000e+00,3.939759731292724609e-02,3.841566741466522217e-01,8.991600871086120605e-01,2.607740461826324463e-01,-3.152448832988739014e-01,-1.414739061146974564e-02,1.000000000000000000e+00,3.451166629791259766e+00,-6.449807286262512207e-01,8.121523857116699219e-01,-2.851956188678741455e-01,6.730968598276376724e-03,8.972520008683204651e-03,1.000000000000000000e+00,2.551077127456665039e+00,2.510244250297546387e-01,9.493893980979919434e-01,-2.825035154819488525e-01,1.572479680180549622e-02,-2.835486456751823425e-02,1.000000000000000000e+00,1.000000000000000000e+00,0.000000000000000000e+00,0.000000000000000000e+00,1.000000000000000000e+00,3.939759731292724609e-02,3.841566741466522217e-01,8.991600871086120605e-01,2.607740461826324463e-01,-3.152448832988739014e-01,-1.414739061146974564e-02,9.786412715911865234e-01,1.367783695459365845e-01,1.534707546234130859e-01,-1.067374572157859802e-01,9.761011004447937012e-01,-1.892988681793212891e-01,-1.756949424743652344e-01,1.688745915889739990e-01,9.698520302772521973e-01,1.948125064373016357e-01,1.874524950981140137e-01,-4.920073226094245911e-02,0.000000000000000000e+00,1.000000000000000000e+00,5.292098596692085266e-02,-5.703427791595458984e-01,1.036673784255981445e+00,3.106650114059448242e-01,-1.762867160141468048e-02,1.640199571847915649e-01,1.000000000000000000e+00,3.939759731292724609e-02,3.841566741466522217e-01,8.991600871086120605e-01,2.607740461826324463e-01,-3.152448832988739014e-01,-1.414739061146974564e-02,1.000000000000000000e+00,3.451166629791259766e+00,-6.449807286262512207e-01,8.121523857116699219e-01,-2.851956188678741455e-01,6.730968598276376724e-03,8.972520008683204651e-03,1.000000000000000000e+00,2.551077127456665039e+00,2.510244250297546387e-01,9.493893980979919434e-01,-2.825035154819488525e-01,1.572479680180549622e-02,-2.835486456751823425e-02,1.000000000000000000e+00,1.000000000000000000e+00,0.000000000000000000e+00,0.000000000000000000e+00,1.000000000000000000e+00,3.451166629791259766e+00,-6.449807286262512207e-01,8.121523857116699219e-01,-2.851956188678741455e-01,6.730968598276376724e-03,8.972520008683204651e-03,-3.643618885936719329e-03,-1.563410035855481439e-01,7.406824076443734375e-04,1.000000000000000000e+00,2.551077127456665039e+00,2.510244250297546387e-01,9.493893980979919434e-01,-2.825035154819488525e-01,1.572479680180549622e-02,-2.835486456751823425e-02,-1.385965074938880909e-03,-1.602269634342752269e-01,6.864098455069559193e-04,1.000000000000000000e+00,6.812450289726257324e-02,1.263151466846466064e-01,-1.000000014901161194e-01,3.638317286968231201e-01,2.000000029802322388e-01,2.000000029802322388e-01,-1.000000014901161194e-01,4.058955609798431396e-01,-2.013683319091796875e-03,-1.360552310943603516e-01,2.732276916503906250e-04,4.128569960594177246e-01,3.168892860412597656e-02,-1.437284946441650391e-01,-4.540443420410156250e-03,4.013842344284057617e-01
2.999999999999999889e-01,5.938702076673507690e-02,-5.707534551620483398e-01,1.039839744567871094e+00,3.384458124637603760e-01,-2.429099567234516144e-02,1.506855785846710205e-01,9.814743995666503906e-01,1.068121939897537231e-01,1.590575426816940308e-01,-1.016357988119125366e-01,9.940029382705688477e-01,-4.035456106066703796e-02,-1.624139994382858276e-01,2.344102784991264343e-02,9.864442944526672363e-01,3.644732832908630371e-01,-2.629630863666534424e-01,-8.516246452927589417e-03,1.000000000000000000e+00,0.000000000000000000e+00,5.938702076673507690e-02,-5.707534551620483398e-01,1.039839744567871094e+00,3.384458124637603760e-01,-2.429099567234516144e-02,1.506855785846710205e-01,1.000000000000000000e+00,4.487437009811401367e-02,3.775289058685302734e-01,8.988677859306335449e-01,2.898239493370056152e-01,-3.511563539505004883e-01,-1.556866709142923355e-02,1.000000000000000000e+00,3.445200920104980469e+00,-6.448403000831604004e-01,8.123624920845031738e-01,-3.141885697841644287e-01,7.378534879535436630e-03,1.243275031447410583e-02,1.000000000000000000e+00,2.545164585113525391e+00,2.513384521007537842e-01,9.488122463226318359e-01,-3.115857541561126709e-01,1.553965080529451370e-02,-2.945245988667011261e-02,1.000000000000000000e+00,1.000000000000000000e+00,0.000000000000000000e+00,0.000000000000000000e+00,1.000000000000000000e+00,4.487437009811401367e-02,3.775289058685302734e-01,8.988677859306335449e-01,2.898239493370056152e-01,-3.511563539505004883e-01,-1.556866709142923355e-02,9.779883623123168945e-01,1.380403637886047363e-01,1.564728617668151855e-01,-1.067237108945846558e-01,9.753046035766601562e-01,-1.933680027723312378e-01,-1.793012619018554688e-01,1.724122911691665649e-01,9.685686826705932617e-01,1.795124113559722900e-01,1.692302972078323364e-01,-1.871309056878089905e-02,0.000000000000000000e+00,1.000000000000000000e+00,5.938702076673507690e-02,-5.707534551620483398e-01,1.039839744567871094e+00,3.384458124637603760e-01,-2.429099567234516144e-02,1.506855785846710205e-01,1.000000000000000000e+00,4.487437009811401367e-02,3.775289058685302734e-01,8.988677859306335449e-01,2.898239493370056152e-01,-3.511563539505004883e-01,-1.556866709142923355e-02,1.000000000000000000e+00,3.445200920104980469e+00,-6.448403000831604004e-01,8.123624920845031738e-01,-3.141885697841644287e-01,7.378534879535436630e-03,1.243275031447410583e-02,1.000000000000000000e+00,2.545164585113525391e+00,2.513384521007537842e-01,9.488122463226318359e-01,-3.115857541561126709e-01,1.553965080529451370e-02,-2.945245988667011261e-02,1.000000000000000000e+00,1.000000000000000000e+00,0.000000000000000000e+00,0.000000000000000000e+00,1.000000000000000000e+00,3.445200920104980469e+00,-6.448403000831604004e-01,8.123624920845031738e-01,-3.141885697841644287e-01,7.378534879535436630e-03,1.243275031447410583e-02,-3.489010202963228544e-03,-1.540417086982899253e-01,6.762204173132967122e-04,1.000000000000000000e+00,2.545164585113525391e+00,2.513384521007537842e-01,9.488122463226318359e-01,-3.115857541561126709e-01,1.553965080529451370e-02,-2.945245988667011261e-02,2.438653346603541702e-03,-1.585136246987437492e-01,-4.235831041462384539e-05,1.000000000000000000e+00,6.757434457540512085e-02,1.131329759955406189e-01,-1.000000014901161194e-01,3.657774329185485840e-01,1.999999880790710449e-01,1.999999880790710449e-01,-1.000000014901161194e-01,4.007159769535064697e-01,-1.116752624511718750e-03,-1.275241374969482422e-01,1.420974731445312500e-04,4.122869372367858887e-01,4.182839393615722656e-02,-1.352941989898681641e-01,-5.645036697387695312e-03,4.009205400943756104e-01
3.200000000000000067e-01,6.639336049556732178e-02,-5.713071823120117188e-01,1.042711973190307617e+00,3.644957244396209717e-01,-3.202354907989501953e-02,1.345749497413635254e-01,9.824283123016357422e-01,1.078567877411842346e-01,1.523206681013107300e-01,-1.018725410103797913e-01,9.937062263488769531e-01,-4.658259078860282898e-02,-1.563862413167953491e-01,3.024676069617271423e-02,9.872327446937561035e-01,3.135886490345001221e-01,-3.484871089458465576e-01,1.202684082090854645e-02,1.000000000000000000e+00,0.000000000000000000e+00,6.639336049556732178e-02,-5.713071823120117188e-01,1.042711973190307617e+00,3.644957244396209717e-01,-3.202354907989501953e-02,1.345749497413635254e-01,1.000000000000000000e+00,5.093273147940635681e-02,3.701815009117126465e-01,8.985281586647033691e-01,3.189193010330200195e-01,-3.871986269950866699e-01,-1.910934597253799438e-02,1.000000000000000000e+00,3.438661098480224609e+00,-6.446871161460876465e-01,8.126437664031982422e-01,-3.424830734729766846e-01,7.986250333487987518e-03,1.608837209641933441e-02,1.000000000000000000e+00,2.538675308227539062e+00,2.516418099403381348e-01,9.482138156890869141e-01,-3.400641083717346191e-01,1.455805357545614243e-02,-3.049082495272159576e-02,1.000000000000000000e+00,1.000000000000000000e+00,0.000000000000000000e+00,0.000000000000000000e+00,1.000000000000000000e+00,5.093273147940635681e-02,3.701815009117126465e-01,8.985281586647033691e-01,3.189193010330200195e-01,-3.871986269950866699e-01,-1.910934597253799438e-02,9.774652719497680664e-01,1.387413144111633301e-01,1.590989381074905396e-01,-1.062748730182647705e-01,9.746280908584594727e-01,-1.969917863607406616e-01,-1.823931783437728882e-01,1.756444126367568970e-01,9.674098491668701172e-01,1.537414789199829102e-01,1.438339352607727051e-01,2.100088167935609818e-03,0.000000000000000000e+00,1.000000000000000000e+00,6.639336049556732178e-02,-5.713071823120117188e-01,1.042711973190307617e+00,3.644957244396209717e-01,-3.202354907989501953e-02,1.345749497413635254e-01,1.000000000000000000e+00,5.093273147940635681e-02,3.701815009117126465e-01,8.985281586647033691e-01,3.189193010330200195e-01,-3.871986269950866699e-01,-1.910934597253799438e-02,1.000000000000000000e+00,3.438661098480224609e+00,-6.446871161460876465e-01,8.126437664031982422e-01,-3.424830734729766846e-01,7.986250333487987518e-03,1.608837209641933441e-02,1.000000000000000000e+00,2.538675308227539062e+00,2.516418099403381348e-01,9.482138156890869141e-01,-3.400641083717346191e-01,1.455805357545614243e-02,-3.049082495272159576e-02,1.000000000000000000e+00,1.000000000000000000e+00,0.000000000000000000e+00,0.000000000000000000e+00,1.000000000000000000e+00,3.438661098480224609e+00,-6.446871161460876465e-01,8.126437664031982422e-01,-3.424830734729766846e-01,7.986250333487987518e-03,1.608837209641933441e-02,-3.255913621281580472e-03,-1.512387770278429411e-01,6.018725041997173911e-04,1.000000000000000000e+00,2.538675308227539062e+00,2.516418099403381348e-01,9.482138156890869141e-01,-3.400641083717346191e-01,1.455805357545614243e-02,-3.049082495272159576e-02,7.059696491635085794e-03,-1.562096381786746147e-01,-8.800643450971468856e-04,1.000000000000000000e+00,6.416048109531402588e-02,9.792058914899826050e-02,-1.000000014901161194e-01,3.699659109115600586e-01,1.999999433755874634e-01,1.999999582767486572e-01,-1.000000014901161194e-01,3.962659537792205811e-01,-1.120567321777343750e-05,-1.192798614501953125e-01,1.430511474609375000e-06,4.115289449691772461e-01,5.293250083923339844e-02,-1.270298957824707031e-01,-6.712198257446289062e-03,4.003706276416778564e-01
3.400000000000000244e-01,7.390438765287399292e-02,-5.720239281654357910e-01,1.045246243476867676e+00,3.887342512607574463e-01,-4.063830152153968811e-02,1.169165968894958496e-01,9.835704565048217773e-01,1.083074659109115601e-01,1.444256156682968140e-01,-1.018518805503845215e-01,9.934714436531066895e-01,-5.138889327645301819e-02,-1.490485221147537231e-01,3.583457693457603455e-02,9.881804585456848145e-01,2.358422726392745972e-01,-3.949450850486755371e-01,2.697533182799816132e-02,1.000000000000000000e+00,0.000000000000000000e+00,7.390438765287399292e-02,-5.720239281654357910e-01,1.045246243476867676e+00,3.887342512607574463e-01,-4.063830152153968811e-02,1.169165968894958496e-01,1.000000000000000000e+00,5.757261067628860474e-02,3.621130585670471191e-01,8.980982303619384766e-01,3.479529023170471191e-01,-4.232334792613983154e-01,-2.480883523821830750e-02,1.000000000000000000e+00,3.431562662124633789e+00,-6.445223093032836914e-01,8.129993081092834473e-01,-3.699434399604797363e-01,8.536185137927532196e-03,1.985039561986923218e-02,1.000000000000000000e+00,2.531623125076293945e+00,2.519173026084899902e-01,9.475947618484497070e-01,-3.677965998649597168e-01,1.262803934514522552e-02,-3.151232749223709106e-02,1.000000000000000000e+00,1.000000000000000000e+00,0.000000000000000000e+00,0.000000000000000000e+00,1.000000000000000000e+00,5.757261067628860474e-02,3.621130585670471191e-01,8.980982303619384766e-01,3.479529023170471191e-01,-4.232334792613983154e-01,-2.480883523821830750e-02,9.770663976669311523e-01,1.390238106250762939e-01,1.612884700298309326e-01,-1.055824756622314453e-01,9.740874171257019043e-01,-2.000158876180648804e-01,-1.849160194396972656e-01,1.783995479345321655e-01,9.664264321327209473e-01,1.255660951137542725e-01,1.183143183588981628e-01,1.542005408555269241e-02,0.000000000000000000e+00,1.000000000000000000e+00,7.390438765287399292e-02,-5.720239281654357910e-01,1.045246243476867676e+00,3.887342512607574463e-01,-4.063830152153968811e-02,1.169165968894958496e-01,1.000000000000000000e+00,5.757261067628860474e-02,3.621130585670471191e-01,8.980982303619384766e-01,3.479529023170471191e-01,-4.232334792613983154e-01,-2.480883523821830750e-02,1.000000000000000000e+00,3.431562662124633789e+00,-6.445223093032836914e-01,8.129993081092834473e-01,-3.699434399604797363e-01,8.536185137927532196e-03,1.985039561986923218e-02,1.000000000000000000e+00,2.531623125076293945e+00,2.519173026084899902e-01,9.475947618484497070e-01,-3.677965998649597168e-01,1.262803934514522552e-02,-3.151232749223709106e-02,1.000000000000000000e+00,1.000000000000000000e+00,0.000000000000000000e+00,0.000000000000000000e+00,1.000000000000000000e+00,3.431562662124633789e+00,-6.445223093032836914e-01,8.129993081092834473e-01,-3.699434399604797363e-01,8.536185137927532196e-03,1.985039561986923218e-02,-2.918793164397312859e-03,-1.476696421747112353e-01,5.164579516810758556e-04,1.000000000000000000e+00,2.531623125076293945e+00,2.519173026084899902e-01,9.475947618484497070e-01,-3.677965998649597168e-01,1.262803934514522552e-02,-3.151232749223709106e-02,1.252721728137930375e-02,-1.530531885340522535e-01,-1.814617982831718060e-03,1.000000000000000000e+00,5.983823537826538086e-02,8.406727761030197144e-02,-1.000000014901161194e-01,3.759393393993377686e-01,2.000000029802322388e-01,2.000000029802322388e-01,-1.000000014901161194e-01,3.923503160476684570e-01,1.305580139160156250e-03,-1.113407611846923828e-01,-1.449584960937500000e-04,4.106254279613494873e-01,6.494641304016113281e-02,-1.189601421356201172e-01,-7.718563079833984375e-03,3.997162878513336182e-01
3.599999999999999867e-01,8.188413083553314209e-02,-5.729191303253173828e-01,1.047421455383300781e+00,4.112004637718200684e-01,-4.988285154104232788e-02,9.881464391946792603e-02,9.847894906997680664e-01,1.082283556461334229e-01,1.359277367591857910e-01,-1.016412973403930664e-01,9.933260679244995117e-01,-5.451987311244010925e-02,-1.409211456775665283e-01,3.987472876906394958e-02,9.892175197601318359e-01,1.565442681312561035e-01,-4.282347857952117920e-01,3.797002881765365601e-02,1.000000000000000000e+00,0.000000000000000000e+00,8.188413083553314209e-02,-5.729191303253173828e-01,1.047421455383300781e+00,4.112004637718200684e-01,-4.988285154104232788e-02,9.881464391946792603e-02,1.000000000000000000e+00,6.479194015264511108e-02,3.533249199390411377e-01,8.975354433059692383e-01,3.768363893032073975e-01,-4.591349959373474121e-01,-3.259657695889472961e-02,1.000000000000000000e+00,3.423923969268798828e+00,-6.443472504615783691e-01,8.134304285049438477e-01,-3.963944613933563232e-01,9.005849249660968781e-03,2.363623864948749542e-02,1.000000000000000000e+00,2.524024248123168945e+00,2.521444857120513916e-01,9.469552040100097656e-01,-3.946062326431274414e-01,9.589581750333309174e-03,-3.255153447389602661e-02,1.000000000000000000e+00,1.000000000000000000e+00,0.000000000000000000e+00,0.000000000000000000e+00,1.000000000000000000e+00,6.479194015264511108e-02,3.533249199390411377e-01,8.975354433059692383e-01,3.768363893032073975e-01,-4.591349959373474121e-01,-3.259657695889472961e-02,9.767667651176452637e-01,1.390199959278106689e-01,1.630955040454864502e-01,-1.047689467668533325e-01,9.736652374267578125e-01,-2.024832516908645630e-01,-1.869496405124664307e-01,1.806915551424026489e-01,9.656088352203369141e-01,1.033848300576210022e-01,9.852084517478942871e-02,2.310316450893878937e-02,0.000000000000000000e+00,1.000000000000000000e+00,8.188413083553314209e-02,-5.729191303253173828e-01,1.047421455383300781e+00,4.112004637718200684e-01,-4.988285154104232788e-02,9.881464391946792603e-02,1.000000000000000000e+00,6.479194015264511108e-02,3.533249199390411377e-01,8.975354433059692383e-01,3.768363893032073975e-01,-4.591349959373474121e-01,-3.259657695889472961e-02,1.000000000000000000e+00,3.423923969268798828e+00,-6.443472504615783691e-01,8.134304285049438477e-01,-3.963944613933563232e-01,9.005849249660968781e-03,2.363623864948749542e-02,1.000000000000000000e+00,2.524024248123168945e+00,2.521444857120513916e-01,9.469552040100097656e-01,-3.946062326431274414e-01,9.589581750333309174e-03,-3.255153447389602661e-02,1.000000000000000000e+00,1.000000000000000000e+00,0.000000000000000000e+00,0.000000000000000000e+00,1.000000000000000000e+00,3.423923969268798828e+00,-6.443472504615783691e-01,8.134304285049438477e-01,-3.963944613933563232e-01,9.005849249660968781e-03,2.363623864948749542e-02,-2.457228631735083185e-03,-1.432441508014143938e-01,4.188555823358985648e-04,1.000000000000000000e+00,2.524024248123168945e+00,2.521444857120513916e-01,9.469552040100097656e-01,-3.946062326431274414e-01,9.589581750333309174e-03,-3.255153447389602661e-02,1.887872507263740549e-02,-1.489802518954324029e-01,-2.825892435936096236e-03,1.000000000000000000e+00,5.452924966812133789e-02,7.070897519588470459e-02,-1.000000014901161194e-01,3.832010030746459961e-01,1.999984532594680786e-01,1.999999731779098511e-01,-1.000000014901161194e-01,3.894290626049041748e-01,2.819538116455078125e-03,-1.037352085113525391e-01,-2.920627593994140625e-04,4.096273779869079590e-01,7.779765129089355469e-02,-1.111147403717041016e-01,-8.643865585327148438e-03,3.989455103874206543e-01
3.800000000000000044e-01,9.029766172170639038e-02,-5.740029811859130859e-01,1.049237728118896484e+00,4.319490194320678711e-01,-5.950409173965454102e-02,8.121259510517120361e-02,9.860426783561706543e-01,1.077290326356887817e-01,1.269421726465225220e-01,-1.012954860925674438e-01,9.932729005813598633e-01,-5.610947683453559875e-02,-1.321328431367874146e-01,4.246767237782478333e-02,9.903219342231750488e-01,8.922847360372543335e-02,-4.601552486419677734e-01,4.598142206668853760e-02,1.000000000000000000e+00,0.000000000000000000e+00,9.029766172170639038e-02,-5.740029811859130859e-01,1.049237728118896484e+00,4.319490194320678711e-01,-5.950409173965454102e-02,8.121259510517120361e-02,1.000000000000000000e+00,7.258715480566024780e-02,3.438206911087036133e-01,8.967990279197692871e-01,4.055160582065582275e-01,-4.948209524154663086e-01,-4.232005402445793152e-02,1.000000000000000000e+00,3.415766239166259766e+00,-6.441636681556701660e-01,8.139368891716003418e-01,-4.216720163822174072e-01,9.369473904371261597e-03,2.736351825296878815e-02,1.000000000000000000e+00,2.515898704528808594e+00,2.522997260093688965e-01,9.462944269180297852e-01,-4.203300178050994873e-01,5.279072560369968414e-03,-3.365327790379524231e-02,1.000000000000000000e+00,1.000000000000000000e+00,0.000000000000000000e+00,0.000000000000000000e+00,1.000000000000000000e+00,7.258715480566024780e-02,3.438206911087036133e-01,8.967990279197692871e-01,4.055160582065582275e-01,-4.948209524154663086e-01,-4.232005402445793152e-02,9.765349030494689941e-01,1.388470530509948730e-01,1.646236777305603027e-01,-1.039081066846847534e-01,9.733257293701171875e-01,-2.045484334230422974e-01,-1.886334121227264404e-01,1.826429516077041626e-01,9.649139642715454102e-01,8.856441080570220947e-02,8.472561091184616089e-02,2.668514102697372437e-02,0.000000000000000000e+00,1.000000000000000000e+00,9.029766172170639038e-02,-5.740029811859130859e-01,1.049237728118896484e+00,4.319490194320678711e-01,-5.950409173965454102e-02,8.121259510517120361e-02,1.000000000000000000e+00,7.258715480566024780e-02,3.438206911087036133e-01,8.967990279197692871e-01,4.055160582065582275e-01,-4.948209524154663086e-01,-4.232005402445793152e-02,1.000000000000000000e+00,3.415766239166259766e+00,-6.441636681556701660e-01,8.139368891716003418e-01,-4.216720163822174072e-01,9.369473904371261597e-03,2.736351825296878815e-02,1.000000000000000000e+00,2.515898704528808594e+00,2.522997260093688965e-01,9.462944269180297852e-01,-4.203300178050994873e-01,5.279072560369968414e-03,-3.365327790379524231e-02,1.000000000000000000e+00,1.000000000000000000e+00,0.000000000000000000e+00,0.000000000000000000e+00,1.000000000000000000e+00,3.415766239166259766e+00,-6.441636681556701660e-01,8.139368891716003418e-01,-4.216720163822174072e-01,9.369473904371261597e-03,2.736351825296878815e-02,-1.856616338370045260e-03,-1.381523869806531302e-01,3.085062625977517611e-04,1.000000000000000000e+00,2.515898704528808594e+00,2.522997260093688965e-01,9.462944269180297852e-01,-4.203300178050994873e-01,5.279072560369968414e-03,-3.365327790379524231e-02,2.612246027774870957e-02,-1.441867883907350656e-01,-3.894018738919965972e-03,1.000000000000000000e+00,4.956880956888198853e-02,6.013212352991104126e-02,-1.000000014901161194e-01,3.896629810333251953e-01,1.999993026256561279e-01,2.000000029802322388e-01,-1.000000014901161194e-01,3.868086040019989014e-01,4.506587982177734375e-03,-9.648871421813964844e-02,-4.341602325439453125e-04,4.085853993892669678e-01,9.140968322753906250e-02,-1.035161018371582031e-01,-9.471654891967773438e-03,3.980501890182495117e-01
4.000000000000000222e-01,9.911081939935684204e-02,-5.752809643745422363e-01,1.050711870193481445e+00,4.509887695312500000e-01,-6.928274780511856079e-02,6.481773406267166138e-02,9.872994422912597656e-01,1.069393828511238098e-01,1.174903288483619690e-01,-1.008730456233024597e-01,9.932974576950073242e-01,-5.643623694777488708e-02,-1.227380856871604919e-01,4.386785253882408142e-02,9.914692044258117676e-01,3.672552481293678284e-02,-4.843886494636535645e-01,4.958169162273406982e-02,1.000000000000000000e+00,0.000000000000000000e+00,9.911081939935684204e-02,-5.752809643745422363e-01,1.050711870193481445e+00,4.509887695312500000e-01,-6.928274780511856079e-02,6.481773406267166138e-02,1.000000000000000000e+00,8.095395565032958984e-02,3.336049318313598633e-01,8.958522677421569824e-01,4.339682161808013916e-01,-5.302532315254211426e-01,-5.378447845578193665e-02,1.000000000000000000e+00,3.407114982604980469e+00,-6.439740061759948730e-01,8.145167231559753418e-01,-4.456688165664672852e-01,9.599225595593452454e-03,3.096123971045017242e-02,1.000000000000000000e+00,2.507269144058227539e+00,2.523560523986816406e-01,9.456106424331665039e-01,-4.448557794094085693e-01,-4.638987593352794647e-04,-3.487367555499076843e-02,1.000000000000000000e+00,1.000000000000000000e+00,0.000000000000000000e+00,0.000000000000000000e+00,1.000000000000000000e+00,8.095395565032958984e-02,3.336049318313598633e-01,8.958522677421569824e-01,4.339682161808013916e-01,-5.302532315254211426e-01,-5.378447845578193665e-02,9.763467311859130859e-01,1.385919898748397827e-01,1.659501343965530396e-01,-1.030508428812026978e-01,9.730389118194580078e-01,-2.063393890857696533e-01,-1.900729089975357056e-01,1.843574643135070801e-01,9.643053412437438965e-01,7.775021344423294067e-02,7.405627518892288208e-02,2.740347571671009064e-02,0.000000000000000000e+00,1.000000000000000000e+00,9.911081939935684204e-02,-5.752809643745422363e-01,1.050711870193481445e+00,4.509887695312500000e-01,-6.928274780511856079e-02,6.481773406267166138e-02,1.000000000000000000e+00,8.095395565032958984e-02,3.336049318313598633e-01,8.958522677421569824e-01,4.339682161808013916e-01,-5.302532315254211426e-01,-5.378447845578193665e-02,1.000000000000000000e+00,3.407114982604980469e+00,-6.439740061759948730e-01,8.145167231559753418e-01,-4.456688165664672852e-01,9.599225595593452454e-03,3.096123971045017242e-02,1.000000000000000000e+00,2.507269144058227539e+00,2.523560523986816406e-01,9.456106424331665039e-01,-4.448557794094085693e-01,-4.638987593352794647e-04,-3.487367555499076843e-02,1.000000000000000000e+00,1.000000000000000000e+00,0.000000000000000000e+00,0.000000000000000000e+00,1.000000000000000000e+00,3.407114982604980469e+00,-6.439740061759948730e-01,8.145167231559753418e-01,-4.456688165664672852e-01,9.599225595593452454e-03,3.096123971045017242e-02,-1.108878344750472301e-03,-1.326899700852748332e-01,1.866133509539173729e-04,1.000000000000000000e+00,2.507269144058227539e+00,2.523560523986816406e-01,9.456106424331665039e-01,-4.448557794094085693e-01,-4.638987593352794647e-04,-3.487367555499076843e-02,3.423636838343568911e-02,-1.389456792628078752e-01,-5.000197046454818786e-03,1.000000000000000000e+00,4.591379314661026001e-02,5.145576596260070801e-02,-1.000000014901161194e-01,3.964901864528656006e-01,1.999998241662979126e-01,2.000000029802322388e-01,-1.000000014901161194e-01,3.847633302211761475e-01,6.335496902465820312e-03,-8.961319923400878906e-02,-5.669593811035156250e-04,4.075438380241394043e-01,1.057088375091552734e-01,-9.616732597351074219e-02,-1.018762588500976562e-02,3.970264792442321777e-01
4.199999999999999845e-01,1.082892492413520813e-01,-5.767546296119689941e-01,1.051872491836547852e+00,4.683012664318084717e-01,-7.904288172721862793e-02,5.010425671935081482e-02,9.885051250457763672e-01,1.059978976845741272e-01,1.078063920140266418e-01,-1.004307940602302551e-01,9.933761954307556152e-01,-5.583561584353446960e-02,-1.130107417702674866e-01,4.436670616269111633e-02,9.926028251647949219e-01,6.669297581538558006e-04,-4.888468086719512939e-01,4.947132989764213562e-02,1.000000000000000000e+00,0.000000000000000000e+00,1.082892492413520813e-01,-5.767546296119689941e-01,1.051872491836547852e+00,4.683012664318084717e-01,-7.904288172721862793e-02,5.010425671935081482e-02,1.000000000000000000e+00,8.988767117261886597e-02,3.226829171180725098e-01,8.946619629859924316e-01,4.621836543083190918e-01,-5.654167532920837402e-01,-6.679266691207885742e-02,1.000000000000000000e+00,3.397995233535766602e+00,-6.437811851501464844e-01,8.151670098304748535e-01,-4.683353006839752197e-01,9.666775353252887726e-03,3.436949104070663452e-02,1.000000000000000000e+00,2.498160362243652344e+00,2.522835135459899902e-01,9.449008703231811523e-01,-4.681201577186584473e-01,-7.791394367814064026e-03,-3.628174588084220886e-02,1.000000000000000000e+00,1.000000000000000000e+00,0.000000000000000000e+00,0.000000000000000000e+00,1.000000000000000000e+00,8.988767117261886597e-02,3.226829171180725098e-01,8.946619629859924316e-01,4.621836543083190918e-01,-5.654167532920837402e-01,-6.679266691207885742e-02,9.761896729469299316e-01,1.383088678121566772e-01,1.671061515808105469e-01,-1.022372245788574219e-01,9.727908372879028320e-01,-2.079078257083892822e-01,-1.913148164749145508e-01,1.858730018138885498e-01,9.637686610221862793e-01,6.778455525636672974e-02,6.419664621353149414e-02,2.622940577566623688e-02,0.000000000000000000e+00,1.000000000000000000e+00,1.082892492413520813e-01,-5.767546296119689941e-01,1.051872491836547852e+00,4.683012664318084717e-01,-7.904288172721862793e-02,5.010425671935081482e-02,1.000000000000000000e+00,8.988767117261886597e-02,3.226829171180725098e-01,8.946619629859924316e-01,4.621836543083190918e-01,-5.654167532920837402e-01,-6.679266691207885742e-02,1.000000000000000000e+00,3.397995233535766602e+00,-6.437811851501464844e-01,8.151670098304748535e-01,-4.683353006839752197e-01,9.666775353252887726e-03,3.436949104070663452e-02,1.000000000000000000e+00,2.498160362243652344e+00,2.522835135459899902e-01,9.449008703231811523e-01,-4.681201577186584473e-01,-7.791394367814064026e-03,-3.628174588084220886e-02,1.000000000000000000e+00,1.000000000000000000e+00,0.000000000000000000e+00,0.000000000000000000e+00,1.000000000000000000e+00,3.397995233535766602e+00,-6.437811851501464844e-01,8.151670098304748535e-01,-4.683353006839752197e-01,9.666775353252887726e-03,3.436949104070663452e-02,-2.139877896933420863e-04,-1.270611188522905444e-01,5.499825562683106775e-05,1.000000000000000000e+00,2.498160362243652344e+00,2.522835135459899902e-01,9.449008703231811523e-01,-4.681201577186584473e-01,-7.791394367814064026e-03,-3.628174588084220886e-02,4.318533411589044191e-02,-1.334407867411442350e-01,-6.125332018323170064e-03,1.000000000000000000e+00,4.210345447063446045e-02,4.280796647071838379e-02,-1.000000014901161194e-01,4.031797051429748535e-01,1.999999582767486572e-01,2.000000029802322388e-01,-1.000000014901161194e-01,3.842760324478149414e-01,8.272409439086914062e-03,-8.310937881469726562e-02,-6.866455078125000000e-04,4.065414667129516602e-01,1.206231117248535156e-01,-8.905577659606933594e-02,-1.077985763549804688e-02,3.958752751350402832e-01
4.400000000000000022e-01,1.177984625101089478e-01,-5.784223675727844238e-01,1.052757143974304199e+00,4.839020371437072754e-01,-8.866531401872634888e-02,3.743942826986312866e-02,9.896035194396972656e-01,1.050174906849861145e-01,9.826693683862686157e-02,-1.000014320015907288e-01,9.934847354888916016e-01,-5.466245487332344055e-02,-1.033672019839286804e-01,4.426732286810874939e-02,9.936577677726745605e-01,-2.221047133207321167e-02,-4.748047292232513428e-01,4.678451642394065857e-02,1.000000000000000000e+00,0.000000000000000000e+00,1.177984625101089478e-01,-5.784223675727844238e-01,1.052757143974304199e+00,4.839020371437072754e-01,-8.866531401872634888e-02,3.743942826986312866e-02,1.000000000000000000e+00,9.938360005617141724e-02,3.110600709915161133e-01,8.931994438171386719e-01,4.901720285415649414e-01,-6.003208160400390625e-01,-8.107077330350875854e-02,1.000000000000000000e+00,3.388434171676635742e+00,-6.435886025428771973e-01,8.158833384513854980e-01,-4.896532297134399414e-01,9.544736705720424652e-03,3.753893077373504639e-02,1.000000000000000000e+00,2.488598108291625977e+00,2.520491480827331543e-01,9.441605806350708008e-01,-4.900861084461212158e-01,-1.684560067951679230e-02,-3.795597702264785767e-02,1.000000000000000000e+00,1.000000000000000000e+00,0.000000000000000000e+00,0.000000000000000000e+00,1.000000000000000000e+00,9.938360005617141724e-02,3.110600709915161133e-01,8.931994438171386719e-01,4.901720285415649414e-01,-6.003208160400390625e-01,-8.107077330350875854e-02,9.760588407516479492e-01,1.380280703306198120e-01,1.681002378463745117e-01,-1.014961451292037964e-01,9.725782275199890137e-01,-2.092613726854324341e-01,-1.923745572566986084e-01,1.871898621320724487e-01,9.633027911186218262e-01,5.789119750261306763e-02,5.472141876816749573e-02,2.390391565859317780e-02,0.000000000000000000e+00,1.000000000000000000e+00,1.177984625101089478e-01,-5.784223675727844238e-01,1.052757143974304199e+00,4.839020371437072754e-01,-8.866531401872634888e-02,3.743942826986312866e-02,1.000000000000000000e+00,9.938360005617141724e-02,3.110600709915161133e-01,8.931994438171386719e-01,4.901720285415649414e-01,-6.003208160400390625e-01,-8.107077330350875854e-02,1.000000000000000000e+00,3.388434171676635742e+00,-6.435886025428771973e-01,8.158833384513854980e-01,-4.896532297134399414e-01,9.544736705720424652e-03,3.753893077373504639e-02,1.000000000000000000e+00,2.488598108291625977e+00,2.520491480827331543e-01,9.441605806350708008e-01,-4.900861084461212158e-01,-1.684560067951679230e-02,-3.795597702264785767e-02,1.000000000000000000e+00,1.000000000000000000e+00,0.000000000000000000e+00,0.000000000000000000e+00,1.000000000000000000e+00,3.388434171676635742e+00,-6.435886025428771973e-01,8.158833384513854980e-01,-4.896532297134399414e-01,9.544736705720424652e-03,3.753893077373504639e-02,8.225793395311841328e-04,-1.213353130104544153e-01,-8.453166729744781551e-05,1.000000000000000000e+00,2.488598108291625977e+00,2.520491480827331543e-01,9.441605806350708008e-01,-4.900861084461212158e-01,-1.684560067951679230e-02,-3.795597702264785767e-02,5.293581570119985924e-02,-1.277369654041771163e-01,-7.246978545331111271e-03,1.000000000000000000e+00,3.853254020214080811e-02,3.331985697150230408e-02,-1.000000014901161194e-01,4.092148244380950928e-01,1.999998241662979126e-01,2.000000029802322388e-01,-1.000000014901161194e-01,3.842728435993194580e-01,1.028394699096679688e-02,-7.697033882141113281e-02,-7.908344268798828125e-04,4.056178033351898193e-01,1.360797882080078125e-01,-8.215880393981933594e-02,-1.123642921447753906e-02,3.946120142936706543e-01
4.600000000000000200e-01,1.276046633720397949e-01,-5.802807807922363281e-01,1.053408741950988770e+00,4.978454709053039551e-01,-9.807695448398590088e-02,2.706187218427658081e-02,9.905717968940734863e-01,1.040684878826141357e-01,8.909239619970321655e-02,-9.960852563381195068e-02,9.936071038246154785e-01,-5.313355103135108948e-02,-9.405236691236495972e-02,4.375823214650154114e-02,9.946051836013793945e-01,-3.946491703391075134e-02,-4.580211937427520752e-01,4.262900725007057190e-02,1.000000000000000000e+00,0.000000000000000000e+00,1.276046633720397949e-01,-5.802807807922363281e-01,1.053408741950988770e+00,4.978454709053039551e-01,-9.807695448398590088e-02,2.706187218427658081e-02,1.000000000000000000e+00,1.094374209642410278e-01,2.987413108348846436e-01,8.914423584938049316e-01,5.179563760757446289e-01,-6.349905729293823242e-01,-9.628878533840179443e-02,1.000000000000000000e+00,3.378458976745605469e+00,-6.434003710746765137e-01,8.166607618331909180e-01,-5.096146464347839355e-01,9.207387454807758331e-03,4.043721035122871399e-02,1.000000000000000000e+00,2.478608369827270508e+00,2.516171634197235107e-01,9.433838129043579102e-01,-5.107249617576599121e-01,-2.775943279266357422e-02,-3.997919708490371704e-02,1.000000000000000000e+00,1.000000000000000000e+00,0.000000000000000000e+00,0.000000000000000000e+00,1.000000000000000000e+00,1.094374209642410278e-01,2.987413108348846436e-01,8.914423584938049316e-01,5.179563760757446289e-01,-6.349905729293823242e-01,-9.628878533840179443e-02,9.759498238563537598e-01,1.377675831317901611e-01,1.689437776803970337e-01,-1.008430197834968567e-01,9.723985195159912109e-01,-2.104087918996810913e-01,-1.932681947946548462e-01,1.883116215467453003e-01,9.629050493240356445e-01,4.884419590234756470e-02,4.626178368926048279e-02,2.097493037581443787e-02,0.000000000000000000e+00,1.000000000000000000e+00,1.276046633720397949e-01,-5.802807807922363281e-01,1.053408741950988770e+00,4.978454709053039551e-01,-9.807695448398590088e-02,2.706187218427658081e-02,1.000000000000000000e+00,1.094374209642410278e-01,2.987413108348846436e-01,8.914423584938049316e-01,5.179563760757446289e-01,-6.349905729293823242e-01,-9.628878533840179443e-02,1.000000000000000000e+00,3.378458976745605469e+00,-6.434003710746765137e-01,8.166607618331909180e-01,-5.096146464347839355e-01,9.207387454807758331e-03,4.043721035122871399e-02,1.000000000000000000e+00,2.478608369827270508e+00,2.516171634197235107e-01,9.433838129043579102e-01,-5.107249617576599121e-01,-2.775943279266357422e-02,-3.997919708490371704e-02,1.000000000000000000e+00,1.000000000000000000e+00,0.000000000000000000e+00,0.000000000000000000e+00,1.000000000000000000e+00,3.378458976745605469e+00,-6.434003710746765137e-01,8.166607618331909180e-01,-5.096146464347839355e-01,9.207387454807758331e-03,4.043721035122871399e-02,1.993812944137488864e-03,-1.155244639520569550e-01,-2.290840665590111822e-04,1.000000000000000000e+00,2.478608369827270508e+00,2.516171634197235107e-01,9.433838129043579102e-01,-5.107249617576599121e-01,-2.775943279266357422e-02,-3.997919708490371704e-02,6.345848933518077883e-02,-1.218465090223723735e-01,-8.339640084523935321e-03,1.000000000000000000e+00,3.486816957592964172e-02,2.309865131974220276e-02,-1.000000014901161194e-01,4.156874418258666992e-01,1.999995708465576172e-01,2.000000029802322388e-01,-1.000000014901161194e-01,3.845719993114471436e-01,1.233983039855957031e-02,-7.118916511535644531e-02,-8.778572082519531250e-04,4.048081934452056885e-01,1.520011425018310547e-01,-7.544922828674316406e-02,-1.154613494873046875e-02,3.932658731937408447e-01
4.799999999999999822e-01,1.376752704381942749e-01,-5.823251605033874512e-01,1.053874373435974121e+00,5.101879239082336426e-01,-1.072235777974128723e-01,1.913658902049064636e-02,9.914252758026123047e-01,1.031849980354309082e-01,8.018112182617187500e-02,-9.927698969841003418e-02,9.937368631362915039e-01,-5.129660293459892273e-02,-8.497196435928344727e-02,4.289660230278968811e-02,9.954596757888793945e-01,-5.656511709094047546e-02,-4.538678228855133057e-01,3.779201954603195190e-02,1.000000000000000000e+00,0.000000000000000000e+00,1.376752704381942749e-01,-5.823251605033874512e-01,1.053874373435974121e+00,5.101879239082336426e-01,-1.072235777974128723e-01,1.913658902049064636e-02,1.000000000000000000e+00,1.200452446937561035e-01,2.857310473918914795e-01,8.893746733665466309e-01,5.455579757690429688e-01,-6.694486141204833984e-01,-1.121546477079391479e-01,1.000000000000000000e+00,3.368097066879272461e+00,-6.432210803031921387e-01,8.174934983253479004e-01,-5.282178521156311035e-01,8.630815893411636353e-03,4.305135086178779602e-02,1.000000000000000000e+00,2.468217849731445312e+00,2.509492635726928711e-01,9.425628185272216797e-01,-5.300125479698181152e-01,-4.065666720271110535e-02,-4.243560135364532471e-02,1.000000000000000000e+00,1.000000000000000000e+00,0.000000000000000000e+00,0.000000000000000000e+00,1.000000000000000000e+00,1.200452446937561035e-01,2.857310473918914795e-01,8.893746733665466309e-01,5.455579757690429688e-01,-6.694486141204833984e-01,-1.121546477079391479e-01,9.758580923080444336e-01,1.375392377376556396e-01,1.696582436561584473e-01,-1.002811789512634277e-01,9.722465872764587402e-01,-2.113770097494125366e-01,-1.940222680568695068e-01,1.892604380846023560e-01,9.625673294067382812e-01,4.136783257126808167e-02,3.929010778665542603e-02,1.783288456499576569e-02,0.000000000000000000e+00,1.000000000000000000e+00,1.376752704381942749e-01,-5.823251605033874512e-01,1.053874373435974121e+00,5.101879239082336426e-01,-1.072235777974128723e-01,1.913658902049064636e-02,1.000000000000000000e+00,1.200452446937561035e-01,2.857310473918914795e-01,8.893746733665466309e-01,5.455579757690429688e-01,-6.694486141204833984e-01,-1.121546477079391479e-01,1.000000000000000000e+00,3.368097066879272461e+00,-6.432210803031921387e-01,8.174934983253479004e-01,-5.282178521156311035e-01,8.630815893411636353e-03,4.305135086178779602e-02,1.000000000000000000e+00,2.468217849731445312e+00,2.509492635726928711e-01,9.425628185272216797e-01,-5.300125479698181152e-01,-4.065666720271110535e-02,-4.243560135364532471e-02,1.000000000000000000e+00,1.000000000000000000e+00,0.000000000000000000e+00,0.000000000000000000e+00,1.000000000000000000e+00,3.368097066879272461e+00,-6.432210803031921387e-01,8.174934983253479004e-01,-5.282178521156311035e-01,8.630815893411636353e-03,4.305135086178779602e-02,3.291139154828560780e-03,-1.096593287140379402e-01,-3.749033746901814408e-04,1.000000000000000000e+00,2.468217849731445312e+00,2.509492635726928711e-01,9.425628185272216797e-01,-5.300125479698181152e-01,-4.065666720271110535e-02,-4.243560135364532471e-02,7.472100344305110387e-02,-1.157937776958657405e-01,-9.378345923615263868e-03,1.000000000000000000e+00,3.072035126388072968e-02,1.292226463556289673e-02,-1.000000014901161194e-01,4.194409251213073730e-01,1.999989449977874756e-01,2.000000029802322388e-01,-1.000000014901161194e-01,3.851005733013153076e-01,1.440930366516113281e-02,-6.576061248779296875e-02,-9.469985961914062500e-04,4.041434228420257568e-01,1.682987213134765625e-01,-6.890177726745605469e-02,-1.169705390930175781e-02,3.918693065643310547e-01
5.000000000000000000e-01,1.479783952236175537e-01,-5.845496654510498047e-01,1.054203987121582031e+00,5.209316611289978027e-01,-1.160400211811065674e-01,1.369050238281488419e-02,9.921909570693969727e-01,1.023810952901840210e-01,7.124077528715133667e-02,-9.902945160865783691e-02,9.938725829124450684e-01,-4.909601807594299316e-02,-7.583076506853103638e-02,4.165768623352050781e-02,9.962501525878906250e-01,-7.626621425151824951e-02,-4.644196331501007080e-01,3.267148137092590332e-02,1.000000000000000000e+00,0.000000000000000000e+00,1.479783952236175537e-01,-5.845496654510498047e-01,1.054203987121582031e+00,5.209316611289978027e-01,-1.160400211811065674e-01,1.369050238281488419e-02,1.000000000000000000e+00,1.312036067247390747e-01,2.720333933830261230e-01,8.869857192039489746e-01,5.729961395263671875e-01,-7.037158012390136719e-01,-1.284207999706268311e-01,1.000000000000000000e+00,3.357374906539916992e+00,-6.430554986000061035e-01,8.183760046958923340e-01,-5.454728007316589355e-01,7.793319877237081528e-03,4.538644477725028992e-02,1.000000000000000000e+00,2.457453727722167969e+00,2.500047087669372559e-01,9.416882395744323730e-01,-5.479332804679870605e-01,-5.565057694911956787e-02,-4.540857300162315369e-02,1.000000000000000000e+00,1.000000000000000000e+00,0.000000000000000000e+00,0.000000000000000000e+00,1.000000000000000000e+00,1.312036067247390747e-01,2.720333933830261230e-01,8.869857192039489746e-01,5.729961395263671875e-01,-7.037158012390136719e-01,-1.284207999706268311e-01,9.757786393165588379e-01,1.373497694730758667e-01,1.702678352594375610e-01,-9.980640560388565063e-02,9.721160531044006348e-01,-2.122006714344024658e-01,-1.946658045053482056e-01,1.900670528411865234e-01,9.622784852981567383e-01,3.543199598789215088e-02,3.367965668439865112e-02,1.474208757281303406e-02,0.000000000000000000e+00,1.000000000000000000e+00,1.479783952236175537e-01,-5.845496654510498047e-01,1.054203987121582031e+00,5.209316611289978027e-01,-1.160400211811065674e-01,1.369050238281488419e-02,1.000000000000000000e+00,1.312036067247390747e-01,2.720333933830261230e-01,8.869857192039489746e-01,5.729961395263671875e-01,-7.037158012390136719e-01,-1.284207999706268311e-01,1.000000000000000000e+00,3.357374906539916992e+00,-6.430554986000061035e-01,8.183760046958923340e-01,-5.454728007316589355e-01,7.793319877237081528e-03,4.538644477725028992e-02,1.000000000000000000e+00,2.457453727722167969e+00,2.500047087669372559e-01,9.416882395744323730e-01,-5.479332804679870605e-01,-5.565057694911956787e-02,-4.540857300162315369e-02,1.000000000000000000e+00,1.000000000000000000e+00,0.000000000000000000e+00,0.000000000000000000e+00,1.000000000000000000e+00,3.357374906539916992e+00,-6.430554986000061035e-01,8.183760046958923340e-01,-5.454728007316589355e-01,7.793319877237081528e-03,4.538644477725028992e-02,4.702361226380933484e-03,-1.038029317991540079e-01,-5.181733072949206570e-04,1.000000000000000000e+00,2.457453727722167969e+00,2.500047087669372559e-01,9.416882395744323730e-01,-5.479332804679870605e-01,-5.565057694911956787e-02,-4.540857300162315369e-02,8.668139743539744757e-02,-1.096282509492607637e-01,-1.034105438487011031e-02,1.000000000000000000e+00,2.637783251702785492e-02,3.516129916533827782e-03,-1.000000014901161194e-01,4.209656715393066406e-01,1.999961286783218384e-01,2.000000029802322388e-01,-1.000000014901161194e-01,3.858071565628051758e-01,1.645779609680175781e-02,-6.067919731140136719e-02,-9.980201721191406250e-04,4.036428034305572510e-01,1.848752498626708984e-01,-6.248950958251953125e-02,-1.167798042297363281e-02,3.904552757740020752e-01
5.200000000000000178e-01,1.584815233945846558e-01,-5.869467854499816895e-01,1.054445743560791016e+00,5.300083756446838379e-01,-1.244330257177352905e-01,1.050334330648183823e-02,9.928806424140930176e-01,1.016636118292808533e-01,6.207047402858734131e-02,-9.887551516294479370e-02,9.940149188041687012e-01,-4.645626619458198547e-02,-6.642188131809234619e-02,3.998827561736106873e-02,9.969901442527770996e-01,-9.812369197607040405e-02,-4.783895611763000488e-01,2.749997936189174652e-02,1.000000000000000000e+00,0.000000000000000000e+00,1.584815233945846558e-01,-5.869467854499816895e-01,1.054445743560791016e+00,5.300083756446838379e-01,-1.244330257177352905e-01,1.050334330648183823e-02,1.000000000000000000e+00,1.429093629121780396e-01,2.576519548892974854e-01,8.842693567276000977e-01,6.002881526947021484e-01,-7.378115057945251465e-01,-1.448807865381240845e-01,1.000000000000000000e+00,3.346319675445556641e+00,-6.429092288017272949e-01,8.193029165267944336e-01,-5.614042282104492188e-01,6.676100660115480423e-03,4.746356233954429626e-02,1.000000000000000000e+00,2.446344137191772461e+00,2.487406730651855469e-01,9.407489299774169922e-01,-5.644841790199279785e-01,-7.284197956323623657e-02,-4.897797107696533203e-02,1.000000000000000000e+00,1.000000000000000000e+00,0.000000000000000000e+00,0.000000000000000000e+00,1.000000000000000000e+00,1.429093629121780396e-01,2.576519548892974854e-01,8.842693567276000977e-01,6.002881526947021484e-01,-7.378115057945251465e-01,-1.448807865381240845e-01,9.757081270217895508e-01,1.372006088495254517e-01,1.707916110754013062e-01,-9.941123425960540771e-02,9.720019102096557617e-01,-2.129079848527908325e-01,-1.952208727598190308e-01,1.907574385404586792e-01,9.620293974876403809e-01,3.050111792981624603e-02,2.896062657237052917e-02,1.189064513891935349e-02,0.000000000000000000e+00,1.000000000000000000e+00,1.584815233945846558e-01,-5.869467854499816895e-01,1.054445743560791016e+00,5.300083756446838379e-01,-1.244330257177352905e-01,1.050334330648183823e-02,1.000000000000000000e+00,1.429093629121780396e-01,2.576519548892974854e-01,8.842693567276000977e-01,6.002881526947021484e-01,-7.378115057945251465e-01,-1.448807865381240845e-01,1.000000000000000000e+00,3.346319675445556641e+00,-6.429092288017272949e-01,8.193029165267944336e-01,-5.614042282104492188e-01,6.676100660115480423e-03,4.746356233954429626e-02,1.000000000000000000e+00,2.446344137191772461e+00,2.487406730651855469e-01,9.407489299774169922e-01,-5.644841790199279785e-01,-7.284197956323623657e-02,-4.897797107696533203e-02,1.000000000000000000e+00,1.000000000000000000e+00,0.000000000000000000e+00,0.000000000000000000e+00,1.000000000000000000e+00,3.346319675445556641e+00,-6.429092288017272949e-01,8.193029165267944336e-01,-5.614042282104492188e-01,6.676100660115480423e-03,4.746356233954429626e-02,6.211278520785307872e-03,-9.802304649720050556e-02,-6.553907323369970866e-04,1.000000000000000000e+00,2.446344137191772461e+00,2.487406730651855469e-01,9.407489299774169922e-01,-5.644841790199279785e-01,-7.284197956323623657e-02,-4.897797107696533203e-02,9.928694963100473392e-02,-1.034035331352785025e-01,-1.120846370904572675e-02,1.000000000000000000e+00,2.164717949926853180e-02,-5.693878047168254852e-03,-1.000000014901161194e-01,4.214240312576293945e-01,1.999618262052536011e-01,1.999999582767486572e-01,-1.000000014901161194e-01,3.866409361362457275e-01,1.844429969787597656e-02,-5.594253540039062500e-02,-1.031398773193359375e-03,4.033052325248718262e-01,2.000000029802322388e-01,-5.618453025817871094e-02,-1.147770881652832031e-02,3.890556395053863525e-01
5.400000000000000355e-01,1.691505610942840576e-01,-5.895072221755981445e-01,1.054641604423522949e+00,5.373304486274719238e-01,-1.322929859161376953e-01,9.231854230165481567e-03,9.934846758842468262e-01,1.010382845997810364e-01,5.272267386317253113e-02,-9.880610555410385132e-02,9.941617250442504883e-01,-4.335967078804969788e-02,-5.679584667086601257e-02,3.786784037947654724e-02,9.976675510406494141e-01,-1.198066249489784241e-01,-4.839552938938140869e-01,2.249963954091072083e-02,1.000000000000000000e+00,0.000000000000000000e+00,1.691505610942840576e-01,-5.895072221755981445e-01,1.054641604423522949e+00,5.373304486274719238e-01,-1.322929859161376953e-01,9.231854230165481567e-03,1.000000000000000000e+00,1.551597863435745239e-01,2.425900101661682129e-01,8.812232613563537598e-01,6.274483203887939453e-01,-7.717515826225280762e-01,-1.613684147596359253e-01,1.000000000000000000e+00,3.334957838058471680e+00,-6.427878737449645996e-01,8.202692866325378418e-01,-5.760496854782104492e-01,5.263893865048885345e-03,4.931649565696716309e-02,1.000000000000000000e+00,2.434915542602539062e+00,2.471123635768890381e-01,9.397323727607727051e-01,-5.796728134155273438e-01,-9.231682866811752319e-02,-5.321594327688217163e-02,1.000000000000000000e+00,1.000000000000000000e+00,0.000000000000000000e+00,0.000000000000000000e+00,1.000000000000000000e+00,1.551597863435745239e-01,2.425900101661682129e-01,8.812232613563537598e-01,6.274483203887939453e-01,-7.717515826225280762e-01,-1.613684147596359253e-01,9.756453633308410645e-01,1.370866000652313232e-01,1.712413877248764038e-01,-9.908529371023178101e-02,9.719020724296569824e-01,-2.135151922702789307e-01,-1.956999152898788452e-01,1.913475692272186279e-01,9.618148803710937500e-01,2.605666592717170715e-02,2.480772137641906738e-02,9.561618790030479431e-03,0.000000000000000000e+00,1.000000000000000000e+00,1.691505610942840576e-01,-5.895072221755981445e-01,1.054641604423522949e+00,5.373304486274719238e-01,-1.322929859161376953e-01,9.231854230165481567e-03,1.000000000000000000e+00,1.551597863435745239e-01,2.425900101661682129e-01,8.812232613563537598e-01,6.274483203887939453e-01,-7.717515826225280762e-01,-1.613684147596359253e-01,1.000000000000000000e+00,3.334957838058471680e+00,-6.427878737449645996e-01,8.202692866325378418e-01,-5.760496854782104492e-01,5.263893865048885345e-03,4.931649565696716309e-02,1.000000000000000000e+00,2.434915542602539062e+00,2.471123635768890381e-01,9.397323727607727051e-01,-5.796728134155273438e-01,-9.231682866811752319e-02,-5.321594327688217163e-02,1.000000000000000000e+00,1.000000000000000000e+00,0.000000000000000000e+00,0.000000000000000000e+00,1.000000000000000000e+00,3.334957838058471680e+00,-6.427878737449645996e-01,8.202692866325378418e-01,-5.760496854782104492e-01,5.263893865048885345e-03,4.931649565696716309e-02,7.798420960656428022e-03,-9.236888816107780009e-02,-7.833686934559827390e-04,1.000000000000000000e+00,2.434915542602539062e+00,2.471123635768890381e-01,9.397323727607727051e-01,-5.796728134155273438e-01,-9.231682866811752319e-02,-5.321594327688217163e-02,1.124479407621930688e-01,-9.715543110599833554e-02,-1.196168980420074524e-02,1.000000000000000000e+00,1.684041507542133331e-02,-1.493610627949237823e-02,-1.000000014901161194e-01,4.212033152580261230e-01,1.999993026256561279e-01,2.000000029802322388e-01,-1.000000014901161194e-01,3.875496685504913330e-01,2.032446861267089844e-02,-5.154633522033691406e-02,-1.047372817993164062e-03,4.031160473823547363e-01,2.000000029802322388e-01,-4.995989799499511719e-02,-1.108503341674804688e-02,3.876990973949432373e-01
5.600000000000000533e-01,1.799498051404953003e-01,-5.922191739082336426e-01,1.054826498031616211e+00,5.428439378738403320e-01,-1.395126879215240479e-01,9.508639574050903320e-03,9.939893484115600586e-01,1.005094125866889954e-01,4.339622706174850464e-02,-9.880202263593673706e-02,9.943090677261352539e-01,-3.984809294342994690e-02,-4.715436697006225586e-02,3.532094135880470276e-02,9.982630610466003418e-01,-1.391749233007431030e-01,-4.793608784675598145e-01,1.786274649202823639e-02,1.000000000000000000e+00,0.000000000000000000e+00,1.799498051404953003e-01,-5.922191739082336426e-01,1.054826498031616211e+00,5.428439378738403320e-01,-1.395126879215240479e-01,9.508639574050903320e-03,1.000000000000000000e+00,1.679522991180419922e-01,2.268505990505218506e-01,8.778481483459472656e-01,6.544867157936096191e-01,-8.055470585823059082e-01,-1.777525991201400757e-01,1.000000000000000000e+00,3.323314189910888672e+00,-6.426976323127746582e-01,8.212708830833435059e-01,-5.894544124603271484e-01,3.545471932739019394e-03,5.098732188344001770e-02,1.000000000000000000e+00,2.423195123672485352e+00,2.450736165046691895e-01,9.386245012283325195e-01,-5.935105681419372559e-01,-1.141187772154808044e-01,-5.820580944418907166e-02,1.000000000000000000e+00,1.000000000000000000e+00,0.000000000000000000e+00,0.000000000000000000e+00,1.000000000000000000e+00,1.679522991180419922e-01,2.268505990505218506e-01,8.778481483459472656e-01,6.544867157936096191e-01,-8.055470585823059082e-01,-1.777525991201400757e-01,9.755899906158447266e-01,1.369995772838592529e-01,1.716260015964508057e-01,-9.881699085235595703e-02,9.718156456947326660e-01,-2.140320539474487305e-01,-1.961111128330230713e-01,1.918479502201080322e-01,9.616314172744750977e-01,2.215702086687088013e-02,2.113423496484756470e-02,7.688499521464109421e-03,0.000000000000000000e+00,1.000000000000000000e+00,1.799498051404953003e-01,-5.922191739082336426e-01,1.054826498031616211e+00,5.428439378738403320e-01,-1.395126879215240479e-01,9.508639574050903320e-03,1.000000000000000000e+00,1.679522991180419922e-01,2.268505990505218506e-01,8.778481483459472656e-01,6.544867157936096191e-01,-8.055470585823059082e-01,-1.777525991201400757e-01,1.000000000000000000e+00,3.323314189910888672e+00,-6.426976323127746582e-01,8.212708830833435059e-01,-5.894544124603271484e-01,3.545471932739019394e-03,5.098732188344001770e-02,1.000000000000000000e+00,2.423195123672485352e+00,2.450736165046691895e-01,9.386245012283325195e-01,-5.935105681419372559e-01,-1.141187772154808044e-01,-5.820580944418907166e-02,1.000000000000000000e+00,1.000000000000000000e+00,0.000000000000000000e+00,0.000000000000000000e+00,1.000000000000000000e+00,3.323314189910888672e+00,-6.426976323127746582e-01,8.212708830833435059e-01,-5.894544124603271484e-01,3.545471932739019394e-03,5.098732188344001770e-02,9.441497481110918549e-03,-8.686985629023813438e-02,-8.991431411143587307e-04,1.000000000000000000e+00,2.423195123672485352e+00,2.450736165046691895e-01,9.386245012283325195e-01,-5.935105681419372559e-01,-1.141187772154808044e-01,-5.820580944418907166e-02,1.256928166708023153e-01,-9.090349136000219765e-02,-1.257579508013240144e-02,1.000000000000000000e+00,1.183083746582269669e-02,-2.479621209204196930e-02,-1.000000014901161194e-01,4.202605187892913818e-01,1.995943933725357056e-01,1.999998986721038818e-01,-1.000000014901161194e-01,3.885036706924438477e-01,2.205443382263183594e-02,-4.748654365539550781e-02,-1.047134399414062500e-03,4.030539989471435547e-01,2.000000029802322388e-01,-4.379057884216308594e-02,-1.049017906188964844e-02,3.863981962203979492e-01
5.799999999999999600e-01,1.908429563045501709e-01,-5.950689315795898438e-01,1.055028200149536133e+00,5.465414524078369141e-01,-1.459987759590148926e-01,1.096490584313869476e-02,9.943907260894775391e-01,1.000783368945121765e-01,3.423126041889190674e-02,-9.884545952081680298e-02,9.944518208503723145e-01,-3.599274158477783203e-02,-3.764342516660690308e-02,3.240723907947540283e-02,9.987657666206359863e-01,-1.553648859262466431e-01,-4.722726345062255859e-01,1.371311768889427185e-02,1.000000000000000000e+00,0.000000000000000000e+00,1.908429563045501709e-01,-5.950689315795898438e-01,1.055028200149536133e+00,5.465414524078369141e-01,-1.459987759590148926e-01,1.096490584313869476e-02,1.000000000000000000e+00,1.812845468521118164e-01,2.104365080595016479e-01,8.741471171379089355e-01,6.814097762107849121e-01,-8.392043709754943848e-01,-1.939339339733123779e-01,1.000000000000000000e+00,3.311413764953613281e+00,-6.426445245742797852e-01,8.223045468330383301e-01,-6.016672849655151367e-01,1.514152856543660164e-03,5.252216383814811707e-02,1.000000000000000000e+00,2.411209821701049805e+00,2.425786405801773071e-01,9.374097585678100586e-01,-6.060143113136291504e-01,-1.381115913391113281e-01,-6.398092210292816162e-02,1.000000000000000000e+00,1.000000000000000000e+00,0.000000000000000000e+00,0.000000000000000000e+00,1.000000000000000000e+00,1.812845468521118164e-01,2.104365080595016479e-01,8.741471171379089355e-01,6.814097762107849121e-01,-8.392043709754943848e-01,-1.939339339733123779e-01,9.755411744117736816e-01,1.369353681802749634e-01,1.719540506601333618e-01,-9.859900921583175659e-02,9.717419147491455078e-01,-2.144668698310852051e-01,-1.964630335569381714e-01,1.922667622566223145e-01,9.614759087562561035e-01,1.795313693583011627e-02,1.799095794558525085e-02,5.905013997107744217e-03,0.000000000000000000e+00,1.000000000000000000e+00,1.908429563045501709e-01,-5.950689315795898438e-01,1.055028200149536133e+00,5.465414524078369141e-01,-1.459987759590148926e-01,1.096490584313869476e-02,1.000000000000000000e+00,1.812845468521118164e-01,2.104365080595016479e-01,8.741471171379089355e-01,6.814097762107849121e-01,-8.392043709754943848e-01,-1.939339339733123779e-01,1.000000000000000000e+00,3.311413764953613281e+00,-6.426445245742797852e-01,8.223045468330383301e-01,-6.016672849655151367e-01,1.514152856543660164e-03,5.252216383814811707e-02,1.000000000000000000e+00,2.411209821701049805e+00,2.425786405801773071e-01,9.374097585678100586e-01,-6.060143113136291504e-01,-1.381115913391113281e-01,-6.398092210292816162e-02,1.000000000000000000e+00,1.000000000000000000e+00,0.000000000000000000e+00,0.000000000000000000e+00,1.000000000000000000e+00,3.311413764953613281e+00,-6.426445245742797852e-01,8.223045468330383301e-01,-6.016672849655151367e-01,1.514152856543660164e-03,5.252216383814811707e-02,1.111519933799177962e-02,-8.154636183538954697e-02,-1.000117539557483781e-03,1.000000000000000000e+00,2.411209821701049805e+00,2.425786405801773071e-01,9.374097585678100586e-01,-6.060143113136291504e-01,-1.381115913391113281e-01,-6.398092210292816162e-02,1.375814512967563630e-01,-8.466284797619549884e-02,-1.301797504637702829e-02,1.000000000000000000e+00,7.082359399646520615e-03,-3.440196067094802856e-02,-1.000000014901161194e-01,4.185807406902313232e-01,1.936591863632202148e-01,2.000000029802322388e-01,-1.000000014901161194e-01,3.894340097904205322e-01,2.359509468078613281e-02,-4.375624656677246094e-02,-1.032352447509765625e-03,4.030929505825042725e-01,2.000000029802322388e-01,-3.765082359313964844e-02,-9.687423706054687500e-03,3.851144015789031982e-01
5.999999999999999778e-01,2.017938047647476196e-01,-5.980414152145385742e-01,1.055266976356506348e+00,5.484378933906555176e-01,-1.516744345426559448e-01,1.323016639798879623e-02,9.946942925453186035e-01,9.974319487810134888e-02,2.519556507468223572e-02,-9.892538934946060181e-02,9.945850372314453125e-01,-3.185357525944709778e-02,-2.823630720376968384e-02,2.919208630919456482e-02,9.991750717163085938e-01,-1.682220399379730225e-01,-4.698698818683624268e-01,1.007000729441642761e-02,1.000000000000000000e+00,0.000000000000000000e+00,2.017938047647476196e-01,-5.980414152145385742e-01,1.055266976356506348e+00,5.484378933906555176e-01,-1.516744345426559448e-01,1.323016639798879623e-02,1.000000000000000000e+00,1.951541900634765625e-01,1.933505386114120483e-01,8.701247572898864746e-01,7.082197666168212891e-01,-8.727183341979980469e-01,-2.098504006862640381e-01,1.000000000000000000e+00,3.299279212951660156e+00,-6.426348090171813965e-01,8.233680725097656250e-01,-6.127402186393737793e-01,-8.316516759805381298e-04,5.396736413240432739e-02,1.000000000000000000e+00,2.398986816406250000e+00,2.395868152379989624e-01,9.360728263854980469e-01,-6.172047853469848633e-01,-1.639112830162048340e-01,-7.048101723194122314e-02,1.000000000000000000e+00,1.000000000000000000e+00,0.000000000000000000e+00,0.000000000000000000e+00,1.000000000000000000e+00,1.951541900634765625e-01,1.933505386114120483e-01,8.701247572898864746e-01,7.082197666168212891e-01,-8.727183341979980469e-01,-2.098504006862640381e-01,9.754971861839294434e-01,1.368749439716339111e-01,1.722515672445297241e-01,-9.842769801616668701e-02,9.717033505439758301e-01,-2.147202193737030029e-01,-1.967672258615493774e-01,1.925046443939208984e-01,9.613661170005798340e-01,-1.998160732910037041e-03,1.557661965489387512e-02,4.194674547761678696e-03,0.000000000000000000e+00,1.000000000000000000e+00,2.017938047647476196e-01,-5.980414152145385742e-01,1.055266976356506348e+00,5.484378933906555176e-01,-1.516744345426559448e-01,1.323016639798879623e-02,1.000000000000000000e+00,1.951541900634765625e-01,1.933505386114120483e-01,8.701247572898864746e-01,7.082197666168212891e-01,-8.727183341979980469e-01,-2.098504006862640381e-01,1.000000000000000000e+00,3.299279212951660156e+00,-6.426348090171813965e-01,8.233680725097656250e-01,-6.127402186393737793e-01,-8.316516759805381298e-04,5.396736413240432739e-02,1.000000000000000000e+00,2.398986816406250000e+00,2.395868152379989624e-01,9.360728263854980469e-01,-6.172047853469848633e-01,-1.639112830162048340e-01,-7.048101723194122314e-02,1.000000000000000000e+00,1.000000000000000000e+00,0.000000000000000000e+00,0.000000000000000000e+00,1.000000000000000000e+00,3.299279212951660156e+00,-6.426348090171813965e-01,8.233680725097656250e-01,-6.127402186393737793e-01,-8.316516759805381298e-04,5.396736413240432739e-02,1.279153330200352365e-02,-7.641825333940532872e-02,-1.084294995335299827e-03,1.000000000000000000e+00,2.398986816406250000e+00,2.395868152379989624e-01,9.360728263854980469e-01,-6.172047853469848633e-01,-1.639112830162048340e-01,-7.048101723194122314e-02,1.471446675374879220e-01,-7.842262268430832961e-02,-1.326237184333700636e-02,1.000000000000000000e+00,2.940926467999815941e-03,-4.253114387392997742e-02,-1.000000014901161194e-01,4.165424108505249023e-01,1.852554827928543091e-01,1.999999880790710449e-01,-1.000000014901161194e-01,3.902458846569061279e-01,2.491283416748046875e-02,-4.034876823425292969e-02,-1.005172729492187500e-03,4.032033979892730713e-01,2.000000029802322388e-01,-3.151679039001464844e-02,-8.672952651977539062e-03,3.838092088699340820e-01
6.199999999999999956e-01,2.127664685249328613e-01,-6.011196374893188477e-01,1.055555582046508789e+00,5.485430955886840820e-01,-1.564790010452270508e-01,1.594902575016021729e-02,9.949057698249816895e-01,9.949986636638641357e-02,1.619815267622470856e-02,-9.903202950954437256e-02,9.947043061256408691e-01,-2.749708667397499084e-02,-1.884832791984081268e-02,2.575287222862243652e-02,9.994906783103942871e-01,-1.764291971921920776e-01,-4.688393473625183105e-01,7.120745256543159485e-03,1.000000000000000000e+00,0.000000000000000000e+00,2.127664685249328613e-01,-6.011196374893188477e-01,1.055555582046508789e+00,5.485430955886840820e-01,-1.564790010452270508e-01,1.594902575016021729e-02,1.000000000000000000e+00,2.095590978860855103e-01,1.755959391593933105e-01,8.657867908477783203e-01,7.349252104759216309e-01,-9.060306549072265625e-01,-2.254488468170166016e-01,1.000000000000000000e+00,3.286932468414306641e+00,-6.426748037338256836e-01,8.244600296020507812e-01,-6.227271556854248047e-01,-3.487980226054787636e-03,5.536548420786857605e-02,1.000000000000000000e+00,2.386551380157470703e+00,2.360661625862121582e-01,9.345995783805847168e-01,-6.270928978919982910e-01,-1.910558044910430908e-01,-7.767261564731597900e-02,1.000000000000000000e+00,1.000000000000000000e+00,0.000000000000000000e+00,0.000000000000000000e+00,1.000000000000000000e+00,2.095590978860855103e-01,1.755959391593933105e-01,8.657867908477783203e-01,7.349252104759216309e-01,-9.060306549072265625e-01,-2.254488468170166016e-01,9.754562973976135254e-01,1.367290318012237549e-01,1.725982427597045898e-01,-9.829589724540710449e-02,9.718056321144104004e-01,-2.143167257308959961e-01,-1.970352828502655029e-01,1.920908987522125244e-01,9.613938331604003906e-01,-5.304710194468498230e-02,1.354835927486419678e-02,2.821638248860836029e-03,0.000000000000000000e+00,1.000000000000000000e+00,2.127664685249328613e-01,-6.011196374893188477e-01,1.055555582046508789e+00,5.485430955886840820e-01,-1.564790010452270508e-01,1.594902575016021729e-02,1.000000000000000000e+00,2.095590978860855103e-01,1.755959391593933105e-01,8.657867908477783203e-01,7.349252104759216309e-01,-9.060306549072265625e-01,-2.254488468170166016e-01,1.000000000000000000e+00,3.286932468414306641e+00,-6.426748037338256836e-01,8.244600296020507812e-01,-6.227271556854248047e-01,-3.487980226054787636e-03,5.536548420786857605e-02,1.000000000000000000e+00,2.386551380157470703e+00,2.360661625862121582e-01,9.345995783805847168e-01,-6.270928978919982910e-01,-1.910558044910430908e-01,-7.767261564731597900e-02,1.000000000000000000e+00,1.000000000000000000e+00,0.000000000000000000e+00,0.000000000000000000e+00,1.000000000000000000e+00,3.286932468414306641e+00,-6.426748037338256836e-01,8.244600296020507812e-01,-6.227271556854248047e-01,-3.487980226054787636e-03,5.536548420786857605e-02,1.444086330928063405e-02,-7.150568014467806321e-02,-1.150532002754420073e-03,1.000000000000000000e+00,2.386551380157470703e+00,2.360661625862121582e-01,9.345995783805847168e-01,-6.270928978919982910e-01,-1.910558044910430908e-01,-7.767261564731597900e-02,1.546153013666702880e-01,-7.216589091127656452e-02,-1.330096638132620412e-02,1.000000000000000000e+00,-1.149852527305483818e-03,-5.075931549072265625e-02,-1.000000014901161194e-01,4.141797423362731934e-01,1.750749051570892334e-01,1.999999582767486572e-01,-1.000000014901161194e-01,3.908443450927734375e-01,2.597951889038085938e-02,-3.725600242614746094e-02,-9.679794311523437500e-04,4.033536016941070557e-01,2.000000029802322388e-01,-2.536511421203613281e-02,-7.441520690917968750e-03,3.824952244758605957e-01
6.400000000000000133e-01,2.237251549959182739e-01,-6.042858958244323730e-01,1.055900096893310547e+00,5.468674302101135254e-01,-1.603735238313674927e-01,1.878434233367443085e-02,9.950270652770996094e-01,9.934034198522567749e-02,7.267327047884464264e-03,-9.915006905794143677e-02,9.948060512542724609e-01,-2.303063310682773590e-02,-9.517450816929340363e-03,2.219554595649242401e-02,9.997084736824035645e-01,-1.794876605272293091e-01,-4.632205963134765625e-01,4.654388874769210815e-03,1.000000000000000000e+00,0.000000000000000000e+00,2.237251549959182739e-01,-6.042858958244323730e-01,1.055900096893310547e+00,5.468674302101135254e-01,-1.603735238313674927e-01,1.878434233367443085e-02,1.000000000000000000e+00,2.244973033666610718e-01,1.571779996156692505e-01,8.611401915550231934e-01,7.615495920181274414e-01,-9.389783740043640137e-01,-2.406634390354156494e-01,1.000000000000000000e+00,3.274395465850830078e+00,-6.427707076072692871e-01,8.255798220634460449e-01,-6.316843628883361816e-01,-6.445085629820823669e-03,5.675227940082550049e-02,1.000000000000000000e+00,2.373929977416992188e+00,2.319931983947753906e-01,9.329766035079956055e-01,-6.356880068778991699e-01,-2.191996276378631592e-01,-8.552252501249313354e-02,1.000000000000000000e+00,1.000000000000000000e+00,0.000000000000000000e+00,0.000000000000000000e+00,1.000000000000000000e+00,2.244973033666610718e-01,1.571779996156692505e-01,8.611401915550231934e-01,7.615495920181274414e-01,-9.389783740043640137e-01,-2.406634390354156494e-01,9.754190444946289062e-01,1.363895833492279053e-01,1.730775386095046997e-01,-9.819685667753219604e-02,9.721738696098327637e-01,-2.126867622137069702e-01,-1.972696930170059204e-01,1.904630213975906372e-01,9.616698026657104492e-01,-1.274407804012298584e-01,1.155616343021392822e-02,1.746395137161016464e-03,0.000000000000000000e+00,1.000000000000000000e+00,2.237251549959182739e-01,-6.042858958244323730e-01,1.055900096893310547e+00,5.468674302101135254e-01,-1.603735238313674927e-01,1.878434233367443085e-02,1.000000000000000000e+00,2.244973033666610718e-01,1.571779996156692505e-01,8.611401915550231934e-01,7.615495920181274414e-01,-9.389783740043640137e-01,-2.406634390354156494e-01,1.000000000000000000e+00,3.274395465850830078e+00,-6.427707076072692871e-01,8.255798220634460449e-01,-6.316843628883361816e-01,-6.445085629820823669e-03,5.675227940082550049e-02,1.000000000000000000e+00,2.373929977416992188e+00,2.319931983947753906e-01,9.329766035079956055e-01,-6.356880068778991699e-01,-2.191996276378631592e-01,-8.552252501249313354e-02,1.000000000000000000e+00,1.000000000000000000e+00,0.000000000000000000e+00,0.000000000000000000e+00,1.000000000000000000e+00,3.274395465850830078e+00,-6.427707076072692871e-01,8.255798220634460449e-01,-6.316843628883361816e-01,-6.445085629820823669e-03,5.675227940082550049e-02,1.603320290800868200e-02,-6.682618942239448856e-02,-1.198650321353183536e-03,1.000000000000000000e+00,2.373929977416992188e+00,2.319931983947753906e-01,9.329766035079956055e-01,-6.356880068778991699e-01,-2.191996276378631592e-01,-8.552252501249313354e-02,1.608050463367871052e-01,-6.590319653661258492e-02,-1.312740561738193201e-02,1.000000000000000000e+00,-5.261607933789491653e-03,-5.864440277218818665e-02,-1.000000014901161194e-01,4.121038615703582764e-01,1.630965620279312134e-01,1.999998390674591064e-01,-1.000000014901161194e-01,3.911994099617004395e-01,2.677512168884277344e-02,-3.446936607360839844e-02,-9.229183197021484375e-04,4.035114347934722900e-01,2.000000029802322388e-01,-1.917815208435058594e-02,-5.981922149658203125e-03,3.812138736248016357e-01
6.600000000000000311e-01,2.346345186233520508e-01,-6.075215935707092285e-01,1.056300282478332520e+00,5.434433221817016602e-01,-1.633453071117401123e-01,2.144569717347621918e-02,9.950605034828186035e-01,9.925954043865203857e-02,-1.500245765782892704e-03,-9.927026927471160889e-02,9.948878288269042969e-01,-1.854030974209308624e-02,-3.477262507658451796e-04,1.859765686094760895e-02,9.998270869255065918e-01,-1.807831078767776489e-01,-4.525523483753204346e-01,2.370699075981974602e-03,1.000000000000000000e+00,0.000000000000000000e+00,2.346345186233520508e-01,-6.075215935707092285e-01,1.056300282478332520e+00,5.434433221817016602e-01,-1.633453071117401123e-01,2.144569717347621918e-02,1.000000000000000000e+00,2.399675101041793823e-01,1.381062120199203491e-01,8.561931252479553223e-01,7.881235480308532715e-01,-9.713064432144165039e-01,-2.554396092891693115e-01,1.000000000000000000e+00,3.261688232421875000e+00,-6.429283618927001953e-01,8.267274498939514160e-01,-6.396694779396057129e-01,-9.687406010925769806e-03,5.815511196851730347e-02,1.000000000000000000e+00,2.361148118972778320e+00,2.273498773574829102e-01,9.311907887458801270e-01,-6.430034041404724121e-01,-2.481465637683868408e-01,-9.400429576635360718e-02,1.000000000000000000e+00,1.000000000000000000e+00,0.000000000000000000e+00,0.000000000000000000e+00,1.000000000000000000e+00,2.399675101041793823e-01,1.381062120199203491e-01,8.561931252479553223e-01,7.881235480308532715e-01,-9.713064432144165039e-01,-2.554396092891693115e-01,9.753855466842651367e-01,1.357965767383575439e-01,1.737305372953414917e-01,-9.812512993812561035e-02,9.728658795356750488e-01,-2.095314711332321167e-01,-1.974701732397079468e-01,1.873266249895095825e-01,9.622443914413452148e-01,-2.072416841983795166e-01,9.677958674728870392e-03,9.464066242799162865e-04,0.000000000000000000e+00,1.000000000000000000e+00,2.346345186233520508e-01,-6.075215935707092285e-01,1.056300282478332520e+00,5.434433221817016602e-01,-1.633453071117401123e-01,2.144569717347621918e-02,1.000000000000000000e+00,2.399675101041793823e-01,1.381062120199203491e-01,8.561931252479553223e-01,7.881235480308532715e-01,-9.713064432144165039e-01,-2.554396092891693115e-01,1.000000000000000000e+00,3.261688232421875000e+00,-6.429283618927001953e-01,8.267274498939514160e-01,-6.396694779396057129e-01,-9.687406010925769806e-03,5.815511196851730347e-02,1.000000000000000000e+00,2.361148118972778320e+00,2.273498773574829102e-01,9.311907887458801270e-01,-6.430034041404724121e-01,-2.481465637683868408e-01,-9.400429576635360718e-02,1.000000000000000000e+00,1.000000000000000000e+00,0.000000000000000000e+00,0.000000000000000000e+00,1.000000000000000000e+00,3.261688232421875000e+00,-6.429283618927001953e-01,8.267274498939514160e-01,-6.396694779396057129e-01,-9.687406010925769806e-03,5.815511196851730347e-02,1.753901834742301394e-02,-6.239242179642867647e-02,-1.229143381042435701e-03,1.000000000000000000e+00,2.361148118972778320e+00,2.273498773574829102e-01,9.311907887458801270e-01,-6.430034041404724121e-01,-2.481465637683868408e-01,-9.400429576635360718e-02,1.663052489635336584e-01,-5.966319850668666547e-02,-1.273446005251854807e-02,1.000000000000000000e+00,-9.179991669952869415e-03,-6.654518842697143555e-02,-1.000000014901161194e-01,4.106267690658569336e-01,1.505435258150100708e-01,1.999992728233337402e-01,-1.000000014901161194e-01,3.921769857406616211e-01,2.728891372680664062e-02,-3.197789192199707031e-02,-8.726119995117187500e-04,4.036478698253631592e-01,2.000000029802322388e-01,-1.294350624084472656e-02,-4.280805587768554688e-03,3.799986839294433594e-01
6.800000000000000488e-01,2.454600632190704346e-01,-6.108084321022033691e-01,1.056750655174255371e+00,5.383280515670776367e-01,-1.653978079557418823e-01,2.375089749693870544e-02,9.950117468833923340e-01,9.925223141908645630e-02,-1.003383100032806396e-02,-9.938765317201614380e-02,9.949497580528259277e-01,-1.404293626546859741e-02,8.589364588260650635e-03,1.497012563049793243e-02,9.998511075973510742e-01,-1.825119853019714355e-01,-4.408598244190216064e-01,4.095657786820083857e-04,1.000000000000000000e+00,0.000000000000000000e+00,2.454600632190704346e-01,-6.108084321022033691e-01,1.056750655174255371e+00,5.383280515670776367e-01,-1.653978079557418823e-01,2.375089749693870544e-02,1.000000000000000000e+00,2.559689879417419434e-01,1.183955371379852295e-01,8.509549498558044434e-01,8.146830797195434570e-01,-1.002735257148742676e+00,-2.697109580039978027e-01,1.000000000000000000e+00,3.248829603195190430e+00,-6.431533098220825195e-01,8.279033899307250977e-01,-6.467407941818237305e-01,-1.319368742406368256e-02,5.959198623895645142e-02,1.000000000000000000e+00,2.348231554031372070e+00,2.221213281154632568e-01,9.292297959327697754e-01,-6.490554809570312500e-01,-2.777734994888305664e-01,-1.031023412942886353e-01,1.000000000000000000e+00,1.000000000000000000e+00,0.000000000000000000e+00,0.000000000000000000e+00,1.000000000000000000e+00,2.559689879417419434e-01,1.183955371379852295e-01,8.509549498558044434e-01,8.146830797195434570e-01,-1.002735257148742676e+00,-2.697109580039978027e-01,9.753561615943908691e-01,1.349487155675888062e-01,1.745540350675582886e-01,-9.807496517896652222e-02,9.738604426383972168e-01,-2.048831880092620850e-01,-1.976399868726730347e-01,1.827147006988525391e-01,9.630959033966064453e-01,-2.775056958198547363e-01,8.138030767440795898e-03,3.778679529204964638e-04,0.000000000000000000e+00,1.000000000000000000e+00,2.454600632190704346e-01,-6.108084321022033691e-01,1.056750655174255371e+00,5.383280515670776367e-01,-1.653978079557418823e-01,2.375089749693870544e-02,1.000000000000000000e+00,2.559689879417419434e-01,1.183955371379852295e-01,8.509549498558044434e-01,8.146830797195434570e-01,-1.002735257148742676e+00,-2.697109580039978027e-01,1.000000000000000000e+00,3.248829603195190430e+00,-6.431533098220825195e-01,8.279033899307250977e-01,-6.467407941818237305e-01,-1.319368742406368256e-02,5.959198623895645142e-02,1.000000000000000000e+00,2.348231554031372070e+00,2.221213281154632568e-01,9.292297959327697754e-01,-6.490554809570312500e-01,-2.777734994888305664e-01,-1.031023412942886353e-01,1.000000000000000000e+00,1.000000000000000000e+00,0.000000000000000000e+00,0.000000000000000000e+00,1.000000000000000000e+00,3.248829603195190430e+00,-6.431533098220825195e-01,8.279033899307250977e-01,-6.467407941818237305e-01,-1.319368742406368256e-02,5.959198623895645142e-02,1.893016895680341843e-02,-5.821233201753406306e-02,-1.242921420110773556e-03,1.000000000000000000e+00,2.348231554031372070e+00,2.221213281154632568e-01,9.292297959327697754e-01,-6.490554809570312500e-01,-2.777734994888305664e-01,-1.031023412942886353e-01,1.712441707894896137e-01,-5.345346473286327615e-02,-1.211734118064503041e-02,1.000000000000000000e+00,-1.277652382850646973e-02,-7.365152239799499512e-02,-1.000000014901161194e-01,4.100033640861511230e-01,1.373471468687057495e-01,1.999965012073516846e-01,-1.000000014901161194e-01,3.940342664718627930e-01,2.751660346984863281e-02,-2.976822853088378906e-02,-8.192062377929687500e-04,4.037427008152008057e-01,2.000000029802322388e-01,-6.652593612670898438e-03,-2.326488494873046875e-03,3.788645267486572266e-01
7.000000000000000666e-01,2.561685442924499512e-01,-6.141282320022583008e-01,1.057243108749389648e+00,5.315866470336914062e-01,-1.665385216474533081e-01,2.564742229878902435e-02,9.948873519897460938e-01,9.931205958127975464e-02,-1.834067329764366150e-02,-9.949827939271926880e-02,9.949921369552612305e-01,-9.534566663205623627e-03,1.730192825198173523e-02,1.131068449467420578e-02,9.997864365577697754e-01,-1.835916340351104736e-01,-4.299006462097167969e-01,-1.202084473334252834e-03,1.000000000000000000e+00,0.000000000000000000e+00,2.561685442924499512e-01,-6.141282320022583008e-01,1.057243108749389648e+00,5.315866470336914062e-01,-1.665385216474533081e-01,2.564742229878902435e-02,1.000000000000000000e+00,2.725018560886383057e-01,9.806617349386215210e-02,8.454366922378540039e-01,8.412735462188720703e-01,-1.033027410507202148e+00,-2.833495736122131348e-01,1.000000000000000000e+00,3.235837697982788086e+00,-6.434505581855773926e-01,8.291083574295043945e-01,-6.529564857482910156e-01,-1.693735085427761078e-02,6.107154116034507751e-02,1.000000000000000000e+00,2.335205078125000000e+00,2.162949889898300171e-01,9.270815253257751465e-01,-6.538590788841247559e-01,-3.079597949981689453e-01,-1.127926558256149292e-01,1.000000000000000000e+00,1.000000000000000000e+00,0.000000000000000000e+00,0.000000000000000000e+00,1.000000000000000000e+00,2.725018560886383057e-01,9.806617349386215210e-02,8.454366922378540039e-01,8.412735462188720703e-01,-1.033027410507202148e+00,-2.833495736122131348e-01,9.753301739692687988e-01,1.338830292224884033e-01,1.755177229642868042e-01,-9.804069250822067261e-02,9.750860929489135742e-01,-1.989852786064147949e-01,-1.977856308221817017e-01,1.768684685230255127e-01,9.641568660736083984e-01,-3.334962725639343262e-01,6.971247494220733643e-03,-8.646169590065255761e-06,0.000000000000000000e+00,1.000000000000000000e+00,2.561685442924499512e-01,-6.141282320022583008e-01,1.057243108749389648e+00,5.315866470336914062e-01,-1.665385216474533081e-01,2.564742229878902435e-02,1.000000000000000000e+00,2.725018560886383057e-01,9.806617349386215210e-02,8.454366922378540039e-01,8.412735462188720703e-01,-1.033027410507202148e+00,-2.833495736122131348e-01,1.000000000000000000e+00,3.235837697982788086e+00,-6.434505581855773926e-01,8.291083574295043945e-01,-6.529564857482910156e-01,-1.693735085427761078e-02,6.107154116034507751e-02,1.000000000000000000e+00,2.335205078125000000e+00,2.162949889898300171e-01,9.270815253257751465e-01,-6.538590788841247559e-01,-3.079597949981689453e-01,-1.127926558256149292e-01,1.000000000000000000e+00,1.000000000000000000e+00,0.000000000000000000e+00,0.000000000000000000e+00,1.000000000000000000e+00,3.235837697982788086e+00,-6.434505581855773926e-01,8.291083574295043945e-01,-6.529564857482910156e-01,-1.693735085427761078e-02,6.107154116034507751e-02,2.018116875749758135e-02,-5.429045366461626720e-02,-1.241215135817329979e-03,1.000000000000000000e+00,2.335205078125000000e+00,2.162949889898300171e-01,9.270815253257751465e-01,-6.538590788841247559e-01,-3.079597949981689453e-01,-1.127926558256149292e-01,1.755227600111105568e-01,-4.725638565451517614e-02,-1.126961617258685766e-02,1.000000000000000000e+00,-1.574416458606719971e-02,-7.974093407392501831e-02,-1.000000014901161194e-01,4.108316600322723389e-01,1.239829882979393005e-01,1.999593526124954224e-01,-1.000000014901161194e-01,3.971447646617889404e-01,2.745866775512695312e-02,-2.782464027404785156e-02,-7.641315460205078125e-04,4.037874639034271240e-01,2.000000029802322388e-01,-3.046989440917968750e-04,-1.122951507568359375e-04,3.778228461742401123e-01
7.199999999999999734e-01,2.667280435562133789e-01,-6.174626946449279785e-01,1.057770609855651855e+00,5.232799053192138672e-01,-1.667786687612533569e-01,2.723447419703006744e-02,9.946939945220947266e-01,9.943034499883651733e-02,-2.640885487198829651e-02,-9.959659725427627563e-02,9.950150251388549805e-01,-5.053097382187843323e-03,2.577477693557739258e-02,7.656518369913101196e-03,9.996384382247924805e-01,-1.812380850315093994e-01,-4.158589541912078857e-01,-2.384550636634230614e-03,1.000000000000000000e+00,0.000000000000000000e+00,2.667280435562133789e-01,-6.174626946449279785e-01,1.057770609855651855e+00,5.232799053192138672e-01,-1.667786687612533569e-01,2.723447419703006744e-02,1.000000000000000000e+00,2.895672023296356201e-01,7.714252173900604248e-02,8.396528363227844238e-01,8.679506182670593262e-01,-1.062011241912841797e+00,-2.961527407169342041e-01,1.000000000000000000e+00,3.222728729248046875e+00,-6.438244581222534180e-01,8.303433656692504883e-01,-6.583742499351501465e-01,-2.088709548115730286e-02,6.259412318468093872e-02,1.000000000000000000e+00,2.322093963623046875e+00,2.098608911037445068e-01,9.247344136238098145e-01,-6.574240922927856445e-01,-3.385713994503021240e-01,-1.230385676026344299e-01,1.000000000000000000e+00,1.000000000000000000e+00,0.000000000000000000e+00,0.000000000000000000e+00,1.000000000000000000e+00,2.895672023296356201e-01,7.714252173900604248e-02,8.396528363227844238e-01,8.679506182670593262e-01,-1.062011241912841797e+00,-2.961527407169342041e-01,9.753069281578063965e-01,1.326380819082260132e-01,1.765890568494796753e-01,-9.801759570837020874e-02,9.764713048934936523e-01,-1.920846402645111084e-01,-1.979118734598159790e-01,1.700326204299926758e-01,9.653599858283996582e-01,-3.789929449558258057e-01,5.954368971288204193e-03,-2.442881232127547264e-04,0.000000000000000000e+00,1.000000000000000000e+00,2.667280435562133789e-01,-6.174626946449279785e-01,1.057770609855651855e+00,5.232799053192138672e-01,-1.667786687612533569e-01,2.723447419703006744e-02,1.000000000000000000e+00,2.895672023296356201e-01,7.714252173900604248e-02,8.396528363227844238e-01,8.679506182670593262e-01,-1.062011241912841797e+00,-2.961527407169342041e-01,1.000000000000000000e+00,3.222728729248046875e+00,-6.438244581222534180e-01,8.303433656692504883e-01,-6.583742499351501465e-01,-2.088709548115730286e-02,6.259412318468093872e-02,1.000000000000000000e+00,2.322093963623046875e+00,2.098608911037445068e-01,9.247344136238098145e-01,-6.574240922927856445e-01,-3.385713994503021240e-01,-1.230385676026344299e-01,1.000000000000000000e+00,1.000000000000000000e+00,0.000000000000000000e+00,0.000000000000000000e+00,1.000000000000000000e+00,3.222728729248046875e+00,-6.438244581222534180e-01,8.303433656692504883e-01,-6.583742499351501465e-01,-2.088709548115730286e-02,6.259412318468093872e-02,2.126996361514808809e-02,-5.062923649573747298e-02,-1.225493635308527382e-03,1.000000000000000000e+00,2.322093963623046875e+00,2.098608911037445068e-01,9.247344136238098145e-01,-6.574240922927856445e-01,-3.385713994503021240e-01,-1.230385676026344299e-01,1.790997418037812705e-01,-4.105048782199660629e-02,-1.018492994199157731e-02,1.000000000000000000e+00,-1.867146790027618408e-02,-8.629479259252548218e-02,-1.000000014901161194e-01,4.124599397182464600e-01,1.073980256915092468e-01,1.999914646148681641e-01,-1.000000014901161194e-01,4.018029570579528809e-01,2.711868286132812500e-02,-2.612829208374023438e-02,-7.085800170898437500e-04,4.037871658802032471e-01,2.000000029802322388e-01,6.096124649047851562e-03,2.363443374633789062e-03,3.769009709358215332e-01
7.399999999999999911e-01,2.771078050136566162e-01,-6.207938790321350098e-01,1.058328509330749512e+00,5.134708285331726074e-01,-1.661408841609954834e-01,2.870994061231613159e-02,9.944409728050231934e-01,9.959726035594940186e-02,-3.417193889617919922e-02,-9.967868030071258545e-02,9.950195550918579102e-01,-6.829254562035202980e-04,3.393372893333435059e-02,4.085342865437269211e-03,9.994158148765563965e-01,-1.755098551511764526e-01,-3.993780314922332764e-01,-3.464262699708342552e-03,1.000000000000000000e+00,0.000000000000000000e+00,2.771078050136566162e-01,-6.207938790321350098e-01,1.058328509330749512e+00,5.134708285331726074e-01,-1.661408841609954834e-01,2.870994061231613159e-02,1.000000000000000000e+00,3.071673810482025146e-01,5.565187335014343262e-02,8.336225748062133789e-01,8.947817683219909668e-01,-1.089566111564636230e+00,-3.078352212905883789e-01,1.000000000000000000e+00,3.209518194198608398e+00,-6.442790031433105469e-01,8.316091895103454590e-01,-6.630514860153198242e-01,-2.500764280557632446e-02,6.415384262800216675e-02,1.000000000000000000e+00,2.308922290802001953e+00,2.028116583824157715e-01,9.221776723861694336e-01,-6.597570180892944336e-01,-3.694819509983062744e-01,-1.337945014238357544e-01,1.000000000000000000e+00,1.000000000000000000e+00,0.000000000000000000e+00,0.000000000000000000e+00,1.000000000000000000e+00,3.071673810482025146e-01,5.565187335014343262e-02,8.336225748062133789e-01,8.947817683219909668e-01,-1.089566111564636230e+00,-3.078352212905883789e-01,9.752866625785827637e-01,1.312298029661178589e-01,1.777499169111251831e-01,-9.800288826227188110e-02,9.779731035232543945e-01,-1.842943280935287476e-01,-1.980195194482803345e-01,1.623197644948959351e-01,9.666648507118225098e-01,-4.265330135822296143e-01,5.036091431975364685e-03,-3.777247911784797907e-04,0.000000000000000000e+00,1.000000000000000000e+00,2.771078050136566162e-01,-6.207938790321350098e-01,1.058328509330749512e+00,5.134708285331726074e-01,-1.661408841609954834e-01,2.870994061231613159e-02,1.000000000000000000e+00,3.071673810482025146e-01,5.565187335014343262e-02,8.336225748062133789e-01,8.947817683219909668e-01,-1.089566111564636230e+00,-3.078352212905883789e-01,1.000000000000000000e+00,3.209518194198608398e+00,-6.442790031433105469e-01,8.316091895103454590e-01,-6.630514860153198242e-01,-2.500764280557632446e-02,6.415384262800216675e-02,1.000000000000000000e+00,2.308922290802001953e+00,2.028116583824157715e-01,9.221776723861694336e-01,-6.597570180892944336e-01,-3.694819509983062744e-01,-1.337945014238357544e-01,1.000000000000000000e+00,1.000000000000000000e+00,0.000000000000000000e+00,0.000000000000000000e+00,1.000000000000000000e+00,3.209518194198608398e+00,-6.442790031433105469e-01,8.316091895103454590e-01,-6.630514860153198242e-01,-2.500764280557632446e-02,6.415384262800216675e-02,2.217832998046087578e-02,-4.722905054484094478e-02,-1.197404434305245416e-03,1.000000000000000000e+00,2.308922290802001953e+00,2.028116583824157715e-01,9.221776723861694336e-01,-6.597570180892944336e-01,-3.694819509983062744e-01,-1.337945014238357544e-01,1.820708538949853683e-01,-3.482494077528630605e-02,-8.858606149650949391e-03,1.000000000000000000e+00,-2.182303927838802338e-02,-9.256884455680847168e-02,-1.000000014901161194e-01,4.140719175338745117e-01,9.062227606773376465e-02,1.972294747829437256e-01,-1.000000014901161194e-01,4.065777361392974854e-01,2.650547027587890625e-02,-2.465844154357910156e-02,-6.537437438964843750e-04,4.037566184997558594e-01,2.000000029802322388e-01,1.253867149353027344e-02,5.096197128295898438e-03,3.761528432369232178e-01
7.600000000000000089e-01,2.872782945632934570e-01,-6.241046786308288574e-01,1.058916449546813965e+00,5.022256970405578613e-01,-1.646588295698165894e-01,3.025620244443416595e-02,9.941354393959045410e-01,9.980756789445877075e-02,-4.163319990038871765e-02,-9.974696487188339233e-02,9.950066208839416504e-01,3.535698633641004562e-03,4.177819564938545227e-02,6.378220277838408947e-04,9.991267919540405273e-01,-1.697255671024322510e-01,-3.851225376129150391e-01,-4.548816941678524017e-03,1.000000000000000000e+00,0.000000000000000000e+00,2.872782945632934570e-01,-6.241046786308288574e-01,1.058916449546813965e+00,5.022256970405578613e-01,-1.646588295698165894e-01,3.025620244443416595e-02,1.000000000000000000e+00,3.253061175346374512e-01,3.362385556101799011e-02,8.273710012435913086e-01,9.218381047248840332e-01,-1.115567088127136230e+00,-3.180943131446838379e-01,1.000000000000000000e+00,3.196220159530639648e+00,-6.448172330856323242e-01,8.329066038131713867e-01,-6.670447587966918945e-01,-2.926058694720268250e-02,6.574121117591857910e-02,1.000000000000000000e+00,2.295715570449829102e+00,1.951422840356826782e-01,9.194017052650451660e-01,-6.608625650405883789e-01,-4.005926549434661865e-01,-1.450075805187225342e-01,1.000000000000000000e+00,1.000000000000000000e+00,0.000000000000000000e+00,0.000000000000000000e+00,1.000000000000000000e+00,3.253061175346374512e-01,3.362385556101799011e-02,8.273710012435913086e-01,9.218381047248840332e-01,-1.115567088127136230e+00,-3.180943131446838379e-01,9.752772450447082520e-01,1.296161413192749023e-01,1.789811104536056519e-01,-9.798998385667800903e-02,9.795976877212524414e-01,-1.754613369703292847e-01,-1.980720609426498413e-01,1.535850614309310913e-01,9.680802822113037109e-01,-4.845550060272216797e-01,-2.434159861877560616e-03,7.020140183158218861e-04,0.000000000000000000e+00,1.000000000000000000e+00,2.872782945632934570e-01,-6.241046786308288574e-01,1.058916449546813965e+00,5.022256970405578613e-01,-1.646588295698165894e-01,3.025620244443416595e-02,1.000000000000000000e+00,3.253061175346374512e-01,3.362385556101799011e-02,8.273710012435913086e-01,9.218381047248840332e-01,-1.115567088127136230e+00,-3.180943131446838379e-01,1.000000000000000000e+00,3.196220159530639648e+00,-6.448172330856323242e-01,8.329066038131713867e-01,-6.670447587966918945e-01,-2.926058694720268250e-02,6.574121117591857910e-02,1.000000000000000000e+00,2.295715570449829102e+00,1.951422840356826782e-01,9.194017052650451660e-01,-6.608625650405883789e-01,-4.005926549434661865e-01,-1.450075805187225342e-01,1.000000000000000000e+00,1.000000000000000000e+00,0.000000000000000000e+00,0.000000000000000000e+00,1.000000000000000000e+00,3.196220159530639648e+00,-6.448172330856323242e-01,8.329066038131713867e-01,-6.670447587966918945e-01,-2.926058694720268250e-02,6.574121117591857910e-02,2.289178672919645746e-02,-4.408767894167642254e-02,-1.158737766860134383e-03,1.000000000000000000e+00,2.295715570449829102e+00,1.951422840356826782e-01,9.194017052650451660e-01,-6.608625650405883789e-01,-4.005926549434661865e-01,-1.450075805187225342e-01,1.845865566397861257e-01,-2.857867077445819248e-02,-7.287361333735281610e-03,1.000000000000000000e+00,-2.396775782108306885e-02,-9.755119681358337402e-02,-1.000000014901161194e-01,4.150310158729553223e-01,7.200782001018524170e-02,1.888860166072845459e-01,-1.000000014901161194e-01,4.116331338882446289e-01,2.563333511352539062e-02,-2.339482307434082031e-02,-5.998611450195312500e-04,4.037110507488250732e-01,2.000000029802322388e-01,1.900219917297363281e-02,8.073091506958007812e-03,3.756448924541473389e-01
7.800000000000000266e-01,2.972114384174346924e-01,-6.273785829544067383e-01,1.059536576271057129e+00,4.896039664745330811e-01,-1.623656600713729858e-01,3.196907788515090942e-02,9.937826395034790039e-01,1.000584214925765991e-01,-4.883025586605072021e-02,-9.980438649654388428e-02,9.949778914451599121e-01,7.619450334459543228e-03,4.934741556644439697e-02,-2.698603784665465355e-03,9.987780451774597168e-01,-1.640114933252334595e-01,-3.710207939147949219e-01,-5.396469030529260635e-03,1.000000000000000000e+00,0.000000000000000000e+00,2.972114384174346924e-01,-6.273785829544067383e-01,1.059536576271057129e+00,4.896039664745330811e-01,-1.623656600713729858e-01,3.196907788515090942e-02,1.000000000000000000e+00,3.439883887767791748e-01,1.109107956290245056e-02,8.209290504455566406e-01,9.491637349128723145e-01,-1.139834046363830566e+00,-3.266648054122924805e-01,1.000000000000000000e+00,3.182847738265991211e+00,-6.454414129257202148e-01,8.342358469963073730e-01,-6.704094409942626953e-01,-3.360516577959060669e-02,6.734581291675567627e-02,1.000000000000000000e+00,2.282497406005859375e+00,1.868494451045989990e-01,9.163976311683654785e-01,-6.607450246810913086e-01,-4.318339824676513672e-01,-1.566144227981567383e-01,1.000000000000000000e+00,1.000000000000000000e+00,0.000000000000000000e+00,0.000000000000000000e+00,1.000000000000000000e+00,3.439883887767791748e-01,1.109107956290245056e-02,8.209290504455566406e-01,9.491637349128723145e-01,-1.139834046363830566e+00,-3.266648054122924805e-01,9.753348231315612793e-01,1.277244240045547485e-01,1.800243854522705078e-01,-9.798873960971832275e-02,9.813516736030578613e-01,-1.653705984354019165e-01,-1.977890729904174805e-01,1.436513215303421021e-01,9.696618318557739258e-01,-5.500388741493225098e-01,-3.542090952396392822e-02,4.342281259596347809e-03,0.000000000000000000e+00,1.000000000000000000e+00,2.972114384174346924e-01,-6.273785829544067383e-01,1.059536576271057129e+00,4.896039664745330811e-01,-1.623656600713729858e-01,3.196907788515090942e-02,1.000000000000000000e+00,3.439883887767791748e-01,1.109107956290245056e-02,8.209290504455566406e-01,9.491637349128723145e-01,-1.139834046363830566e+00,-3.266648054122924805e-01,1.000000000000000000e+00,3.182847738265991211e+00,-6.454414129257202148e-01,8.342358469963073730e-01,-6.704094409942626953e-01,-3.360516577959060669e-02,6.734581291675567627e-02,1.000000000000000000e+00,2.282497406005859375e+00,1.868494451045989990e-01,9.163976311683654785e-01,-6.607450246810913086e-01,-4.318339824676513672e-01,-1.566144227981567383e-01,1.000000000000000000e+00,1.000000000000000000e+00,0.000000000000000000e+00,0.000000000000000000e+00,1.000000000000000000e+00,3.182847738265991211e+00,-6.454414129257202148e-01,8.342358469963073730e-01,-6.704094409942626953e-01,-3.360516577959060669e-02,6.734581291675567627e-02,2.339941682016801611e-02,-4.120010381527738907e-02,-1.111329964481226965e-03,1.000000000000000000e+00,2.282497406005859375e+00,1.868494451045989990e-01,9.163976311683654785e-01,-6.607450246810913086e-01,-4.318339824676513672e-01,-1.566144227981567383e-01,1.867591377803850816e-01,-2.231400548079021107e-02,-5.469134766880073828e-03,1.000000000000000000e+00,-2.551718614995479584e-02,-1.016596332192420959e-01,-1.000000014901161194e-01,4.148091077804565430e-01,5.128723382949829102e-02,1.782533377408981323e-01,-1.000000014901161194e-01,4.169427156448364258e-01,2.451992034912109375e-02,-2.232003211975097656e-02,-5.474090576171875000e-04,4.036593735218048096e-01,2.000000029802322388e-01,2.545905113220214844e-02,1.127076148986816406e-02,3.754379153251647949e-01
8.000000000000000444e-01,3.068802058696746826e-01,-6.305995583534240723e-01,1.060192465782165527e+00,4.756677150726318359e-01,-1.592941731214523315e-01,3.382581099867820740e-02,9.933919310569763184e-01,1.003390997648239136e-01,-5.571902170777320862e-02,-9.984821081161499023e-02,9.949358701705932617e-01,1.153211388736963272e-02,5.659397318959236145e-02,-5.892463959753513336e-03,9.983799457550048828e-01,-1.548479199409484863e-01,-3.518391549587249756e-01,-5.854951683431863785e-03,1.000000000000000000e+00,0.000000000000000000e+00,3.068802058696746826e-01,-6.305995583534240723e-01,1.060192465782165527e+00,4.756677150726318359e-01,-1.592941731214523315e-01,3.382581099867820740e-02,1.000000000000000000e+00,3.632193505764007568e-01,-1.190975122153759003e-02,8.143327236175537109e-01,9.767153859138488770e-01,-1.162133336067199707e+00,-3.332893848419189453e-01,1.000000000000000000e+00,3.169413566589355469e+00,-6.461529731750488281e-01,8.355972766876220703e-01,-6.731994152069091797e-01,-3.799904882907867432e-02,6.895777583122253418e-02,1.000000000000000000e+00,2.269292831420898438e+00,1.779309660196304321e-01,9.131585359573364258e-01,-6.594086289405822754e-01,-4.631558060646057129e-01,-1.685363203287124634e-01,1.000000000000000000e+00,1.000000000000000000e+00,0.000000000000000000e+00,0.000000000000000000e+00,1.000000000000000000e+00,3.632193505764007568e-01,-1.190975122153759003e-02,8.143327236175537109e-01,9.767153859138488770e-01,-1.162133336067199707e+00,-3.332893848419189453e-01,9.755799770355224609e-01,1.254965662956237793e-01,1.802622079849243164e-01,-9.805374592542648315e-02,9.832187891006469727e-01,-1.538387537002563477e-01,-1.965434253215789795e-01,1.324066221714019775e-01,9.715139269828796387e-01,-6.197755336761474609e-01,-1.032696962356567383e-01,9.464933536946773529e-03,0.000000000000000000e+00,1.000000000000000000e+00,3.068802058696746826e-01,-6.305995583534240723e-01,1.060192465782165527e+00,4.756677150726318359e-01,-1.592941731214523315e-01,3.382581099867820740e-02,1.000000000000000000e+00,3.632193505764007568e-01,-1.190975122153759003e-02,8.143327236175537109e-01,9.767153859138488770e-01,-1.162133336067199707e+00,-3.332893848419189453e-01,1.000000000000000000e+00,3.169413566589355469e+00,-6.461529731750488281e-01,8.355972766876220703e-01,-6.731994152069091797e-01,-3.799904882907867432e-02,6.895777583122253418e-02,1.000000000000000000e+00,2.269292831420898438e+00,1.779309660196304321e-01,9.131585359573364258e-01,-6.594086289405822754e-01,-4.631558060646057129e-01,-1.685363203287124634e-01,1.000000000000000000e+00,1.000000000000000000e+00,0.000000000000000000e+00,0.000000000000000000e+00,1.000000000000000000e+00,3.169413566589355469e+00,-6.461529731750488281e-01,8.355972766876220703e-01,-6.731994152069091797e-01,-3.799904882907867432e-02,6.895777583122253418e-02,2.369381217058368072e-02,-3.855872888373723661e-02,-1.056827526460746292e-03,1.000000000000000000e+00,2.269292831420898438e+00,1.779309660196304321e-01,9.131585359573364258e-01,-6.594086289405822754e-01,-4.631558060646057129e-01,-1.685363203287124634e-01,1.886407897850140292e-01,-1.603382918327533879e-02,-3.403917920549934251e-03,1.000000000000000000e+00,-2.770283631980419159e-02,-1.063433066010475159e-01,-1.000000014901161194e-01,4.147714674472808838e-01,2.872640453279018402e-02,1.644006967544555664e-01,-1.000000014901161194e-01,4.233244359493255615e-01,2.318596839904785156e-02,-2.141880989074707031e-02,-4.966259002685546875e-04,4.036010801792144775e-01,2.000000029802322388e-01,3.186964988708496094e-02,1.464939117431640625e-02,3.755880892276763916e-01
8.200000000000000622e-01,3.162589669227600098e-01,-6.337522864341735840e-01,1.060886383056640625e+00,4.604972600936889648e-01,-1.554906070232391357e-01,3.575286269187927246e-02,9.929770231246948242e-01,1.006362661719322205e-01,-6.220323592424392700e-02,-9.987775236368179321e-02,9.948838353157043457e-01,1.519335620105266571e-02,6.341398507356643677e-02,-8.873933926224708557e-03,9.979479908943176270e-01,-1.437755525112152100e-01,-3.294443488121032715e-01,-6.238460540771484375e-03,1.000000000000000000e+00,0.000000000000000000e+00,3.162589669227600098e-01,-6.337522864341735840e-01,1.060886383056640625e+00,4.604972600936889648e-01,-1.554906070232391357e-01,3.575286269187927246e-02,1.000000000000000000e+00,3.830022513866424561e-01,-3.533686324954032898e-02,8.076235651969909668e-01,1.004326820373535156e+00,-1.182190299034118652e+00,-3.376727700233459473e-01,1.000000000000000000e+00,3.155928611755371094e+00,-6.469525694847106934e-01,8.369908928871154785e-01,-6.754668354988098145e-01,-4.239908233284950256e-02,7.056780904531478882e-02,1.000000000000000000e+00,2.256125450134277344e+00,1.683856397867202759e-01,9.096787571907043457e-01,-6.568566560745239258e-01,-4.945189058780670166e-01,-1.806757152080535889e-01,1.000000000000000000e+00,1.000000000000000000e+00,0.000000000000000000e+00,0.000000000000000000e+00,1.000000000000000000e+00,3.830022513866424561e-01,-3.533686324954032898e-02,8.076235651969909668e-01,1.004326820373535156e+00,-1.182190299034118652e+00,-3.376727700233459473e-01,9.761248230934143066e-01,1.229134574532508850e-01,1.790884584188461304e-01,-9.823154658079147339e-02,9.851624965667724609e-01,-1.407319754362106323e-01,-1.937290877103805542e-01,1.197798401117324829e-01,9.737155437469482422e-01,-6.919997334480285645e-01,-1.953611373901367188e-01,1.512016821652650833e-02,0.000000000000000000e+00,1.000000000000000000e+00,3.162589669227600098e-01,-6.337522864341735840e-01,1.060886383056640625e+00,4.604972600936889648e-01,-1.554906070232391357e-01,3.575286269187927246e-02,1.000000000000000000e+00,3.830022513866424561e-01,-3.533686324954032898e-02,8.076235651969909668e-01,1.004326820373535156e+00,-1.182190299034118652e+00,-3.376727700233459473e-01,1.000000000000000000e+00,3.155928611755371094e+00,-6.469525694847106934e-01,8.369908928871154785e-01,-6.754668354988098145e-01,-4.239908233284950256e-02,7.056780904531478882e-02,1.000000000000000000e+00,2.256125450134277344e+00,1.683856397867202759e-01,9.096787571907043457e-01,-6.568566560745239258e-01,-4.945189058780670166e-01,-1.806757152080535889e-01,1.000000000000000000e+00,1.000000000000000000e+00,0.000000000000000000e+00,0.000000000000000000e+00,1.000000000000000000e+00,3.155928611755371094e+00,-6.469525694847106934e-01,8.369908928871154785e-01,-6.754668354988098145e-01,-4.239908233284950256e-02,7.056780904531478882e-02,2.377151071632397500e-02,-3.615415220658912965e-02,-9.964796507216915761e-04,1.000000000000000000e+00,2.256125450134277344e+00,1.683856397867202759e-01,9.096787571907043457e-01,-6.568566560745239258e-01,-4.945189058780670166e-01,-1.806757152080535889e-01,1.902546557125682491e-01,-9.742615224030082288e-03,-1.094938317379723358e-03,1.000000000000000000e+00,-3.062593378126621246e-02,-1.116323024034500122e-01,-1.000000014901161194e-01,4.142250418663024902e-01,4.218254704028367996e-03,1.479395478963851929e-01,-1.000000014901161194e-01,4.298221766948699951e-01,2.165770530700683594e-02,-2.067732810974121094e-02,-4.477500915527343750e-04,4.035320580005645752e-01,2.000000029802322388e-01,3.818178176879882812e-02,1.814842224121093750e-02,3.761572241783142090e-01
8.399999999999999689e-01,3.253238797187805176e-01,-6.368228197097778320e-01,1.061618924140930176e+00,4.441859722137451172e-01,-1.510105729103088379e-01,3.767586126923561096e-02,9.925454854965209961e-01,1.009438261389732361e-01,-6.829416751861572266e-02,-9.989374130964279175e-02,9.948238730430603027e-01,1.862896420061588287e-02,6.982113420963287354e-02,-1.166793331503868103e-02,9.974914193153381348e-01,-1.380181908607482910e-01,-3.127306103706359863e-01,-6.375188939273357391e-03,1.000000000000000000e+00,0.000000000000000000e+00,3.253238797187805176e-01,-6.368228197097778320e-01,1.061618924140930176e+00,4.441859722137451172e-01,-1.510105729103088379e-01,3.767586126923561096e-02,1.000000000000000000e+00,4.033360481262207031e-01,-5.914269760251045227e-02,8.008490800857543945e-01,1.031730771064758301e+00,-1.199694871902465820e+00,-3.394987583160400391e-01,1.000000000000000000e+00,3.142402172088623047e+00,-6.478399038314819336e-01,8.384166359901428223e-01,-6.772610545158386230e-01,-4.676211252808570862e-02,7.216753810644149780e-02,1.000000000000000000e+00,2.243020057678222656e+00,1.582129001617431641e-01,9.059550762176513672e-01,-6.530923247337341309e-01,-5.258926153182983398e-01,-1.929143667221069336e-01,1.000000000000000000e+00,1.000000000000000000e+00,0.000000000000000000e+00,0.000000000000000000e+00,1.000000000000000000e+00,4.033360481262207031e-01,-5.914269760251045227e-02,8.008490800857543945e-01,1.031730771064758301e+00,-1.199694871902465820e+00,-3.394987583160400391e-01,9.770210981369018555e-01,1.199930384755134583e-01,1.761573404073715210e-01,-9.852280467748641968e-02,9.871300458908081055e-01,-1.259661912918090820e-01,-1.890052706003189087e-01,1.057161167263984680e-01,9.762689471244812012e-01,-7.663147449493408203e-01,-2.960456907749176025e-01,2.003301307559013367e-02,0.000000000000000000e+00,1.000000000000000000e+00,3.253238797187805176e-01,-6.368228197097778320e-01,1.061618924140930176e+00,4.441859722137451172e-01,-1.510105729103088379e-01,3.767586126923561096e-02,1.000000000000000000e+00,4.033360481262207031e-01,-5.914269760251045227e-02,8.008490800857543945e-01,1.031730771064758301e+00,-1.199694871902465820e+00,-3.394987583160400391e-01,1.000000000000000000e+00,3.142402172088623047e+00,-6.478399038314819336e-01,8.384166359901428223e-01,-6.772610545158386230e-01,-4.676211252808570862e-02,7.216753810644149780e-02,1.000000000000000000e+00,2.243020057678222656e+00,1.582129001617431641e-01,9.059550762176513672e-01,-6.530923247337341309e-01,-5.258926153182983398e-01,-1.929143667221069336e-01,1.000000000000000000e+00,1.000000000000000000e+00,0.000000000000000000e+00,0.000000000000000000e+00,1.000000000000000000e+00,3.142402172088623047e+00,-6.478399038314819336e-01,8.384166359901428223e-01,-6.772610545158386230e-01,-4.676211252808570862e-02,7.216753810644149780e-02,2.363297387907781905e-02,-3.397596970130578597e-02,-9.315455300100087405e-04,1.000000000000000000e+00,2.243020057678222656e+00,1.582129001617431641e-01,9.059550762176513672e-01,-6.530923247337341309e-01,-5.258926153182983398e-01,-1.929143667221069336e-01,1.916274125496128522e-01,-3.449017808328180834e-03,1.449028953383960094e-03,1.000000000000000000e+00,-3.237991780042648315e-02,-1.154401525855064392e-01,-1.000000014901161194e-01,4.141436219215393066e-01,-2.164850011467933655e-02,1.306900978088378906e-01,-1.000000014901161194e-01,4.343848526477813721e-01,1.996421813964843750e-02,-2.008318901062011719e-02,-4.010200500488281250e-04,4.034486114978790283e-01,2.000000029802322388e-01,4.432821273803710938e-02,2.168250083923339844e-02,3.772110939025878906e-01
8.599999999999999867e-01,3.340529501438140869e-01,-6.397979855537414551e-01,1.062389254570007324e+00,4.268116056919097900e-01,-1.458919793367385864e-01,3.953772410750389099e-02,9.920946359634399414e-01,1.012677103281021118e-01,-7.411596179008483887e-02,-9.989774227142333984e-02,9.947550892829895020e-01,2.197311632335186005e-02,7.595239579677581787e-02,-1.439539249986410141e-02,9.970075488090515137e-01,-1.363824605941772461e-01,-3.011022508144378662e-01,-6.478606257587671280e-03,1.000000000000000000e+00,0.000000000000000000e+00,3.340529501438140869e-01,-6.397979855537414551e-01,1.062389254570007324e+00,4.268116056919097900e-01,-1.458919793367385864e-01,3.953772410750389099e-02,1.000000000000000000e+00,4.242135882377624512e-01,-8.327305316925048828e-02,7.940627336502075195e-01,1.058585643768310547e+00,-1.214288711547851562e+00,-3.385861814022064209e-01,1.000000000000000000e+00,3.128843784332275391e+00,-6.488139033317565918e-01,8.398742675781250000e-01,-6.786293983459472656e-01,-5.104575678706169128e-02,7.374916225671768188e-02,1.000000000000000000e+00,2.230000972747802734e+00,1.474127620458602905e-01,9.019868969917297363e-01,-6.481189727783203125e-01,-5.572558045387268066e-01,-2.051168978214263916e-01,1.000000000000000000e+00,1.000000000000000000e+00,0.000000000000000000e+00,0.000000000000000000e+00,1.000000000000000000e+00,4.242135882377624512e-01,-8.327305316925048828e-02,7.940627336502075195e-01,1.058585643768310547e+00,-1.214288711547851562e+00,-3.385861814022064209e-01,9.782508015632629395e-01,1.167920604348182678e-01,1.714207828044891357e-01,-9.889537841081619263e-02,9.890556931495666504e-01,-1.094929128885269165e-01,-1.823325753211975098e-01,9.015880525112152100e-02,9.790946245193481445e-01,-8.419054746627807617e-01,-3.902323544025421143e-01,2.269590087234973907e-02,0.000000000000000000e+00,1.000000000000000000e+00,3.340529501438140869e-01,-6.397979855537414551e-01,1.062389254570007324e+00,4.268116056919097900e-01,-1.458919793367385864e-01,3.953772410750389099e-02,1.000000000000000000e+00,4.242135882377624512e-01,-8.327305316925048828e-02,7.940627336502075195e-01,1.058585643768310547e+00,-1.214288711547851562e+00,-3.385861814022064209e-01,1.000000000000000000e+00,3.128843784332275391e+00,-6.488139033317565918e-01,8.398742675781250000e-01,-6.786293983459472656e-01,-5.104575678706169128e-02,7.374916225671768188e-02,1.000000000000000000e+00,2.230000972747802734e+00,1.474127620458602905e-01,9.019868969917297363e-01,-6.481189727783203125e-01,-5.572558045387268066e-01,-2.051168978214263916e-01,1.000000000000000000e+00,1.000000000000000000e+00,0.000000000000000000e+00,0.000000000000000000e+00,1.000000000000000000e+00,3.128843784332275391e+00,-6.488139033317565918e-01,8.398742675781250000e-01,-6.786293983459472656e-01,-5.104575678706169128e-02,7.374916225671768188e-02,2.328261402644252187e-02,-3.201345502094410378e-02,-8.633691467190597602e-04,1.000000000000000000e+00,2.230000972747802734e+00,1.474127620458602905e-01,9.019868969917297363e-01,-6.481189727783203125e-01,-5.572558045387268066e-01,-2.051168978214263916e-01,1.927955592711362853e-01,2.831039574892946220e-03,4.211627230453748871e-03,1.000000000000000000e+00,-3.401630371809005737e-02,-1.186409592628479004e-01,-1.000000014901161194e-01,4.138562083244323730e-01,-4.325239732861518860e-02,1.172769293189048767e-01,-1.000000014901161194e-01,4.397447407245635986e-01,1.813173294067382812e-02,-1.962327957153320312e-02,-3.557205200195312500e-04,4.033481180667877197e-01,2.000000029802322388e-01,5.023431777954101562e-02,2.514338493347167969e-02,3.787878751754760742e-01
8.800000000000000044e-01,3.424253463745117188e-01,-6.426652073860168457e-01,1.063195705413818359e+00,4.084325134754180908e-01,-1.401539295911788940e-01,4.130529984831809998e-02,9.916276335716247559e-01,1.016050726175308228e-01,-7.969266921281814575e-02,-9.988892078399658203e-02,9.946782588958740234e-01,2.524383179843425751e-02,8.183347433805465698e-02,-1.707206852734088898e-02,9.964997768402099609e-01,-1.321559846401214600e-01,-2.864916622638702393e-01,-6.448893342167139053e-03,1.000000000000000000e+00,0.000000000000000000e+00,3.424253463745117188e-01,-6.426652073860168457e-01,1.063195705413818359e+00,4.084325134754180908e-01,-1.401539295911788940e-01,4.130529984831809998e-02,1.000000000000000000e+00,4.456205964088439941e-01,-1.076662540435791016e-01,7.873196601867675781e-01,1.084540963172912598e+00,-1.225588560104370117e+00,-3.348613083362579346e-01,1.000000000000000000e+00,3.115261554718017578e+00,-6.498724818229675293e-01,8.413633108139038086e-01,-6.796165704727172852e-01,-5.520918965339660645e-02,7.530489563941955566e-02,1.000000000000000000e+00,2.217092275619506836e+00,1.359855234622955322e-01,8.977758884429931641e-01,-6.419414877891540527e-01,-5.885971784591674805e-01,-2.171335071325302124e-01,1.000000000000000000e+00,1.000000000000000000e+00,0.000000000000000000e+00,0.000000000000000000e+00,1.000000000000000000e+00,4.456205964088439941e-01,-1.076662540435791016e-01,7.873196601867675781e-01,1.084540963172912598e+00,-1.225588560104370117e+00,-3.348613083362579346e-01,9.797277450561523438e-01,1.134156882762908936e-01,1.651379317045211792e-01,-9.929636120796203613e-02,9.908508062362670898e-01,-9.140619635581970215e-02,-1.739939302206039429e-01,7.315558195114135742e-02,9.820257425308227539e-01,-9.031068086624145508e-01,-4.576130509376525879e-01,2.231750264763832092e-02,0.000000000000000000e+00,1.000000000000000000e+00,3.424253463745117188e-01,-6.426652073860168457e-01,1.063195705413818359e+00,4.084325134754180908e-01,-1.401539295911788940e-01,4.130529984831809998e-02,1.000000000000000000e+00,4.456205964088439941e-01,-1.076662540435791016e-01,7.873196601867675781e-01,1.084540963172912598e+00,-1.225588560104370117e+00,-3.348613083362579346e-01,1.000000000000000000e+00,3.115261554718017578e+00,-6.498724818229675293e-01,8.413633108139038086e-01,-6.796165704727172852e-01,-5.520918965339660645e-02,7.530489563941955566e-02,1.000000000000000000e+00,2.217092275619506836e+00,1.359855234622955322e-01,8.977758884429931641e-01,-6.419414877891540527e-01,-5.885971784591674805e-01,-2.171335071325302124e-01,1.000000000000000000e+00,1.000000000000000000e+00,0.000000000000000000e+00,0.000000000000000000e+00,1.000000000000000000e+00,3.115261554718017578e+00,-6.498724818229675293e-01,8.413633108139038086e-01,-6.796165704727172852e-01,-5.520918965339660645e-02,7.530489563941955566e-02,2.272846146046309662e-02,-3.025602804145566260e-02,-7.932697494802062876e-04,1.000000000000000000e+00,2.217092275619506836e+00,1.359855234622955322e-01,8.977758884429931641e-01,-6.419414877891540527e-01,-5.885971784591674805e-01,-2.171335071325302124e-01,1.937939437964743550e-01,9.074039466409056232e-03,7.165653395568086226e-03,1.000000000000000000e+00,-3.590803593397140503e-02,-1.217695251107215881e-01,-1.000000014901161194e-01,4.133735001087188721e-01,-6.455515325069427490e-02,1.041383147239685059e-01,-9.999992698431015015e-02,4.481839239597320557e-01,1.618242263793945312e-02,-1.928544044494628906e-02,-3.120899200439453125e-04,4.032300114631652832e-01,2.000000029802322388e-01,5.581974983215332031e-02,2.840638160705566406e-02,3.808972835540771484e-01
9.000000000000000222e-01,3.504216074943542480e-01,-6.454122066497802734e-01,1.064036726951599121e+00,3.891153931617736816e-01,-1.338233500719070435e-01,4.292751848697662354e-02,9.911568760871887207e-01,1.019466519355773926e-01,-8.494025468826293945e-02,-9.986960887908935547e-02,9.945961236953735352e-01,2.836458012461662292e-02,8.737292885780334473e-02,-1.963080093264579773e-02,9.959821701049804688e-01,-1.249898970127105713e-01,-2.669580578804016113e-01,-6.459692958742380142e-03,1.000000000000000000e+00,0.000000000000000000e+00,3.504216074943542480e-01,-6.454122066497802734e-01,1.064036726951599121e+00,3.891153931617736816e-01,-1.338233500719070435e-01,4.292751848697662354e-02,1.000000000000000000e+00,4.675366580486297607e-01,-1.322533339262008667e-01,7.806777358055114746e-01,1.109349370002746582e+00,-1.233271837234497070e+00,-3.281258642673492432e-01,1.000000000000000000e+00,3.101662635803222656e+00,-6.510129570960998535e-01,8.428831696510314941e-01,-6.802650094032287598e-01,-5.921375378966331482e-02,7.682681828737258911e-02,1.000000000000000000e+00,2.204318284988403320e+00,1.239317059516906738e-01,8.933274745941162109e-01,-6.345676183700561523e-01,-6.199133396148681641e-01,-2.288037836551666260e-01,1.000000000000000000e+00,1.000000000000000000e+00,0.000000000000000000e+00,0.000000000000000000e+00,1.000000000000000000e+00,4.675366580486297607e-01,-1.322533339262008667e-01,7.806777358055114746e-01,1.109349370002746582e+00,-1.233271837234497070e+00,-3.281258642673492432e-01,9.813048243522644043e-01,1.100381687283515930e-01,1.579006016254425049e-01,-9.965833276510238647e-02,9.923961758613586426e-01,-7.223697006702423096e-02,-1.646487712860107422e-01,5.515037104487419128e-02,9.848092794418334961e-01,-9.341003298759460449e-01,-4.882429242134094238e-01,1.893828622996807098e-02,0.000000000000000000e+00,1.000000000000000000e+00,3.504216074943542480e-01,-6.454122066497802734e-01,1.064036726951599121e+00,3.891153931617736816e-01,-1.338233500719070435e-01,4.292751848697662354e-02,1.000000000000000000e+00,4.675366580486297607e-01,-1.322533339262008667e-01,7.806777358055114746e-01,1.109349370002746582e+00,-1.233271837234497070e+00,-3.281258642673492432e-01,1.000000000000000000e+00,3.101662635803222656e+00,-6.510129570960998535e-01,8.428831696510314941e-01,-6.802650094032287598e-01,-5.921375378966331482e-02,7.682681828737258911e-02,1.000000000000000000e+00,2.204318284988403320e+00,1.239317059516906738e-01,8.933274745941162109e-01,-6.345676183700561523e-01,-6.199133396148681641e-01,-2.288037836551666260e-01,1.000000000000000000e+00,1.000000000000000000e+00,0.000000000000000000e+00,0.000000000000000000e+00,1.000000000000000000e+00,3.101662635803222656e+00,-6.510129570960998535e-01,8.428831696510314941e-01,-6.802650094032287598e-01,-5.921375378966331482e-02,7.682681828737258911e-02,2.198136377940421854e-02,-2.869309218957605268e-02,-7.224476336465997933e-04,1.000000000000000000e+00,2.204318284988403320e+00,1.239317059516906738e-01,8.933274745941162109e-01,-6.345676183700561523e-01,-6.199133396148681641e-01,-2.288037836551666260e-01,1.946469741954501287e-01,1.524862037551066862e-02,1.027333920199248463e-02,1.000000000000000000e+00,-3.812465071678161621e-02,-1.248382925987243652e-01,-1.000000014901161194e-01,4.127879738807678223e-01,-8.450520038604736328e-02,8.946450054645538330e-02,-9.999999403953552246e-02,4.584050178527832031e-01,1.413989067077636719e-02,-1.905775070190429688e-02,-2.694129943847656250e-04,4.030926525592803955e-01,2.000000029802322388e-01,6.099343299865722656e-02,3.133320808410644531e-02,3.835673630237579346e-01
9.200000000000000400e-01,3.580236732959747314e-01,-6.480275988578796387e-01,1.064908504486083984e+00,3.689443767070770264e-01,-1.269402801990509033e-01,4.434936866164207458e-02,9.906935095787048340e-01,1.022887676954269409e-01,-8.979740738868713379e-02,-9.984511137008666992e-02,9.945104122161865234e-01,3.130757436156272888e-02,9.250685572624206543e-02,-2.205037698149681091e-02,9.954679608345031738e-01,-1.193692311644554138e-01,-2.469396889209747314e-01,-6.478772498667240143e-03,1.000000000000000000e+00,0.000000000000000000e+00,3.580236732959747314e-01,-6.480275988578796387e-01,1.064908504486083984e+00,3.689443767070770264e-01,-1.269402801990509033e-01,4.434936866164207458e-02,1.000000000000000000e+00,4.899377524852752686e-01,-1.569599509239196777e-01,7.742000818252563477e-01,1.132905721664428711e+00,-1.237136960029602051e+00,-3.180417716503143311e-01,1.000000000000000000e+00,3.088053703308105469e+00,-6.522318720817565918e-01,8.444331884384155273e-01,-6.806145906448364258e-01,-6.302342563867568970e-02,7.830679416656494141e-02,1.000000000000000000e+00,2.191702127456665039e+00,1.112517490983009338e-01,8.886500597000122070e-01,-6.260091662406921387e-01,-6.512082219123840332e-01,-2.399528622627258301e-01,1.000000000000000000e+00,1.000000000000000000e+00,0.000000000000000000e+00,0.000000000000000000e+00,1.000000000000000000e+00,4.899377524852752686e-01,-1.569599509239196777e-01,7.742000818252563477e-01,1.132905721664428711e+00,-1.237136960029602051e+00,-3.180417716503143311e-01,9.828610420227050781e-01,1.068329215049743652e-01,1.502364873886108398e-01,-9.995467960834503174e-02,9.935989379882812500e-01,-5.263384059071540833e-02,-1.548978388309478760e-01,3.671490773558616638e-02,9.872480630874633789e-01,-9.388523101806640625e-01,-5.003446340560913086e-01,1.278422866016626358e-02,0.000000000000000000e+00,1.000000000000000000e+00,3.580236732959747314e-01,-6.480275988578796387e-01,1.064908504486083984e+00,3.689443767070770264e-01,-1.269402801990509033e-01,4.434936866164207458e-02,1.000000000000000000e+00,4.899377524852752686e-01,-1.569599509239196777e-01,7.742000818252563477e-01,1.132905721664428711e+00,-1.237136960029602051e+00,-3.180417716503143311e-01,1.000000000000000000e+00,3.088053703308105469e+00,-6.522318720817565918e-01,8.444331884384155273e-01,-6.806145906448364258e-01,-6.302342563867568970e-02,7.830679416656494141e-02,1.000000000000000000e+00,2.191702127456665039e+00,1.112517490983009338e-01,8.886500597000122070e-01,-6.260091662406921387e-01,-6.512082219123840332e-01,-2.399528622627258301e-01,1.000000000000000000e+00,1.000000000000000000e+00,0.000000000000000000e+00,0.000000000000000000e+00,1.000000000000000000e+00,3.088053703308105469e+00,-6.522318720817565918e-01,8.444331884384155273e-01,-6.806145906448364258e-01,-6.302342563867568970e-02,7.830679416656494141e-02,2.105392305677047243e-02,-2.731369784099846321e-02,-6.519359359514909774e-04,1.000000000000000000e+00,2.191702127456665039e+00,1.112517490983009338e-01,8.886500597000122070e-01,-6.260091662406921387e-01,-6.512082219123840332e-01,-2.399528622627258301e-01,1.953748496221160424e-01,2.131634926329240010e-02,1.348274776742630632e-02,1.000000000000000000e+00,-4.054880514740943909e-02,-1.274530589580535889e-01,-1.000000014901161194e-01,4.122352004051208496e-01,-1.024364754557609558e-01,7.498526573181152344e-02,-1.000000014901161194e-01,4.670804738998413086e-01,1.203083992004394531e-02,-1.892971992492675781e-02,-2.276897430419921875e-04,4.029343128204345703e-01,2.000000029802322388e-01,6.565546989440917969e-02,3.378391265869140625e-02,3.868530094623565674e-01
9.400000000000000577e-01,3.652152717113494873e-01,-6.505005359649658203e-01,1.065806150436401367e+00,3.480074703693389893e-01,-1.195413321256637573e-01,4.552545771002769470e-02,9.902405142784118652e-01,1.026354879140853882e-01,-9.428565204143524170e-02,-9.981806576251983643e-02,9.944199323654174805e-01,3.413958474993705750e-02,9.726345539093017578e-02,-2.439498901367187500e-02,9.949597120285034180e-01,-1.182631626725196838e-01,-2.296210378408432007e-01,-6.457753479480743408e-03,1.000000000000000000e+00,0.000000000000000000e+00,3.652152717113494873e-01,-6.505005359649658203e-01,1.065806150436401367e+00,3.480074703693389893e-01,-1.195413321256637573e-01,4.552545771002769470e-02,1.000000000000000000e+00,5.127982497215270996e-01,-1.817086488008499146e-01,7.679562568664550781e-01,1.155152916908264160e+00,-1.237070918083190918e+00,-3.043653666973114014e-01,1.000000000000000000e+00,3.074440240859985352e+00,-6.535250544548034668e-01,8.460122942924499512e-01,-6.807026863098144531e-01,-6.660510599613189697e-02,7.973630726337432861e-02,1.000000000000000000e+00,2.179267406463623047e+00,9.794602543115615845e-02,8.837557435035705566e-01,-6.162841916084289551e-01,-6.824930906295776367e-01,-2.503889203071594238e-01,1.000000000000000000e+00,1.000000000000000000e+00,0.000000000000000000e+00,0.000000000000000000e+00,1.000000000000000000e+00,5.127982497215270996e-01,-1.817086488008499146e-01,7.679562568664550781e-01,1.155152916908264160e+00,-1.237070918083190918e+00,-3.043653666973114014e-01,9.843612909317016602e-01,1.039271056652069092e-01,1.422390043735504150e-01,-1.002134978771209717e-01,9.944169521331787109e-01,-3.304706886410713196e-02,-1.448793709278106689e-01,1.827598549425601959e-02,9.892805218696594238e-01,-9.274938106536865234e-01,-5.171211361885070801e-01,4.230425693094730377e-03,0.000000000000000000e+00,1.000000000000000000e+00,3.652152717113494873e-01,-6.505005359649658203e-01,1.065806150436401367e+00,3.480074703693389893e-01,-1.195413321256637573e-01,4.552545771002769470e-02,1.000000000000000000e+00,5.127982497215270996e-01,-1.817086488008499146e-01,7.679562568664550781e-01,1.155152916908264160e+00,-1.237070918083190918e+00,-3.043653666973114014e-01,1.000000000000000000e+00,3.074440240859985352e+00,-6.535250544548034668e-01,8.460122942924499512e-01,-6.807026863098144531e-01,-6.660510599613189697e-02,7.973630726337432861e-02,1.000000000000000000e+00,2.179267406463623047e+00,9.794602543115615845e-02,8.837557435035705566e-01,-6.162841916084289551e-01,-6.824930906295776367e-01,-2.503889203071594238e-01,1.000000000000000000e+00,1.000000000000000000e+00,0.000000000000000000e+00,0.000000000000000000e+00,1.000000000000000000e+00,3.074440240859985352e+00,-6.535250544548034668e-01,8.460122942924499512e-01,-6.807026863098144531e-01,-6.660510599613189697e-02,7.973630726337432861e-02,1.996008117673811824e-02,-2.610667023589829938e-02,-5.825622706491784264e-04,1.000000000000000000e+00,2.179267406463623047e+00,9.794602543115615845e-02,8.837557435035705566e-01,-6.162841916084289551e-01,-6.824930906295776367e-01,-2.503889203071594238e-01,1.959986406648596413e-01,2.723049824389400797e-02,1.672560214975754578e-02,1.000000000000000000e+00,-4.403431713581085205e-02,-1.285428106784820557e-01,-1.000000014901161194e-01,4.104399979114532471e-01,-1.186930537223815918e-01,5.921259522438049316e-02,-1.000000014901161194e-01,4.752475321292877197e-01,9.879112243652343750e-03,-1.889014244079589844e-02,-1.866817474365234375e-04,4.027545154094696045e-01,2.000000029802322388e-01,6.970191001892089844e-02,3.563356399536132812e-02,3.907893002033233643e-01
9.599999999999999645e-01,3.719818890094757080e-01,-6.528210639953613281e-01,1.066724896430969238e+00,3.263920843601226807e-01,-1.116479113698005676e-01,4.635097086429595947e-02,9.898005127906799316e-01,1.029946357011795044e-01,-9.842350333929061890e-02,-9.978909790515899658e-02,9.943217039108276367e-01,3.696787357330322266e-02,1.016721054911613464e-01,-2.676922641694545746e-02,9.944578409194946289e-01,-1.236260235309600830e-01,-2.105473428964614868e-01,-6.337433587759733200e-03,1.000000000000000000e+00,0.000000000000000000e+00,3.719818890094757080e-01,-6.528210639953613281e-01,1.066724896430969238e+00,3.263920843601226807e-01,-1.116479113698005676e-01,4.635097086429595947e-02,1.000000000000000000e+00,5.360912680625915527e-01,-2.064201533794403076e-01,7.620187401771545410e-01,1.175984621047973633e+00,-1.233009219169616699e+00,-2.870316803455352783e-01,1.000000000000000000e+00,3.060827016830444336e+00,-6.548875570297241211e-01,8.476194739341735840e-01,-6.805645227432250977e-01,-6.992887705564498901e-02,8.110637217760086060e-02,1.000000000000000000e+00,2.167037963867187500e+00,8.401454985141754150e-02,8.786605596542358398e-01,-6.054180264472961426e-01,-7.137874364852905273e-01,-2.599031627178192139e-01,1.000000000000000000e+00,1.000000000000000000e+00,0.000000000000000000e+00,0.000000000000000000e+00,1.000000000000000000e+00,5.360912680625915527e-01,-2.064201533794403076e-01,7.620187401771545410e-01,1.175984621047973633e+00,-1.233009219169616699e+00,-2.870316803455352783e-01,9.858213067054748535e-01,1.014075279235839844e-01,1.336898952722549438e-01,-1.004765927791595459e-01,9.948450326919555664e-01,-1.370942685753107071e-02,-1.343909651041030884e-01,8.233992411987856030e-05,9.909284710884094238e-01,-9.077425599098205566e-01,-5.486841201782226562e-01,-6.465947255492210388e-03,0.000000000000000000e+00,1.000000000000000000e+00,3.719818890094757080e-01,-6.528210639953613281e-01,1.066724896430969238e+00,3.263920843601226807e-01,-1.116479113698005676e-01,4.635097086429595947e-02,1.000000000000000000e+00,5.360912680625915527e-01,-2.064201533794403076e-01,7.620187401771545410e-01,1.175984621047973633e+00,-1.233009219169616699e+00,-2.870316803455352783e-01,1.000000000000000000e+00,3.060827016830444336e+00,-6.548875570297241211e-01,8.476194739341735840e-01,-6.805645227432250977e-01,-6.992887705564498901e-02,8.110637217760086060e-02,1.000000000000000000e+00,2.167037963867187500e+00,8.401454985141754150e-02,8.786605596542358398e-01,-6.054180264472961426e-01,-7.137874364852905273e-01,-2.599031627178192139e-01,1.000000000000000000e+00,1.000000000000000000e+00,0.000000000000000000e+00,0.000000000000000000e+00,1.000000000000000000e+00,3.060827016830444336e+00,-6.548875570297241211e-01,8.476194739341735840e-01,-6.805645227432250977e-01,-6.992887705564498901e-02,8.110637217760086060e-02,1.871519224328307626e-02,-2.506074174705785751e-02,-5.149546076762268054e-04,1.000000000000000000e+00,2.167037963867187500e+00,8.401454985141754150e-02,8.786605596542358398e-01,-6.054180264472961426e-01,-7.137874364852905273e-01,-2.599031627178192139e-01,1.965394996054369292e-01,3.293444840049541966e-02,1.991789754116732314e-02,1.000000000000000000e+00,-4.852198436856269836e-02,-1.288427561521530151e-01,-1.000000014901161194e-01,4.088967442512512207e-01,-1.338235884904861450e-01,4.105784744024276733e-02,-1.000000014901161194e-01,4.826164543628692627e-01,7.705926895141601562e-03,-1.893115043640136719e-02,-1.459121704101562500e-04,4.025482833385467529e-01,2.000000029802322388e-01,7.302927970886230469e-02,3.677868843078613281e-02,3.953703343868255615e-01
9.799999999999999822e-01,3.783108294010162354e-01,-6.549793481826782227e-01,1.067655920982360840e+00,3.041971027851104736e-01,-1.032598540186882019e-01,4.668316990137100220e-02,9.893876910209655762e-01,1.033764109015464783e-01,-1.021050065755844116e-01,-9.975995868444442749e-02,9.942102432250976562e-01,3.992572054266929626e-02,1.056412160396575928e-01,-2.931602485477924347e-02,9.939721226692199707e-01,-1.365530192852020264e-01,-1.846940517425537109e-01,-6.024212110787630081e-03,1.000000000000000000e+00,0.000000000000000000e+00,3.783108294010162354e-01,-6.549793481826782227e-01,1.067655920982360840e+00,3.041971027851104736e-01,-1.032598540186882019e-01,4.668316990137100220e-02,1.000000000000000000e+00,5.597867965698242188e-01,-2.310141474008560181e-01,7.564608454704284668e-01,1.195214390754699707e+00,-1.224914431571960449e+00,-2.660673856735229492e-01,1.000000000000000000e+00,3.047218322753906250e+00,-6.563140153884887695e-01,8.492534160614013672e-01,-6.802324056625366211e-01,-7.296825945377349854e-02,8.240732550621032715e-02,1.000000000000000000e+00,2.155035495758056641e+00,6.945691257715225220e-02,8.733850717544555664e-01,-5.934465527534484863e-01,-7.451188564300537109e-01,-2.682713866233825684e-01,1.000000000000000000e+00,1.000000000000000000e+00,0.000000000000000000e+00,0.000000000000000000e+00,1.000000000000000000e+00,5.597867965698242188e-01,-2.310141474008560181e-01,7.564608454704284668e-01,1.195214390754699707e+00,-1.224914431571960449e+00,-2.660673856735229492e-01,9.872630238533020020e-01,9.934139996767044067e-02,1.242706030607223511e-01,-1.007742062211036682e-01,9.948953986167907715e-01,5.281645804643630981e-03,-1.231115460395812988e-01,-1.773764379322528839e-02,9.922344088554382324e-01,-8.841230869293212891e-01,-5.966822504997253418e-01,-1.935287751257419586e-02,0.000000000000000000e+00,1.000000000000000000e+00,3.783108294010162354e-01,-6.549793481826782227e-01,1.067655920982360840e+00,3.041971027851104736e-01,-1.032598540186882019e-01,4.668316990137100220e-02,1.000000000000000000e+00,5.597867965698242188e-01,-2.310141474008560181e-01,7.564608454704284668e-01,1.195214390754699707e+00,-1.224914431571960449e+00,-2.660673856735229492e-01,1.000000000000000000e+00,3.047218322753906250e+00,-6.563140153884887695e-01,8.492534160614013672e-01,-6.802324056625366211e-01,-7.296825945377349854e-02,8.240732550621032715e-02,1.000000000000000000e+00,2.155035495758056641e+00,6.945691257715225220e-02,8.733850717544555664e-01,-5.934465527534484863e-01,-7.451188564300537109e-01,-2.682713866233825684e-01,1.000000000000000000e+00,1.000000000000000000e+00,0.000000000000000000e+00,0.000000000000000000e+00,1.000000000000000000e+00,3.047218322753906250e+00,-6.563140153884887695e-01,8.492534160614013672e-01,-6.802324056625366211e-01,-7.296825945377349854e-02,8.240732550621032715e-02,1.733593753469114471e-02,-2.416483280081727081e-02,-4.495545248909826874e-04,1.000000000000000000e+00,2.155035495758056641e+00,6.945691257715225220e-02,8.733850717544555664e-01,-5.934465527534484863e-01,-7.451188564300537109e-01,-2.682713866233825684e-01,1.970157759962669897e-01,3.836349930462579216e-02,2.296387749345535356e-02,1.000000000000000000e+00,-5.321023613214492798e-02,-1.287669986486434937e-01,-1.000000014901161194e-01,4.081937372684478760e-01,-1.453264802694320679e-01,2.465495653450489044e-02,-1.000000014901161194e-01,4.899668991565704346e-01,5.526065826416015625e-03,-1.904416084289550781e-02,-1.051425933837890625e-04,4.023084938526153564e-01,2.000000029802322388e-01,7.552742958068847656e-02,3.713989257812500000e-02,4.005639851093292236e-01
1.000000000000000000e+00,3.841914832592010498e-01,-6.569652557373046875e-01,1.068588614463806152e+00,2.815368473529815674e-01,-9.434790164232254028e-02,4.648881405591964722e-02,9.890204071998596191e-01,1.037905216217041016e-01,-1.051971614360809326e-01,-9.973388910293579102e-02,9.940790534019470215e-01,4.312985390424728394e-02,1.090507507324218750e-01,-3.216458112001419067e-02,9.935157895088195801e-01,-1.534953713417053223e-01,-1.549610197544097900e-01,-5.537016782909631729e-03,1.000000000000000000e+00,0.000000000000000000e+00,3.841914832592010498e-01,-6.569652557373046875e-01,1.068588614463806152e+00,2.815368473529815674e-01,-9.434790164232254028e-02,4.648881405591964722e-02,1.000000000000000000e+00,5.838506221771240234e-01,-2.554097771644592285e-01,7.513543367385864258e-01,1.212573647499084473e+00,-1.212764978408813477e+00,-2.415490746498107910e-01,1.000000000000000000e+00,3.033617973327636719e+00,-6.577985286712646484e-01,8.509126901626586914e-01,-6.797364354133605957e-01,-7.570038735866546631e-02,8.362834155559539795e-02,1.000000000000000000e+00,2.143281936645507812e+00,5.427207425236701965e-02,8.679542541503906250e-01,-5.804170370101928711e-01,-7.765218615531921387e-01,-2.752589583396911621e-01,1.000000000000000000e+00,1.000000000000000000e+00,0.000000000000000000e+00,0.000000000000000000e+00,1.000000000000000000e+00,5.838506221771240234e-01,-2.554097771644592285e-01,7.513543367385864258e-01,1.212573647499084473e+00,-1.212764978408813477e+00,-2.415490746498107910e-01,9.886878728866577148e-01,9.778171032667160034e-02,1.137320399284362793e-01,-1.011093929409980774e-01,9.945892691612243652e-01,2.385428361594676971e-02,-1.107841581106185913e-01,-3.508381918072700500e-02,9.932250380516052246e-01,-8.523343205451965332e-01,-6.483389139175415039e-01,-3.311572223901748657e-02,0.000000000000000000e+00,1.000000000000000000e+00,3.841914832592010498e-01,-6.569652557373046875e-01,1.068588614463806152e+00,2.815368473529815674e-01,-9.434790164232254028e-02,4.648881405591964722e-02,1.000000000000000000e+00,5.838506221771240234e-01,-2.554097771644592285e-01,7.513543367385864258e-01,1.212573647499084473e+00,-1.212764978408813477e+00,-2.415490746498107910e-01,1.000000000000000000e+00,3.033617973327636719e+00,-6.577985286712646484e-01,8.509126901626586914e-01,-6.797364354133605957e-01,-7.570038735866546631e-02,8.362834155559539795e-02,1.000000000000000000e+00,2.143281936645507812e+00,5.427207425236701965e-02,8.679542541503906250e-01,-5.804170370101928711e-01,-7.765218615531921387e-01,-2.752589583396911621e-01,1.000000000000000000e+00,1.000000000000000000e+00,0.000000000000000000e+00,0.000000000000000000e+00,1.000000000000000000e+00,3.033617973327636719e+00,-6.577985286712646484e-01,8.509126901626586914e-01,-6.797364354133605957e-01,-7.570038735866546631e-02,8.362834155559539795e-02,1.583987045081567541e-02,-2.340836127418510770e-02,-3.866311357838972743e-04,1.000000000000000000e+00,2.143281936645507812e+00,5.427207425236701965e-02,8.679542541503906250e-01,-5.804170370101928711e-01,-7.765218615531921387e-01,-2.752589583396911621e-01,1.974402126931224521e-01,4.344872381286024599e-02,2.576110381558303908e-02,1.000000000000000000e+00,-5.857780203223228455e-02,-1.273994445800781250e-01,-1.000000014901161194e-01,4.086193740367889404e-01,-1.562377512454986572e-01,1.102602388709783554e-02,-1.000000014901161194e-01,4.968949556350708008e-01,3.347635269165039062e-03,-1.922059059143066406e-02,-6.437301635742187500e-05,4.020366370677947998e-01,2.000000029802322388e-01,7.707428932189941406e-02,3.666257858276367188e-02,4.063202440738677979e-01
1.020000000000000018e+00,3.896156549453735352e-01,-6.587678194046020508e-01,1.069513082504272461e+00,2.585288882255554199e-01,-8.486195653676986694e-02,4.586975648999214172e-02,9.887088537216186523e-01,1.042367890477180481e-01,-1.076544672250747681e-01,-9.971123188734054565e-02,9.939239621162414551e-01,4.661275818943977356e-02,1.118591278791427612e-01,-3.535208478569984436e-02,9.930950403213500977e-01,-1.705353856086730957e-01,-1.240258961915969849e-01,-4.815614316612482071e-03,1.000000000000000000e+00,0.000000000000000000e+00,3.896156549453735352e-01,-6.587678194046020508e-01,1.069513082504272461e+00,2.585288882255554199e-01,-8.486195653676986694e-02,4.586975648999214172e-02,1.000000000000000000e+00,6.082425117492675781e-01,-2.795260548591613770e-01,7.467693686485290527e-01,1.227760553359985352e+00,-1.196575164794921875e+00,-2.135789841413497925e-01,1.000000000000000000e+00,3.020028591156005859e+00,-6.593347787857055664e-01,8.525955677032470703e-01,-6.791041493415832520e-01,-7.810608297586441040e-02,8.475710451602935791e-02,1.000000000000000000e+00,2.131798744201660156e+00,3.845823183655738831e-02,8.623978495597839355e-01,-5.663908123970031738e-01,-8.080357313156127930e-01,-2.806267738342285156e-01,1.000000000000000000e+00,1.000000000000000000e+00,0.000000000000000000e+00,0.000000000000000000e+00,1.000000000000000000e+00,6.082425117492675781e-01,-2.795260548591613770e-01,7.467693686485290527e-01,1.227760553359985352e+00,-1.196575164794921875e+00,-2.135789841413497925e-01,9.900454282760620117e-01,9.676659107208251953e-02,1.022079065442085266e-01,-1.014611870050430298e-01,9.939624667167663574e-01,4.176601395010948181e-02,-9.754926711320877075e-02,-5.172038450837135315e-02,9.938859343528747559e-01,-8.082813024520874023e-01,-6.786636710166931152e-01,-4.647624492645263672e-02,0.000000000000000000e+00,1.000000000000000000e+00,3.896156549453735352e-01,-6.587678194046020508e-01,1.069513082504272461e+00,2.585288882255554199e-01,-8.486195653676986694e-02,4.586975648999214172e-02,1.000000000000000000e+00,6.082425117492675781e-01,-2.795260548591613770e-01,7.467693686485290527e-01,1.227760553359985352e+00,-1.196575164794921875e+00,-2.135789841413497925e-01,1.000000000000000000e+00,3.020028591156005859e+00,-6.593347787857055664e-01,8.525955677032470703e-01,-6.791041493415832520e-01,-7.810608297586441040e-02,8.475710451602935791e-02,1.000000000000000000e+00,2.131798744201660156e+00,3.845823183655738831e-02,8.623978495597839355e-01,-5.663908123970031738e-01,-8.080357313156127930e-01,-2.806267738342285156e-01,1.000000000000000000e+00,1.000000000000000000e+00,0.000000000000000000e+00,0.000000000000000000e+00,1.000000000000000000e+00,3.020028591156005859e+00,-6.593347787857055664e-01,8.525955677032470703e-01,-6.791041493415832520e-01,-7.810608297586441040e-02,8.475710451602935791e-02,1.424417830324603562e-02,-2.278113272137427536e-02,-3.263365894496002284e-04,1.000000000000000000e+00,2.131798744201660156e+00,3.845823183655738831e-02,8.623978495597839355e-01,-5.663908123970031738e-01,-8.080357313156127930e-01,-2.806267738342285156e-01,1.978196069583770256e-01,4.811844362825956622e-02,2.820550111765325607e-02,1.000000000000000000e+00,-6.320913881063461304e-02,-1.237976551055908203e-01,-1.000000014901161194e-01,4.120232462882995605e-01,-1.677131950855255127e-01,-3.588682739064097404e-03,-1.000000014901161194e-01,5.029376745223999023e-01,1.173734664916992188e-03,-1.944994926452636719e-02,-2.288818359375000000e-05,4.017444550991058350e-01,2.000000029802322388e-01,7.754063606262207031e-02,3.532481193542480469e-02,4.125778675079345703e-01
1.040000000000000036e+00,3.945773243904113770e-01,-6.603749990463256836e-01,1.070423603057861328e+00,2.352734953165054321e-01,-7.474104315042495728e-02,4.512792825698852539e-02,9.884642958641052246e-01,1.047055721282958984e-01,-1.094318851828575134e-01,-9.969146549701690674e-02,9.937441349029541016e-01,5.034270882606506348e-02,1.140184476971626282e-01,-3.885254263877868652e-02,9.927187561988830566e-01,-1.838003098964691162e-01,-8.803822845220565796e-02,-3.610842861235141754e-03,1.000000000000000000e+00,0.000000000000000000e+00,3.945773243904113770e-01,-6.603749990463256836e-01,1.070423603057861328e+00,2.352734953165054321e-01,-7.474104315042495728e-02,4.512792825698852539e-02,1.000000000000000000e+00,6.329167485237121582e-01,-3.032826483249664307e-01,7.427736520767211914e-01,1.240535020828247070e+00,-1.176429271697998047e+00,-1.823304593563079834e-01,1.000000000000000000e+00,3.006453037261962891e+00,-6.609161496162414551e-01,8.543001413345336914e-01,-6.783613562583923340e-01,-8.016971498727798462e-02,8.578113466501235962e-02,1.000000000000000000e+00,2.120604038238525391e+00,2.201280742883682251e-02,8.567503690719604492e-01,-5.514443516731262207e-01,-8.397033810615539551e-01,-2.841377854347229004e-01,1.000000000000000000e+00,1.000000000000000000e+00,0.000000000000000000e+00,0.000000000000000000e+00,1.000000000000000000e+00,6.329167485237121582e-01,-3.032826483249664307e-01,7.427736520767211914e-01,1.240535020828247070e+00,-1.176429271697998047e+00,-1.823304593563079834e-01,9.912537932395935059e-01,9.630230069160461426e-02,9.023249894380569458e-02,-1.018289327621459961e-01,9.930638074874877930e-01,5.878123641014099121e-02,-8.394586294889450073e-02,-6.745539605617523193e-02,9.941845536231994629e-01,-7.616682052612304688e-01,-6.807150244712829590e-01,-5.959942564368247986e-02,0.000000000000000000e+00,1.000000000000000000e+00,3.945773243904113770e-01,-6.603749990463256836e-01,1.070423603057861328e+00,2.352734953165054321e-01,-7.474104315042495728e-02,4.512792825698852539e-02,1.000000000000000000e+00,6.329167485237121582e-01,-3.032826483249664307e-01,7.427736520767211914e-01,1.240535020828247070e+00,-1.176429271697998047e+00,-1.823304593563079834e-01,1.000000000000000000e+00,3.006453037261962891e+00,-6.609161496162414551e-01,8.543001413345336914e-01,-6.783613562583923340e-01,-8.016971498727798462e-02,8.578113466501235962e-02,1.000000000000000000e+00,2.120604038238525391e+00,2.201280742883682251e-02,8.567503690719604492e-01,-5.514443516731262207e-01,-8.397033810615539551e-01,-2.841377854347229004e-01,1.000000000000000000e+00,1.000000000000000000e+00,0.000000000000000000e+00,0.000000000000000000e+00,1.000000000000000000e+00,3.006453037261962891e+00,-6.609161496162414551e-01,8.543001413345336914e-01,-6.783613562583923340e-01,-8.016971498727798462e-02,8.578113466501235962e-02,1.256452299421207189e-02,-2.227326447065891557e-02,-2.686808575753730013e-04,1.000000000000000000e+00,2.120604038238525391e+00,2.201280742883682251e-02,8.567503690719604492e-01,-5.514443516731262207e-01,-8.397033810615539551e-01,-2.841377854347229004e-01,1.981575684662676418e-01,5.229676281226081080e-02,3.019637678283863813e-02,1.000000000000000000e+00,-6.644602864980697632e-02,-1.232271417975425720e-01,-1.000000014901161194e-01,4.174270033836364746e-01,-1.949019581079483032e-01,-1.773246563971042633e-02,-1.000000014901161194e-01,5.066369175910949707e-01,-9.956359863281250000e-04,-1.971793174743652344e-02,1.955032348632812500e-05,4.014567434787750244e-01,2.000000029802322388e-01,7.680201530456542969e-02,3.315329551696777344e-02,4.192586243152618408e-01
1.060000000000000053e+00,3.990722298622131348e-01,-6.617736816406250000e-01,1.071321606636047363e+00,2.118636518716812134e-01,-6.392712146043777466e-02,4.473484307527542114e-02,9.882999658584594727e-01,1.051770448684692383e-01,-1.104582622647285461e-01,-9.967769682407379150e-02,9.935427308082580566e-01,5.419625714421272278e-02,1.154452040791511536e-01,-4.255193099379539490e-02,9.924020171165466309e-01,-1.884013414382934570e-01,-5.380877479910850525e-02,-2.444097306579351425e-03,1.000000000000000000e+00,0.000000000000000000e+00,3.990722298622131348e-01,-6.617736816406250000e-01,1.071321606636047363e+00,2.118636518716812134e-01,-6.392712146043777466e-02,4.473484307527542114e-02,1.000000000000000000e+00,6.578238010406494141e-01,-3.266016840934753418e-01,7.394303083419799805e-01,1.250766992568969727e+00,-1.152452468872070312e+00,-1.481273621320724487e-01,1.000000000000000000e+00,2.992893218994140625e+00,-6.625354290008544922e-01,8.560241460800170898e-01,-6.775311827659606934e-01,-8.187870681285858154e-02,8.668999373912811279e-02,1.000000000000000000e+00,2.109715461730957031e+00,4.932322073727846146e-03,8.510512113571166992e-01,-5.356723666191101074e-01,-8.715690374374389648e-01,-2.855627536773681641e-01,1.000000000000000000e+00,1.000000000000000000e+00,0.000000000000000000e+00,0.000000000000000000e+00,1.000000000000000000e+00,6.578238010406494141e-01,-3.266016840934753418e-01,7.394303083419799805e-01,1.250766992568969727e+00,-1.152452468872070312e+00,-1.481273621320724487e-01,9.922633171081542969e-01,9.635936468839645386e-02,7.828464359045028687e-02,-1.022540554404258728e-01,9.919162392616271973e-01,7.514281570911407471e-02,-7.041109353303909302e-02,-8.256638050079345703e-02,9.940952062606811523e-01,-7.630819678306579590e-01,-6.693315505981445312e-01,-7.430907338857650757e-02,0.000000000000000000e+00,1.000000000000000000e+00,3.990722298622131348e-01,-6.617736816406250000e-01,1.071321606636047363e+00,2.118636518716812134e-01,-6.392712146043777466e-02,4.473484307527542114e-02,1.000000000000000000e+00,6.578238010406494141e-01,-3.266016840934753418e-01,7.394303083419799805e-01,1.250766992568969727e+00,-1.152452468872070312e+00,-1.481273621320724487e-01,1.000000000000000000e+00,2.992893218994140625e+00,-6.625354290008544922e-01,8.560241460800170898e-01,-6.775311827659606934e-01,-8.187870681285858154e-02,8.668999373912811279e-02,1.000000000000000000e+00,2.109715461730957031e+00,4.932322073727846146e-03,8.510512113571166992e-01,-5.356723666191101074e-01,-8.715690374374389648e-01,-2.855627536773681641e-01,1.000000000000000000e+00,1.000000000000000000e+00,0.000000000000000000e+00,0.000000000000000000e+00,1.000000000000000000e+00,2.992893218994140625e+00,-6.625354290008544922e-01,8.560241460800170898e-01,-6.775311827659606934e-01,-8.187870681285858154e-02,8.668999373912811279e-02,1.081423359687103819e-02,-2.187474006795930848e-02,-2.134997761335469951e-04,1.000000000000000000e+00,2.109715461730957031e+00,4.932322073727846146e-03,8.510512113571166992e-01,-5.356723666191101074e-01,-8.715690374374389648e-01,-2.855627536773681641e-01,1.984561367205644467e-01,5.590094677950618873e-02,3.164172367993241253e-02,1.000000000000000000e+00,-6.981672346591949463e-02,-1.233507767319679260e-01,-1.000000014901161194e-01,4.240990579128265381e-01,-1.999999880790710449e-01,-2.947649173438549042e-02,-1.000000014901161194e-01,5.109711289405822754e-01,-3.159999847412109375e-03,-2.000880241394042969e-02,6.318092346191406250e-05,4.012084603309631348e-01,2.000000029802322388e-01,7.475447654724121094e-02,3.022885322570800781e-02,4.262501299381256104e-01
1.080000000000000071e+00,4.030982553958892822e-01,-6.629495620727539062e-01,1.072218656539916992e+00,1.883790642023086548e-01,-5.238596722483634949e-02,4.519504681229591370e-02,9.881978034973144531e-01,1.056303232908248901e-01,-1.109389215707778931e-01,-9.966833889484405518e-02,9.933293461799621582e-01,5.799278989434242249e-02,1.163246780633926392e-01,-4.625124856829643250e-02,9.921337962150573730e-01,-1.834112554788589478e-01,-3.614845871925354004e-02,-1.538678887300193310e-03,1.000000000000000000e+00,0.000000000000000000e+00,4.030982553958892822e-01,-6.629495620727539062e-01,1.072218656539916992e+00,1.883790642023086548e-01,-5.238596722483634949e-02,4.519504681229591370e-02,1.000000000000000000e+00,6.829122900962829590e-01,-3.494067490100860596e-01,7.367947101593017578e-01,1.258418798446655273e+00,-1.124622941017150879e+00,-1.113497763872146606e-01,1.000000000000000000e+00,2.979350328445434570e+00,-6.641855835914611816e-01,8.577652573585510254e-01,-6.766351461410522461e-01,-8.322320133447647095e-02,8.747868239879608154e-02,1.000000000000000000e+00,2.099149465560913086e+00,-1.278758794069290161e-02,8.453437685966491699e-01,-5.191908478736877441e-01,-9.036775231361389160e-01,-2.846874296665191650e-01,1.000000000000000000e+00,1.000000000000000000e+00,0.000000000000000000e+00,0.000000000000000000e+00,1.000000000000000000e+00,6.829122900962829590e-01,-3.494067490100860596e-01,7.367947101593017578e-01,1.258418798446655273e+00,-1.124622941017150879e+00,-1.113497763872146606e-01,9.930686950683593750e-01,9.682625532150268555e-02,6.662936508655548096e-02,-1.027392894029617310e-01,9.904509186744689941e-01,9.193437546491622925e-02,-5.709144845604896545e-02,-9.814258664846420288e-02,9.935335516929626465e-01,-7.925148606300354004e-01,-6.552048921585083008e-01,-8.588479459285736084e-02,0.000000000000000000e+00,1.000000000000000000e+00,4.030982553958892822e-01,-6.629495620727539062e-01,1.072218656539916992e+00,1.883790642023086548e-01,-5.238596722483634949e-02,4.519504681229591370e-02,1.000000000000000000e+00,6.829122900962829590e-01,-3.494067490100860596e-01,7.367947101593017578e-01,1.258418798446655273e+00,-1.124622941017150879e+00,-1.113497763872146606e-01,1.000000000000000000e+00,2.979350328445434570e+00,-6.641855835914611816e-01,8.577652573585510254e-01,-6.766351461410522461e-01,-8.322320133447647095e-02,8.747868239879608154e-02,1.000000000000000000e+00,2.099149465560913086e+00,-1.278758794069290161e-02,8.453437685966491699e-01,-5.191908478736877441e-01,-9.036775231361389160e-01,-2.846874296665191650e-01,1.000000000000000000e+00,1.000000000000000000e+00,0.000000000000000000e+00,0.000000000000000000e+00,1.000000000000000000e+00,2.979350328445434570e+00,-6.641855835914611816e-01,8.577652573585510254e-01,-6.766351461410522461e-01,-8.322320133447647095e-02,8.747868239879608154e-02,9.004193353965569274e-03,-2.157487919114808861e-02,-1.604885008108678998e-04,1.000000000000000000e+00,2.099149465560913086e+00,-1.278758794069290161e-02,8.453437685966491699e-01,-5.191908478736877441e-01,-9.036775231361389160e-01,-2.846874296665191650e-01,1.987167107677380307e-01,5.884109380731006311e-02,3.246456258349583734e-02,1.000000000000000000e+00,-7.167068123817443848e-02,-1.223293766379356384e-01,-1.000000014901161194e-01,4.284516274929046631e-01,-1.999992281198501587e-01,-3.981371223926544189e-02,-1.000000014901161194e-01,5.151429176330566406e-01,-5.314350128173828125e-03,-2.030634880065917969e-02,1.080036163330078125e-04,4.010335206985473633e-01,2.000000029802322388e-01,7.129645347595214844e-02,2.666378021240234375e-02,4.334202706813812256e-01
1.100000000000000089e+00,4.066541790962219238e-01,-6.638880372047424316e-01,1.073135256767272949e+00,1.648554503917694092e-01,-4.011853411793708801e-02,4.685858637094497681e-02,9.881199002265930176e-01,1.060490235686302185e-01,-1.112324893474578857e-01,-9.964991360902786255e-02,9.931135177612304688e-01,6.160657480359077454e-02,1.169998049736022949e-01,-4.979037120938301086e-02,9.918830394744873047e-01,-1.714788526296615601e-01,-3.262998908758163452e-02,-6.474140100181102753e-04,1.000000000000000000e+00,0.000000000000000000e+00,4.066541790962219238e-01,-6.638880372047424316e-01,1.073135256767272949e+00,1.648554503917694092e-01,-4.011853411793708801e-02,4.685858637094497681e-02,1.000000000000000000e+00,7.081307172775268555e-01,-3.716194033622741699e-01,7.349154949188232422e-01,1.263504028320312500e+00,-1.092794179916381836e+00,-7.231871038675308228e-02,1.000000000000000000e+00,2.965826034545898438e+00,-6.658594608306884766e-01,8.595210313796997070e-01,-6.756923198699951172e-01,-8.419544249773025513e-02,8.815065771341323853e-02,1.000000000000000000e+00,2.088918209075927734e+00,-3.115217015147209167e-02,8.396759629249572754e-01,-5.021394491195678711e-01,-9.360719323158264160e-01,-2.813210785388946533e-01,1.000000000000000000e+00,1.000000000000000000e+00,0.000000000000000000e+00,0.000000000000000000e+00,1.000000000000000000e+00,7.081307172775268555e-01,-3.716194033622741699e-01,7.349154949188232422e-01,1.263504028320312500e+00,-1.092794179916381836e+00,-7.231871038675308228e-02,9.936829805374145508e-01,9.766256064176559448e-02,5.528415367007255554e-02,-1.032232120633125305e-01,9.886941909790039062e-01,1.087607666850090027e-01,-4.403726384043693542e-02,-1.137803271412849426e-01,9.925295710563659668e-01,-7.533556818962097168e-01,-6.382340192794799805e-01,-9.374641627073287964e-02,0.000000000000000000e+00,1.000000000000000000e+00,4.066541790962219238e-01,-6.638880372047424316e-01,1.073135256767272949e+00,1.648554503917694092e-01,-4.011853411793708801e-02,4.685858637094497681e-02,1.000000000000000000e+00,7.081307172775268555e-01,-3.716194033622741699e-01,7.349154949188232422e-01,1.263504028320312500e+00,-1.092794179916381836e+00,-7.231871038675308228e-02,1.000000000000000000e+00,2.965826034545898438e+00,-6.658594608306884766e-01,8.595210313796997070e-01,-6.756923198699951172e-01,-8.419544249773025513e-02,8.815065771341323853e-02,1.000000000000000000e+00,2.088918209075927734e+00,-3.115217015147209167e-02,8.396759629249572754e-01,-5.021394491195678711e-01,-9.360719323158264160e-01,-2.813210785388946533e-01,1.000000000000000000e+00,1.000000000000000000e+00,0.000000000000000000e+00,0.000000000000000000e+00,1.000000000000000000e+00,2.965826034545898438e+00,-6.658594608306884766e-01,8.595210313796997070e-01,-6.756923198699951172e-01,-8.419544249773025513e-02,8.815065771341323853e-02,7.143423573217158942e-03,-2.136219436331865396e-02,-1.092403279807948983e-04,1.000000000000000000e+00,2.088918209075927734e+00,-3.115217015147209167e-02,8.396759629249572754e-01,-5.021394491195678711e-01,-9.360719323158264160e-01,-2.813210785388946533e-01,1.989395791081430276e-01,6.102315383938883286e-02,3.260941562907096469e-02,1.000000000000000000e+00,-7.292605191469192505e-02,-1.202613934874534607e-01,-1.000000014901161194e-01,4.302703440189361572e-01,-1.999999880790710449e-01,-5.102291703224182129e-02,-1.000000014901161194e-01,5.172306895256042480e-01,-7.448911666870117188e-03,-2.059912681579589844e-02,1.535415649414062500e-04,4.009519517421722412e-01,2.000000029802322388e-01,6.632018089294433594e-02,2.259469032287597656e-02,4.406515061855316162e-01
1.120000000000000107e+00,4.097393155097961426e-01,-6.645749211311340332e-01,1.074096560478210449e+00,1.413049399852752686e-01,-2.716480754315853119e-02,4.976141452789306641e-02,9.880500435829162598e-01,1.064172759652137756e-01,-1.115018278360366821e-01,-9.961322695016860962e-02,9.929057955741882324e-01,6.492689996957778931e-02,1.176201403141021729e-01,-5.304396152496337891e-02,9.916411042213439941e-01,-1.544115096330642700e-01,-2.792513929307460785e-02,4.056777106598019600e-04,1.000000000000000000e+00,0.000000000000000000e+00,4.097393155097961426e-01,-6.645749211311340332e-01,1.074096560478210449e+00,1.413049399852752686e-01,-2.716480754315853119e-02,4.976141452789306641e-02,1.000000000000000000e+00,7.334277033805847168e-01,-3.931600749492645264e-01,7.338346242904663086e-01,1.266029834747314453e+00,-1.057097434997558594e+00,-3.139613196253776550e-02,1.000000000000000000e+00,2.952320814132690430e+00,-6.675493717193603516e-01,8.612893819808959961e-01,-6.747193932533264160e-01,-8.478952199220657349e-02,8.871893584728240967e-02,1.000000000000000000e+00,2.079031944274902344e+00,-5.016750097274780273e-02,8.340991139411926270e-01,-4.846847057342529297e-01,-9.687914848327636719e-01,-2.753029763698577881e-01,1.000000000000000000e+00,1.000000000000000000e+00,0.000000000000000000e+00,0.000000000000000000e+00,1.000000000000000000e+00,7.334277033805847168e-01,-3.931600749492645264e-01,7.338346242904663086e-01,1.266029834747314453e+00,-1.057097434997558594e+00,-3.139613196253776550e-02,9.941189885139465332e-01,9.888768196105957031e-02,4.414617642760276794e-02,-1.036698073148727417e-01,9.868579506874084473e-01,1.239524111151695251e-01,-3.130863234400749207e-02,-1.278000622987747192e-01,9.913057684898376465e-01,-6.300056576728820801e-01,-6.205618381500244141e-01,-9.923443943262100220e-02,0.000000000000000000e+00,1.000000000000000000e+00,4.097393155097961426e-01,-6.645749211311340332e-01,1.074096560478210449e+00,1.413049399852752686e-01,-2.716480754315853119e-02,4.976141452789306641e-02,1.000000000000000000e+00,7.334277033805847168e-01,-3.931600749492645264e-01,7.338346242904663086e-01,1.266029834747314453e+00,-1.057097434997558594e+00,-3.139613196253776550e-02,1.000000000000000000e+00,2.952320814132690430e+00,-6.675493717193603516e-01,8.612893819808959961e-01,-6.747193932533264160e-01,-8.478952199220657349e-02,8.871893584728240967e-02,1.000000000000000000e+00,2.079031944274902344e+00,-5.016750097274780273e-02,8.340991139411926270e-01,-4.846847057342529297e-01,-9.687914848327636719e-01,-2.753029763698577881e-01,1.000000000000000000e+00,1.000000000000000000e+00,0.000000000000000000e+00,0.000000000000000000e+00,1.000000000000000000e+00,2.952320814132690430e+00,-6.675493717193603516e-01,8.612893819808959961e-01,-6.747193932533264160e-01,-8.478952199220657349e-02,8.871893584728240967e-02,5.240386130130858001e-03,-2.122447714154240828e-02,-5.928954616313698162e-05,1.000000000000000000e+00,2.079031944274902344e+00,-5.016750097274780273e-02,8.340991139411926270e-01,-4.846847057342529297e-01,-9.687914848327636719e-01,-2.753029763698577881e-01,1.991240258586022549e-01,6.235239302566841779e-02,3.204748001752993902e-02,1.000000000000000000e+00,-7.234609127044677734e-02,-1.168902888894081116e-01,-1.000000014901161194e-01,4.288044869899749756e-01,-2.000000029802322388e-01,-6.299885362386703491e-02,-1.000000014901161194e-01,5.183721184730529785e-01,-9.547472000122070312e-03,-2.088093757629394531e-02,1.993179321289062500e-04,4.009605944156646729e-01,2.000000029802322388e-01,5.976033210754394531e-02,1.821327209472656250e-02,4.478433728218078613e-01
1.140000000000000124e+00,4.123535752296447754e-01,-6.649971008300781250e-01,1.075125455856323242e+00,1.177676618099212646e-01,-1.360580325126647949e-02,5.365218222141265869e-02,9.880052208900451660e-01,1.067193225026130676e-01,-1.116095855832099915e-01,-9.956388920545578003e-02,9.927154779434204102e-01,6.784611195325851440e-02,1.180370524525642395e-01,-5.592003092169761658e-02,9.914334416389465332e-01,-1.321033984422683716e-01,-9.514449164271354675e-03,1.799913006834685802e-03,1.000000000000000000e+00,0.000000000000000000e+00,4.123535752296447754e-01,-6.649971008300781250e-01,1.075125455856323242e+00,1.177676618099212646e-01,-1.360580325126647949e-02,5.365218222141265869e-02,1.000000000000000000e+00,7.587522268295288086e-01,-4.139556884765625000e-01,7.335863709449768066e-01,1.265978574752807617e+00,-1.018074035644531250e+00,1.101867109537124634e-02,1.000000000000000000e+00,2.938835620880126953e+00,-6.692476868629455566e-01,8.630682826042175293e-01,-6.737307906150817871e-01,-8.500128984451293945e-02,8.920430392026901245e-02,1.000000000000000000e+00,2.069497346878051758e+00,-6.984040886163711548e-02,8.286675214767456055e-01,-4.670203924179077148e-01,-1.001869559288024902e+00,-2.665065824985504150e-01,1.000000000000000000e+00,1.000000000000000000e+00,0.000000000000000000e+00,0.000000000000000000e+00,1.000000000000000000e+00,7.587522268295288086e-01,-4.139556884765625000e-01,7.335863709449768066e-01,1.265978574752807617e+00,-1.018074035644531250e+00,1.101867109537124634e-02,9.943908452987670898e-01,1.004733145236968994e-01,3.304614499211311340e-02,-1.040729731321334839e-01,9.851849675178527832e-01,1.363066732883453369e-01,-1.886138133704662323e-02,-1.389813125133514404e-01,9.901154041290283203e-01,-4.799838960170745850e-01,-6.094474196434020996e-01,-1.031894609332084656e-01,0.000000000000000000e+00,1.000000000000000000e+00,4.123535752296447754e-01,-6.649971008300781250e-01,1.075125455856323242e+00,1.177676618099212646e-01,-1.360580325126647949e-02,5.365218222141265869e-02,1.000000000000000000e+00,7.587522268295288086e-01,-4.139556884765625000e-01,7.335863709449768066e-01,1.265978574752807617e+00,-1.018074035644531250e+00,1.101867109537124634e-02,1.000000000000000000e+00,2.938835620880126953e+00,-6.692476868629455566e-01,8.630682826042175293e-01,-6.737307906150817871e-01,-8.500128984451293945e-02,8.920430392026901245e-02,1.000000000000000000e+00,2.069497346878051758e+00,-6.984040886163711548e-02,8.286675214767456055e-01,-4.670203924179077148e-01,-1.001869559288024902e+00,-2.665065824985504150e-01,1.000000000000000000e+00,1.000000000000000000e+00,0.000000000000000000e+00,0.000000000000000000e+00,1.000000000000000000e+00,2.938835620880126953e+00,-6.692476868629455566e-01,8.630682826042175293e-01,-6.737307906150817871e-01,-8.500128984451293945e-02,8.920430392026901245e-02,3.304287964908028848e-03,-2.114952556215921042e-02,-1.023284460246044573e-05,1.000000000000000000e+00,2.069497346878051758e+00,-6.984040886163711548e-02,8.286675214767456055e-01,-4.670203924179077148e-01,-1.001869559288024902e+00,-2.665065824985504150e-01,1.992689630781332433e-01,6.273460656958174120e-02,3.078058461353919140e-02,1.000000000000000000e+00,-7.178315520286560059e-02,-1.124423146247863770e-01,-1.000000014901161194e-01,4.269696474075317383e-01,-2.000000029802322388e-01,-7.572542876005172729e-02,-1.000000014901161194e-01,5.181368589401245117e-01,-1.159048080444335938e-02,-2.115225791931152344e-02,2.450942993164062500e-04,4.010372459888458252e-01,2.000000029802322388e-01,5.162739753723144531e-02,1.376652717590332031e-02,4.549243152141571045e-01
1.159999999999999920e+00,4.144978523254394531e-01,-6.651435494422912598e-01,1.076238274574279785e+00,9.434466063976287842e-02,4.401347541715949774e-04,5.815327167510986328e-02,9.880210757255554199e-01,1.069349497556686401e-01,-1.112620010972023010e-01,-9.951741993427276611e-02,9.925545454025268555e-01,7.022577524185180664e-02,1.179432049393653870e-01,-5.831203982234001160e-02,9.913067221641540527e-01,-1.056373193860054016e-01,2.432752586901187897e-02,3.573488909751176834e-03,1.000000000000000000e+00,0.000000000000000000e+00,4.144978523254394531e-01,-6.651435494422912598e-01,1.076238274574279785e+00,9.434466063976287842e-02,4.401347541715949774e-04,5.815327167510986328e-02,1.000000000000000000e+00,7.840520143508911133e-01,-4.339463114738464355e-01,7.341968417167663574e-01,1.263300895690917969e+00,-9.764485955238342285e-01,5.453061684966087341e-02,1.000000000000000000e+00,2.925369739532470703e+00,-6.709467768669128418e-01,8.648563027381896973e-01,-6.727386116981506348e-01,-8.482840657234191895e-02,8.963156491518020630e-02,1.000000000000000000e+00,2.060316085815429688e+00,-9.017829596996307373e-02,8.234375715255737305e-01,-4.493685066699981689e-01,-1.035332322120666504e+00,-2.548405826091766357e-01,1.000000000000000000e+00,1.000000000000000000e+00,0.000000000000000000e+00,0.000000000000000000e+00,1.000000000000000000e+00,7.840520143508911133e-01,-4.339463114738464355e-01,7.341968417167663574e-01,1.263300895690917969e+00,-9.764485955238342285e-01,5.453061684966087341e-02,9.945114254951477051e-01,1.023309677839279175e-01,2.181025408208370209e-02,-1.044258028268814087e-01,9.837699532508850098e-01,1.459186524152755737e-01,-6.524274125695228577e-03,-1.473952978849411011e-01,9.890562891960144043e-01,-3.651027679443359375e-01,-6.091611385345458984e-01,-1.061847507953643799e-01,0.000000000000000000e+00,1.000000000000000000e+00,4.144978523254394531e-01,-6.651435494422912598e-01,1.076238274574279785e+00,9.434466063976287842e-02,4.401347541715949774e-04,5.815327167510986328e-02,1.000000000000000000e+00,7.840520143508911133e-01,-4.339463114738464355e-01,7.341968417167663574e-01,1.263300895690917969e+00,-9.764485955238342285e-01,5.453061684966087341e-02,1.000000000000000000e+00,2.925369739532470703e+00,-6.709467768669128418e-01,8.648563027381896973e-01,-6.727386116981506348e-01,-8.482840657234191895e-02,8.963156491518020630e-02,1.000000000000000000e+00,2.060316085815429688e+00,-9.017829596996307373e-02,8.234375715255737305e-01,-4.493685066699981689e-01,-1.035332322120666504e+00,-2.548405826091766357e-01,1.000000000000000000e+00,1.000000000000000000e+00,0.000000000000000000e+00,0.000000000000000000e+00,1.000000000000000000e+00,2.925369739532470703e+00,-6.709467768669128418e-01,8.648563027381896973e-01,-6.727386116981506348e-01,-8.482840657234191895e-02,8.963156491518020630e-02,1.345698428834227450e-03,-2.112610718074003913e-02,3.818214569348157925e-05,1.000000000000000000e+00,2.060316085815429688e+00,-9.017829596996307373e-02,8.234375715255737305e-01,-4.493685066699981689e-01,-1.035332322120666504e+00,-2.548405826091766357e-01,1.993738294728533700e-01,6.207904385992524254e-02,2.884514141837735135e-02,1.000000000000000000e+00,-7.103737443685531616e-02,-1.078011393547058105e-01,-1.000000014901161194e-01,4.244464337825775146e-01,-2.000000029802322388e-01,-8.580566197633743286e-02,-1.000000014901161194e-01,5.160157680511474609e-01,-1.355743408203125000e-02,-2.141499519348144531e-02,2.903938293457031250e-04,4.011534750461578369e-01,2.000000029802322388e-01,4.199981689453125000e-02,9.522438049316406250e-03,4.618470966815948486e-01
1.179999999999999938e+00,4.161757528781890869e-01,-6.650056242942810059e-01,1.077444195747375488e+00,7.119147479534149170e-02,1.483060419559478760e-02,6.292397528886795044e-02,9.881247282028198242e-01,1.070525720715522766e-01,-1.102254390716552734e-01,-9.948662668466567993e-02,9.924302101135253906e-01,7.200714945793151855e-02,1.170995831489562988e-01,-6.018607690930366516e-02,9.912949204444885254e-01,-8.042561262845993042e-02,6.434191018342971802e-02,5.690901074558496475e-03,1.000000000000000000e+00,0.000000000000000000e+00,4.161757528781890869e-01,-6.650056242942810059e-01,1.077444195747375488e+00,7.119147479534149170e-02,1.483060419559478760e-02,6.292397528886795044e-02,1.000000000000000000e+00,8.092741370201110840e-01,-4.530857503414154053e-01,7.356841564178466797e-01,1.257925033569335938e+00,-9.328436851501464844e-01,9.867663681507110596e-02,1.000000000000000000e+00,2.911923646926879883e+00,-6.726389527320861816e-01,8.666525483131408691e-01,-6.717525720596313477e-01,-8.427066355943679810e-02,9.002526104450225830e-02,1.000000000000000000e+00,2.051485776901245117e+00,-1.111890524625778198e-01,8.184671401977539062e-01,-4.319774508476257324e-01,-1.069197893142700195e+00,-2.402477413415908813e-01,1.000000000000000000e+00,1.000000000000000000e+00,0.000000000000000000e+00,0.000000000000000000e+00,1.000000000000000000e+00,8.092741370201110840e-01,-4.530857503414154053e-01,7.356841564178466797e-01,1.257925033569335938e+00,-9.328436851501464844e-01,9.867663681507110596e-02,9.944861531257629395e-01,1.043539270758628845e-01,1.036743726581335068e-02,-1.047037914395332336e-01,9.825435280799865723e-01,1.537701934576034546e-01,5.860065110027790070e-03,-1.540078371763229370e-01,9.880522489547729492e-01,-3.063785135746002197e-01,-6.102760434150695801e-01,-1.070051118731498718e-01,0.000000000000000000e+00,1.000000000000000000e+00,4.161757528781890869e-01,-6.650056242942810059e-01,1.077444195747375488e+00,7.119147479534149170e-02,1.483060419559478760e-02,6.292397528886795044e-02,1.000000000000000000e+00,8.092741370201110840e-01,-4.530857503414154053e-01,7.356841564178466797e-01,1.257925033569335938e+00,-9.328436851501464844e-01,9.867663681507110596e-02,1.000000000000000000e+00,2.911923646926879883e+00,-6.726389527320861816e-01,8.666525483131408691e-01,-6.717525720596313477e-01,-8.427066355943679810e-02,9.002526104450225830e-02,1.000000000000000000e+00,2.051485776901245117e+00,-1.111890524625778198e-01,8.184671401977539062e-01,-4.319774508476257324e-01,-1.069197893142700195e+00,-2.402477413415908813e-01,1.000000000000000000e+00,1.000000000000000000e+00,0.000000000000000000e+00,0.000000000000000000e+00,1.000000000000000000e+00,2.911923646926879883e+00,-6.726389527320861816e-01,8.666525483131408691e-01,-6.717525720596313477e-01,-8.427066355943679810e-02,9.002526104450225830e-02,-6.234343266723369349e-04,-2.114472473472606140e-02,8.606221520034916224e-05,1.000000000000000000e+00,2.051485776901245117e+00,-1.111890524625778198e-01,8.184671401977539062e-01,-4.319774508476257324e-01,-1.069197893142700195e+00,-2.402477413415908813e-01,1.994398554899370346e-01,6.030628671715576594e-02,2.631566664097242936e-02,1.000000000000000000e+00,-6.848777085542678833e-02,-1.005142852663993835e-01,-1.000000014901161194e-01,4.210873544216156006e-01,-1.999958306550979614e-01,-9.501022845506668091e-02,-1.000000014901161194e-01,5.126955509185791016e-01,-1.542878150939941406e-02,-2.167105674743652344e-02,3.342628479003906250e-04,4.012856483459472656e-01,1.831452846527099609e-01,3.099989891052246094e-02,5.740880966186523438e-03,4.685495197772979736e-01
1.199999999999999956e+00,4.173943996429443359e-01,-6.645779013633728027e-01,1.078745365142822266e+00,4.849613457918167114e-02,2.941757626831531525e-02,6.759709119796752930e-02,9.883204102516174316e-01,1.070647686719894409e-01,-1.084434017539024353e-01,-9.946599602699279785e-02,9.923430681228637695e-01,7.322441041469573975e-02,1.154528036713600159e-01,-6.158274412155151367e-02,9.914022088050842285e-01,-5.582594126462936401e-02,1.055185496807098389e-01,8.438784629106521606e-03,1.000000000000000000e+00,0.000000000000000000e+00,4.173943996429443359e-01,-6.645779013633728027e-01,1.078745365142822266e+00,4.849613457918167114e-02,2.941757626831531525e-02,6.759709119796752930e-02,1.000000000000000000e+00,8.343641161918640137e-01,-4.713383018970489502e-01,7.380561828613281250e-01,1.249808788299560547e+00,-8.876512050628662109e-01,1.429194360971450806e-01,1.000000000000000000e+00,2.898497343063354492e+00,-6.743165254592895508e-01,8.684564828872680664e-01,-6.707808375358581543e-01,-8.333017677068710327e-02,9.040657430887222290e-02,1.000000000000000000e+00,2.042999267578125000e+00,-1.328807920217514038e-01,8.138151764869689941e-01,-4.151184558868408203e-01,-1.103465676307678223e+00,-2.227043062448501587e-01,1.000000000000000000e+00,1.000000000000000000e+00,0.000000000000000000e+00,0.000000000000000000e+00,1.000000000000000000e+00,8.343641161918640137e-01,-4.713383018970489502e-01,7.380561828613281250e-01,1.249808788299560547e+00,-8.876512050628662109e-01,1.429194360971450806e-01,9.943171143531799316e-01,1.064537391066551208e-01,-1.063860487192869186e-03,-1.048978492617607117e-01,9.813919067382812500e-01,1.608305573463439941e-01,1.816507615149021149e-02,-1.598049700260162354e-01,9.869815111160278320e-01,-2.842973470687866211e-01,-5.982725024223327637e-01,-1.055255755782127380e-01,0.000000000000000000e+00,1.000000000000000000e+00,4.173943996429443359e-01,-6.645779013633728027e-01,1.078745365142822266e+00,4.849613457918167114e-02,2.941757626831531525e-02,6.759709119796752930e-02,1.000000000000000000e+00,8.343641161918640137e-01,-4.713383018970489502e-01,7.380561828613281250e-01,1.249808788299560547e+00,-8.876512050628662109e-01,1.429194360971450806e-01,1.000000000000000000e+00,2.898497343063354492e+00,-6.743165254592895508e-01,8.684564828872680664e-01,-6.707808375358581543e-01,-8.333017677068710327e-02,9.040657430887222290e-02,1.000000000000000000e+00,2.042999267578125000e+00,-1.328807920217514038e-01,8.138151764869689941e-01,-4.151184558868408203e-01,-1.103465676307678223e+00,-2.227043062448501587e-01,1.000000000000000000e+00,1.000000000000000000e+00,0.000000000000000000e+00,0.000000000000000000e+00,1.000000000000000000e+00,2.898497343063354492e+00,-6.743165254592895508e-01,8.684564828872680664e-01,-6.707808375358581543e-01,-8.333017677068710327e-02,9.040657430887222290e-02,-2.590010375166318379e-03,-2.119788830481805775e-02,1.333706690673647222e-04,1.000000000000000000e+00,2.042999267578125000e+00,-1.328807920217514038e-01,8.138151764869689941e-01,-4.151184558868408203e-01,-1.103465676307678223e+00,-2.227043062448501587e-01,1.992327802107600743e-01,5.736107534399104146e-02,2.329950278986217538e-02,1.000000000000000000e+00,-6.308208405971527100e-02,-9.285617619752883911e-02,-1.000000014901161194e-01,4.197445809841156006e-01,-1.999973803758621216e-01,-1.036541834473609924e-01,-1.000000014901161194e-01,5.060400366783142090e-01,-1.719093322753906250e-02,-2.192234992980957031e-02,3.769397735595703125e-04,4.014106392860412598e-01,1.410987377166748047e-01,1.877331733703613281e-02,2.666473388671875000e-03,4.749463498592376709e-01
1.219999999999999973e+00,4.181646108627319336e-01,-6.638577580451965332e-01,1.080137014389038086e+00,2.643661201000213623e-02,4.406196996569633484e-02,7.192905992269515991e-02,9.886068105697631836e-01,1.069574207067489624e-01,-1.059096455574035645e-01,-9.945097565650939941e-02,9.923020005226135254e-01,7.380018383264541626e-02,1.129878163337707520e-01,-6.242654472589492798e-02,9.916334152221679688e-01,-2.046545222401618958e-02,1.460804641246795654e-01,1.123534049838781357e-02,1.000000000000000000e+00,0.000000000000000000e+00,4.181646108627319336e-01,-6.638577580451965332e-01,1.080137014389038086e+00,2.643661201000213623e-02,4.406196996569633484e-02,7.192905992269515991e-02,1.000000000000000000e+00,8.592673540115356445e-01,-4.886745810508728027e-01,7.413089871406555176e-01,1.239002823829650879e+00,-8.411245346069335938e-01,1.865433752536773682e-01,1.000000000000000000e+00,2.885090112686157227e+00,-6.759718656539916992e-01,8.702681064605712891e-01,-6.698297262191772461e-01,-8.201157301664352417e-02,9.079159051179885864e-02,1.000000000000000000e+00,2.034842967987060547e+00,-1.552605032920837402e-01,8.095405101776123047e-01,-3.990815579891204834e-01,-1.137953281402587891e+00,-2.022152096033096313e-01,1.000000000000000000e+00,1.000000000000000000e+00,0.000000000000000000e+00,0.000000000000000000e+00,1.000000000000000000e+00,8.592673540115356445e-01,-4.886745810508728027e-01,7.413089871406555176e-01,1.239002823829650879e+00,-8.411245346069335938e-01,1.865433752536773682e-01,9.940161705017089844e-01,1.085577830672264099e-01,-1.213798299431800842e-02,-1.050107404589653015e-01,9.802649617195129395e-01,1.674919128417968750e-01,3.008098527789115906e-02,-1.652150154113769531e-01,9.857988357543945312e-01,-2.656018435955047607e-01,-5.707846879959106445e-01,-1.008520424365997314e-01,0.000000000000000000e+00,1.000000000000000000e+00,4.181646108627319336e-01,-6.638577580451965332e-01,1.080137014389038086e+00,2.643661201000213623e-02,4.406196996569633484e-02,7.192905992269515991e-02,1.000000000000000000e+00,8.592673540115356445e-01,-4.886745810508728027e-01,7.413089871406555176e-01,1.239002823829650879e+00,-8.411245346069335938e-01,1.865433752536773682e-01,1.000000000000000000e+00,2.885090112686157227e+00,-6.759718656539916992e-01,8.702681064605712891e-01,-6.698297262191772461e-01,-8.201157301664352417e-02,9.079159051179885864e-02,1.000000000000000000e+00,2.034842967987060547e+00,-1.552605032920837402e-01,8.095405101776123047e-01,-3.990815579891204834e-01,-1.137953281402587891e+00,-2.022152096033096313e-01,1.000000000000000000e+00,1.000000000000000000e+00,0.000000000000000000e+00,0.000000000000000000e+00,1.000000000000000000e+00,2.885090112686157227e+00,-6.759718656539916992e-01,8.702681064605712891e-01,-6.698297262191772461e-01,-8.201157301664352417e-02,9.079159051179885864e-02,-4.539972484105972081e-03,-2.127970899534648019e-02,1.799838438796877958e-04,1.000000000000000000e+00,2.034842967987060547e+00,-1.552605032920837402e-01,8.095405101776123047e-01,-3.990815579891204834e-01,-1.137953281402587891e+00,-2.022152096033096313e-01,1.971298626410525334e-01,5.321301601971750728e-02,1.992809695731663500e-02,1.000000000000000000e+00,-5.603027343750000000e-02,-8.727211505174636841e-02,-1.000000014901161194e-01,4.192626774311065674e-01,-2.000000029802322388e-01,-1.102596893906593323e-01,-1.000000014901161194e-01,4.974520802497863770e-01,-1.883482933044433594e-02,-2.216982841491699219e-02,4.174709320068359375e-04,4.015151858329772949e-01,9.687137603759765625e-02,5.512475967407226562e-03,5.357265472412109375e-04,4.809889495372772217e-01
1.239999999999999991e+00,4.185003936290740967e-01,-6.628453135490417480e-01,1.081612110137939453e+00,5.155636463314294815e-03,5.860680714249610901e-02,7.591392099857330322e-02,9.889686703681945801e-01,1.067130342125892639e-01,-1.027299240231513977e-01,-9.944578260183334351e-02,9.923283457756042480e-01,7.345093041658401489e-02,1.097799912095069885e-01,-6.242460757493972778e-02,9.919937849044799805e-01,3.125700354576110840e-02,1.765359938144683838e-01,1.315521076321601868e-02,1.000000000000000000e+00,0.000000000000000000e+00,4.185003936290740967e-01,-6.628453135490417480e-01,1.081612110137939453e+00,5.155636463314294815e-03,5.860680714249610901e-02,7.591392099857330322e-02,1.000000000000000000e+00,8.839312791824340820e-01,-5.050703287124633789e-01,7.454216480255126953e-01,1.225661873817443848e+00,-7.935464382171630859e-01,2.285773605108261108e-01,1.000000000000000000e+00,2.871701955795288086e+00,-6.775974631309509277e-01,8.720874190330505371e-01,-6.689046621322631836e-01,-8.032219856977462769e-02,9.119070321321487427e-02,1.000000000000000000e+00,2.026997566223144531e+00,-1.783272922039031982e-01,8.057028651237487793e-01,-3.841665387153625488e-01,-1.171944379806518555e+00,-1.786664575338363647e-01,1.000000000000000000e+00,1.000000000000000000e+00,0.000000000000000000e+00,0.000000000000000000e+00,1.000000000000000000e+00,8.839312791824340820e-01,-5.050703287124633789e-01,7.454216480255126953e-01,1.225661873817443848e+00,-7.935464382171630859e-01,2.285773605108261108e-01,9.936074614524841309e-01,1.106063053011894226e-01,-2.259535901248455048e-02,-1.050549969077110291e-01,9.791995286941528320e-01,1.735849976539611816e-01,4.132495820522308350e-02,-1.701015830039978027e-01,9.845596551895141602e-01,-2.319309264421463013e-01,-5.326348543167114258e-01,-9.483202546834945679e-02,0.000000000000000000e+00,1.000000000000000000e+00,4.185003936290740967e-01,-6.628453135490417480e-01,1.081612110137939453e+00,5.155636463314294815e-03,5.860680714249610901e-02,7.591392099857330322e-02,1.000000000000000000e+00,8.839312791824340820e-01,-5.050703287124633789e-01,7.454216480255126953e-01,1.225661873817443848e+00,-7.935464382171630859e-01,2.285773605108261108e-01,1.000000000000000000e+00,2.871701955795288086e+00,-6.775974631309509277e-01,8.720874190330505371e-01,-6.689046621322631836e-01,-8.032219856977462769e-02,9.119070321321487427e-02,1.000000000000000000e+00,2.026997566223144531e+00,-1.783272922039031982e-01,8.057028651237487793e-01,-3.841665387153625488e-01,-1.171944379806518555e+00,-1.786664575338363647e-01,1.000000000000000000e+00,1.000000000000000000e+00,0.000000000000000000e+00,0.000000000000000000e+00,1.000000000000000000e+00,2.871701955795288086e+00,-6.775974631309509277e-01,8.720874190330505371e-01,-6.689046621322631836e-01,-8.032219856977462769e-02,9.119070321321487427e-02,-6.458967797728976980e-03,-2.138552247214287050e-02,2.257260097576615707e-04,1.000000000000000000e+00,2.026997566223144531e+00,-1.783272922039031982e-01,8.057028651237487793e-01,-3.841665387153625488e-01,-1.171944379806518555e+00,-1.786664575338363647e-01,1.900325481628558910e-01,4.786301153833139033e-02,1.634578121913565774e-02,1.000000000000000000e+00,-4.789269715547561646e-02,-8.357987552881240845e-02,-1.000000014901161194e-01,4.180979132652282715e-01,-2.000000029802322388e-01,-1.174513921141624451e-01,-1.000000014901161194e-01,4.781468510627746582e-01,-2.035164833068847656e-02,-2.241063117980957031e-02,4.560947418212890625e-04,4.016004204750061035e-01,5.069112777709960938e-02,-8.488178253173828125e-03,-4.305839538574218750e-04,4.867655634880065918e-01
1.260000000000000009e+00,4.184183776378631592e-01,-6.615443825721740723e-01,1.083163857460021973e+00,-1.525090727955102921e-02,7.284125685691833496e-02,7.956944406032562256e-02,9.893660545349121094e-01,1.063299775123596191e-01,-9.924165904521942139e-02,-9.944421052932739258e-02,9.924393296241760254e-01,7.193885743618011475e-02,1.061405688524246216e-01,-6.130485236644744873e-02,9.924595952033996582e-01,9.125145524740219116e-02,1.860132515430450439e-01,1.384173426777124405e-02,1.000000000000000000e+00,0.000000000000000000e+00,4.184183776378631592e-01,-6.615443825721740723e-01,1.083163857460021973e+00,-1.525090727955102921e-02,7.284125685691833496e-02,7.956944406032562256e-02,1.000000000000000000e+00,9.083073735237121582e-01,-5.205083489418029785e-01,7.503501772880554199e-01,1.210032820701599121e+00,-7.453922033309936523e-01,2.674356698989868164e-01,1.000000000000000000e+00,2.858332157135009766e+00,-6.791859865188598633e-01,8.739149570465087891e-01,-6.680099368095397949e-01,-7.827211171388626099e-02,9.160930663347244263e-02,1.000000000000000000e+00,2.019438266754150391e+00,-2.020597457885742188e-01,8.023654818534851074e-01,-3.706674575805664062e-01,-1.204068899154663086e+00,-1.518219262361526489e-01,1.000000000000000000e+00,1.000000000000000000e+00,0.000000000000000000e+00,0.000000000000000000e+00,1.000000000000000000e+00,9.083073735237121582e-01,-5.205083489418029785e-01,7.503501772880554199e-01,1.210032820701599121e+00,-7.453922033309936523e-01,2.674356698989868164e-01,9.931169152259826660e-01,1.125666424632072449e-01,-3.236680105328559875e-02,-1.050526425242424011e-01,9.782512784004211426e-01,1.788531690835952759e-01,5.179576203227043152e-02,-1.742218881845474243e-01,9.833433032035827637e-01,-1.917637139558792114e-01,-4.978135526180267334e-01,-8.913464844226837158e-02,0.000000000000000000e+00,1.000000000000000000e+00,4.184183776378631592e-01,-6.615443825721740723e-01,1.083163857460021973e+00,-1.525090727955102921e-02,7.284125685691833496e-02,7.956944406032562256e-02,1.000000000000000000e+00,9.083073735237121582e-01,-5.205083489418029785e-01,7.503501772880554199e-01,1.210032820701599121e+00,-7.453922033309936523e-01,2.674356698989868164e-01,1.000000000000000000e+00,2.858332157135009766e+00,-6.791859865188598633e-01,8.739149570465087891e-01,-6.680099368095397949e-01,-7.827211171388626099e-02,9.160930663347244263e-02,1.000000000000000000e+00,2.019438266754150391e+00,-2.020597457885742188e-01,8.023654818534851074e-01,-3.706674575805664062e-01,-1.204068899154663086e+00,-1.518219262361526489e-01,1.000000000000000000e+00,1.000000000000000000e+00,0.000000000000000000e+00,0.000000000000000000e+00,1.000000000000000000e+00,2.858332157135009766e+00,-6.791859865188598633e-01,8.739149570465087891e-01,-6.680099368095397949e-01,-7.827211171388626099e-02,9.160930663347244263e-02,-8.333195885100359163e-03,-2.151143209945649559e-02,2.703788618702721372e-04,1.000000000000000000e+00,2.019438266754150391e+00,-2.020597457885742188e-01,8.023654818534851074e-01,-3.706674575805664062e-01,-1.204068899154663086e+00,-1.518219262361526489e-01,1.759152958057268179e-01,4.137365710727136658e-02,1.273864125399915004e-02,1.000000000000000000e+00,-4.030611366033554077e-02,-8.136355876922607422e-02,-1.000000014901161194e-01,4.158112108707427979e-01,-2.000000029802322388e-01,-1.248404905200004578e-01,-1.000000014901161194e-01,4.492719173431396484e-01,-2.172565460205078125e-02,-2.264237403869628906e-02,4.918575286865234375e-04,4.016685783863067627e-01,3.172874450683593750e-03,-2.279829978942871094e-02,-7.224082946777343750e-05,4.922750890254974365e-01
1.280000000000000027e+00,4.179363846778869629e-01,-6.599634289741516113e-01,1.084785223007202148e+00,-3.475859388709068298e-02,8.652218431234359741e-02,8.279884606599807739e-02,9.897505640983581543e-01,1.058348715305328369e-01,-9.587879478931427002e-02,-9.943194687366485596e-02,9.926298856735229492e-01,6.927535682916641235e-02,1.025039106607437134e-01,-5.903191119432449341e-02,9.929794073104858398e-01,1.437732130289077759e-01,1.749986708164215088e-01,1.328602340072393417e-02,1.000000000000000000e+00,0.000000000000000000e+00,4.179363846778869629e-01,-6.599634289741516113e-01,1.084785223007202148e+00,-3.475859388709068298e-02,8.652218431234359741e-02,8.279884606599807739e-02,1.000000000000000000e+00,9.323526024818420410e-01,-5.349829196929931641e-01,7.560098171234130859e-01,1.192425251007080078e+00,-6.973525881767272949e-01,3.006749451160430908e-01,1.000000000000000000e+00,2.844979763031005859e+00,-6.807303428649902344e-01,8.757510781288146973e-01,-6.671490669250488281e-01,-7.587386667728424072e-02,9.204935282468795776e-02,1.000000000000000000e+00,2.012134313583374023e+00,-2.264056652784347534e-01,7.995959520339965820e-01,-3.588563203811645508e-01,-1.232674121856689453e+00,-1.215119734406471252e-01,1.000000000000000000e+00,1.000000000000000000e+00,0.000000000000000000e+00,0.000000000000000000e+00,1.000000000000000000e+00,9.323526024818420410e-01,-5.349829196929931641e-01,7.560098171234130859e-01,1.192425251007080078e+00,-6.973525881767272949e-01,3.006749451160430908e-01,9.925585389137268066e-01,1.144322827458381653e-01,-4.162845760583877563e-02,-1.050000116229057312e-01,9.774311184883117676e-01,1.833125799894332886e-01,6.166582554578781128e-02,-1.775774806737899780e-01,9.821729063987731934e-01,-1.580881178379058838e-01,-4.755368530750274658e-01,-8.420293778181076050e-02,0.000000000000000000e+00,1.000000000000000000e+00,4.179363846778869629e-01,-6.599634289741516113e-01,1.084785223007202148e+00,-3.475859388709068298e-02,8.652218431234359741e-02,8.279884606599807739e-02,1.000000000000000000e+00,9.323526024818420410e-01,-5.349829196929931641e-01,7.560098171234130859e-01,1.192425251007080078e+00,-6.973525881767272949e-01,3.006749451160430908e-01,1.000000000000000000e+00,2.844979763031005859e+00,-6.807303428649902344e-01,8.757510781288146973e-01,-6.671490669250488281e-01,-7.587386667728424072e-02,9.204935282468795776e-02,1.000000000000000000e+00,2.012134313583374023e+00,-2.264056652784347534e-01,7.995959520339965820e-01,-3.588563203811645508e-01,-1.232674121856689453e+00,-1.215119734406471252e-01,1.000000000000000000e+00,1.000000000000000000e+00,0.000000000000000000e+00,0.000000000000000000e+00,1.000000000000000000e+00,2.844979763031005859e+00,-6.807303428649902344e-01,8.757510781288146973e-01,-6.671490669250488281e-01,-7.587386667728424072e-02,9.204935282468795776e-02,-1.014987216936443122e-02,-2.165377699013215640e-02,3.137107785222484346e-04,1.000000000000000000e+00,2.012134313583374023e+00,-2.264056652784347534e-01,7.995959520339965820e-01,-3.588563203811645508e-01,-1.232674121856689453e+00,-1.215119734406471252e-01,1.551346015058748529e-01,3.384605949206642705e-02,9.339394200500145127e-03,1.000000000000000000e+00,-3.277834132313728333e-02,-7.854211330413818359e-02,-1.000000014901161194e-01,4.129807353019714355e-01,-2.000000029802322388e-01,-1.319518536329269409e-01,-1.000000014901161194e-01,4.238345623016357422e-01,-2.293705940246582031e-02,-2.286458015441894531e-02,5.245208740234375000e-04,4.017151296138763428e-01,-4.489755630493164062e-02,-3.692793846130371094e-02,1.658678054809570312e-03,4.970291852951049805e-01
1.300000000000000044e+00,4.170719981193542480e-01,-6.581153869628906250e-01,1.086465954780578613e+00,-5.341432243585586548e-02,9.943532943725585938e-02,8.542374521493911743e-02,9.900931715965270996e-01,1.052784174680709839e-01,-9.290963411331176758e-02,-9.940461814403533936e-02,9.928729534149169922e-01,6.574411690235137939e-02,9.916888177394866943e-02,-5.585714429616928101e-02,9.935017824172973633e-01,1.799120306968688965e-01,1.584441363811492920e-01,1.201733574271202087e-02,1.000000000000000000e+00,0.000000000000000000e+00,4.170719981193542480e-01,-6.581153869628906250e-01,1.086465954780578613e+00,-5.341432243585586548e-02,9.943532943725585938e-02,8.542374521493911743e-02,1.000000000000000000e+00,9.560301303863525391e-01,-5.485025048255920410e-01,7.622671127319335938e-01,1.173144578933715820e+00,-6.500487923622131348e-01,3.262045085430145264e-01,1.000000000000000000e+00,2.831644296646118164e+00,-6.822237372398376465e-01,8.775961995124816895e-01,-6.663246750831604004e-01,-7.314248383045196533e-02,9.251008927822113037e-02,1.000000000000000000e+00,2.005049467086791992e+00,-2.512810528278350830e-01,7.974640727043151855e-01,-3.489731252193450928e-01,-1.256310701370239258e+00,-8.771439641714096069e-02,1.000000000000000000e+00,1.000000000000000000e+00,0.000000000000000000e+00,0.000000000000000000e+00,1.000000000000000000e+00,9.560301303863525391e-01,-5.485025048255920410e-01,7.622671127319335938e-01,1.173144578933715820e+00,-6.500487923622131348e-01,3.262045085430145264e-01,9.919356107711791992e-01,1.162098199129104614e-01,-5.058860033750534058e-02,-1.048812568187713623e-01,9.767139554023742676e-01,1.871628314256668091e-01,7.116074860095977783e-02,-1.803476661443710327e-01,9.810255169868469238e-01,-1.343647390604019165e-01,-4.611994028091430664e-01,-7.989940047264099121e-02,0.000000000000000000e+00,1.000000000000000000e+00,4.170719981193542480e-01,-6.581153869628906250e-01,1.086465954780578613e+00,-5.341432243585586548e-02,9.943532943725585938e-02,8.542374521493911743e-02,1.000000000000000000e+00,9.560301303863525391e-01,-5.485025048255920410e-01,7.622671127319335938e-01,1.173144578933715820e+00,-6.500487923622131348e-01,3.262045085430145264e-01,1.000000000000000000e+00,2.831644296646118164e+00,-6.822237372398376465e-01,8.775961995124816895e-01,-6.663246750831604004e-01,-7.314248383045196533e-02,9.251008927822113037e-02,1.000000000000000000e+00,2.005049467086791992e+00,-2.512810528278350830e-01,7.974640727043151855e-01,-3.489731252193450928e-01,-1.256310701370239258e+00,-8.771439641714096069e-02,1.000000000000000000e+00,1.000000000000000000e+00,0.000000000000000000e+00,0.000000000000000000e+00,1.000000000000000000e+00,2.831644296646118164e+00,-6.822237372398376465e-01,8.775961995124816895e-01,-6.663246750831604004e-01,-7.314248383045196533e-02,9.251008927822113037e-02,-1.189646836061367986e-02,-2.180888019213766960e-02,3.554521493472784927e-04,1.000000000000000000e+00,2.005049467086791992e+00,-2.512810528278350830e-01,7.974640727043151855e-01,-3.489731252193450928e-01,-1.256310701370239258e+00,-8.771439641714096069e-02,1.296031435169693324e-01,2.538548002648011170e-02,6.366832797340946093e-03,1.000000000000000000e+00,-2.565459907054901123e-02,-7.457494735717773438e-02,-1.000000014901161194e-01,4.117121398448944092e-01,-2.000000029802322388e-01,-1.391926258802413940e-01,-1.000000014901161194e-01,4.031111001968383789e-01,-2.396798133850097656e-02,-2.307963371276855469e-02,5.531311035156250000e-04,4.017309546470642090e-01,-9.299135208129882812e-02,-5.049347877502441406e-02,4.707098007202148438e-03,5.002344846725463867e-01
1.320000000000000062e+00,4.158414602279663086e-01,-6.560170650482177734e-01,1.088193058967590332e+00,-7.129789888858795166e-02,1.114411950111389160e-01,8.736965805292129517e-02,9.904007315635681152e-01,1.047019064426422119e-01,-9.024379402399063110e-02,-9.937433898448944092e-02,9.931387901306152344e-01,6.164537370204925537e-02,9.607899934053421021e-02,-5.208570510149002075e-02,9.940100312232971191e-01,2.031511515378952026e-01,1.538155823945999146e-01,1.071058027446269989e-02,1.000000000000000000e+00,0.000000000000000000e+00,4.158414602279663086e-01,-6.560170650482177734e-01,1.088193058967590332e+00,-7.129789888858795166e-02,1.114411950111389160e-01,8.736965805292129517e-02,1.000000000000000000e+00,9.793089032173156738e-01,-5.610855221748352051e-01,7.689584493637084961e-01,1.152444958686828613e+00,-6.038314700126647949e-01,3.431632518768310547e-01,1.000000000000000000e+00,2.818324565887451172e+00,-6.836596727371215820e-01,8.794506788253784180e-01,-6.655386090278625488e-01,-7.009539008140563965e-02,9.298813343048095703e-02,1.000000000000000000e+00,1.998143434524536133e+00,-2.765764892101287842e-01,7.960383892059326172e-01,-3.412326872348785400e-01,-1.273946046829223633e+00,-5.061907321214675903e-02,1.000000000000000000e+00,1.000000000000000000e+00,0.000000000000000000e+00,0.000000000000000000e+00,1.000000000000000000e+00,9.793089032173156738e-01,-5.610855221748352051e-01,7.689584493637084961e-01,1.152444958686828613e+00,-6.038314700126647949e-01,3.431632518768310547e-01,9.912509322166442871e-01,1.179117411375045776e-01,-5.931851267814636230e-02,-1.047015488147735596e-01,9.760724306106567383e-01,1.905793696641921997e-01,8.037069439888000488e-02,-1.827012151479721069e-01,9.798781275749206543e-01,-1.166674718260765076e-01,-4.480899870395660400e-01,-7.640671730041503906e-02,0.000000000000000000e+00,1.000000000000000000e+00,4.158414602279663086e-01,-6.560170650482177734e-01,1.088193058967590332e+00,-7.129789888858795166e-02,1.114411950111389160e-01,8.736965805292129517e-02,1.000000000000000000e+00,9.793089032173156738e-01,-5.610855221748352051e-01,7.689584493637084961e-01,1.152444958686828613e+00,-6.038314700126647949e-01,3.431632518768310547e-01,1.000000000000000000e+00,2.818324565887451172e+00,-6.836596727371215820e-01,8.794506788253784180e-01,-6.655386090278625488e-01,-7.009539008140563965e-02,9.298813343048095703e-02,1.000000000000000000e+00,1.998143434524536133e+00,-2.765764892101287842e-01,7.960383892059326172e-01,-3.412326872348785400e-01,-1.273946046829223633e+00,-5.061907321214675903e-02,1.000000000000000000e+00,1.000000000000000000e+00,0.000000000000000000e+00,0.000000000000000000e+00,1.000000000000000000e+00,2.818324565887451172e+00,-6.836596727371215820e-01,8.794506788253784180e-01,-6.655386090278625488e-01,-7.009539008140563965e-02,9.298813343048095703e-02,-1.355956150645943985e-02,-2.197322963315562205e-02,3.952900644499379723e-04,1.000000000000000000e+00,1.998143434524536133e+00,-2.765764892101287842e-01,7.960383892059326172e-01,-3.412326872348785400e-01,-1.273946046829223633e+00,-5.061907321214675903e-02,1.012220426591980971e-01,1.607999471829746341e-02,3.994896855038093664e-03,1.000000000000000000e+00,-1.936230994760990143e-02,-6.821938604116439819e-02,-1.000000014901161194e-01,4.131533801555633545e-01,-2.000000029802322388e-01,-1.442889422178268433e-01,-1.000000014901161194e-01,3.848628103733062744e-01,-2.480888366699218750e-02,-2.328705787658691406e-02,5.776882171630859375e-04,4.017124474048614502e-01,-1.409893035888671875e-01,-6.327700614929199219e-02,8.974790573120117188e-03,5.012352466583251953e-01
1.340000000000000080e+00,4.142598211765289307e-01,-6.536873579025268555e-01,1.089954257011413574e+00,-8.846895396709442139e-02,1.224689036607742310e-01,8.883875608444213867e-02,9.907054901123046875e-01,1.041207686066627502e-01,-8.753132820129394531e-02,-9.935543686151504517e-02,9.934095144271850586e-01,5.715192854404449463e-02,9.290514886379241943e-02,-4.792401194572448730e-02,9.945210814476013184e-01,2.183541953563690186e-01,1.698911637067794800e-01,9.916652925312519073e-03,1.000000000000000000e+00,0.000000000000000000e+00,4.142598211765289307e-01,-6.536873579025268555e-01,1.089954257011413574e+00,-8.846895396709442139e-02,1.224689036607742310e-01,8.883875608444213867e-02,1.000000000000000000e+00,1.002162575721740723e+00,-5.727552771568298340e-01,7.759109735488891602e-01,1.130543708801269531e+00,-5.588669776916503906e-01,3.514721989631652832e-01,1.000000000000000000e+00,2.805020570755004883e+00,-6.850318312644958496e-01,8.813148140907287598e-01,-6.647921204566955566e-01,-6.675270199775695801e-02,9.347729384899139404e-02,1.000000000000000000e+00,1.991371273994445801e+00,-3.021652996540069580e-01,7.953812479972839355e-01,-3.358308672904968262e-01,-1.284872055053710938e+00,-1.069025043398141861e-02,1.000000000000000000e+00,1.000000000000000000e+00,0.000000000000000000e+00,0.000000000000000000e+00,1.000000000000000000e+00,1.002162575721740723e+00,-5.727552771568298340e-01,7.759109735488891602e-01,1.130543708801269531e+00,-5.588669776916503906e-01,3.514721989631652832e-01,9.905139803886413574e-01,1.195353120565414429e-01,-6.777437031269073486e-02,-1.044735163450241089e-01,9.754948616027832031e-01,1.936366558074951172e-01,8.925996720790863037e-02,-1.847191751003265381e-01,9.787295460700988770e-01,-1.009367555379867554e-01,-4.280376434326171875e-01,-7.209797203540802002e-02,0.000000000000000000e+00,1.000000000000000000e+00,4.142598211765289307e-01,-6.536873579025268555e-01,1.089954257011413574e+00,-8.846895396709442139e-02,1.224689036607742310e-01,8.883875608444213867e-02,1.000000000000000000e+00,1.002162575721740723e+00,-5.727552771568298340e-01,7.759109735488891602e-01,1.130543708801269531e+00,-5.588669776916503906e-01,3.514721989631652832e-01,1.000000000000000000e+00,2.805020570755004883e+00,-6.850318312644958496e-01,8.813148140907287598e-01,-6.647921204566955566e-01,-6.675270199775695801e-02,9.347729384899139404e-02,1.000000000000000000e+00,1.991371273994445801e+00,-3.021652996540069580e-01,7.953812479972839355e-01,-3.358308672904968262e-01,-1.284872055053710938e+00,-1.069025043398141861e-02,1.000000000000000000e+00,1.000000000000000000e+00,0.000000000000000000e+00,0.000000000000000000e+00,1.000000000000000000e+00,2.805020570755004883e+00,-6.850318312644958496e-01,8.813148140907287598e-01,-6.647921204566955566e-01,-6.675270199775695801e-02,9.347729384899139404e-02,-1.512453106477901557e-02,-2.214406548835090582e-02,4.328875020982222294e-04,1.000000000000000000e+00,1.991371273994445801e+00,-3.021652996540069580e-01,7.953812479972839355e-01,-3.358308672904968262e-01,-1.284872055053710938e+00,-1.069025043398141861e-02,7.093303195897596169e-02,6.035755522754371327e-03,2.373923136023518843e-03,1.000000000000000000e+00,-1.264321338385343552e-02,-5.994954705238342285e-02,-1.000000014901161194e-01,4.159826934337615967e-01,-2.000000029802322388e-01,-1.480413675308227539e-01,-1.000000014901161194e-01,3.693637251853942871e-01,-2.545905113220214844e-02,-2.348542213439941406e-02,5.979537963867187500e-04,4.016712009906768799e-01,-1.890199184417724609e-01,-7.516074180603027344e-02,1.436400413513183594e-02,4.996499419212341309e-01
1.360000000000000098e+00,4.123411476612091064e-01,-6.511461734771728516e-01,1.091743111610412598e+00,-1.049218475818634033e-01,1.324823796749114990e-01,9.022656828165054321e-02,9.910420179367065430e-01,1.035401076078414917e-01,-8.435234427452087402e-02,-9.936024248600006104e-02,9.936741590499877930e-01,5.233947560191154480e-02,8.923797309398651123e-02,-4.348934814333915710e-02,9.950605034828186035e-01,2.311802953481674194e-01,2.040084749460220337e-01,9.606068953871726990e-03,1.000000000000000000e+00,0.000000000000000000e+00,4.123411476612091064e-01,-6.511461734771728516e-01,1.091743111610412598e+00,-1.049218475818634033e-01,1.324823796749114990e-01,9.022656828165054321e-02,1.000000000000000000e+00,1.024568915367126465e+00,-5.835375785827636719e-01,7.829536795616149902e-01,1.107650756835937500e+00,-5.152269005775451660e-01,3.514475226402282715e-01,1.000000000000000000e+00,2.791731357574462891e+00,-6.863346695899963379e-01,8.831887841224670410e-01,-6.640858054161071777e-01,-6.313737481832504272e-02,9.396980702877044678e-02,1.000000000000000000e+00,1.984684824943542480e+00,-3.279079496860504150e-01,7.955429553985595703e-01,-3.329317569732666016e-01,-1.288506984710693359e+00,3.134387359023094177e-02,1.000000000000000000e+00,1.000000000000000000e+00,0.000000000000000000e+00,0.000000000000000000e+00,1.000000000000000000e+00,1.024568915367126465e+00,-5.835375785827636719e-01,7.829536795616149902e-01,1.107650756835937500e+00,-5.152269005775451660e-01,3.514475226402282715e-01,9.897511005401611328e-01,1.210565865039825439e-01,-7.575219869613647461e-02,-1.042231172323226929e-01,9.749817252159118652e-01,1.963376998901367188e-01,9.762497246265411377e-02,-1.864303052425384521e-01,9.776059389114379883e-01,-8.604754507541656494e-02,-3.958318531513214111e-01,-6.665251404047012329e-02,0.000000000000000000e+00,1.000000000000000000e+00,4.123411476612091064e-01,-6.511461734771728516e-01,1.091743111610412598e+00,-1.049218475818634033e-01,1.324823796749114990e-01,9.022656828165054321e-02,1.000000000000000000e+00,1.024568915367126465e+00,-5.835375785827636719e-01,7.829536795616149902e-01,1.107650756835937500e+00,-5.152269005775451660e-01,3.514475226402282715e-01,1.000000000000000000e+00,2.791731357574462891e+00,-6.863346695899963379e-01,8.831887841224670410e-01,-6.640858054161071777e-01,-6.313737481832504272e-02,9.396980702877044678e-02,1.000000000000000000e+00,1.984684824943542480e+00,-3.279079496860504150e-01,7.955429553985595703e-01,-3.329317569732666016e-01,-1.288506984710693359e+00,3.134387359023094177e-02,1.000000000000000000e+00,1.000000000000000000e+00,0.000000000000000000e+00,0.000000000000000000e+00,1.000000000000000000e+00,2.791731357574462891e+00,-6.863346695899963379e-01,8.831887841224670410e-01,-6.640858054161071777e-01,-6.313737481832504272e-02,9.396980702877044678e-02,-1.657668610425575006e-02,-2.231947075920115431e-02,4.679186017352149340e-04,1.000000000000000000e+00,1.984684824943542480e+00,-3.279079496860504150e-01,7.955429553985595703e-01,-3.329317569732666016e-01,-1.288506984710693359e+00,3.134387359023094177e-02,3.876909302596744100e-02,-4.573804949330240177e-03,1.643275458988142229e-03,1.000000000000000000e+00,-6.173452362418174744e-03,-4.934288188815116882e-02,-1.000000014901161194e-01,4.184385538101196289e-01,-2.000000029802322388e-01,-1.508898735046386719e-01,-1.000000014901161194e-01,3.572760820388793945e-01,-2.592349052429199219e-02,-2.366805076599121094e-02,6.136894226074218750e-04,4.016278684139251709e-01,-2.000000029802322388e-01,-8.606457710266113281e-02,2.078413963317871094e-02,4.953651428222656250e-01
1.380000000000000115e+00,4.101004600524902344e-01,-6.484141349792480469e-01,1.093561768531799316e+00,-1.205695047974586487e-01,1.414430439472198486e-01,9.187903255224227905e-02,9.914304018020629883e-01,1.029601842164993286e-01,-8.040621876716613770e-02,-9.939344227313995361e-02,9.939292669296264648e-01,4.717872291803359985e-02,8.477561175823211670e-02,-3.878256678581237793e-02,9.956451654434204102e-01,2.452070415019989014e-01,2.503363788127899170e-01,9.190924465656280518e-03,1.000000000000000000e+00,0.000000000000000000e+00,4.101004600524902344e-01,-6.484141349792480469e-01,1.093561768531799316e+00,-1.205695047974586487e-01,1.414430439472198486e-01,9.187903255224227905e-02,1.000000000000000000e+00,1.046509742736816406e+00,-5.934591293334960938e-01,7.899253964424133301e-01,1.083977103233337402e+00,-4.729075729846954346e-01,3.437266647815704346e-01,1.000000000000000000e+00,2.778455734252929688e+00,-6.875630617141723633e-01,8.850725889205932617e-01,-6.634199023246765137e-01,-5.927495658397674561e-02,9.445826709270477295e-02,1.000000000000000000e+00,1.978033185005187988e+00,-3.536535501480102539e-01,7.965574860572814941e-01,-3.326421678066253662e-01,-1.284303307533264160e+00,7.449706643819808960e-02,1.000000000000000000e+00,1.000000000000000000e+00,0.000000000000000000e+00,0.000000000000000000e+00,1.000000000000000000e+00,1.046509742736816406e+00,-5.934591293334960938e-01,7.899253964424133301e-01,1.083977103233337402e+00,-4.729075729846954346e-01,3.437266647815704346e-01,9.889944195747375488e-01,1.224507912993431091e-01,-8.304109424352645874e-02,-1.039778366684913635e-01,9.745326638221740723e-01,1.986823081970214844e-01,1.052550598978996277e-01,-1.878612637519836426e-01,9.765394926071166992e-01,-7.270310074090957642e-02,-3.562894761562347412e-01,-6.028452888131141663e-02,0.000000000000000000e+00,1.000000000000000000e+00,4.101004600524902344e-01,-6.484141349792480469e-01,1.093561768531799316e+00,-1.205695047974586487e-01,1.414430439472198486e-01,9.187903255224227905e-02,1.000000000000000000e+00,1.046509742736816406e+00,-5.934591293334960938e-01,7.899253964424133301e-01,1.083977103233337402e+00,-4.729075729846954346e-01,3.437266647815704346e-01,1.000000000000000000e+00,2.778455734252929688e+00,-6.875630617141723633e-01,8.850725889205932617e-01,-6.634199023246765137e-01,-5.927495658397674561e-02,9.445826709270477295e-02,1.000000000000000000e+00,1.978033185005187988e+00,-3.536535501480102539e-01,7.965574860572814941e-01,-3.326421678066253662e-01,-1.284303307533264160e+00,7.449706643819808960e-02,1.000000000000000000e+00,1.000000000000000000e+00,0.000000000000000000e+00,0.000000000000000000e+00,1.000000000000000000e+00,2.778455734252929688e+00,-6.875630617141723633e-01,8.850725889205932617e-01,-6.634199023246765137e-01,-5.927495658397674561e-02,9.445826709270477295e-02,-1.790312122086118451e-02,-2.249768484947534120e-02,5.000409225774851002e-04,1.000000000000000000e+00,1.978033185005187988e+00,-3.536535501480102539e-01,7.965574860572814941e-01,-3.326421678066253662e-01,-1.284303307533264160e+00,7.449706643819808960e-02,5.024895670445419377e-03,-1.546234791887335369e-02,1.966764950546850618e-03,1.000000000000000000e+00,-1.503709238022565842e-03,-3.743752092123031616e-02,-1.000000014901161194e-01,4.213635027408599854e-01,-2.000000029802322388e-01,-1.530687361955642700e-01,-1.000000014901161194e-01,3.477879762649536133e-01,-2.621030807495117188e-02,-2.383017539978027344e-02,6.246566772460937500e-04,4.016003012657165527e-01,-2.000000029802322388e-01,-9.590506553649902344e-02,2.813959121704101562e-02,4.884116351604461670e-01
1.400000000000000133e+00,4.075551331043243408e-01,-6.455126404762268066e-01,1.095417857170104980e+00,-1.352633535861968994e-01,1.492962539196014404e-01,9.404241293668746948e-02,9.918753504753112793e-01,1.023933961987495422e-01,-7.549266517162322998e-02,-9.945862740278244019e-02,9.941689372062683105e-01,4.166990146040916443e-02,7.931917905807495117e-02,-3.382294997572898865e-02,9.962754249572753906e-01,2.536926567554473877e-01,3.033218681812286377e-01,8.587931282818317413e-03,1.000000000000000000e+00,0.000000000000000000e+00,4.075551331043243408e-01,-6.455126404762268066e-01,1.095417857170104980e+00,-1.352633535861968994e-01,1.492962539196014404e-01,9.404241293668746948e-02,1.000000000000000000e+00,1.067971706390380859e+00,-6.025456190109252930e-01,7.966794967651367188e-01,1.059717059135437012e+00,-4.318476021289825439e-01,3.291551768779754639e-01,1.000000000000000000e+00,2.765192985534667969e+00,-6.887122392654418945e-01,8.869660496711730957e-01,-6.627943515777587891e-01,-5.519306659698486328e-02,9.493777155876159668e-02,1.000000000000000000e+00,1.971363544464111328e+00,-3.792429566383361816e-01,7.984353303909301758e-01,-3.349690437316894531e-01,-1.272159457206726074e+00,1.174349263310432434e-01,1.000000000000000000e+00,1.000000000000000000e+00,0.000000000000000000e+00,0.000000000000000000e+00,1.000000000000000000e+00,1.067971706390380859e+00,-6.025456190109252930e-01,7.966794967651367188e-01,1.059717059135437012e+00,-4.318476021289825439e-01,3.291551768779754639e-01,9.882695078849792480e-01,1.237013265490531921e-01,-8.956295251846313477e-02,-1.037445589900016785e-01,9.741440415382385254e-01,2.007003724575042725e-01,1.120741069316864014e-01,-1.890543699264526367e-01,9.755501151084899902e-01,-6.156552582979202271e-02,-3.169542849063873291e-01,-5.335954949259757996e-02,0.000000000000000000e+00,1.000000000000000000e+00,4.075551331043243408e-01,-6.455126404762268066e-01,1.095417857170104980e+00,-1.352633535861968994e-01,1.492962539196014404e-01,9.404241293668746948e-02,1.000000000000000000e+00,1.067971706390380859e+00,-6.025456190109252930e-01,7.966794967651367188e-01,1.059717059135437012e+00,-4.318476021289825439e-01,3.291551768779754639e-01,1.000000000000000000e+00,2.765192985534667969e+00,-6.887122392654418945e-01,8.869660496711730957e-01,-6.627943515777587891e-01,-5.519306659698486328e-02,9.493777155876159668e-02,1.000000000000000000e+00,1.971363544464111328e+00,-3.792429566383361816e-01,7.984353303909301758e-01,-3.349690437316894531e-01,-1.272159457206726074e+00,1.174349263310432434e-01,1.000000000000000000e+00,1.000000000000000000e+00,0.000000000000000000e+00,0.000000000000000000e+00,1.000000000000000000e+00,2.765192985534667969e+00,-6.887122392654418945e-01,8.869660496711730957e-01,-6.627943515777587891e-01,-5.519306659698486328e-02,9.493777155876159668e-02,-1.909434453608205295e-02,-2.267636806015382867e-02,5.288881630498010189e-04,1.000000000000000000e+00,1.971363544464111328e+00,-3.792429566383361816e-01,7.984353303909301758e-01,-3.349690437316894531e-01,-1.272159457206726074e+00,1.174349263310432434e-01,-2.719666147663956854e-02,-2.624707339743093115e-02,3.486529750553909318e-03,1.000000000000000000e+00,1.760749029926955700e-03,-2.594852261245250702e-02,-1.000000014901161194e-01,4.236602783203125000e-01,-2.000000029802322388e-01,-1.555626839399337769e-01,-1.000000014901161194e-01,3.424555957317352295e-01,-2.632927894592285156e-02,-2.396988868713378906e-02,6.310939788818359375e-04,4.016006290912628174e-01,-2.000000029802322388e-01,-1.045997142791748047e-01,3.634929656982421875e-02,4.786073565483093262e-01
1.419999999999999929e+00,4.047258198261260986e-01,-6.424643993377685547e-01,1.097323060035705566e+00,-1.488169729709625244e-01,1.559971421957015991e-01,9.689575433731079102e-02,9.923653006553649902e-01,1.018624007701873779e-01,-6.953586637973785400e-02,-9.954674541950225830e-02,9.943814277648925781e-01,3.600082546472549438e-02,7.281230390071868896e-02,-2.880389988422393799e-02,9.969296455383300781e-01,2.482744902372360229e-01,3.532031774520874023e-01,7.925841957330703735e-03,1.000000000000000000e+00,0.000000000000000000e+00,4.047258198261260986e-01,-6.424643993377685547e-01,1.097323060035705566e+00,-1.488169729709625244e-01,1.559971421957015991e-01,9.689575433731079102e-02,1.000000000000000000e+00,1.088944315910339355e+00,-6.108214855194091797e-01,8.030877709388732910e-01,1.035017490386962891e+00,-3.919290602207183838e-01,3.087512552738189697e-01,1.000000000000000000e+00,2.751942873001098633e+00,-6.897779703140258789e-01,8.888690471649169922e-01,-6.622086167335510254e-01,-5.092055350542068481e-02,9.540698677301406860e-02,1.000000000000000000e+00,1.964624404907226562e+00,-4.045238494873046875e-01,8.011614084243774414e-01,-3.398375213146209717e-01,-1.252972245216369629e+00,1.590166538953781128e-01,1.000000000000000000e+00,1.000000000000000000e+00,0.000000000000000000e+00,0.000000000000000000e+00,1.000000000000000000e+00,1.088944315910339355e+00,-6.108214855194091797e-01,8.030877709388732910e-01,1.035017490386962891e+00,-3.919290602207183838e-01,3.087512552738189697e-01,9.875863194465637207e-01,1.248070374131202698e-01,-9.537573158740997314e-02,-1.035150215029716492e-01,9.738079309463500977e-01,2.024421095848083496e-01,1.181438416242599487e-01,-1.900562345981597900e-01,9.746387600898742676e-01,-5.251944437623023987e-02,-2.842168509960174561e-01,-4.688040167093276978e-02,0.000000000000000000e+00,1.000000000000000000e+00,4.047258198261260986e-01,-6.424643993377685547e-01,1.097323060035705566e+00,-1.488169729709625244e-01,1.559971421957015991e-01,9.689575433731079102e-02,1.000000000000000000e+00,1.088944315910339355e+00,-6.108214855194091797e-01,8.030877709388732910e-01,1.035017490386962891e+00,-3.919290602207183838e-01,3.087512552738189697e-01,1.000000000000000000e+00,2.751942873001098633e+00,-6.897779703140258789e-01,8.888690471649169922e-01,-6.622086167335510254e-01,-5.092055350542068481e-02,9.540698677301406860e-02,1.000000000000000000e+00,1.964624404907226562e+00,-4.045238494873046875e-01,8.011614084243774414e-01,-3.398375213146209717e-01,-1.252972245216369629e+00,1.590166538953781128e-01,1.000000000000000000e+00,1.000000000000000000e+00,0.000000000000000000e+00,0.000000000000000000e+00,1.000000000000000000e+00,2.751942873001098633e+00,-6.897779703140258789e-01,8.888690471649169922e-01,-6.622086167335510254e-01,-5.092055350542068481e-02,9.540698677301406860e-02,-2.014473780349163717e-02,-2.285236791590761207e-02,5.540763766924156758e-04,1.000000000000000000e+00,1.964624404907226562e+00,-4.045238494873046875e-01,8.011614084243774414e-01,-3.398375213146209717e-01,-1.252972245216369629e+00,1.590166538953781128e-01,-5.420759521994166635e-02,-3.679795733376445277e-02,6.249084719962237633e-03,1.000000000000000000e+00,4.603244364261627197e-03,-1.421356201171875000e-02,-1.000000014901161194e-01,4.249505102634429932e-01,-2.000000029802322388e-01,-1.576546877622604370e-01,-1.000000014901161194e-01,3.415998518466949463e-01,-2.629280090332031250e-02,-2.408409118652343750e-02,6.332397460937500000e-04,4.016373455524444580e-01,-2.000000029802322388e-01,-1.120741367340087891e-01,4.542899131774902344e-02,4.656995832920074463e-01
1.439999999999999947e+00,4.016371965408325195e-01,-6.392926573753356934e-01,1.099292039871215820e+00,-1.610353589057922363e-01,1.615449786186218262e-01,1.004941090941429138e-01,9.928715229034423828e-01,1.013937816023826599e-01,-6.265436112880706787e-02,-9.964270144701004028e-02,9.945565462112426758e-01,3.047581389546394348e-02,6.540335714817047119e-02,-2.401551604270935059e-02,9.975699186325073242e-01,2.297555357217788696e-01,3.917338252067565918e-01,7.086775265634059906e-03,1.000000000000000000e+00,0.000000000000000000e+00,4.016371965408325195e-01,-6.392926573753356934e-01,1.099292039871215820e+00,-1.610353589057922363e-01,1.615449786186218262e-01,1.004941090941429138e-01,1.000000000000000000e+00,1.109419584274291992e+00,-6.183080673217773438e-01,8.090444207191467285e-01,1.009950160980224609e+00,-3.529642522335052490e-01,2.837619185447692871e-01,1.000000000000000000e+00,2.738703489303588867e+00,-6.907567977905273438e-01,8.907813429832458496e-01,-6.616616249084472656e-01,-4.648681730031967163e-02,9.586825966835021973e-02,1.000000000000000000e+00,1.957765817642211914e+00,-4.293692111968994141e-01,8.046978712081909180e-01,-3.471410870552062988e-01,-1.228336334228515625e+00,1.979530751705169678e-01,1.000000000000000000e+00,1.000000000000000000e+00,0.000000000000000000e+00,0.000000000000000000e+00,1.000000000000000000e+00,1.109419584274291992e+00,-6.183080673217773438e-01,8.090444207191467285e-01,1.009950160980224609e+00,-3.529642522335052490e-01,2.837619185447692871e-01,9.869414567947387695e-01,1.257776767015457153e-01,-1.006303727626800537e-01,-1.032706871628761292e-01,9.735170006752014160e-01,2.039601951837539673e-01,1.236190199851989746e-01,-1.909046024084091187e-01,9.737934470176696777e-01,-4.500424116849899292e-02,-2.590299844741821289e-01,-4.086250811815261841e-02,0.000000000000000000e+00,1.000000000000000000e+00,4.016371965408325195e-01,-6.392926573753356934e-01,1.099292039871215820e+00,-1.610353589057922363e-01,1.615449786186218262e-01,1.004941090941429138e-01,1.000000000000000000e+00,1.109419584274291992e+00,-6.183080673217773438e-01,8.090444207191467285e-01,1.009950160980224609e+00,-3.529642522335052490e-01,2.837619185447692871e-01,1.000000000000000000e+00,2.738703489303588867e+00,-6.907567977905273438e-01,8.907813429832458496e-01,-6.616616249084472656e-01,-4.648681730031967163e-02,9.586825966835021973e-02,1.000000000000000000e+00,1.957765817642211914e+00,-4.293692111968994141e-01,8.046978712081909180e-01,-3.471410870552062988e-01,-1.228336334228515625e+00,1.979530751705169678e-01,1.000000000000000000e+00,1.000000000000000000e+00,0.000000000000000000e+00,0.000000000000000000e+00,1.000000000000000000e+00,2.738703489303588867e+00,-6.907567977905273438e-01,8.907813429832458496e-01,-6.616616249084472656e-01,-4.648681730031967163e-02,9.586825966835021973e-02,-2.105170517475562011e-02,-2.302216710300930558e-02,5.752698810667089546e-04,1.000000000000000000e+00,1.957765817642211914e+00,-4.293692111968994141e-01,8.046978712081909180e-01,-3.471410870552062988e-01,-1.228336334228515625e+00,1.979530751705169678e-01,-7.522429593548955740e-02,-4.715454424067377914e-02,1.024620633514740364e-02,1.000000000000000000e+00,6.049123592674732208e-03,-5.610813386738300323e-03,-1.000000014901161194e-01,4.252200722694396973e-01,-2.000000029802322388e-01,-1.600104570388793945e-01,-1.000000014901161194e-01,3.441562056541442871e-01,-2.612185478210449219e-02,-2.417254447937011719e-02,6.315708160400390625e-04,4.017130434513092041e-01,-2.000000029802322388e-01,-1.181228160858154297e-01,5.544590950012207031e-02,4.500578045845031738e-01
1.459999999999999964e+00,3.983174264430999756e-01,-6.360199451446533203e-01,1.101339459419250488e+00,-1.717522591352462769e-01,1.659914404153823853e-01,1.047751680016517639e-01,9.933586716651916504e-01,1.010035499930381775e-01,-5.510875955224037170e-02,-9.973417967557907104e-02,9.946918487548828125e-01,2.532448060810565948e-02,5.737409368157386780e-02,-1.966006495058536530e-02,9.981592297554016113e-01,2.044279724359512329e-01,4.111020863056182861e-01,6.135915871709585190e-03,1.000000000000000000e+00,0.000000000000000000e+00,3.983174264430999756e-01,-6.360199451446533203e-01,1.101339459419250488e+00,-1.717522591352462769e-01,1.659914404153823853e-01,1.047751680016517639e-01,1.000000000000000000e+00,1.129390239715576172e+00,-6.250221133232116699e-01,8.144699931144714355e-01,9.845175743103027344e-01,-3.147209882736206055e-01,2.555526196956634521e-01,1.000000000000000000e+00,2.725474834442138672e+00,-6.916456818580627441e-01,8.927028179168701172e-01,-6.611517071723937988e-01,-4.192125424742698669e-02,9.632733464241027832e-02,1.000000000000000000e+00,1.950740456581115723e+00,-4.536843001842498779e-01,8.089784979820251465e-01,-3.567269742488861084e-01,-1.199769258499145508e+00,2.327963858842849731e-01,1.000000000000000000e+00,1.000000000000000000e+00,0.000000000000000000e+00,0.000000000000000000e+00,1.000000000000000000e+00,1.129390239715576172e+00,-6.250221133232116699e-01,8.144699931144714355e-01,9.845175743103027344e-01,-3.147209882736206055e-01,2.555526196956634521e-01,9.863296747207641602e-01,1.266278177499771118e-01,-1.054472401738166809e-01,-1.030029729008674622e-01,9.732652306556701660e-01,2.052928209304809570e-01,1.286239176988601685e-01,-1.916250288486480713e-01,9.730034470558166504e-01,-3.852644935250282288e-02,-2.386994808912277222e-01,-3.578845784068107605e-02,0.000000000000000000e+00,1.000000000000000000e+00,3.983174264430999756e-01,-6.360199451446533203e-01,1.101339459419250488e+00,-1.717522591352462769e-01,1.659914404153823853e-01,1.047751680016517639e-01,1.000000000000000000e+00,1.129390239715576172e+00,-6.250221133232116699e-01,8.144699931144714355e-01,9.845175743103027344e-01,-3.147209882736206055e-01,2.555526196956634521e-01,1.000000000000000000e+00,2.725474834442138672e+00,-6.916456818580627441e-01,8.927028179168701172e-01,-6.611517071723937988e-01,-4.192125424742698669e-02,9.632733464241027832e-02,1.000000000000000000e+00,1.950740456581115723e+00,-4.536843001842498779e-01,8.089784979820251465e-01,-3.567269742488861084e-01,-1.199769258499145508e+00,2.327963858842849731e-01,1.000000000000000000e+00,1.000000000000000000e+00,0.000000000000000000e+00,0.000000000000000000e+00,1.000000000000000000e+00,2.725474834442138672e+00,-6.916456818580627441e-01,8.927028179168701172e-01,-6.611517071723937988e-01,-4.192125424742698669e-02,9.632733464241027832e-02,-2.181470267894133203e-02,-2.318266431458937404e-02,5.923457114619442437e-04,1.000000000000000000e+00,1.950740456581115723e+00,-4.536843001842498779e-01,8.089784979820251465e-01,-3.567269742488861084e-01,-1.199769258499145508e+00,2.327963858842849731e-01,-9.215597727020016783e-02,-5.717363623803262129e-02,1.542693989630201240e-02,1.000000000000000000e+00,5.219622049480676651e-03,2.814409090206027031e-03,-1.000000014901161194e-01,4.246272146701812744e-01,-2.000000029802322388e-01,-1.616306304931640625e-01,-1.000000014901161194e-01,3.511751294136047363e-01,-2.584218978881835938e-02,-2.423691749572753906e-02,6.263256072998046875e-04,4.018249511718750000e-01,-2.000000029802322388e-01,-1.222870349884033203e-01,6.633448600769042969e-02,4.326613843441009521e-01
1.479999999999999982e+00,3.947976827621459961e-01,-6.326676011085510254e-01,1.103477478027343750e+00,-1.808665990829467773e-01,1.694252640008926392e-01,1.095844507217407227e-01,9.937918186187744141e-01,1.006930544972419739e-01,-4.731722921133041382e-02,-9.980855137109756470e-02,9.947913289070129395e-01,2.070413343608379364e-02,4.915552586317062378e-02,-1.585293374955654144e-02,9.986653923988342285e-01,1.732549518346786499e-01,4.094691574573516846e-01,5.292239133268594742e-03,1.000000000000000000e+00,0.000000000000000000e+00,3.947976827621459961e-01,-6.326676011085510254e-01,1.103477478027343750e+00,-1.808665990829467773e-01,1.694252640008926392e-01,1.095844507217407227e-01,1.000000000000000000e+00,1.148848652839660645e+00,-6.309759616851806641e-01,8.193128705024719238e-01,9.586696624755859375e-01,-2.769352793693542480e-01,2.255694866180419922e-01,1.000000000000000000e+00,2.712255954742431641e+00,-6.924422979354858398e-01,8.946335315704345703e-01,-6.606766581535339355e-01,-3.725292161107063293e-02,9.679255634546279907e-02,1.000000000000000000e+00,1.943504333496093750e+00,-4.774006605148315430e-01,8.139095902442932129e-01,-3.683622479438781738e-01,-1.168309569358825684e+00,2.622606456279754639e-01,1.000000000000000000e+00,1.000000000000000000e+00,0.000000000000000000e+00,0.000000000000000000e+00,1.000000000000000000e+00,1.148848652839660645e+00,-6.309759616851806641e-01,8.193128705024719238e-01,9.586696624755859375e-01,-2.769352793693542480e-01,2.255694866180419922e-01,9.857484698295593262e-01,1.273711770772933960e-01,-1.098930388689041138e-01,-1.027129963040351868e-01,9.730479121208190918e-01,2.064650803804397583e-01,1.332288831472396851e-01,-1.922351866960525513e-01,9.722631573677062988e-01,-3.286593779921531677e-02,-2.193879932165145874e-01,-3.111031278967857361e-02,0.000000000000000000e+00,1.000000000000000000e+00,3.947976827621459961e-01,-6.326676011085510254e-01,1.103477478027343750e+00,-1.808665990829467773e-01,1.694252640008926392e-01,1.095844507217407227e-01,1.000000000000000000e+00,1.148848652839660645e+00,-6.309759616851806641e-01,8.193128705024719238e-01,9.586696624755859375e-01,-2.769352793693542480e-01,2.255694866180419922e-01,1.000000000000000000e+00,2.712255954742431641e+00,-6.924422979354858398e-01,8.946335315704345703e-01,-6.606766581535339355e-01,-3.725292161107063293e-02,9.679255634546279907e-02,1.000000000000000000e+00,1.943504333496093750e+00,-4.774006605148315430e-01,8.139095902442932129e-01,-3.683622479438781738e-01,-1.168309569358825684e+00,2.622606456279754639e-01,1.000000000000000000e+00,1.000000000000000000e+00,0.000000000000000000e+00,0.000000000000000000e+00,1.000000000000000000e+00,2.712255954742431641e+00,-6.924422979354858398e-01,8.946335315704345703e-01,-6.606766581535339355e-01,-3.725292161107063293e-02,9.679255634546279907e-02,-2.243525773701595533e-02,-2.333135627886773200e-02,6.053080534461508649e-04,1.000000000000000000e+00,1.943504333496093750e+00,-4.774006605148315430e-01,8.139095902442932129e-01,-3.683622479438781738e-01,-1.168309569358825684e+00,2.622606456279754639e-01,-1.069574595001283879e-01,-6.656674179510657652e-02,2.174299227422180070e-02,1.000000000000000000e+00,2.945991000160574913e-03,1.178438030183315277e-02,-1.000000014901161194e-01,4.220643937587738037e-01,-2.000000029802322388e-01,-1.626299470663070679e-01,-1.000000014901161194e-01,3.616127967834472656e-01,-2.548122406005859375e-02,-2.427816390991210938e-02,6.186962127685546875e-04,4.019663035869598389e-01,-2.000000029802322388e-01,-1.238839626312255859e-01,7.769870758056640625e-02,4.146218299865722656e-01
1.500000000000000000e+00,3.911102712154388428e-01,-6.292549371719360352e-01,1.105714559555053711e+00,-1.883542537689208984e-01,1.719672232866287231e-01,1.146470680832862854e-01,9.941537380218505859e-01,1.004606485366821289e-01,-3.957308456301689148e-02,-9.986378252506256104e-02,9.948595166206359863e-01,1.678616181015968323e-02,4.105601087212562561e-02,-1.273610722273588181e-02,9.990756511688232422e-01,1.339142322540283203e-01,4.011463820934295654e-01,4.438584670424461365e-03,1.000000000000000000e+00,0.000000000000000000e+00,3.911102712154388428e-01,-6.292549371719360352e-01,1.105714559555053711e+00,-1.883542537689208984e-01,1.719672232866287231e-01,1.146470680832862854e-01,1.000000000000000000e+00,1.167785763740539551e+00,-6.361761093139648438e-01,8.235510587692260742e-01,9.323227405548095703e-01,-2.393235117197036743e-01,1.952990293502807617e-01,1.000000000000000000e+00,2.699046373367309570e+00,-6.931447982788085938e-01,8.965736627578735352e-01,-6.602337956428527832e-01,-3.251001238822937012e-02,9.727407991886138916e-02,1.000000000000000000e+00,1.936019182205200195e+00,-5.004671812057495117e-01,8.193737864494323730e-01,-3.817386329174041748e-01,-1.134671330451965332e+00,2.853171825408935547e-01,1.000000000000000000e+00,1.000000000000000000e+00,0.000000000000000000e+00,0.000000000000000000e+00,1.000000000000000000e+00,1.167785763740539551e+00,-6.361761093139648438e-01,8.235510587692260742e-01,9.323227405548095703e-01,-2.393235117197036743e-01,1.952990293502807617e-01,9.852049946784973145e-01,1.280127018690109253e-01,-1.139474958181381226e-01,-1.024108082056045532e-01,9.728617072105407715e-01,2.074904441833496094e-01,1.374165564775466919e-01,-1.927511394023895264e-01,9.715780019760131836e-01,-2.792787365615367889e-02,-1.973283290863037109e-01,-2.649611048400402069e-02,0.000000000000000000e+00,1.000000000000000000e+00,3.911102712154388428e-01,-6.292549371719360352e-01,1.105714559555053711e+00,-1.883542537689208984e-01,1.719672232866287231e-01,1.146470680832862854e-01,1.000000000000000000e+00,1.167785763740539551e+00,-6.361761093139648438e-01,8.235510587692260742e-01,9.323227405548095703e-01,-2.393235117197036743e-01,1.952990293502807617e-01,1.000000000000000000e+00,2.699046373367309570e+00,-6.931447982788085938e-01,8.965736627578735352e-01,-6.602337956428527832e-01,-3.251001238822937012e-02,9.727407991886138916e-02,1.000000000000000000e+00,1.936019182205200195e+00,-5.004671812057495117e-01,8.193737864494323730e-01,-3.817386329174041748e-01,-1.134671330451965332e+00,2.853171825408935547e-01,1.000000000000000000e+00,1.000000000000000000e+00,0.000000000000000000e+00,0.000000000000000000e+00,1.000000000000000000e+00,2.699046373367309570e+00,-6.931447982788085938e-01,8.965736627578735352e-01,-6.602337956428527832e-01,-3.251001238822937012e-02,9.727407991886138916e-02,-2.291816418640204092e-02,-2.346645712811779028e-02,6.142460089436779791e-04,1.000000000000000000e+00,1.936019182205200195e+00,-5.004671812057495117e-01,8.193737864494323730e-01,-3.817386329174041748e-01,-1.134671330451965332e+00,2.853171825408935547e-01,-1.202896185582406352e-01,-7.505979511908633661e-02,2.914077566048822038e-02,1.000000000000000000e+00,-1.267939078388735652e-04,2.102235704660415649e-02,-1.000000014901161194e-01,4.185846745967864990e-01,-2.000000029802322388e-01,-1.632894128561019897e-01,-1.000000014901161194e-01,3.745965957641601562e-01,-2.506566047668457031e-02,-2.430081367492675781e-02,6.091594696044921875e-04,4.021252989768981934e-01,-2.000000029802322388e-01,-1.221711635589599609e-01,8.868288993835449219e-02,3.969328999519348145e-01
1.520000000000000018e+00,3.872876465320587158e-01,-6.257983446121215820e-01,1.108052253723144531e+00,-1.942225694656372070e-01,1.737728863954544067e-01,1.195584163069725037e-01,9.944482445716857910e-01,1.002935096621513367e-01,-3.184644505381584167e-02,-9.990013390779495239e-02,9.949030876159667969e-01,1.371625810861587524e-02,3.305977210402488708e-02,-1.045864261686801910e-02,9.993988275527954102e-01,8.945710957050323486e-02,4.016244113445281982e-01,4.108808003365993500e-03,1.000000000000000000e+00,0.000000000000000000e+00,3.872876465320587158e-01,-6.257983446121215820e-01,1.108052253723144531e+00,-1.942225694656372070e-01,1.737728863954544067e-01,1.195584163069725037e-01,1.000000000000000000e+00,1.186190843582153320e+00,-6.406236290931701660e-01,8.271911144256591797e-01,9.054008126258850098e-01,-2.016315162181854248e-01,1.660546213388442993e-01,1.000000000000000000e+00,2.685845613479614258e+00,-6.937519907951354980e-01,8.985236883163452148e-01,-6.598204374313354492e-01,-2.771920524537563324e-02,9.778225421905517578e-02,1.000000000000000000e+00,1.928253412246704102e+00,-5.228459239006042480e-01,8.252360224723815918e-01,-3.964991867542266846e-01,-1.099488258361816406e+00,3.012776970863342285e-01,1.000000000000000000e+00,1.000000000000000000e+00,0.000000000000000000e+00,0.000000000000000000e+00,1.000000000000000000e+00,1.186190843582153320e+00,-6.406236290931701660e-01,8.271911144256591797e-01,9.054008126258850098e-01,-2.016315162181854248e-01,1.660546213388442993e-01,9.847104549407958984e-01,1.285563558340072632e-01,-1.175533458590507507e-01,-1.021130830049514771e-01,9.727035760879516602e-01,2.083768844604492188e-01,1.411327123641967773e-01,-1.931871473789215088e-01,9.709585309028625488e-01,-2.369861118495464325e-02,-1.729011684656143188e-01,-2.212001010775566101e-02,0.000000000000000000e+00,1.000000000000000000e+00,3.872876465320587158e-01,-6.257983446121215820e-01,1.108052253723144531e+00,-1.942225694656372070e-01,1.737728863954544067e-01,1.195584163069725037e-01,1.000000000000000000e+00,1.186190843582153320e+00,-6.406236290931701660e-01,8.271911144256591797e-01,9.054008126258850098e-01,-2.016315162181854248e-01,1.660546213388442993e-01,1.000000000000000000e+00,2.685845613479614258e+00,-6.937519907951354980e-01,8.985236883163452148e-01,-6.598204374313354492e-01,-2.771920524537563324e-02,9.778225421905517578e-02,1.000000000000000000e+00,1.928253412246704102e+00,-5.228459239006042480e-01,8.252360224723815918e-01,-3.964991867542266846e-01,-1.099488258361816406e+00,3.012776970863342285e-01,1.000000000000000000e+00,1.000000000000000000e+00,0.000000000000000000e+00,0.000000000000000000e+00,1.000000000000000000e+00,2.685845613479614258e+00,-6.937519907951354980e-01,8.985236883163452148e-01,-6.598204374313354492e-01,-2.771920524537563324e-02,9.778225421905517578e-02,-2.327224662089292379e-02,-2.358680691212988734e-02,6.193388556928018651e-04,1.000000000000000000e+00,1.928253412246704102e+00,-5.228459239006042480e-01,8.252360224723815918e-01,-3.964991867542266846e-01,-1.099488258361816406e+00,3.012776970863342285e-01,-1.319984295186369949e-01,-8.238854854222443791e-02,3.751639524040221996e-02,1.000000000000000000e+00,-2.948299050331115723e-03,2.935889363288879395e-02,-1.000000014901161194e-01,4.149714112281799316e-01,-1.999999880790710449e-01,-1.642223596572875977e-01,-1.000000014901161194e-01,3.851925730705261230e-01,-2.462315559387207031e-02,-2.430939674377441406e-02,5.986690521240234375e-04,4.022848904132843018e-01,-2.000000029802322388e-01,-1.166107654571533203e-01,9.798932075500488281e-02,3.804171383380889893e-01
1.540000000000000036e+00,3.833623528480529785e-01,-6.223108172416687012e-01,1.110483884811401367e+00,-1.984604299068450928e-01,1.750185489654541016e-01,1.239185407757759094e-01,9.946824908256530762e-01,1.001702770590782166e-01,-2.393692173063755035e-02,-9.991832822561264038e-02,9.949293136596679688e-01,1.150219980627298355e-02,2.496772073209285736e-02,-9.049297310411930084e-03,9.996474385261535645e-01,4.908289387822151184e-02,4.094773828983306885e-01,4.161880351603031158e-03,1.000000000000000000e+00,0.000000000000000000e+00,3.833623528480529785e-01,-6.223108172416687012e-01,1.110483884811401367e+00,-1.984604299068450928e-01,1.750185489654541016e-01,1.239185407757759094e-01,1.000000000000000000e+00,1.204052090644836426e+00,-6.443153023719787598e-01,8.302628397941589355e-01,8.778665065765380859e-01,-1.636792570352554321e-01,1.387794464826583862e-01,1.000000000000000000e+00,2.672652721405029297e+00,-6.942631006240844727e-01,9.004842042922973633e-01,-6.594336628913879395e-01,-2.290491946041584015e-02,9.832629561424255371e-02,1.000000000000000000e+00,1.920182943344116211e+00,-5.445117354393005371e-01,8.313509821891784668e-01,-4.122523963451385498e-01,-1.063373088836669922e+00,3.098242282867431641e-01,1.000000000000000000e+00,1.000000000000000000e+00,0.000000000000000000e+00,0.000000000000000000e+00,1.000000000000000000e+00,1.204052090644836426e+00,-6.443153023719787598e-01,8.302628397941589355e-01,8.778665065765380859e-01,-1.636792570352554321e-01,1.387794464826583862e-01,9.842714667320251465e-01,1.290111988782882690e-01,-1.206894665956497192e-01,-1.018334627151489258e-01,9.725697040557861328e-01,2.091368734836578369e-01,1.443599015474319458e-01,-1.935572028160095215e-01,9.704101681709289551e-01,-2.020062878727912903e-02,-1.497958898544311523e-01,-1.834051683545112610e-02,0.000000000000000000e+00,1.000000000000000000e+00,3.833623528480529785e-01,-6.223108172416687012e-01,1.110483884811401367e+00,-1.984604299068450928e-01,1.750185489654541016e-01,1.239185407757759094e-01,1.000000000000000000e+00,1.204052090644836426e+00,-6.443153023719787598e-01,8.302628397941589355e-01,8.778665065765380859e-01,-1.636792570352554321e-01,1.387794464826583862e-01,1.000000000000000000e+00,2.672652721405029297e+00,-6.942631006240844727e-01,9.004842042922973633e-01,-6.594336628913879395e-01,-2.290491946041584015e-02,9.832629561424255371e-02,1.000000000000000000e+00,1.920182943344116211e+00,-5.445117354393005371e-01,8.313509821891784668e-01,-4.122523963451385498e-01,-1.063373088836669922e+00,3.098242282867431641e-01,1.000000000000000000e+00,1.000000000000000000e+00,0.000000000000000000e+00,0.000000000000000000e+00,1.000000000000000000e+00,2.672652721405029297e+00,-6.942631006240844727e-01,9.004842042922973633e-01,-6.594336628913879395e-01,-2.290491946041584015e-02,9.832629561424255371e-02,-2.350994222063436390e-02,-2.369189448814745802e-02,6.208718355278659146e-04,1.000000000000000000e+00,1.920182943344116211e+00,-5.445117354393005371e-01,8.313509821891784668e-01,-4.122523963451385498e-01,-1.063373088836669922e+00,3.098242282867431641e-01,-1.419606851803079384e-01,-8.823405356025704194e-02,4.665569455739163734e-02,1.000000000000000000e+00,-5.007574334740638733e-03,3.506524860858917236e-02,-1.000000014901161194e-01,4.120635092258453369e-01,-2.000000029802322388e-01,-1.647314131259918213e-01,-1.000000014901161194e-01,3.950867652893066406e-01,-2.418160438537597656e-02,-2.430891990661621094e-02,5.879402160644531250e-04,4.024293422698974609e-01,-2.000000029802322388e-01,-1.071360111236572266e-01,1.000000014901161194e-01,3.657710254192352295e-01
1.560000000000000053e+00,3.793672025203704834e-01,-6.188023090362548828e-01,1.112995624542236328e+00,-2.010417878627777100e-01,1.758672446012496948e-01,1.274534910917282104e-01,9.948539733886718750e-01,1.000716835260391235e-01,-1.585770584642887115e-02,-9.992186725139617920e-02,9.949454069137573242e-01,9.975473396480083466e-03,1.677581109106540680e-02,-8.339607156813144684e-03,9.998245835304260254e-01,2.162943407893180847e-02,4.068186581134796143e-01,4.205451812595129013e-03,1.000000000000000000e+00,0.000000000000000000e+00,3.793672025203704834e-01,-6.188023090362548828e-01,1.112995624542236328e+00,-2.010417878627777100e-01,1.758672446012496948e-01,1.274534910917282104e-01,1.000000000000000000e+00,1.221357226371765137e+00,-6.472447514533996582e-01,8.328112959861755371e-01,8.497165441513061523e-01,-1.253589987754821777e-01,1.140587180852890015e-01,1.000000000000000000e+00,2.659467458724975586e+00,-6.946778297424316406e-01,9.024559259414672852e-01,-6.590702533721923828e-01,-1.808877103030681610e-02,9.891271591186523438e-02,1.000000000000000000e+00,1.911791443824768066e+00,-5.654507875442504883e-01,8.375701308250427246e-01,-4.285752475261688232e-01,-1.026843190193176270e+00,3.109891116619110107e-01,1.000000000000000000e+00,1.000000000000000000e+00,0.000000000000000000e+00,0.000000000000000000e+00,1.000000000000000000e+00,1.221357226371765137e+00,-6.472447514533996582e-01,8.328112959861755371e-01,8.497165441513061523e-01,-1.253589987754821777e-01,1.140587180852890015e-01,9.838839769363403320e-01,1.293879896402359009e-01,-1.234147697687149048e-01,-1.015698537230491638e-01,9.724565148353576660e-01,2.097904533147811890e-01,1.471598595380783081e-01,-1.938742250204086304e-01,9.699262380599975586e-01,-1.732693612575531006e-02,-1.309450417757034302e-01,-1.493056863546371460e-02,0.000000000000000000e+00,1.000000000000000000e+00,3.793672025203704834e-01,-6.188023090362548828e-01,1.112995624542236328e+00,-2.010417878627777100e-01,1.758672446012496948e-01,1.274534910917282104e-01,1.000000000000000000e+00,1.221357226371765137e+00,-6.472447514533996582e-01,8.328112959861755371e-01,8.497165441513061523e-01,-1.253589987754821777e-01,1.140587180852890015e-01,1.000000000000000000e+00,2.659467458724975586e+00,-6.946778297424316406e-01,9.024559259414672852e-01,-6.590702533721923828e-01,-1.808877103030681610e-02,9.891271591186523438e-02,1.000000000000000000e+00,1.911791443824768066e+00,-5.654507875442504883e-01,8.375701308250427246e-01,-4.285752475261688232e-01,-1.026843190193176270e+00,3.109891116619110107e-01,1.000000000000000000e+00,1.000000000000000000e+00,0.000000000000000000e+00,0.000000000000000000e+00,1.000000000000000000e+00,2.659467458724975586e+00,-6.946778297424316406e-01,9.024559259414672852e-01,-6.590702533721923828e-01,-1.808877103030681610e-02,9.891271591186523438e-02,-2.364619110017253389e-02,-2.378200189500456752e-02,6.192460115064368081e-04,1.000000000000000000e+00,1.911791443824768066e+00,-5.654507875442504883e-01,8.375701308250427246e-01,-4.285752475261688232e-01,-1.026843190193176270e+00,3.109891116619110107e-01,-1.503771965409320399e-01,-9.223266886567005329e-02,5.602709097152818590e-02,1.000000000000000000e+00,-6.807032972574234009e-03,4.136433824896812439e-02,-1.000000014901161194e-01,4.098557233810424805e-01,-1.999999880790710449e-01,-1.649183481931686401e-01,-1.000000014901161194e-01,4.049751758575439453e-01,-2.376651763916015625e-02,-2.430272102355957031e-02,5.776882171630859375e-04,4.025489985942840576e-01,-2.000000029802322388e-01,-9.427618980407714844e-02,1.000000014901161194e-01,3.536311089992523193e-01
1.580000000000000071e+00,3.753352165222167969e-01,-6.152793765068054199e-01,1.115569472312927246e+00,-2.019848674535751343e-01,1.764391660690307617e-01,1.300520151853561401e-01,9.949575066566467285e-01,9.998323023319244385e-02,-7.936827838420867920e-03,-9.991218149662017822e-02,9.949565529823303223e-01,8.894028142094612122e-03,8.786052465438842773e-03,-8.056193590164184570e-03,9.999290108680725098e-01,6.758745294064283371e-03,3.895047008991241455e-01,4.245453048497438431e-03,1.000000000000000000e+00,0.000000000000000000e+00,3.753352165222167969e-01,-6.152793765068054199e-01,1.115569472312927246e+00,-2.019848674535751343e-01,1.764391660690307617e-01,1.300520151853561401e-01,1.000000000000000000e+00,1.238093733787536621e+00,-6.494038701057434082e-01,8.348914384841918945e-01,8.209526538848876953e-01,-8.659400045871734619e-02,9.231253713369369507e-02,1.000000000000000000e+00,2.646289110183715820e+00,-6.949963569641113281e-01,9.044397473335266113e-01,-6.587273478507995605e-01,-1.328920479863882065e-02,9.954464435577392578e-02,1.000000000000000000e+00,1.903071761131286621e+00,-5.856581926345825195e-01,8.437484502792358398e-01,-4.450184106826782227e-01,-9.902465343475341797e-01,3.051293790340423584e-01,1.000000000000000000e+00,1.000000000000000000e+00,0.000000000000000000e+00,0.000000000000000000e+00,1.000000000000000000e+00,1.238093733787536621e+00,-6.494038701057434082e-01,8.348914384841918945e-01,8.209526538848876953e-01,-8.659400045871734619e-02,9.231253713369369507e-02,9.835407137870788574e-01,1.296940147876739502e-01,-1.258066147565841675e-01,-1.013126820325851440e-01,9.723610281944274902e-01,2.103566527366638184e-01,1.496114283800125122e-01,-1.941485106945037842e-01,9.694962501525878906e-01,-1.490905415266752243e-02,-1.152357831597328186e-01,-1.178272254765033722e-02,0.000000000000000000e+00,1.000000000000000000e+00,3.753352165222167969e-01,-6.152793765068054199e-01,1.115569472312927246e+00,-2.019848674535751343e-01,1.764391660690307617e-01,1.300520151853561401e-01,1.000000000000000000e+00,1.238093733787536621e+00,-6.494038701057434082e-01,8.348914384841918945e-01,8.209526538848876953e-01,-8.659400045871734619e-02,9.231253713369369507e-02,1.000000000000000000e+00,2.646289110183715820e+00,-6.949963569641113281e-01,9.044397473335266113e-01,-6.587273478507995605e-01,-1.328920479863882065e-02,9.954464435577392578e-02,1.000000000000000000e+00,1.903071761131286621e+00,-5.856581926345825195e-01,8.437484502792358398e-01,-4.450184106826782227e-01,-9.902465343475341797e-01,3.051293790340423584e-01,1.000000000000000000e+00,1.000000000000000000e+00,0.000000000000000000e+00,0.000000000000000000e+00,1.000000000000000000e+00,2.646289110183715820e+00,-6.949963569641113281e-01,9.044397473335266113e-01,-6.587273478507995605e-01,-1.328920479863882065e-02,9.954464435577392578e-02,-2.369755181155212137e-02,-2.385810510813235474e-02,6.149599008015028262e-04,1.000000000000000000e+00,1.903071761131286621e+00,-5.856581926345825195e-01,8.437484502792358398e-01,-4.450184106826782227e-01,-9.902465343475341797e-01,3.051293790340423584e-01,-1.576222029657464996e-01,-9.401048565499614540e-02,6.492775079906160096e-02,1.000000000000000000e+00,-8.125598542392253876e-03,4.855524003505706787e-02,-1.000000014901161194e-01,4.092717766761779785e-01,-2.000000029802322388e-01,-1.644982248544692993e-01,-1.000000014901161194e-01,4.144598543643951416e-01,-2.339363098144531250e-02,-2.429175376892089844e-02,5.683898925781250000e-04,4.026407599449157715e-01,-2.000000029802322388e-01,-7.905459403991699219e-02,1.000000014901161194e-01,3.446244597434997559e-01
1.600000000000000089e+00,3.712985813617706299e-01,-6.117469668388366699e-01,1.118187427520751953e+00,-2.013699859380722046e-01,1.768100559711456299e-01,1.317769289016723633e-01,9.949977397918701172e-01,9.989732503890991211e-02,-3.525209613144397736e-04,-9.989124536514282227e-02,9.949656128883361816e-01,8.076780475676059723e-03,1.157594961114227772e-03,-8.001164533197879791e-03,9.999673962593078613e-01,-1.499341102316975594e-03,3.738065659999847412e-01,4.275826737284660339e-03,1.000000000000000000e+00,0.000000000000000000e+00,3.712985813617706299e-01,-6.117469668388366699e-01,1.118187427520751953e+00,-2.013699859380722046e-01,1.768100559711456299e-01,1.317769289016723633e-01,1.000000000000000000e+00,1.254249334335327148e+00,-6.507833003997802734e-01,8.365657925605773926e-01,7.915792465209960938e-01,-4.732867330312728882e-02,7.384860515594482422e-02,1.000000000000000000e+00,2.633117437362670898e+00,-6.952192783355712891e-01,9.064366817474365234e-01,-6.584020853042602539e-01,-8.521267212927341461e-03,1.002218499779701233e-01,1.000000000000000000e+00,1.894025564193725586e+00,-6.051344275474548340e-01,8.497509360313415527e-01,-4.611315429210662842e-01,-9.537566900253295898e-01,2.929010391235351562e-01,1.000000000000000000e+00,1.000000000000000000e+00,0.000000000000000000e+00,0.000000000000000000e+00,1.000000000000000000e+00,1.254249334335327148e+00,-6.507833003997802734e-01,8.365657925605773926e-01,7.915792465209960938e-01,-4.732867330312728882e-02,7.384860515594482422e-02,9.832392334938049316e-01,1.299326121807098389e-01,-1.278999000787734985e-01,-1.010575741529464722e-01,9.722814559936523438e-01,2.108469307422637939e-01,1.517505794763565063e-01,-1.943877041339874268e-01,9.691157937049865723e-01,-1.281403936445713043e-02,-9.942196309566497803e-02,-8.630092255771160126e-03,0.000000000000000000e+00,1.000000000000000000e+00,3.712985813617706299e-01,-6.117469668388366699e-01,1.118187427520751953e+00,-2.013699859380722046e-01,1.768100559711456299e-01,1.317769289016723633e-01,1.000000000000000000e+00,1.254249334335327148e+00,-6.507833003997802734e-01,8.365657925605773926e-01,7.915792465209960938e-01,-4.732867330312728882e-02,7.384860515594482422e-02,1.000000000000000000e+00,2.633117437362670898e+00,-6.952192783355712891e-01,9.064366817474365234e-01,-6.584020853042602539e-01,-8.521267212927341461e-03,1.002218499779701233e-01,1.000000000000000000e+00,1.894025564193725586e+00,-6.051344275474548340e-01,8.497509360313415527e-01,-4.611315429210662842e-01,-9.537566900253295898e-01,2.929010391235351562e-01,1.000000000000000000e+00,1.000000000000000000e+00,0.000000000000000000e+00,0.000000000000000000e+00,1.000000000000000000e+00,2.633117437362670898e+00,-6.952192783355712891e-01,9.064366817474365234e-01,-6.584020853042602539e-01,-8.521267212927341461e-03,1.002218499779701233e-01,-2.368142008671630938e-02,-2.392170132224413770e-02,6.085859286818189745e-04,1.000000000000000000e+00,1.894025564193725586e+00,-6.051344275474548340e-01,8.497509360313415527e-01,-4.611315429210662842e-01,-9.537566900253295898e-01,2.929010391235351562e-01,-1.639745517106527828e-01,-9.333970902088517541e-02,7.289792148628196355e-02,1.000000000000000000e+00,-9.180516004562377930e-03,5.647061020135879517e-02,-1.000000014901161194e-01,4.097469449043273926e-01,-2.000000029802322388e-01,-1.634817272424697876e-01,-1.000000014901161194e-01,4.229492545127868652e-01,-2.306962013244628906e-02,-2.427649497985839844e-02,5.600452423095703125e-04,4.027079045772552490e-01,-2.000000029802322388e-01,-6.267905235290527344e-02,9.100604057312011719e-02,3.392932415008544922e-01
1.620000000000000107e+00,3.672876060009002686e-01,-6.082085371017456055e-01,1.120833396911621094e+00,-1.992788761854171753e-01,1.770266145467758179e-01,1.328447610139846802e-01,9.949814677238464355e-01,9.981109946966171265e-02,7.044988684356212616e-03,-9.986283630132675171e-02,9.949735403060913086e-01,7.419110275804996490e-03,-6.269067525863647461e-03,-8.085410110652446747e-03,9.999476671218872070e-01,-7.466013543307781219e-03,3.715003132820129395e-01,4.295710939913988113e-03,1.000000000000000000e+00,0.000000000000000000e+00,3.672876060009002686e-01,-6.082085371017456055e-01,1.120833396911621094e+00,-1.992788761854171753e-01,1.770266145467758179e-01,1.328447610139846802e-01,1.000000000000000000e+00,1.269812345504760742e+00,-6.513725519180297852e-01,8.379018902778625488e-01,7.616176605224609375e-01,-7.535093463957309723e-03,5.884222313761711121e-02,1.000000000000000000e+00,2.619951963424682617e+00,-6.953470706939697266e-01,9.084475636482238770e-01,-6.580919623374938965e-01,-3.796525532379746437e-03,1.009413897991180420e-01,1.000000000000000000e+00,1.884663105010986328e+00,-6.238822340965270996e-01,8.554579615592956543e-01,-4.765120148658752441e-01,-9.174213409423828125e-01,2.752227187156677246e-01,1.000000000000000000e+00,1.000000000000000000e+00,0.000000000000000000e+00,0.000000000000000000e+00,1.000000000000000000e+00,1.269812345504760742e+00,-6.513725519180297852e-01,8.379018902778625488e-01,7.616176605224609375e-01,-7.535093463957309723e-03,5.884222313761711121e-02,9.829856753349304199e-01,1.301025152206420898e-01,-1.296630352735519409e-01,-1.008099317550659180e-01,9.722165465354919434e-01,2.112637907266616821e-01,1.535464972257614136e-01,-1.945979446172714233e-01,9.687905907630920410e-01,-1.097485795617103577e-02,-8.054392039775848389e-02,-5.296527873724699020e-03,0.000000000000000000e+00,1.000000000000000000e+00,3.672876060009002686e-01,-6.082085371017456055e-01,1.120833396911621094e+00,-1.992788761854171753e-01,1.770266145467758179e-01,1.328447610139846802e-01,1.000000000000000000e+00,1.269812345504760742e+00,-6.513725519180297852e-01,8.379018902778625488e-01,7.616176605224609375e-01,-7.535093463957309723e-03,5.884222313761711121e-02,1.000000000000000000e+00,2.619951963424682617e+00,-6.953470706939697266e-01,9.084475636482238770e-01,-6.580919623374938965e-01,-3.796525532379746437e-03,1.009413897991180420e-01,1.000000000000000000e+00,1.884663105010986328e+00,-6.238822340965270996e-01,8.554579615592956543e-01,-4.765120148658752441e-01,-9.174213409423828125e-01,2.752227187156677246e-01,1.000000000000000000e+00,1.000000000000000000e+00,0.000000000000000000e+00,0.000000000000000000e+00,1.000000000000000000e+00,2.619951963424682617e+00,-6.953470706939697266e-01,9.084475636482238770e-01,-6.580919623374938965e-01,-3.796525532379746437e-03,1.009413897991180420e-01,-2.361505241135674130e-02,-2.397431527478821600e-02,6.007163189847772311e-04,1.000000000000000000e+00,1.884663105010986328e+00,-6.238822340965270996e-01,8.554579615592956543e-01,-4.765120148658752441e-01,-9.174213409423828125e-01,2.752227187156677246e-01,-1.695065528534852040e-01,-9.029735878195732646e-02,7.940525347916355114e-02,1.000000000000000000e+00,-1.121643465012311935e-02,6.536576896905899048e-02,-1.000000014901161194e-01,4.120198786258697510e-01,-2.000000029802322388e-01,-1.612306386232376099e-01,-1.000000014901161194e-01,4.305132925510406494e-01,-2.279710769653320312e-02,-2.425503730773925781e-02,5.528926849365234375e-04,4.027601778507232666e-01,-2.000000029802322388e-01,-4.617571830749511719e-02,7.503700256347656250e-02,3.380055427551269531e-01
1.640000000000000124e+00,3.633314967155456543e-01,-6.046669483184814453e-01,1.123497128486633301e+00,-1.957413852214813232e-01,1.771199554204940796e-01,1.335763931274414062e-01,9.949092268943786621e-01,9.972344338893890381e-02,1.452597044408321381e-02,-9.983111917972564697e-02,9.949806332588195801e-01,6.885077338665723801e-03,-1.376645453274250031e-02,-8.300170302391052246e-03,9.998708367347717285e-01,-1.592872291803359985e-02,3.814315795898437500e-01,4.319675266742706299e-03,1.000000000000000000e+00,0.000000000000000000e+00,3.633314967155456543e-01,-6.046669483184814453e-01,1.123497128486633301e+00,-1.957413852214813232e-01,1.771199554204940796e-01,1.335763931274414062e-01,1.000000000000000000e+00,1.284771084785461426e+00,-6.511613130569458008e-01,8.389694094657897949e-01,7.311192154884338379e-01,3.278562426567077637e-02,4.733984544873237610e-02,1.000000000000000000e+00,2.606793165206909180e+00,-6.953808069229125977e-01,9.104732275009155273e-01,-6.577945351600646973e-01,8.767761755734682083e-04,1.016988158226013184e-01,1.000000000000000000e+00,1.875002026557922363e+00,-6.419046521186828613e-01,8.607706427574157715e-01,-4.908333718776702881e-01,-8.812008500099182129e-01,2.532415688037872314e-01,1.000000000000000000e+00,1.000000000000000000e+00,0.000000000000000000e+00,0.000000000000000000e+00,1.000000000000000000e+00,1.284771084785461426e+00,-6.511613130569458008e-01,8.389694094657897949e-01,7.311192154884338379e-01,3.278562426567077637e-02,4.733984544873237610e-02,9.827937483787536621e-01,1.301958709955215454e-01,-1.310171484947204590e-01,-1.005788519978523254e-01,9.721664190292358398e-01,2.116042822599411011e-01,1.549204885959625244e-01,-1.947858184576034546e-01,9.685339927673339844e-01,-9.377609007060527802e-03,-5.645773187279701233e-02,-1.279220334254205227e-03,0.000000000000000000e+00,1.000000000000000000e+00,3.633314967155456543e-01,-6.046669483184814453e-01,1.123497128486633301e+00,-1.957413852214813232e-01,1.771199554204940796e-01,1.335763931274414062e-01,1.000000000000000000e+00,1.284771084785461426e+00,-6.511613130569458008e-01,8.389694094657897949e-01,7.311192154884338379e-01,3.278562426567077637e-02,4.733984544873237610e-02,1.000000000000000000e+00,2.606793165206909180e+00,-6.953808069229125977e-01,9.104732275009155273e-01,-6.577945351600646973e-01,8.767761755734682083e-04,1.016988158226013184e-01,1.000000000000000000e+00,1.875002026557922363e+00,-6.419046521186828613e-01,8.607706427574157715e-01,-4.908333718776702881e-01,-8.812008500099182129e-01,2.532415688037872314e-01,1.000000000000000000e+00,1.000000000000000000e+00,0.000000000000000000e+00,0.000000000000000000e+00,1.000000000000000000e+00,2.606793165206909180e+00,-6.953808069229125977e-01,9.104732275009155273e-01,-6.577945351600646973e-01,8.767761755734682083e-04,1.016988158226013184e-01,-2.351414318727144265e-02,-2.401712695199909042e-02,5.919200450268044533e-04,1.000000000000000000e+00,1.875002026557922363e+00,-6.419046521186828613e-01,8.607706427574157715e-01,-4.908333718776702881e-01,-8.812008500099182129e-01,2.532415688037872314e-01,-1.742184043039952390e-01,-8.515727299878572687e-02,8.363452682133601379e-02,1.000000000000000000e+00,-1.407015603035688400e-02,7.470814883708953857e-02,-1.000000014901161194e-01,4.152702987194061279e-01,-2.000000029802322388e-01,-1.580545157194137573e-01,-1.000000014901161194e-01,4.330514371395111084e-01,-2.257871627807617188e-02,-2.422356605529785156e-02,5.469322204589843750e-04,4.028120934963226318e-01,-2.000000029802322388e-01,-3.015780448913574219e-02,5.402946472167968750e-02,3.409424424171447754e-01
1.660000000000000142e+00,3.594592809677124023e-01,-6.011245846748352051e-01,1.126175284385681152e+00,-1.907298713922500610e-01,1.771234422922134399e-01,1.343565881252288818e-01,9.947751760482788086e-01,9.962680190801620483e-02,2.228954806923866272e-02,-9.979472309350967407e-02,9.949864745140075684e-01,6.549742072820663452e-03,-2.152526751160621643e-02,-8.739899843931198120e-03,9.997301101684570312e-01,-3.096851333975791931e-02,3.971218168735504150e-01,4.598041065037250519e-03,1.000000000000000000e+00,0.000000000000000000e+00,3.594592809677124023e-01,-6.011245846748352051e-01,1.126175284385681152e+00,-1.907298713922500610e-01,1.771234422922134399e-01,1.343565881252288818e-01,1.000000000000000000e+00,1.299115777015686035e+00,-6.501391530036926270e-01,8.398372530937194824e-01,7.001948356628417969e-01,7.357005774974822998e-02,3.911398351192474365e-02,1.000000000000000000e+00,2.593639850616455078e+00,-6.953215599060058594e-01,9.125142693519592285e-01,-6.575079560279846191e-01,5.493341479450464249e-03,1.024897694587707520e-01,1.000000000000000000e+00,1.865065932273864746e+00,-6.592028141021728516e-01,8.656141757965087891e-01,-5.038347244262695312e-01,-8.449935913085937500e-01,2.282326817512512207e-01,1.000000000000000000e+00,1.000000000000000000e+00,0.000000000000000000e+00,0.000000000000000000e+00,1.000000000000000000e+00,1.299115777015686035e+00,-6.501391530036926270e-01,8.398372530937194824e-01,7.001948356628417969e-01,7.357005774974822998e-02,3.911398351192474365e-02,9.826822280883789062e-01,1.301983743906021118e-01,-1.318487226963043213e-01,-1.003744974732398987e-01,9.721314907073974609e-01,2.118617296218872070e-01,1.557583510875701904e-01,-1.949585080146789551e-01,9.683648943901062012e-01,-8.023579604923725128e-03,-2.651693299412727356e-02,3.557089250534772873e-03,0.000000000000000000e+00,1.000000000000000000e+00,3.594592809677124023e-01,-6.011245846748352051e-01,1.126175284385681152e+00,-1.907298713922500610e-01,1.771234422922134399e-01,1.343565881252288818e-01,1.000000000000000000e+00,1.299115777015686035e+00,-6.501391530036926270e-01,8.398372530937194824e-01,7.001948356628417969e-01,7.357005774974822998e-02,3.911398351192474365e-02,1.000000000000000000e+00,2.593639850616455078e+00,-6.953215599060058594e-01,9.125142693519592285e-01,-6.575079560279846191e-01,5.493341479450464249e-03,1.024897694587707520e-01,1.000000000000000000e+00,1.865065932273864746e+00,-6.592028141021728516e-01,8.656141757965087891e-01,-5.038347244262695312e-01,-8.449935913085937500e-01,2.282326817512512207e-01,1.000000000000000000e+00,1.000000000000000000e+00,0.000000000000000000e+00,0.000000000000000000e+00,1.000000000000000000e+00,2.593639850616455078e+00,-6.953215599060058594e-01,9.125142693519592285e-01,-6.575079560279846191e-01,5.493341479450464249e-03,1.024897694587707520e-01,-2.339195915438998033e-02,-2.405071266523695073e-02,5.827180795627967536e-04,1.000000000000000000e+00,1.865065932273864746e+00,-6.592028141021728516e-01,8.656141757965087891e-01,-5.038347244262695312e-01,-8.449935913085937500e-01,2.282326817512512207e-01,-1.781523554812652343e-01,-7.826622371280866908e-02,8.484375024553493516e-02,1.000000000000000000e+00,-1.723591983318328857e-02,8.420175313949584961e-02,-1.000000014901161194e-01,4.185715615749359131e-01,-1.999999731779098511e-01,-1.539879143238067627e-01,-1.000000014901161194e-01,4.343170225620269775e-01,-2.241969108581542969e-02,-2.417683601379394531e-02,5.421638488769531250e-04,4.028820097446441650e-01,-2.000000029802322388e-01,-1.479911804199218750e-02,2.876400947570800781e-02,3.480350375175476074e-01
1.679999999999999938e+00,3.557009994983673096e-01,-5.975824594497680664e-01,1.128872036933898926e+00,-1.841816008090972900e-01,1.770899593830108643e-01,1.354985833168029785e-01,9.945721626281738281e-01,9.950729459524154663e-02,3.040863946080207825e-02,-9.974896162748336792e-02,9.949912428855895996e-01,6.532646715641021729e-03,-2.960628271102905273e-02,-9.530417621135711670e-03,9.995163083076477051e-01,-5.104742199182510376e-02,4.128507375717163086e-01,5.254458170384168625e-03,1.000000000000000000e+00,0.000000000000000000e+00,3.557009994983673096e-01,-5.975824594497680664e-01,1.128872036933898926e+00,-1.841816008090972900e-01,1.770899593830108643e-01,1.354985833168029785e-01,1.000000000000000000e+00,1.312839269638061523e+00,-6.482980847358703613e-01,8.405664563179016113e-01,6.690177321434020996e-01,1.146957054734230042e-01,3.368154540657997131e-02,1.000000000000000000e+00,2.580492258071899414e+00,-6.951705813407897949e-01,9.145714044570922852e-01,-6.572302579879760742e-01,1.005033776164054871e-02,1.033115610480308533e-01,1.000000000000000000e+00,1.854883193969726562e+00,-6.757758259773254395e-01,8.699403405189514160e-01,-5.153070092201232910e-01,-8.086483478546142578e-01,2.015647739171981812e-01,1.000000000000000000e+00,1.000000000000000000e+00,0.000000000000000000e+00,0.000000000000000000e+00,1.000000000000000000e+00,1.312839269638061523e+00,-6.482980847358703613e-01,8.405664563179016113e-01,6.690177321434020996e-01,1.146957054734230042e-01,3.368154540657997131e-02,9.826681017875671387e-01,1.300941258668899536e-01,-1.320566087961196899e-01,-1.002027541399002075e-01,9.721123576164245605e-01,2.120307236909866333e-01,1.559578031301498413e-01,-1.951233893632888794e-01,9.682995676994323730e-01,-6.900249049067497253e-03,7.326576393097639084e-03,9.225244633853435516e-03,0.000000000000000000e+00,1.000000000000000000e+00,3.557009994983673096e-01,-5.975824594497680664e-01,1.128872036933898926e+00,-1.841816008090972900e-01,1.770899593830108643e-01,1.354985833168029785e-01,1.000000000000000000e+00,1.312839269638061523e+00,-6.482980847358703613e-01,8.405664563179016113e-01,6.690177321434020996e-01,1.146957054734230042e-01,3.368154540657997131e-02,1.000000000000000000e+00,2.580492258071899414e+00,-6.951705813407897949e-01,9.145714044570922852e-01,-6.572302579879760742e-01,1.005033776164054871e-02,1.033115610480308533e-01,1.000000000000000000e+00,1.854883193969726562e+00,-6.757758259773254395e-01,8.699403405189514160e-01,-5.153070092201232910e-01,-8.086483478546142578e-01,2.015647739171981812e-01,1.000000000000000000e+00,1.000000000000000000e+00,0.000000000000000000e+00,0.000000000000000000e+00,1.000000000000000000e+00,2.580492258071899414e+00,-6.951705813407897949e-01,9.145714044570922852e-01,-6.572302579879760742e-01,1.005033776164054871e-02,1.033115610480308533e-01,-2.325936272452043888e-02,-2.407488073094565806e-02,5.735621298976686933e-04,1.000000000000000000e+00,1.854883193969726562e+00,-6.757758259773254395e-01,8.699403405189514160e-01,-5.153070092201232910e-01,-8.086483478546142578e-01,2.015647739171981812e-01,-1.813571040465833950e-01,-6.998876925294905682e-02,8.248982236603558116e-02,1.000000000000000000e+00,-2.022657170891761780e-02,9.394545108079910278e-02,-1.000000014901161194e-01,4.214763641357421875e-01,-1.999999880790710449e-01,-1.480270177125930786e-01,-1.000000014901161194e-01,4.364442825317382812e-01,-2.232861518859863281e-02,-2.411055564880371094e-02,5.383491516113281250e-04,4.029861092567443848e-01,-2.000000029802322388e-01,4.959106445312500000e-05,-1.025199890136718750e-04,3.589017093181610107e-01
1.699999999999999956e+00,3.520880639553070068e-01,-5.940407514572143555e-01,1.131596207618713379e+00,-1.760250478982925415e-01,1.770912706851959229e-01,1.372083574533462524e-01,9.942935705184936523e-01,9.935228526592254639e-02,3.885159641504287720e-02,-9.969176352024078369e-02,9.949945211410522461e-01,6.895562168210744858e-03,-3.797203302383422852e-02,-1.072939671576023102e-02,9.992212057113647461e-01,-7.089435309171676636e-02,4.252333045005798340e-01,6.079604849219322205e-03,1.000000000000000000e+00,0.000000000000000000e+00,3.520880639553070068e-01,-5.940407514572143555e-01,1.131596207618713379e+00,-1.760250478982925415e-01,1.770912706851959229e-01,1.372083574533462524e-01,1.000000000000000000e+00,1.325938344001770020e+00,-6.456322669982910156e-01,8.412089347839355469e-01,6.377726197242736816e-01,1.560538262128829956e-01,3.063378669321537018e-02,1.000000000000000000e+00,2.567350149154663086e+00,-6.949290037155151367e-01,9.166452288627624512e-01,-6.569593548774719238e-01,1.454702857881784439e-02,1.041645407676696777e-01,1.000000000000000000e+00,1.844486236572265625e+00,-6.916194558143615723e-01,8.737287521362304688e-01,-5.250757336616516113e-01,-7.719811201095581055e-01,1.746891438961029053e-01,1.000000000000000000e+00,1.000000000000000000e+00,0.000000000000000000e+00,0.000000000000000000e+00,1.000000000000000000e+00,1.325938344001770020e+00,-6.456322669982910156e-01,8.412089347839355469e-01,6.377726197242736816e-01,1.560538262128829956e-01,3.063378669321537018e-02,9.827637672424316406e-01,1.298619359731674194e-01,-1.315733939409255981e-01,-1.000568494200706482e-01,9.721103906631469727e-01,2.121089696884155273e-01,1.554487198591232300e-01,-1.952881515026092529e-01,9.683483242988586426e-01,-5.970403086394071579e-03,4.491465538740158081e-02,1.628872193396091461e-02,0.000000000000000000e+00,1.000000000000000000e+00,3.520880639553070068e-01,-5.940407514572143555e-01,1.131596207618713379e+00,-1.760250478982925415e-01,1.770912706851959229e-01,1.372083574533462524e-01,1.000000000000000000e+00,1.325938344001770020e+00,-6.456322669982910156e-01,8.412089347839355469e-01,6.377726197242736816e-01,1.560538262128829956e-01,3.063378669321537018e-02,1.000000000000000000e+00,2.567350149154663086e+00,-6.949290037155151367e-01,9.166452288627624512e-01,-6.569593548774719238e-01,1.454702857881784439e-02,1.041645407676696777e-01,1.000000000000000000e+00,1.844486236572265625e+00,-6.916194558143615723e-01,8.737287521362304688e-01,-5.250757336616516113e-01,-7.719811201095581055e-01,1.746891438961029053e-01,1.000000000000000000e+00,1.000000000000000000e+00,0.000000000000000000e+00,0.000000000000000000e+00,1.000000000000000000e+00,2.567350149154663086e+00,-6.949290037155151367e-01,9.166452288627624512e-01,-6.569593548774719238e-01,1.454702857881784439e-02,1.041645407676696777e-01,-2.312587446795602575e-02,-2.408864623114559400e-02,5.648185606165392197e-04,1.000000000000000000e+00,1.844486236572265625e+00,-6.916194558143615723e-01,8.737287521362304688e-01,-5.250757336616516113e-01,-7.719811201095581055e-01,1.746891438961029053e-01,-1.838889483867487684e-01,-6.069155905364431725e-02,7.622706263128295467e-02,1.000000000000000000e+00,-2.329297363758087158e-02,1.045508757233619690e-01,-1.000000014901161194e-01,4.234059453010559082e-01,-2.000000029802322388e-01,-1.417117863893508911e-01,-1.000000014901161194e-01,4.380849897861480713e-01,-2.231669425964355469e-02,-2.401971817016601562e-02,5.359649658203125000e-04,4.031371176242828369e-01,-2.000000029802322388e-01,1.469564437866210938e-02,-3.212642669677734375e-02,3.729847669601440430e-01
1.719999999999999973e+00,3.486531972885131836e-01,-5.904982089996337891e-01,1.134360432624816895e+00,-1.661991775035858154e-01,1.772011071443557739e-01,1.395737826824188232e-01,9.939353466033935547e-01,9.915325790643692017e-02,4.755225405097007751e-02,-9.962228685617446899e-02,9.949964284896850586e-01,7.591073401272296906e-03,-4.656163975596427917e-02,-1.228229980915784836e-02,9.988399744033813477e-01,-8.576447516679763794e-02,4.361611604690551758e-01,7.103234995156526566e-03,1.000000000000000000e+00,0.000000000000000000e+00,3.486531972885131836e-01,-5.904982089996337891e-01,1.134360432624816895e+00,-1.661991775035858154e-01,1.772011071443557739e-01,1.395737826824188232e-01,1.000000000000000000e+00,1.338413357734680176e+00,-6.421378254890441895e-01,8.418097496032714844e-01,6.066486835479736328e-01,1.975573301315307617e-01,2.966920100152492523e-02,1.000000000000000000e+00,2.554213285446166992e+00,-6.945980191230773926e-01,9.187364578247070312e-01,-6.566931009292602539e-01,1.898462139070034027e-02,1.050529181957244873e-01,1.000000000000000000e+00,1.833910465240478516e+00,-7.067254185676574707e-01,8.769887685775756836e-01,-5.329807400703430176e-01,-7.347942590713500977e-01,1.490753293037414551e-01,1.000000000000000000e+00,1.000000000000000000e+00,0.000000000000000000e+00,0.000000000000000000e+00,1.000000000000000000e+00,1.338413357734680176e+00,-6.421378254890441895e-01,8.418097496032714844e-01,6.066486835479736328e-01,1.975573301315307617e-01,2.966920100152492523e-02,9.829808473587036133e-01,1.294802874326705933e-01,-1.303215622901916504e-01,-9.993185102939605713e-02,9.721269607543945312e-01,2.120921760797500610e-01,1.541508436203002930e-01,-1.954592615365982056e-01,9.685212969779968262e-01,-5.195136647671461105e-03,8.545251190662384033e-02,2.412400022149085999e-02,0.000000000000000000e+00,1.000000000000000000e+00,3.486531972885131836e-01,-5.904982089996337891e-01,1.134360432624816895e+00,-1.661991775035858154e-01,1.772011071443557739e-01,1.395737826824188232e-01,1.000000000000000000e+00,1.338413357734680176e+00,-6.421378254890441895e-01,8.418097496032714844e-01,6.066486835479736328e-01,1.975573301315307617e-01,2.966920100152492523e-02,1.000000000000000000e+00,2.554213285446166992e+00,-6.945980191230773926e-01,9.187364578247070312e-01,-6.566931009292602539e-01,1.898462139070034027e-02,1.050529181957244873e-01,1.000000000000000000e+00,1.833910465240478516e+00,-7.067254185676574707e-01,8.769887685775756836e-01,-5.329807400703430176e-01,-7.347942590713500977e-01,1.490753293037414551e-01,1.000000000000000000e+00,1.000000000000000000e+00,0.000000000000000000e+00,0.000000000000000000e+00,1.000000000000000000e+00,2.554213285446166992e+00,-6.945980191230773926e-01,9.187364578247070312e-01,-6.566931009292602539e-01,1.898462139070034027e-02,1.050529181957244873e-01,-2.300100273909242571e-02,-2.409031384801152420e-02,5.567794591752397992e-04,1.000000000000000000e+00,1.833910465240478516e+00,-7.067254185676574707e-01,8.769887685775756836e-01,-5.329807400703430176e-01,-7.347942590713500977e-01,1.490753293037414551e-01,-1.858348638923759677e-01,-5.070104133571962102e-02,6.589029495177549378e-02,1.000000000000000000e+00,-2.748022414743900299e-02,1.158739253878593445e-01,-1.000000014901161194e-01,4.243594408035278320e-01,-1.999999880790710449e-01,-1.349738985300064087e-01,-1.000000014901161194e-01,4.393201470375061035e-01,-2.239584922790527344e-02,-2.390193939208984375e-02,5.352497100830078125e-04,4.033429920673370361e-01,-2.000000029802322388e-01,2.949547767639160156e-02,-6.704854965209960938e-02,3.895895481109619141e-01
1.739999999999999991e+00,3.454302549362182617e-01,-5.869519114494323730e-01,1.137178063392639160e+00,-1.546542495489120483e-01,1.774768084287643433e-01,1.425622701644897461e-01,9.934910535812377930e-01,9.890337288379669189e-02,5.651412159204483032e-02,-9.953819215297698975e-02,9.949973225593566895e-01,8.523751981556415558e-03,-5.538836866617202759e-02,-1.409358438104391098e-02,9.983655214309692383e-01,-9.790702164173126221e-02,4.503324925899505615e-01,8.454279974102973938e-03,1.000000000000000000e+00,0.000000000000000000e+00,3.454302549362182617e-01,-5.869519114494323730e-01,1.137178063392639160e+00,-1.546542495489120483e-01,1.774768084287643433e-01,1.425622701644897461e-01,1.000000000000000000e+00,1.350268363952636719e+00,-6.378126144409179688e-01,8.424080014228820801e-01,5.758467316627502441e-01,2.391225695610046387e-01,3.050908818840980530e-02,1.000000000000000000e+00,2.541081666946411133e+00,-6.941788196563720703e-01,9.208458065986633301e-01,-6.564292907714843750e-01,2.336635440587997437e-02,1.059850379824638367e-01,1.000000000000000000e+00,1.823194503784179688e+00,-7.210814952850341797e-01,8.797580599784851074e-01,-5.388482809066772461e-01,-6.968980431556701660e-01,1.261206865310668945e-01,1.000000000000000000e+00,1.000000000000000000e+00,0.000000000000000000e+00,0.000000000000000000e+00,1.000000000000000000e+00,1.350268363952636719e+00,-6.378126144409179688e-01,8.424080014228820801e-01,5.758467316627502441e-01,2.391225695610046387e-01,3.050908818840980530e-02,9.833205342292785645e-01,1.289385408163070679e-01,-1.282801032066345215e-01,-9.982120990753173828e-02,9.721625447273254395e-01,2.119811326265335083e-01,1.520416140556335449e-01,-1.956403106451034546e-01,9.688180685043334961e-01,-4.534076899290084839e-03,1.245356649160385132e-01,3.227364271879196167e-02,0.000000000000000000e+00,1.000000000000000000e+00,3.454302549362182617e-01,-5.869519114494323730e-01,1.137178063392639160e+00,-1.546542495489120483e-01,1.774768084287643433e-01,1.425622701644897461e-01,1.000000000000000000e+00,1.350268363952636719e+00,-6.378126144409179688e-01,8.424080014228820801e-01,5.758467316627502441e-01,2.391225695610046387e-01,3.050908818840980530e-02,1.000000000000000000e+00,2.541081666946411133e+00,-6.941788196563720703e-01,9.208458065986633301e-01,-6.564292907714843750e-01,2.336635440587997437e-02,1.059850379824638367e-01,1.000000000000000000e+00,1.823194503784179688e+00,-7.210814952850341797e-01,8.797580599784851074e-01,-5.388482809066772461e-01,-6.968980431556701660e-01,1.261206865310668945e-01,1.000000000000000000e+00,1.000000000000000000e+00,0.000000000000000000e+00,0.000000000000000000e+00,1.000000000000000000e+00,2.541081666946411133e+00,-6.941788196563720703e-01,9.208458065986633301e-01,-6.564292907714843750e-01,2.336635440587997437e-02,1.059850379824638367e-01,-2.289502917854402408e-02,-2.407778929089410269e-02,5.496950798866192395e-04,1.000000000000000000e+00,1.823194503784179688e+00,-7.210814952850341797e-01,8.797580599784851074e-01,-5.388482809066772461e-01,-6.968980431556701660e-01,1.261206865310668945e-01,-1.873093495554323251e-01,-4.023279323942530183e-02,5.143584693343565550e-02,1.000000000000000000e+00,-3.233734890818595886e-02,1.272878050804138184e-01,-1.000000014901161194e-01,4.239872395992279053e-01,-1.999999880790710449e-01,-1.293336749076843262e-01,-1.000000014901161194e-01,4.413443803787231445e-01,-2.257513999938964844e-02,-2.375483512878417969e-02,5.362033843994140625e-04,4.036068916320800781e-01,-2.000000029802322388e-01,4.479193687438964844e-02,-1.000000014901161194e-01,4.078762233257293701e-01
1.760000000000000009e+00,3.424540162086486816e-01,-5.833984017372131348e-01,1.140059947967529297e+00,-1.413384228944778442e-01,1.779622882604598999e-01,1.460282802581787109e-01,9.929490089416503906e-01,9.859100729227066040e-02,6.582015752792358398e-02,-9.943660348653793335e-02,9.949968457221984863e-01,9.689094498753547668e-03,-6.453558802604675293e-02,-1.616570912301540375e-02,9.977845549583435059e-01,-1.135189011693000793e-01,4.687359333038330078e-01,1.010316330939531326e-02,1.000000000000000000e+00,0.000000000000000000e+00,3.424540162086486816e-01,-5.833984017372131348e-01,1.140059947967529297e+00,-1.413384228944778442e-01,1.779622882604598999e-01,1.460282802581787109e-01,1.000000000000000000e+00,1.361511826515197754e+00,-6.326560378074645996e-01,8.430376648902893066e-01,5.455551147460937500e-01,2.806828618049621582e-01,3.294771164655685425e-02,1.000000000000000000e+00,2.527955293655395508e+00,-6.936724781990051270e-01,9.229742884635925293e-01,-6.561650037765502930e-01,2.769763208925724030e-02,1.069730520248413086e-01,1.000000000000000000e+00,1.812381029129028320e+00,-7.346721291542053223e-01,8.821014761924743652e-01,-5.424633026123046875e-01,-6.581345200538635254e-01,1.070551872253417969e-01,1.000000000000000000e+00,1.000000000000000000e+00,0.000000000000000000e+00,0.000000000000000000e+00,1.000000000000000000e+00,1.361511826515197754e+00,-6.326560378074645996e-01,8.430376648902893066e-01,5.455551147460937500e-01,2.806828618049621582e-01,3.294771164655685425e-02,9.837663769721984863e-01,1.282426267862319946e-01,-1.255302280187606812e-01,-9.971266984939575195e-02,9.722161293029785156e-01,2.117862701416015625e-01,1.492025107145309448e-01,-1.958312392234802246e-01,9.692208170890808105e-01,-3.946407698094844818e-03,1.553144901990890503e-01,3.944908455014228821e-02,0.000000000000000000e+00,1.000000000000000000e+00,3.424540162086486816e-01,-5.833984017372131348e-01,1.140059947967529297e+00,-1.413384228944778442e-01,1.779622882604598999e-01,1.460282802581787109e-01,1.000000000000000000e+00,1.361511826515197754e+00,-6.326560378074645996e-01,8.430376648902893066e-01,5.455551147460937500e-01,2.806828618049621582e-01,3.294771164655685425e-02,1.000000000000000000e+00,2.527955293655395508e+00,-6.936724781990051270e-01,9.229742884635925293e-01,-6.561650037765502930e-01,2.769763208925724030e-02,1.069730520248413086e-01,1.000000000000000000e+00,1.812381029129028320e+00,-7.346721291542053223e-01,8.821014761924743652e-01,-5.424633026123046875e-01,-6.581345200538635254e-01,1.070551872253417969e-01,1.000000000000000000e+00,1.000000000000000000e+00,0.000000000000000000e+00,0.000000000000000000e+00,1.000000000000000000e+00,2.527955293655395508e+00,-6.936724781990051270e-01,9.229742884635925293e-01,-6.561650037765502930e-01,2.769763208925724030e-02,1.069730520248413086e-01,-2.281902253064219122e-02,-2.404889043912694646e-02,5.437843103153656987e-04,1.000000000000000000e+00,1.812381029129028320e+00,-7.346721291542053223e-01,8.821014761924743652e-01,-5.424633026123046875e-01,-6.581345200538635254e-01,1.070551872253417969e-01,-1.884113505922325738e-01,-2.937184379043311644e-02,3.302497528049394560e-02,1.000000000000000000e+00,-3.828501701354980469e-02,1.390352100133895874e-01,-1.000000014901161194e-01,4.230926036834716797e-01,-1.999999880790710449e-01,-1.230850368738174438e-01,-1.000000014901161194e-01,4.383614063262939453e-01,-2.286338806152343750e-02,-2.357840538024902344e-02,5.390644073486328125e-04,4.039271771907806396e-01,-2.000000029802322388e-01,6.089615821838378906e-02,-1.000000014901161194e-01,4.269146323204040527e-01
1.780000000000000027e+00,3.397605121135711670e-01,-5.798328518867492676e-01,1.143013715744018555e+00,-1.261911392211914062e-01,1.787098497152328491e-01,1.497522741556167603e-01,9.922958612442016602e-01,9.819722175598144531e-02,7.553979754447937012e-02,-9.931595623493194580e-02,9.949930310249328613e-01,1.118968706578016281e-02,-7.406277954578399658e-02,-1.860578730702400208e-02,9.970799684524536133e-01,-1.365148425102233887e-01,4.885126054286956787e-01,1.198666170239448547e-02,1.000000000000000000e+00,0.000000000000000000e+00,3.397605121135711670e-01,-5.798328518867492676e-01,1.143013715744018555e+00,-1.261911392211914062e-01,1.787098497152328491e-01,1.497522741556167603e-01,1.000000000000000000e+00,1.372155308723449707e+00,-6.266688704490661621e-01,8.437282443046569824e-01,5.159509778022766113e-01,3.221446573734283447e-01,3.663674369454383850e-02,1.000000000000000000e+00,2.514834403991699219e+00,-6.930798888206481934e-01,9.251230955123901367e-01,-6.558973789215087891e-01,3.198609501123428345e-02,1.080320104956626892e-01,1.000000000000000000e+00,1.801517486572265625e+00,-7.474789023399353027e-01,8.841060996055603027e-01,-5.435629487037658691e-01,-6.184034943580627441e-01,9.288625419139862061e-02,1.000000000000000000e+00,1.000000000000000000e+00,0.000000000000000000e+00,0.000000000000000000e+00,1.000000000000000000e+00,1.372155308723449707e+00,-6.266688704490661621e-01,8.437282443046569824e-01,5.159509778022766113e-01,3.221446573734283447e-01,3.663674369454383850e-02,9.842842221260070801e-01,1.274097561836242676e-01,-1.222754418849945068e-01,-9.957877546548843384e-02,9.722856283187866211e-01,2.115294635295867920e-01,1.458375751972198486e-01,-1.960290670394897461e-01,9.696927070617675781e-01,-3.398161381483078003e-03,1.753856539726257324e-01,4.585938155651092529e-02,0.000000000000000000e+00,1.000000000000000000e+00,3.397605121135711670e-01,-5.798328518867492676e-01,1.143013715744018555e+00,-1.261911392211914062e-01,1.787098497152328491e-01,1.497522741556167603e-01,1.000000000000000000e+00,1.372155308723449707e+00,-6.266688704490661621e-01,8.437282443046569824e-01,5.159509778022766113e-01,3.221446573734283447e-01,3.663674369454383850e-02,1.000000000000000000e+00,2.514834403991699219e+00,-6.930798888206481934e-01,9.251230955123901367e-01,-6.558973789215087891e-01,3.198609501123428345e-02,1.080320104956626892e-01,1.000000000000000000e+00,1.801517486572265625e+00,-7.474789023399353027e-01,8.841060996055603027e-01,-5.435629487037658691e-01,-6.184034943580627441e-01,9.288625419139862061e-02,1.000000000000000000e+00,1.000000000000000000e+00,0.000000000000000000e+00,0.000000000000000000e+00,1.000000000000000000e+00,2.514834403991699219e+00,-6.930798888206481934e-01,9.251230955123901367e-01,-6.558973789215087891e-01,3.198609501123428345e-02,1.080320104956626892e-01,-2.278417908664366262e-02,-2.400157118980095206e-02,5.392396391426419744e-04,1.000000000000000000e+00,1.801517486572265625e+00,-7.474789023399353027e-01,8.841060996055603027e-01,-5.435629487037658691e-01,-6.184034943580627441e-01,9.288625419139862061e-02,-1.892401738430354308e-01,-1.804281795509199426e-02,1.201684236999664424e-02,1.000000000000000000e+00,-4.524619877338409424e-02,1.515889167785644531e-01,-1.000000014901161194e-01,4.223356842994689941e-01,-2.000000029802322388e-01,-1.166942045092582703e-01,-1.000000014901161194e-01,4.328663349151611328e-01,-2.327179908752441406e-02,-2.337241172790527344e-02,5.440711975097656250e-04,4.042981266975402832e-01,-2.000000029802322388e-01,7.808065414428710938e-02,-1.000000014901161194e-01,4.455633759498596191e-01
1.800000000000000044e+00,3.373868465423583984e-01,-5.762493610382080078e-01,1.146042585372924805e+00,-1.091469675302505493e-01,1.797976940870285034e-01,1.535273790359497070e-01,9.915204644203186035e-01,9.769489616155624390e-02,8.569152653217315674e-02,-9.917498379945755005e-02,9.949828386306762695e-01,1.317847799509763718e-02,-8.397412300109863281e-02,-2.156518399715423584e-02,9.962346553802490234e-01,-1.668689697980880737e-01,5.079236030578613281e-01,1.429457217454910278e-02,1.000000000000000000e+00,0.000000000000000000e+00,3.373868465423583984e-01,-5.762493610382080078e-01,1.146042585372924805e+00,-1.091469675302505493e-01,1.797976940870285034e-01,1.535273790359497070e-01,1.000000000000000000e+00,1.382213950157165527e+00,-6.198545694351196289e-01,8.444992303848266602e-01,4.872041642665863037e-01,3.633560240268707275e-01,4.093128815293312073e-02,1.000000000000000000e+00,2.501718997955322266e+00,-6.924017667770385742e-01,9.272938966751098633e-01,-6.556228995323181152e-01,3.624155372381210327e-02,1.091790199279785156e-01,1.000000000000000000e+00,1.790656685829162598e+00,-7.594821453094482422e-01,8.858768939971923828e-01,-5.418860912322998047e-01,-5.776751041412353516e-01,8.431901037693023682e-02,1.000000000000000000e+00,1.000000000000000000e+00,0.000000000000000000e+00,0.000000000000000000e+00,1.000000000000000000e+00,1.382213950157165527e+00,-6.198545694351196289e-01,8.444992303848266602e-01,4.872041642665863037e-01,3.633560240268707275e-01,4.093128815293312073e-02,9.848470091819763184e-01,1.264560818672180176e-01,-1.186822429299354553e-01,-9.939914941787719727e-02,9.723695516586303711e-01,2.112286388874053955e-01,1.421141177415847778e-01,-1.962309479713439941e-01,9.702047705650329590e-01,-2.867155941203236580e-03,1.901928633451461792e-01,5.133389309048652649e-02,0.000000000000000000e+00,1.000000000000000000e+00,3.373868465423583984e-01,-5.762493610382080078e-01,1.146042585372924805e+00,-1.091469675302505493e-01,1.797976940870285034e-01,1.535273790359497070e-01,1.000000000000000000e+00,1.382213950157165527e+00,-6.198545694351196289e-01,8.444992303848266602e-01,4.872041642665863037e-01,3.633560240268707275e-01,4.093128815293312073e-02,1.000000000000000000e+00,2.501718997955322266e+00,-6.924017667770385742e-01,9.272938966751098633e-01,-6.556228995323181152e-01,3.624155372381210327e-02,1.091790199279785156e-01,1.000000000000000000e+00,1.790656685829162598e+00,-7.594821453094482422e-01,8.858768939971923828e-01,-5.418860912322998047e-01,-5.776751041412353516e-01,8.431901037693023682e-02,1.000000000000000000e+00,1.000000000000000000e+00,0.000000000000000000e+00,0.000000000000000000e+00,1.000000000000000000e+00,2.501718997955322266e+00,-6.924017667770385742e-01,9.272938966751098633e-01,-6.556228995323181152e-01,3.624155372381210327e-02,1.091790199279785156e-01,-2.280121841428327245e-02,-2.393403122236503755e-02,5.362417194020897837e-04,1.000000000000000000e+00,1.790656685829162598e+00,-7.594821453094482422e-01,8.858768939971923828e-01,-5.418860912322998047e-01,-5.776751041412353516e-01,8.431901037693023682e-02,-1.899815998139755269e-01,-6.346275606574858230e-03,-9.412621238096025023e-03,1.000000000000000000e+00,-5.349912121891975403e-02,1.640436202287673950e-01,-1.000000014901161194e-01,4.215594828128814697e-01,-2.000000029802322388e-01,-1.098023205995559692e-01,-1.000000014901161194e-01,4.246587455272674561e-01,-2.381730079650878906e-02,-2.313828468322753906e-02,5.512237548828125000e-04,4.047146737575531006e-01,-2.000000029802322388e-01,9.656596183776855469e-02,-1.000000014901161194e-01,4.624649882316589355e-01
1.820000000000000062e+00,3.353716433048248291e-01,-5.726403594017028809e-01,1.149146318435668945e+00,-9.014087915420532227e-02,1.813327521085739136e-01,1.571842730045318604e-01,9.906124472618103027e-01,9.704943001270294189e-02,9.627229720354080200e-02,-9.900943934917449951e-02,9.949613213539123535e-01,1.578398793935775757e-02,-9.425538033246994019e-02,-2.516768127679824829e-02,9.952298998832702637e-01,-2.024087160825729370e-01,5.258870124816894531e-01,1.723375543951988220e-02,1.000000000000000000e+00,0.000000000000000000e+00,3.353716433048248291e-01,-5.726403594017028809e-01,1.149146318435668945e+00,-9.014087915420532227e-02,1.813327521085739136e-01,1.571842730045318604e-01,1.000000000000000000e+00,1.391706585884094238e+00,-6.122195720672607422e-01,8.453555703163146973e-01,4.594800472259521484e-01,4.041223824024200439e-01,4.497180134057998657e-02,1.000000000000000000e+00,2.488608837127685547e+00,-6.916387677192687988e-01,9.294885396957397461e-01,-6.553379297256469727e-01,4.047585651278495789e-02,1.104320958256721497e-01,1.000000000000000000e+00,1.779855847358703613e+00,-7.706618309020996094e-01,8.875300884246826172e-01,-5.372328758239746094e-01,-5.359557271003723145e-01,8.179463446140289307e-02,1.000000000000000000e+00,1.000000000000000000e+00,0.000000000000000000e+00,0.000000000000000000e+00,1.000000000000000000e+00,1.391706585884094238e+00,-6.122195720672607422e-01,8.453555703163146973e-01,4.594800472259521484e-01,4.041223824024200439e-01,4.497180134057998657e-02,9.854437112808227539e-01,1.253990828990936279e-01,-1.147862896323204041e-01,-9.918308258056640625e-02,9.724656939506530762e-01,2.108871191740036011e-01,1.380707621574401855e-01,-1.964325159788131714e-01,9.707475900650024414e-01,-2.333847805857658386e-03,2.072399109601974487e-01,5.576488748192787170e-02,0.000000000000000000e+00,1.000000000000000000e+00,3.353716433048248291e-01,-5.726403594017028809e-01,1.149146318435668945e+00,-9.014087915420532227e-02,1.813327521085739136e-01,1.571842730045318604e-01,1.000000000000000000e+00,1.391706585884094238e+00,-6.122195720672607422e-01,8.453555703163146973e-01,4.594800472259521484e-01,4.041223824024200439e-01,4.497180134057998657e-02,1.000000000000000000e+00,2.488608837127685547e+00,-6.916387677192687988e-01,9.294885396957397461e-01,-6.553379297256469727e-01,4.047585651278495789e-02,1.104320958256721497e-01,1.000000000000000000e+00,1.779855847358703613e+00,-7.706618309020996094e-01,8.875300884246826172e-01,-5.372328758239746094e-01,-5.359557271003723145e-01,8.179463446140289307e-02,1.000000000000000000e+00,1.000000000000000000e+00,0.000000000000000000e+00,0.000000000000000000e+00,1.000000000000000000e+00,2.488608837127685547e+00,-6.916387677192687988e-01,9.294885396957397461e-01,-6.553379297256469727e-01,4.047585651278495789e-02,1.104320958256721497e-01,-2.288046696319295803e-02,-2.384488267761275537e-02,5.349627951437216367e-04,1.000000000000000000e+00,1.779855847358703613e+00,-7.706618309020996094e-01,8.875300884246826172e-01,-5.372328758239746094e-01,-5.359557271003723145e-01,8.179463446140289307e-02,-1.908240191159416010e-01,5.560800869271131930e-03,-2.971693247946048666e-02,1.000000000000000000e+00,-6.188127398490905762e-02,1.759963929653167725e-01,-1.000000014901161194e-01,4.207852780818939209e-01,-1.999999880790710449e-01,-1.027388572692871094e-01,-1.000000014901161194e-01,4.159820973873138428e-01,-2.452301979064941406e-02,-2.287411689758300781e-02,5.609989166259765625e-04,4.051724970340728760e-01,-2.000000029802322388e-01,1.165077686309814453e-01,-1.000000014901161194e-01,4.761484563350677490e-01
1.840000000000000080e+00,3.337547481060028076e-01,-5.689957737922668457e-01,1.152321219444274902e+00,-6.911404430866241455e-02,1.834425032138824463e-01,1.605775505304336548e-01,9.895668029785156250e-01,9.622536599636077881e-02,1.072306334972381592e-01,-9.881384670734405518e-02,9.949230551719665527e-01,1.908097416162490845e-02,-1.048501431941986084e-01,-2.947776764631271362e-02,9.940511584281921387e-01,-2.383360117673873901e-01,5.392251014709472656e-01,2.071477845311164856e-02,1.000000000000000000e+00,0.000000000000000000e+00,3.337547481060028076e-01,-5.689957737922668457e-01,1.152321219444274902e+00,-6.911404430866241455e-02,1.834425032138824463e-01,1.605775505304336548e-01,1.000000000000000000e+00,1.400655269622802734e+00,-6.037747859954833984e-01,8.462834954261779785e-01,4.329454600811004639e-01,4.442343115806579590e-01,4.782498627901077271e-02,1.000000000000000000e+00,2.475504875183105469e+00,-6.907911896705627441e-01,9.317092895507812500e-01,-6.550386548042297363e-01,4.470286890864372253e-02,1.118094995617866516e-01,1.000000000000000000e+00,1.769176125526428223e+00,-7.809984683990478516e-01,8.891888260841369629e-01,-5.294370651245117188e-01,-4.932796657085418701e-01,8.547946065664291382e-02,1.000000000000000000e+00,1.000000000000000000e+00,0.000000000000000000e+00,0.000000000000000000e+00,1.000000000000000000e+00,1.400655269622802734e+00,-6.037747859954833984e-01,8.462834954261779785e-01,4.329454600811004639e-01,4.442343115806579590e-01,4.782498627901077271e-02,9.860750436782836914e-01,1.242578700184822083e-01,-1.105264052748680115e-01,-9.896164387464523315e-02,9.725715517997741699e-01,2.105022668838500977e-01,1.336514055728912354e-01,-1.966331601142883301e-01,9.713252782821655273e-01,-2.062006620690226555e-03,2.271086275577545166e-01,5.961577966809272766e-02,0.000000000000000000e+00,1.000000000000000000e+00,3.337547481060028076e-01,-5.689957737922668457e-01,1.152321219444274902e+00,-6.911404430866241455e-02,1.834425032138824463e-01,1.605775505304336548e-01,1.000000000000000000e+00,1.400655269622802734e+00,-6.037747859954833984e-01,8.462834954261779785e-01,4.329454600811004639e-01,4.442343115806579590e-01,4.782498627901077271e-02,1.000000000000000000e+00,2.475504875183105469e+00,-6.907911896705627441e-01,9.317092895507812500e-01,-6.550386548042297363e-01,4.470286890864372253e-02,1.118094995617866516e-01,1.000000000000000000e+00,1.769176125526428223e+00,-7.809984683990478516e-01,8.891888260841369629e-01,-5.294370651245117188e-01,-4.932796657085418701e-01,8.547946065664291382e-02,1.000000000000000000e+00,1.000000000000000000e+00,0.000000000000000000e+00,0.000000000000000000e+00,1.000000000000000000e+00,2.475504875183105469e+00,-6.907911896705627441e-01,9.317092895507812500e-01,-6.550386548042297363e-01,4.470286890864372253e-02,1.118094995617866516e-01,-2.303275210327965922e-02,-2.373316107489076288e-02,5.355753922026990771e-04,1.000000000000000000e+00,1.769176125526428223e+00,-7.809984683990478516e-01,8.891888260841369629e-01,-5.294370651245117188e-01,-4.932796657085418701e-01,8.547946065664291382e-02,-1.918212861846668726e-01,1.786924472461159930e-02,-4.792827166123890537e-02,1.000000000000000000e+00,-6.979262828826904297e-02,1.873026341199874878e-01,-1.000000014901161194e-01,4.205316603183746338e-01,-2.000000029802322388e-01,-9.493562579154968262e-02,-1.000000014901161194e-01,4.087527692317962646e-01,-2.541875839233398438e-02,-2.257847785949707031e-02,5.741119384765625000e-04,4.056680202484130859e-01,-2.000000029802322388e-01,1.379926204681396484e-01,-1.000000014901161194e-01,4.852129518985748291e-01
1.860000000000000098e+00,3.325768709182739258e-01,-5.653028488159179688e-01,1.155560493469238281e+00,-4.602297395467758179e-02,1.862585842609405518e-01,1.636155694723129272e-01,9.883868098258972168e-01,9.520544856786727905e-02,1.184380799531936646e-01,-9.858786314725875854e-02,9.948620796203613281e-01,2.302170917391777039e-02,-1.156377494335174561e-01,-3.443090990185737610e-02,9.926946163177490234e-01,-2.669848501682281494e-01,5.452916622161865234e-01,2.443546243011951447e-02,1.000000000000000000e+00,0.000000000000000000e+00,3.325768709182739258e-01,-5.653028488159179688e-01,1.155560493469238281e+00,-4.602297395467758179e-02,1.862585842609405518e-01,1.636155694723129272e-01,1.000000000000000000e+00,1.409084916114807129e+00,-5.945349335670471191e-01,8.472527265548706055e-01,4.077334702014923096e-01,4.835458695888519287e-01,4.884575307369232178e-02,1.000000000000000000e+00,2.462406873703002930e+00,-6.898590326309204102e-01,9.339588880538940430e-01,-6.547212600708007812e-01,4.893865436315536499e-02,1.133292019367218018e-01,1.000000000000000000e+00,1.758682012557983398e+00,-7.904735803604125977e-01,8.909760713577270508e-01,-5.182933807373046875e-01,-4.497470855712890625e-01,9.517839550971984863e-02,1.000000000000000000e+00,1.000000000000000000e+00,0.000000000000000000e+00,0.000000000000000000e+00,1.000000000000000000e+00,1.409084916114807129e+00,-5.945349335670471191e-01,8.472527265548706055e-01,4.077334702014923096e-01,4.835458695888519287e-01,4.884575307369232178e-02,9.867401719093322754e-01,1.230394095182418823e-01,-1.058542057871818542e-01,-9.875102341175079346e-02,9.726858139038085938e-01,2.100727558135986328e-01,1.288101077079772949e-01,-1.968340277671813965e-01,9.719384312629699707e-01,-1.847530482336878777e-03,2.489962577819824219e-01,6.338094174861907959e-02,0.000000000000000000e+00,1.000000000000000000e+00,3.325768709182739258e-01,-5.653028488159179688e-01,1.155560493469238281e+00,-4.602297395467758179e-02,1.862585842609405518e-01,1.636155694723129272e-01,1.000000000000000000e+00,1.409084916114807129e+00,-5.945349335670471191e-01,8.472527265548706055e-01,4.077334702014923096e-01,4.835458695888519287e-01,4.884575307369232178e-02,1.000000000000000000e+00,2.462406873703002930e+00,-6.898590326309204102e-01,9.339588880538940430e-01,-6.547212600708007812e-01,4.893865436315536499e-02,1.133292019367218018e-01,1.000000000000000000e+00,1.758682012557983398e+00,-7.904735803604125977e-01,8.909760713577270508e-01,-5.182933807373046875e-01,-4.497470855712890625e-01,9.517839550971984863e-02,1.000000000000000000e+00,1.000000000000000000e+00,0.000000000000000000e+00,0.000000000000000000e+00,1.000000000000000000e+00,2.462406873703002930e+00,-6.898590326309204102e-01,9.339588880538940430e-01,-6.547212600708007812e-01,4.893865436315536499e-02,1.133292019367218018e-01,-2.327077671608162451e-02,-2.359802186944826019e-02,5.382788182564119533e-04,1.000000000000000000e+00,1.758682012557983398e+00,-7.904735803604125977e-01,8.909760713577270508e-01,-5.182933807373046875e-01,-4.497470855712890625e-01,9.517839550971984863e-02,-1.928924097373552748e-01,3.108824132212206770e-02,-6.354367715039316300e-02,1.000000000000000000e+00,-7.702016085386276245e-02,1.984009891748428345e-01,-1.000000014901161194e-01,4.200427234172821045e-01,-1.999999880790710449e-01,-8.713982254266738892e-02,-1.000000014901161194e-01,4.029297530651092529e-01,-2.653884887695312500e-02,-2.224946022033691406e-02,5.905628204345703125e-04,4.061992466449737549e-01,-2.000000029802322388e-01,1.611084938049316406e-01,-1.000000014901161194e-01,4.888115227222442627e-01
1.880000000000000115e+00,3.318794965744018555e-01,-5.615464448928833008e-01,1.158857226371765137e+00,-2.085309848189353943e-02,1.898891776800155640e-01,1.662385761737823486e-01,9.870838522911071777e-01,9.399582445621490479e-02,1.297320276498794556e-01,-9.833276271820068359e-02,9.947757124900817871e-01,2.742516063153743744e-02,-1.264764219522476196e-01,-3.982783854007720947e-02,9.911698102951049805e-01,-2.836736738681793213e-01,5.453567504882812500e-01,2.831098996102809906e-02,1.000000000000000000e+00,0.000000000000000000e+00,3.318794965744018555e-01,-5.615464448928833008e-01,1.158857226371765137e+00,-2.085309848189353943e-02,1.898891776800155640e-01,1.662385761737823486e-01,1.000000000000000000e+00,1.417023062705993652e+00,-5.845165848731994629e-01,8.482234477996826172e-01,3.839339911937713623e-01,5.219914317131042480e-01,4.775573313236236572e-02,1.000000000000000000e+00,2.449315309524536133e+00,-6.888419985771179199e-01,9.362403154373168945e-01,-6.543813943862915039e-01,5.320196226239204407e-02,1.150085777044296265e-01,1.000000000000000000e+00,1.748442649841308594e+00,-7.990716695785522461e-01,8.930072188377380371e-01,-5.035288929939270020e-01,-4.055529832839965820e-01,1.102537214756011963e-01,1.000000000000000000e+00,1.000000000000000000e+00,0.000000000000000000e+00,0.000000000000000000e+00,1.000000000000000000e+00,1.417023062705993652e+00,-5.845165848731994629e-01,8.482234477996826172e-01,3.839339911937713623e-01,5.219914317131042480e-01,4.775573313236236572e-02,9.874350428581237793e-01,1.217480227351188660e-01,-1.007449999451637268e-01,-9.856008738279342651e-02,9.728080034255981445e-01,2.095962464809417725e-01,1.235234662890434265e-01,-1.970332264900207520e-01,9.725841283798217773e-01,-1.575965899974107742e-03,2.704330086708068848e-01,6.678430736064910889e-02,0.000000000000000000e+00,1.000000000000000000e+00,3.318794965744018555e-01,-5.615464448928833008e-01,1.158857226371765137e+00,-2.085309848189353943e-02,1.898891776800155640e-01,1.662385761737823486e-01,1.000000000000000000e+00,1.417023062705993652e+00,-5.845165848731994629e-01,8.482234477996826172e-01,3.839339911937713623e-01,5.219914317131042480e-01,4.775573313236236572e-02,1.000000000000000000e+00,2.449315309524536133e+00,-6.888419985771179199e-01,9.362403154373168945e-01,-6.543813943862915039e-01,5.320196226239204407e-02,1.150085777044296265e-01,1.000000000000000000e+00,1.748442649841308594e+00,-7.990716695785522461e-01,8.930072188377380371e-01,-5.035288929939270020e-01,-4.055529832839965820e-01,1.102537214756011963e-01,1.000000000000000000e+00,1.000000000000000000e+00,0.000000000000000000e+00,0.000000000000000000e+00,1.000000000000000000e+00,2.449315309524536133e+00,-6.888419985771179199e-01,9.362403154373168945e-01,-6.543813943862915039e-01,5.320196226239204407e-02,1.150085777044296265e-01,-2.361021468131452999e-02,-2.343843784212928938e-02,5.433000908284472269e-04,1.000000000000000000e+00,1.748442649841308594e+00,-7.990716695785522461e-01,8.930072188377380371e-01,-5.035288929939270020e-01,-4.055529832839965820e-01,1.102537214756011963e-01,-1.939664218814309837e-01,4.571105056181701265e-02,-7.636516216680944158e-02,1.000000000000000000e+00,-8.352429419755935669e-02,1.999929845333099365e-01,-1.000000014901161194e-01,4.191275238990783691e-01,-1.999999880790710449e-01,-7.880189269781112671e-02,-1.000000014901161194e-01,3.980490267276763916e-01,-2.791881561279296875e-02,-2.188348770141601562e-02,6.110668182373046875e-04,4.067650437355041504e-01,-2.000000029802322388e-01,1.860353946685791016e-01,-1.000000014901161194e-01,4.869365990161895752e-01
1.900000000000000133e+00,3.317040801048278809e-01,-5.577095746994018555e-01,1.162201881408691406e+00,6.368142087012529373e-03,1.943979561328887939e-01,1.683478653430938721e-01,9.856887459754943848e-01,9.263502806425094604e-02,1.408419907093048096e-01,-9.806225448846817017e-02,9.946631193161010742e-01,3.208002448081970215e-02,-1.371186077594757080e-01,-4.543220251798629761e-02,9.895122051239013672e-01,-2.896108329296112061e-01,5.159941911697387695e-01,3.012935072183609009e-02,1.000000000000000000e+00,0.000000000000000000e+00,3.317040801048278809e-01,-5.577095746994018555e-01,1.162201881408691406e+00,6.368142087012529373e-03,1.943979561328887939e-01,1.683478653430938721e-01,1.000000000000000000e+00,1.424498200416564941e+00,-5.737371444702148438e-01,8.491529822349548340e-01,3.616051673889160156e-01,5.595563650131225586e-01,4.450847581028938293e-02,1.000000000000000000e+00,2.436230897903442383e+00,-6.877392530441284180e-01,9.385568499565124512e-01,-6.540148258209228516e-01,5.751486867666244507e-02,1.168643087148666382e-01,1.000000000000000000e+00,1.738533258438110352e+00,-8.067819476127624512e-01,8.953806161880493164e-01,-4.848411083221435547e-01,-3.609760701656341553e-01,1.296278089284896851e-01,1.000000000000000000e+00,1.000000000000000000e+00,0.000000000000000000e+00,0.000000000000000000e+00,1.000000000000000000e+00,1.424498200416564941e+00,-5.737371444702148438e-01,8.491529822349548340e-01,3.616051673889160156e-01,5.595563650131225586e-01,4.450847581028938293e-02,9.881489872932434082e-01,1.203877851366996765e-01,-9.522841870784759521e-02,-9.838596731424331665e-02,9.729378819465637207e-01,2.090745419263839722e-01,1.178213506937026978e-01,-1.972276419401168823e-01,9.732519984245300293e-01,-1.265584141947329044e-03,2.899107635021209717e-01,7.011555135250091553e-02,0.000000000000000000e+00,1.000000000000000000e+00,3.317040801048278809e-01,-5.577095746994018555e-01,1.162201881408691406e+00,6.368142087012529373e-03,1.943979561328887939e-01,1.683478653430938721e-01,1.000000000000000000e+00,1.424498200416564941e+00,-5.737371444702148438e-01,8.491529822349548340e-01,3.616051673889160156e-01,5.595563650131225586e-01,4.450847581028938293e-02,1.000000000000000000e+00,2.436230897903442383e+00,-6.877392530441284180e-01,9.385568499565124512e-01,-6.540148258209228516e-01,5.751486867666244507e-02,1.168643087148666382e-01,1.000000000000000000e+00,1.738533258438110352e+00,-8.067819476127624512e-01,8.953806161880493164e-01,-4.848411083221435547e-01,-3.609760701656341553e-01,1.296278089284896851e-01,1.000000000000000000e+00,1.000000000000000000e+00,0.000000000000000000e+00,0.000000000000000000e+00,1.000000000000000000e+00,2.436230897903442383e+00,-6.877392530441284180e-01,9.385568499565124512e-01,-6.540148258209228516e-01,5.751486867666244507e-02,1.168643087148666382e-01,-2.407016468222087507e-02,-2.325304736771505176e-02,5.508944869689353513e-04,1.000000000000000000e+00,1.738533258438110352e+00,-8.067819476127624512e-01,8.953806161880493164e-01,-4.848411083221435547e-01,-3.609760701656341553e-01,1.296278089284896851e-01,-1.950230451110886720e-01,6.199965650784422522e-02,-8.638410273652216698e-02,1.000000000000000000e+00,-8.896775543689727783e-02,1.999987661838531494e-01,-1.000000014901161194e-01,4.169881939888000488e-01,-1.999999731779098511e-01,-6.993297487497329712e-02,-1.000000014901161194e-01,3.949035406112670898e-01,-2.959060668945312500e-02,-2.147841453552246094e-02,6.356239318847656250e-04,4.073598682880401611e-01,-2.000000029802322388e-01,2.000000029802322388e-01,-1.000000014901161194e-01,4.803133606910705566e-01
1.919999999999999929e+00,3.320906460285186768e-01,-5.537743568420410156e-01,1.165583014488220215e+00,3.549363091588020325e-02,1.998108178377151489e-01,1.697866469621658325e-01,9.843288660049438477e-01,9.119350463151931763e-02,1.509323269128799438e-01,-9.779226034879684448e-02,9.945235252380371094e-01,3.687523677945137024e-02,-1.467429548501968384e-01,-5.105737224221229553e-02,9.878561496734619141e-01,-2.868753671646118164e-01,4.408979713916778564e-01,2.990284562110900879e-02,1.000000000000000000e+00,0.000000000000000000e+00,3.320906460285186768e-01,-5.537743568420410156e-01,1.165583014488220215e+00,3.549363091588020325e-02,1.998108178377151489e-01,1.697866469621658325e-01,1.000000000000000000e+00,1.431540369987487793e+00,-5.622142553329467773e-01,8.499988317489624023e-01,3.407769799232482910e-01,5.962661504745483398e-01,3.923828899860382080e-02,1.000000000000000000e+00,2.423154115676879883e+00,-6.865496635437011719e-01,9.409122467041015625e-01,-6.536167263984680176e-01,6.190342828631401062e-02,1.189121305942535400e-01,1.000000000000000000e+00,1.729035377502441406e+00,-8.135995268821716309e-01,8.981702327728271484e-01,-4.619694352149963379e-01,-3.163390457630157471e-01,1.519063711166381836e-01,1.000000000000000000e+00,1.000000000000000000e+00,0.000000000000000000e+00,0.000000000000000000e+00,1.000000000000000000e+00,1.431540369987487793e+00,-5.622142553329467773e-01,8.499988317489624023e-01,3.407769799232482910e-01,5.962661504745483398e-01,3.923828899860382080e-02,9.888727068901062012e-01,1.189584806561470032e-01,-8.932939171791076660e-02,-9.822244197130203247e-02,9.730754494667053223e-01,2.085102349519729614e-01,1.117282956838607788e-01,-1.974159330129623413e-01,9.739321470260620117e-01,-9.841909632086753845e-04,3.091628253459930420e-01,7.354272156953811646e-02,0.000000000000000000e+00,1.000000000000000000e+00,3.320906460285186768e-01,-5.537743568420410156e-01,1.165583014488220215e+00,3.549363091588020325e-02,1.998108178377151489e-01,1.697866469621658325e-01,1.000000000000000000e+00,1.431540369987487793e+00,-5.622142553329467773e-01,8.499988317489624023e-01,3.407769799232482910e-01,5.962661504745483398e-01,3.923828899860382080e-02,1.000000000000000000e+00,2.423154115676879883e+00,-6.865496635437011719e-01,9.409122467041015625e-01,-6.536167263984680176e-01,6.190342828631401062e-02,1.189121305942535400e-01,1.000000000000000000e+00,1.729035377502441406e+00,-8.135995268821716309e-01,8.981702327728271484e-01,-4.619694352149963379e-01,-3.163390457630157471e-01,1.519063711166381836e-01,1.000000000000000000e+00,1.000000000000000000e+00,0.000000000000000000e+00,0.000000000000000000e+00,1.000000000000000000e+00,2.423154115676879883e+00,-6.865496635437011719e-01,9.409122467041015625e-01,-6.536167263984680176e-01,6.190342828631401062e-02,1.189121305942535400e-01,-2.467267640570154283e-02,-2.304011441681996786e-02,5.613478615427505702e-04,1.000000000000000000e+00,1.729035377502441406e+00,-8.135995268821716309e-01,8.981702327728271484e-01,-4.619694352149963379e-01,-3.163390457630157471e-01,1.519063711166381836e-01,-1.960642026310726593e-01,7.979209954013066763e-02,-9.377160797533706793e-02,1.000000000000000000e+00,-9.214620292186737061e-02,1.999999880790710449e-01,-1.000000014901161194e-01,4.132783710956573486e-01,-1.999999135732650757e-01,-6.028127297759056091e-02,-1.000000014901161194e-01,3.928649723529815674e-01,-3.157925605773925781e-02,-2.103495597839355469e-02,6.644725799560546875e-04,4.079704880714416504e-01,-2.000000029802322388e-01,2.000000029802322388e-01,-1.000000014901161194e-01,4.700830876827239990e-01
1.939999999999999947e+00,3.330745398998260498e-01,-5.497226715087890625e-01,1.168985247611999512e+00,6.618674099445343018e-02,2.061275690793991089e-01,1.703262031078338623e-01,9.831399917602539062e-01,8.974758535623550415e-02,1.593149155378341675e-01,-9.752889722585678101e-02,9.943588376045227051e-01,4.169888049364089966e-02,-1.546737998723983765e-01,-5.653364211320877075e-02,9.863468408584594727e-01,-2.737735509872436523e-01,3.519324958324432373e-01,2.763057313859462738e-02,1.000000000000000000e+00,0.000000000000000000e+00,3.330745398998260498e-01,-5.497226715087890625e-01,1.168985247611999512e+00,6.618674099445343018e-02,2.061275690793991089e-01,1.703262031078338623e-01,1.000000000000000000e+00,1.438179612159729004e+00,-5.499645471572875977e-01,8.507231473922729492e-01,3.214641213417053223e-01,6.321776509284973145e-01,3.222234919667243958e-02,1.000000000000000000e+00,2.410085439682006836e+00,-6.852713823318481445e-01,9.433104395866394043e-01,-6.531818509101867676e-01,6.639809906482696533e-02,1.211659684777259827e-01,1.000000000000000000e+00,1.720033168792724609e+00,-8.195262551307678223e-01,9.014198184013366699e-01,-4.348700344562530518e-01,-2.719711065292358398e-01,1.754746586084365845e-01,1.000000000000000000e+00,1.000000000000000000e+00,0.000000000000000000e+00,0.000000000000000000e+00,1.000000000000000000e+00,1.438179612159729004e+00,-5.499645471572875977e-01,8.507231473922729492e-01,3.214641213417053223e-01,6.321776509284973145e-01,3.222234919667243958e-02,9.896010756492614746e-01,1.174553930759429932e-01,-8.303040266036987305e-02,-9.806762635707855225e-02,9.732211232185363770e-01,2.079026252031326294e-01,1.052262187004089355e-01,-1.975980550050735474e-01,9.746191501617431641e-01,-7.619684911333024502e-04,3.306080102920532227e-01,7.735336571931838989e-02,0.000000000000000000e+00,1.000000000000000000e+00,3.330745398998260498e-01,-5.497226715087890625e-01,1.168985247611999512e+00,6.618674099445343018e-02,2.061275690793991089e-01,1.703262031078338623e-01,1.000000000000000000e+00,1.438179612159729004e+00,-5.499645471572875977e-01,8.507231473922729492e-01,3.214641213417053223e-01,6.321776509284973145e-01,3.222234919667243958e-02,1.000000000000000000e+00,2.410085439682006836e+00,-6.852713823318481445e-01,9.433104395866394043e-01,-6.531818509101867676e-01,6.639809906482696533e-02,1.211659684777259827e-01,1.000000000000000000e+00,1.720033168792724609e+00,-8.195262551307678223e-01,9.014198184013366699e-01,-4.348700344562530518e-01,-2.719711065292358398e-01,1.754746586084365845e-01,1.000000000000000000e+00,1.000000000000000000e+00,0.000000000000000000e+00,0.000000000000000000e+00,1.000000000000000000e+00,2.410085439682006836e+00,-6.852713823318481445e-01,9.433104395866394043e-01,-6.531818509101867676e-01,6.639809906482696533e-02,1.211659684777259827e-01,-2.544153909951044068e-02,-2.279775649752191491e-02,5.749610443915881969e-04,1.000000000000000000e+00,1.720033168792724609e+00,-8.195262551307678223e-01,9.014198184013366699e-01,-4.348700344562530518e-01,-2.719711065292358398e-01,1.754746586084365845e-01,-1.970754417206739273e-01,9.781466604877642190e-02,-9.874168855695103497e-02,1.000000000000000000e+00,-9.404200315475463867e-02,2.000000029802322388e-01,-1.000000014901161194e-01,4.100229442119598389e-01,-1.999996304512023926e-01,-4.929138720035552979e-02,-1.000000014901161194e-01,3.930542171001434326e-01,-3.389954566955566406e-02,-2.055859565734863281e-02,6.971359252929687500e-04,4.085717201232910156e-01,-2.000000029802322388e-01,2.000000029802322388e-01,-1.000000014901161194e-01,4.572816491127014160e-01
1.959999999999999964e+00,3.346832692623138428e-01,-5.455368757247924805e-01,1.172388434410095215e+00,9.803111106157302856e-02,2.133092731237411499e-01,1.697204262018203735e-01,9.821478724479675293e-01,8.837508410215377808e-02,1.660589575767517090e-01,-9.728846698999404907e-02,9.941780567169189453e-01,4.631545394659042358e-02,-1.609990298748016357e-01,-6.164424121379852295e-02,9.850276708602905273e-01,-2.492239326238632202e-01,2.849348783493041992e-01,2.431272156536579132e-02,1.000000000000000000e+00,0.000000000000000000e+00,3.346832692623138428e-01,-5.455368757247924805e-01,1.172388434410095215e+00,9.803111106157302856e-02,2.133092731237411499e-01,1.697204262018203735e-01,1.000000000000000000e+00,1.444446444511413574e+00,-5.370032191276550293e-01,8.512941598892211914e-01,3.036810457706451416e-01,6.673741936683654785e-01,2.386511303484439850e-02,1.000000000000000000e+00,2.397025823593139648e+00,-6.839019060134887695e-01,9.457557201385498047e-01,-6.527049541473388672e-01,7.103396207094192505e-02,1.236364692449569702e-01,1.000000000000000000e+00,1.711608171463012695e+00,-8.245702385902404785e-01,9.051401019096374512e-01,-4.039807617664337158e-01,-2.281656712293624878e-01,1.986614614725112915e-01,1.000000000000000000e+00,1.000000000000000000e+00,0.000000000000000000e+00,0.000000000000000000e+00,1.000000000000000000e+00,1.444446444511413574e+00,-5.370032191276550293e-01,8.512941598892211914e-01,3.036810457706451416e-01,6.673741936683654785e-01,2.386511303484439850e-02,9.903329610824584961e-01,1.158652380108833313e-01,-7.626269012689590454e-02,-9.792188555002212524e-02,9.733757972717285156e-01,2.072461098432540894e-01,9.824486821889877319e-02,-1.977748423814773560e-01,9.753118157386779785e-01,-5.868588341400027275e-04,3.571902811527252197e-01,8.211629837751388550e-02,0.000000000000000000e+00,1.000000000000000000e+00,3.346832692623138428e-01,-5.455368757247924805e-01,1.172388434410095215e+00,9.803111106157302856e-02,2.133092731237411499e-01,1.697204262018203735e-01,1.000000000000000000e+00,1.444446444511413574e+00,-5.370032191276550293e-01,8.512941598892211914e-01,3.036810457706451416e-01,6.673741936683654785e-01,2.386511303484439850e-02,1.000000000000000000e+00,2.397025823593139648e+00,-6.839019060134887695e-01,9.457557201385498047e-01,-6.527049541473388672e-01,7.103396207094192505e-02,1.236364692449569702e-01,1.000000000000000000e+00,1.711608171463012695e+00,-8.245702385902404785e-01,9.051401019096374512e-01,-4.039807617664337158e-01,-2.281656712293624878e-01,1.986614614725112915e-01,1.000000000000000000e+00,1.000000000000000000e+00,0.000000000000000000e+00,0.000000000000000000e+00,1.000000000000000000e+00,2.397025823593139648e+00,-6.839019060134887695e-01,9.457557201385498047e-01,-6.527049541473388672e-01,7.103396207094192505e-02,1.236364692449569702e-01,-2.640064025497593919e-02,-2.252439609416989619e-02,5.920247900283587272e-04,1.000000000000000000e+00,1.711608171463012695e+00,-8.245702385902404785e-01,9.051401019096374512e-01,-4.039807617664337158e-01,-2.281656712293624878e-01,1.986614614725112915e-01,-1.979091685448600146e-01,1.138697390483749405e-01,-1.015136043279042388e-01,1.000000000000000000e+00,-9.504158794879913330e-02,2.000000029802322388e-01,-1.000000014901161194e-01,4.067520201206207275e-01,-1.999979913234710693e-01,-3.814810886979103088e-02,-1.000000014901161194e-01,3.955850601196289062e-01,-3.655529022216796875e-02,-2.005720138549804688e-02,7.333755493164062500e-04,4.091308414936065674e-01,-2.000000029802322388e-01,2.000000029802322388e-01,-1.000000014901161194e-01,4.426536560058593750e-01
1.979999999999999982e+00,3.369366824626922607e-01,-5.412002801895141602e-01,1.175768017768859863e+00,1.306928545236587524e-01,2.212681323289871216e-01,1.678325533866882324e-01,9.812915921211242676e-01,8.713521063327789307e-02,1.716806143522262573e-01,-9.709490835666656494e-02,9.939940571784973145e-01,5.048051476478576660e-02,-1.662508994340896606e-01,-6.620541960000991821e-02,9.838584661483764648e-01,-2.181213647127151489e-01,2.451614439487457275e-01,2.056778036057949066e-02,1.000000000000000000e+00,0.000000000000000000e+00,3.369366824626922607e-01,-5.412002801895141602e-01,1.175768017768859863e+00,1.306928545236587524e-01,2.212681323289871216e-01,1.678325533866882324e-01,1.000000000000000000e+00,1.450371384620666504e+00,-5.233434438705444336e-01,8.516901731491088867e-01,2.874523401260375977e-01,7.019726037979125977e-01,1.474019512534141541e-02,1.000000000000000000e+00,2.383976459503173828e+00,-6.824382543563842773e-01,9.482523798942565918e-01,-6.521800756454467773e-01,7.585047185420989990e-02,1.263285577297210693e-01,1.000000000000000000e+00,1.703828215599060059e+00,-8.287452459335327148e-01,9.093082547187805176e-01,-3.702517449855804443e-01,-1.852098256349563599e-01,2.197877466678619385e-01,1.000000000000000000e+00,1.000000000000000000e+00,0.000000000000000000e+00,0.000000000000000000e+00,1.000000000000000000e+00,1.450371384620666504e+00,-5.233434438705444336e-01,8.516901731491088867e-01,2.874523401260375977e-01,7.019726037979125977e-01,1.474019512534141541e-02,9.910667538642883301e-01,1.141757890582084656e-01,-6.892491877079010010e-02,-9.779325872659683228e-02,9.735407233238220215e-01,2.065308988094329834e-01,9.068204462528228760e-02,-1.979455053806304932e-01,9.760094285011291504e-01,-3.629033453762531281e-04,3.870966136455535889e-01,8.719668537378311157e-02,0.000000000000000000e+00,1.000000000000000000e+00,3.369366824626922607e-01,-5.412002801895141602e-01,1.175768017768859863e+00,1.306928545236587524e-01,2.212681323289871216e-01,1.678325533866882324e-01,1.000000000000000000e+00,1.450371384620666504e+00,-5.233434438705444336e-01,8.516901731491088867e-01,2.874523401260375977e-01,7.019726037979125977e-01,1.474019512534141541e-02,1.000000000000000000e+00,2.383976459503173828e+00,-6.824382543563842773e-01,9.482523798942565918e-01,-6.521800756454467773e-01,7.585047185420989990e-02,1.263285577297210693e-01,1.000000000000000000e+00,1.703828215599060059e+00,-8.287452459335327148e-01,9.093082547187805176e-01,-3.702517449855804443e-01,-1.852098256349563599e-01,2.197877466678619385e-01,1.000000000000000000e+00,1.000000000000000000e+00,0.000000000000000000e+00,0.000000000000000000e+00,1.000000000000000000e+00,2.383976459503173828e+00,-6.824382543563842773e-01,9.482523798942565918e-01,-6.521800756454467773e-01,7.585047185420989990e-02,1.263285577297210693e-01,-2.757223908625433539e-02,-2.221951084526829767e-02,6.127897165265957374e-04,1.000000000000000000e+00,1.703828215599060059e+00,-8.287452459335327148e-01,9.093082547187805176e-01,-3.702517449855804443e-01,-1.852098256349563599e-01,2.197877466678619385e-01,-1.983684807296147712e-01,1.266612088865395336e-01,-1.025154985106020850e-01,1.000000000000000000e+00,-9.517926722764968872e-02,2.000000029802322388e-01,-1.000000014901161194e-01,4.017232954502105713e-01,-1.999874264001846313e-01,-2.696727775037288666e-02,-1.000000014901161194e-01,4.002021551132202148e-01,-3.954362869262695312e-02,-1.953768730163574219e-02,7.729530334472656250e-04,4.096197783946990967e-01,-2.000000029802322388e-01,2.000000029802322388e-01,-1.000000014901161194e-01,4.273855984210968018e-01
2.000000000000000000e+00,3.398489356040954590e-01,-5.366982221603393555e-01,1.179097175598144531e+00,1.639312505722045898e-01,2.298746556043624878e-01,1.644630581140518188e-01,9.805140495300292969e-01,8.605643361806869507e-02,1.765970289707183838e-01,-9.696348756551742554e-02,9.938178658485412598e-01,5.407587066292762756e-02,-1.708517074584960938e-01,-7.014561444520950317e-02,9.827966690063476562e-01,-1.860102266073226929e-01,2.181927710771560669e-01,1.677344366908073425e-02,1.000000000000000000e+00,0.000000000000000000e+00,3.398489356040954590e-01,-5.366982221603393555e-01,1.179097175598144531e+00,1.639312505722045898e-01,2.298746556043624878e-01,1.644630581140518188e-01,1.000000000000000000e+00,1.455986022949218750e+00,-5.089961886405944824e-01,8.519015908241271973e-01,2.728192508220672607e-01,7.361071109771728516e-01,5.515191704034805298e-03,1.000000000000000000e+00,2.370937824249267578e+00,-6.808761954307556152e-01,9.508047699928283691e-01,-6.516012549400329590e-01,8.089090883731842041e-02,1.292395591735839844e-01,1.000000000000000000e+00,1.696740746498107910e+00,-8.320707082748413086e-01,9.138695001602172852e-01,-3.347271680831909180e-01,-1.433452814817428589e-01,2.373999655246734619e-01,1.000000000000000000e+00,1.000000000000000000e+00,0.000000000000000000e+00,0.000000000000000000e+00,1.000000000000000000e+00,1.455986022949218750e+00,-5.089961886405944824e-01,8.519015908241271973e-01,2.728192508220672607e-01,7.361071109771728516e-01,5.515191704034805298e-03,9.917895793914794922e-01,1.123869046568870544e-01,-6.101287901401519775e-02,-9.768144041299819946e-02,9.737166762351989746e-01,2.057526856660842896e-01,8.253316581249237061e-02,-1.981035619974136353e-01,9.767001867294311523e-01,2.865875721909105778e-04,4.135957658290863037e-01,9.207439422607421875e-02,0.000000000000000000e+00,1.000000000000000000e+00,3.398489356040954590e-01,-5.366982221603393555e-01,1.179097175598144531e+00,1.639312505722045898e-01,2.298746556043624878e-01,1.644630581140518188e-01,1.000000000000000000e+00,1.455986022949218750e+00,-5.089961886405944824e-01,8.519015908241271973e-01,2.728192508220672607e-01,7.361071109771728516e-01,5.515191704034805298e-03,1.000000000000000000e+00,2.370937824249267578e+00,-6.808761954307556152e-01,9.508047699928283691e-01,-6.516012549400329590e-01,8.089090883731842041e-02,1.292395591735839844e-01,1.000000000000000000e+00,1.696740746498107910e+00,-8.320707082748413086e-01,9.138695001602172852e-01,-3.347271680831909180e-01,-1.433452814817428589e-01,2.373999655246734619e-01,1.000000000000000000e+00,1.000000000000000000e+00,0.000000000000000000e+00,0.000000000000000000e+00,1.000000000000000000e+00,2.370937824249267578e+00,-6.808761954307556152e-01,9.508047699928283691e-01,-6.516012549400329590e-01,8.089090883731842041e-02,1.292395591735839844e-01,-2.897543190576721411e-02,-2.188402726206795101e-02,6.374558925760862721e-04,1.000000000000000000e+00,1.696740746498107910e+00,-8.320707082748413086e-01,9.138695001602172852e-01,-3.347271680831909180e-01,-1.433452814817428589e-01,2.373999655246734619e-01,-1.986150524176255316e-01,1.367662618822209630e-01,-1.024052421540093960e-01,1.000000000000000000e+00,-9.464441239833831787e-02,2.000000029802322388e-01,-1.000000014901161194e-01,3.969950675964355469e-01,-2.000000029802322388e-01,-1.576786115765571594e-02,-1.000000014901161194e-01,4.064696729183197021e-01,-4.285550117492675781e-02,-1.901173591613769531e-02,8.151531219482421875e-04,4.100039005279541016e-01,-2.000000029802322388e-01,2.000000029802322388e-01,-1.000000014901161194e-01,4.132992625236511230e-01
2.020000000000000018e+00,3.434296846389770508e-01,-5.320194959640502930e-01,1.182343721389770508e+00,1.975574195384979248e-01,2.389856725931167603e-01,1.593781709671020508e-01,9.798019528388977051e-01,8.514499664306640625e-02,1.809376776218414307e-01,-9.689237177371978760e-02,9.936559200286865234e-01,5.709428712725639343e-02,-1.749285161495208740e-01,-7.347257435321807861e-02,9.818359613418579102e-01,-1.551683992147445679e-01,1.915262639522552490e-01,1.317864563316106796e-02,1.000000000000000000e+00,0.000000000000000000e+00,3.434296846389770508e-01,-5.320194959640502930e-01,1.182343721389770508e+00,1.975574195384979248e-01,2.389856725931167603e-01,1.593781709671020508e-01,1.000000000000000000e+00,1.461322903633117676e+00,-4.939694702625274658e-01,8.519324064254760742e-01,2.598298490047454834e-01,7.699050903320312500e-01,-3.168625757098197937e-03,1.000000000000000000e+00,2.357911586761474609e+00,-6.792110800743103027e-01,9.534173607826232910e-01,-6.509627103805541992e-01,8.620158582925796509e-02,1.323576271533966064e-01,1.000000000000000000e+00,1.690374016761779785e+00,-8.345698714256286621e-01,9.187438488006591797e-01,-2.981455922126770020e-01,-1.027140021324157715e-01,2.505121827125549316e-01,1.000000000000000000e+00,1.000000000000000000e+00,0.000000000000000000e+00,0.000000000000000000e+00,1.000000000000000000e+00,1.461322903633117676e+00,-4.939694702625274658e-01,8.519324064254760742e-01,2.598298490047454834e-01,7.699050903320312500e-01,-3.168625757098197937e-03,9.924820065498352051e-01,1.105045825242996216e-01,-5.261535942554473877e-02,-9.757269918918609619e-02,9.739041328430175781e-01,2.049158662557601929e-01,7.388645410537719727e-02,-1.982414573431015015e-01,9.773644804954528809e-01,6.632147124037146568e-04,4.348833560943603516e-01,9.657214581966400146e-02,0.000000000000000000e+00,1.000000000000000000e+00,3.434296846389770508e-01,-5.320194959640502930e-01,1.182343721389770508e+00,1.975574195384979248e-01,2.389856725931167603e-01,1.593781709671020508e-01,1.000000000000000000e+00,1.461322903633117676e+00,-4.939694702625274658e-01,8.519324064254760742e-01,2.598298490047454834e-01,7.699050903320312500e-01,-3.168625757098197937e-03,1.000000000000000000e+00,2.357911586761474609e+00,-6.792110800743103027e-01,9.534173607826232910e-01,-6.509627103805541992e-01,8.620158582925796509e-02,1.323576271533966064e-01,1.000000000000000000e+00,1.690374016761779785e+00,-8.345698714256286621e-01,9.187438488006591797e-01,-2.981455922126770020e-01,-1.027140021324157715e-01,2.505121827125549316e-01,1.000000000000000000e+00,1.000000000000000000e+00,0.000000000000000000e+00,0.000000000000000000e+00,1.000000000000000000e+00,2.357911586761474609e+00,-6.792110800743103027e-01,9.534173607826232910e-01,-6.509627103805541992e-01,8.620158582925796509e-02,1.323576271533966064e-01,-3.062525735799681570e-02,-2.152027056040206610e-02,6.661427125585553388e-04,1.000000000000000000e+00,1.690374016761779785e+00,-8.345698714256286621e-01,9.187438488006591797e-01,-2.981455922126770020e-01,-1.027140021324157715e-01,2.505121827125549316e-01,-1.987998379743285138e-01,1.454278400959478912e-01,-1.017961700494049715e-01,1.000000000000000000e+00,-9.361230581998825073e-02,2.000000029802322388e-01,-1.000000014901161194e-01,3.932097852230072021e-01,-1.999996304512023926e-01,-4.949107300490140915e-03,-1.000000014901161194e-01,4.129865169525146484e-01,-4.647827148437500000e-02,-1.849150657653808594e-02,8.599758148193359375e-04,4.102426469326019287e-01,-2.000000029802322388e-01,2.000000029802322388e-01,-1.000000014901161194e-01,4.018365442752838135e-01
2.040000000000000036e+00,3.476853370666503906e-01,-5.271549224853515625e-01,1.185472249984741211e+00,2.314193397760391235e-01,2.484709322452545166e-01,1.524968594312667847e-01,9.791683554649353027e-01,8.439762145280838013e-02,1.846797019243240356e-01,-9.686880558729171753e-02,9.935132265090942383e-01,5.956644564867019653e-02,-1.784544438123703003e-01,-7.621527463197708130e-02,9.809920787811279297e-01,-1.257231682538986206e-01,1.630717813968658447e-01,9.943781420588493347e-03,1.000000000000000000e+00,0.000000000000000000e+00,3.476853370666503906e-01,-5.271549224853515625e-01,1.185472249984741211e+00,2.314193397760391235e-01,2.484709322452545166e-01,1.524968594312667847e-01,1.000000000000000000e+00,1.466414928436279297e+00,-4.782689213752746582e-01,8.517984151840209961e-01,2.485342025756835938e-01,8.034747838973999023e-01,-1.076779328286647797e-02,1.000000000000000000e+00,2.344898462295532227e+00,-6.774370074272155762e-01,9.560939669609069824e-01,-6.502589583396911621e-01,9.183084964752197266e-02,1.356597840785980225e-01,1.000000000000000000e+00,1.684745311737060547e+00,-8.362679481506347656e-01,9.238359332084655762e-01,-2.609155476093292236e-01,-6.337229162454605103e-02,2.586696445941925049e-01,1.000000000000000000e+00,1.000000000000000000e+00,0.000000000000000000e+00,0.000000000000000000e+00,1.000000000000000000e+00,1.466414928436279297e+00,-4.782689213752746582e-01,8.517984151840209961e-01,2.485342025756835938e-01,8.034747838973999023e-01,-1.076779328286647797e-02,9.931253194808959961e-01,1.085386723279953003e-01,-4.383514076471328735e-02,-9.745319187641143799e-02,9.740993976593017578e-01,2.040423452854156494e-01,6.484626978635787964e-02,-1.983677446842193604e-01,9.779801964759826660e-01,3.780336410272866488e-04,4.507853686809539795e-01,1.002970859408378601e-01,0.000000000000000000e+00,1.000000000000000000e+00,3.476853370666503906e-01,-5.271549224853515625e-01,1.185472249984741211e+00,2.314193397760391235e-01,2.484709322452545166e-01,1.524968594312667847e-01,1.000000000000000000e+00,1.466414928436279297e+00,-4.782689213752746582e-01,8.517984151840209961e-01,2.485342025756835938e-01,8.034747838973999023e-01,-1.076779328286647797e-02,1.000000000000000000e+00,2.344898462295532227e+00,-6.774370074272155762e-01,9.560939669609069824e-01,-6.502589583396911621e-01,9.183084964752197266e-02,1.356597840785980225e-01,1.000000000000000000e+00,1.684745311737060547e+00,-8.362679481506347656e-01,9.238359332084655762e-01,-2.609155476093292236e-01,-6.337229162454605103e-02,2.586696445941925049e-01,1.000000000000000000e+00,1.000000000000000000e+00,0.000000000000000000e+00,0.000000000000000000e+00,1.000000000000000000e+00,2.344898462295532227e+00,-6.774370074272155762e-01,9.560939669609069824e-01,-6.502589583396911621e-01,9.183084964752197266e-02,1.356597840785980225e-01,-3.253241445747035582e-02,-2.113184422674208029e-02,6.988731829042915678e-04,1.000000000000000000e+00,1.684745311737060547e+00,-8.362679481506347656e-01,9.238359332084655762e-01,-2.609155476093292236e-01,-6.337229162454605103e-02,2.586696445941925049e-01,-1.989422820656301938e-01,1.532953502281759750e-01,-1.010514147707232135e-01,1.000000000000000000e+00,-9.046131372451782227e-02,2.000000029802322388e-01,-1.000000014901161194e-01,3.915701210498809814e-01,-1.998823583126068115e-01,5.863300990313291550e-03,-1.000000014901161194e-01,4.211407899856567383e-01,-5.039811134338378906e-02,-1.798701286315917969e-02,9.071826934814453125e-04,4.103057086467742920e-01,-2.000000029802322388e-01,2.000000029802322388e-01,-1.000000014901161194e-01,3.935607075691223145e-01
2.060000000000000053e+00,3.526194393634796143e-01,-5.220981240272521973e-01,1.188447833061218262e+00,2.654049098491668701e-01,2.582211494445800781e-01,1.439613103866577148e-01,9.786208271980285645e-01,8.381430804729461670e-02,1.878205984830856323e-01,-9.688040614128112793e-02,9.933950304985046387e-01,6.148668006062507629e-02,-1.814265698194503784e-01,-7.836827635765075684e-02,9.802770018577575684e-01,-9.216415137052536011e-02,1.367033869028091431e-01,7.092299871146678925e-03,1.000000000000000000e+00,0.000000000000000000e+00,3.526194393634796143e-01,-5.220981240272521973e-01,1.188447833061218262e+00,2.654049098491668701e-01,2.582211494445800781e-01,1.439613103866577148e-01,1.000000000000000000e+00,1.471296668052673340e+00,-4.618983566761016846e-01,8.515257835388183594e-01,2.389790862798690796e-01,8.369168639183044434e-01,-1.679235883057117462e-02,1.000000000000000000e+00,2.331899881362915039e+00,-6.755471229553222656e-01,9.588379859924316406e-01,-6.494851708412170410e-01,9.782812744379043579e-02,1.391108185052871704e-01,1.000000000000000000e+00,1.679865241050720215e+00,-8.371906280517578125e-01,9.290466904640197754e-01,-2.232739627361297607e-01,-2.529386244714260101e-02,2.619418799877166748e-01,1.000000000000000000e+00,1.000000000000000000e+00,0.000000000000000000e+00,0.000000000000000000e+00,1.000000000000000000e+00,1.471296668052673340e+00,-4.618983566761016846e-01,8.515257835388183594e-01,2.389790862798690796e-01,8.369168639183044434e-01,-1.679235883057117462e-02,9.937037229537963867e-01,1.065051183104515076e-01,-3.478227555751800537e-02,-9.731466323137283325e-02,9.743000268936157227e-01,2.031491249799728394e-01,5.552478134632110596e-02,-1.984851807355880737e-01,9.785299301147460938e-01,3.275676863268017769e-04,4.614788591861724854e-01,1.032330095767974854e-01,0.000000000000000000e+00,1.000000000000000000e+00,3.526194393634796143e-01,-5.220981240272521973e-01,1.188447833061218262e+00,2.654049098491668701e-01,2.582211494445800781e-01,1.439613103866577148e-01,1.000000000000000000e+00,1.471296668052673340e+00,-4.618983566761016846e-01,8.515257835388183594e-01,2.389790862798690796e-01,8.369168639183044434e-01,-1.679235883057117462e-02,1.000000000000000000e+00,2.331899881362915039e+00,-6.755471229553222656e-01,9.588379859924316406e-01,-6.494851708412170410e-01,9.782812744379043579e-02,1.391108185052871704e-01,1.000000000000000000e+00,1.679865241050720215e+00,-8.371906280517578125e-01,9.290466904640197754e-01,-2.232739627361297607e-01,-2.529386244714260101e-02,2.619418799877166748e-01,1.000000000000000000e+00,1.000000000000000000e+00,0.000000000000000000e+00,0.000000000000000000e+00,1.000000000000000000e+00,2.331899881362915039e+00,-6.755471229553222656e-01,9.588379859924316406e-01,-6.494851708412170410e-01,9.782812744379043579e-02,1.391108185052871704e-01,-3.470383656225520252e-02,-2.072361309350023717e-02,7.355907907596881401e-04,1.000000000000000000e+00,1.679865241050720215e+00,-8.371906280517578125e-01,9.290466904640197754e-01,-2.232739627361297607e-01,-2.529386244714260101e-02,2.619418799877166748e-01,-1.990244874245497564e-01,1.603402568127743066e-01,-1.003083393327049433e-01,1.000000000000000000e+00,-8.623027056455612183e-02,2.000000029802322388e-01,-1.000000014901161194e-01,3.916658163070678711e-01,-1.965434998273849487e-01,1.601549983024597168e-02,-1.000000014901161194e-01,4.279325306415557861e-01,-5.460166931152343750e-02,-1.750349998474121094e-02,9.565353393554687500e-04,4.101827144622802734e-01,-2.000000029802322388e-01,2.000000029802322388e-01,-1.000000014901161194e-01,3.883771598339080811e-01
2.080000000000000071e+00,3.582338988780975342e-01,-5.168446302413940430e-01,1.191240429878234863e+00,2.994530498981475830e-01,2.681314051151275635e-01,1.341261714696884155e-01,9.781516194343566895e-01,8.341818302869796753e-02,1.904232650995254517e-01,-9.691964834928512573e-02,9.933146834373474121e-01,6.271082907915115356e-02,-1.839189976453781128e-01,-7.979644089937210083e-02,9.796971678733825684e-01,-5.013688653707504272e-02,1.154522970318794250e-01,4.674209281802177429e-03,1.000000000000000000e+00,0.000000000000000000e+00,3.582338988780975342e-01,-5.168446302413940430e-01,1.191240429878234863e+00,2.994530498981475830e-01,2.681314051151275635e-01,1.341261714696884155e-01,1.000000000000000000e+00,1.476003408432006836e+00,-4.448593854904174805e-01,8.511499166488647461e-01,2.312081605195999146e-01,8.703119754791259766e-01,-2.084270864725112915e-02,1.000000000000000000e+00,2.318917512893676758e+00,-6.735334992408752441e-01,9.616520404815673828e-01,-6.486374735832214355e-01,1.042430475354194641e-01,1.426626890897750854e-01,1.000000000000000000e+00,1.675740480422973633e+00,-8.373624682426452637e-01,9.342821240425109863e-01,-1.853965520858764648e-01,1.161863375455141068e-02,2.608014345169067383e-01,1.000000000000000000e+00,1.000000000000000000e+00,0.000000000000000000e+00,0.000000000000000000e+00,1.000000000000000000e+00,1.476003408432006836e+00,-4.448593854904174805e-01,8.511499166488647461e-01,2.312081605195999146e-01,8.703119754791259766e-01,-2.084270864725112915e-02,9.942044615745544434e-01,1.044244691729545593e-01,-2.555598318576812744e-02,-9.715916961431503296e-02,9.745151400566101074e-01,2.021892070770263672e-01,4.601819068193435669e-02,-1.985343992710113525e-01,9.790130257606506348e-01,9.028997272253036499e-03,4.677985608577728271e-01,1.047003492712974548e-01,0.000000000000000000e+00,1.000000000000000000e+00,3.582338988780975342e-01,-5.168446302413940430e-01,1.191240429878234863e+00,2.994530498981475830e-01,2.681314051151275635e-01,1.341261714696884155e-01,1.000000000000000000e+00,1.476003408432006836e+00,-4.448593854904174805e-01,8.511499166488647461e-01,2.312081605195999146e-01,8.703119754791259766e-01,-2.084270864725112915e-02,1.000000000000000000e+00,2.318917512893676758e+00,-6.735334992408752441e-01,9.616520404815673828e-01,-6.486374735832214355e-01,1.042430475354194641e-01,1.426626890897750854e-01,1.000000000000000000e+00,1.675740480422973633e+00,-8.373624682426452637e-01,9.342821240425109863e-01,-1.853965520858764648e-01,1.161863375455141068e-02,2.608014345169067383e-01,1.000000000000000000e+00,1.000000000000000000e+00,0.000000000000000000e+00,0.000000000000000000e+00,1.000000000000000000e+00,2.318917512893676758e+00,-6.735334992408752441e-01,9.616520404815673828e-01,-6.486374735832214355e-01,1.042430475354194641e-01,1.426626890897750854e-01,-3.714364470307653099e-02,-2.030136669926396742e-02,7.759585126350908302e-04,1.000000000000000000e+00,1.675740480422973633e+00,-8.373624682426452637e-01,9.342821240425109863e-01,-1.853965520858764648e-01,1.161863375455141068e-02,2.608014345169067383e-01,-1.990544312945144445e-01,1.663764795749347325e-01,-9.960809530195680050e-02,1.000000000000000000e+00,-8.029767125844955444e-02,2.000000029802322388e-01,-1.000000014901161194e-01,3.927719891071319580e-01,-1.864852011203765869e-01,2.592764608561992645e-02,-1.000000014901161194e-01,4.330416321754455566e-01,-5.907130241394042969e-02,-1.703667640686035156e-02,1.007556915283203125e-03,4.098873138427734375e-01,-2.000000029802322388e-01,2.000000029802322388e-01,-1.000000014901161194e-01,3.858934044837951660e-01
2.100000000000000089e+00,3.645296990871429443e-01,-5.113924741744995117e-01,1.193827867507934570e+00,3.335401117801666260e-01,2.780757844448089600e-01,1.234289109706878662e-01,9.777450561523437500e-01,8.323575556278228760e-02,1.925787478685379028e-01,-9.698146581649780273e-02,9.932858347892761230e-01,6.307165324687957764e-02,-1.860359162092208862e-01,-8.034455776214599609e-02,9.792525768280029297e-01,-1.062455819919705391e-03,9.908763319253921509e-02,2.672831062227487564e-03,1.000000000000000000e+00,0.000000000000000000e+00,3.645296990871429443e-01,-5.113924741744995117e-01,1.193827867507934570e+00,3.335401117801666260e-01,2.780757844448089600e-01,1.234289109706878662e-01,1.000000000000000000e+00,1.480571031570434570e+00,-4.271528720855712891e-01,8.507122993469238281e-01,2.252619266510009766e-01,9.036604166030883789e-01,-2.274943515658378601e-02,1.000000000000000000e+00,2.305953025817871094e+00,-6.713875532150268555e-01,9.645375013351440430e-01,-6.477130651473999023e-01,1.111248657107353210e-01,1.462558507919311523e-01,1.000000000000000000e+00,1.672374367713928223e+00,-8.368055224418640137e-01,9.394601583480834961e-01,-1.474112272262573242e-01,4.751142114400863647e-02,2.559685111045837402e-01,1.000000000000000000e+00,1.000000000000000000e+00,0.000000000000000000e+00,0.000000000000000000e+00,1.000000000000000000e+00,1.480571031570434570e+00,-4.271528720855712891e-01,8.507122993469238281e-01,2.252619266510009766e-01,9.036604166030883789e-01,-2.274943515658378601e-02,9.946178793907165527e-01,1.023251786828041077e-01,-1.627739146351814270e-02,-9.700102359056472778e-02,9.748126864433288574e-01,2.008261829614639282e-01,3.641698136925697327e-02,-1.981663852930068970e-01,9.794917106628417969e-01,4.877346381545066833e-02,4.703291952610015869e-01,1.041834577918052673e-01,0.000000000000000000e+00,1.000000000000000000e+00,3.645296990871429443e-01,-5.113924741744995117e-01,1.193827867507934570e+00,3.335401117801666260e-01,2.780757844448089600e-01,1.234289109706878662e-01,1.000000000000000000e+00,1.480571031570434570e+00,-4.271528720855712891e-01,8.507122993469238281e-01,2.252619266510009766e-01,9.036604166030883789e-01,-2.274943515658378601e-02,1.000000000000000000e+00,2.305953025817871094e+00,-6.713875532150268555e-01,9.645375013351440430e-01,-6.477130651473999023e-01,1.111248657107353210e-01,1.462558507919311523e-01,1.000000000000000000e+00,1.672374367713928223e+00,-8.368055224418640137e-01,9.394601583480834961e-01,-1.474112272262573242e-01,4.751142114400863647e-02,2.559685111045837402e-01,1.000000000000000000e+00,1.000000000000000000e+00,0.000000000000000000e+00,0.000000000000000000e+00,1.000000000000000000e+00,2.305953025817871094e+00,-6.713875532150268555e-01,9.645375013351440430e-01,-6.477130651473999023e-01,1.111248657107353210e-01,1.462558507919311523e-01,-3.985394787751381229e-02,-1.987119251195212932e-02,8.195428085702206877e-04,1.000000000000000000e+00,1.672374367713928223e+00,-8.368055224418640137e-01,9.394601583480834961e-01,-1.474112272262573242e-01,4.751142114400863647e-02,2.559685111045837402e-01,-1.990636639264108110e-01,1.714069435384872886e-01,-9.898529993628271684e-02,1.000000000000000000e+00,-7.249455153942108154e-02,2.000000029802322388e-01,-1.000000014901161194e-01,3.940409123897552490e-01,-1.754800528287887573e-01,3.539233654737472534e-02,-1.000000014901161194e-01,4.360650479793548584e-01,-6.377673149108886719e-02,-1.657891273498535156e-02,1.058816909790039062e-03,4.094484150409698486e-01,-2.000000029802322388e-01,2.000000029802322388e-01,-1.000000014901161194e-01,3.855803906917572021e-01
2.120000000000000107e+00,3.715074658393859863e-01,-5.057422518730163574e-01,1.196196317672729492e+00,3.676560223102569580e-01,2.879009544849395752e-01,1.122679635882377625e-01,9.773887991905212402e-01,8.328756690025329590e-02,1.943564862012863159e-01,-9.706051647663116455e-02,9.933182597160339355e-01,6.243579462170600891e-02,-1.878577023744583130e-01,-7.988838106393814087e-02,9.789419770240783691e-01,5.367944389581680298e-02,8.565782755613327026e-02,1.034349785186350346e-03,1.000000000000000000e+00,0.000000000000000000e+00,3.715074658393859863e-01,-5.057422518730163574e-01,1.196196317672729492e+00,3.676560223102569580e-01,2.879009544849395752e-01,1.122679635882377625e-01,1.000000000000000000e+00,1.485036253929138184e+00,-4.087807834148406982e-01,8.502557277679443359e-01,2.211628109216690063e-01,9.368102550506591797e-01,-2.253850735723972321e-02,1.000000000000000000e+00,2.293007612228393555e+00,-6.690993309020996094e-01,9.674949645996093750e-01,-6.467100381851196289e-01,1.185219585895538330e-01,1.498232781887054443e-01,1.000000000000000000e+00,1.669768333435058594e+00,-8.355386257171630859e-01,9.445143938064575195e-01,-1.093802973628044128e-01,8.255267888307571411e-02,2.482730150222778320e-01,1.000000000000000000e+00,1.000000000000000000e+00,0.000000000000000000e+00,0.000000000000000000e+00,1.000000000000000000e+00,1.485036253929138184e+00,-4.087807834148406982e-01,8.502557277679443359e-01,2.211628109216690063e-01,9.368102550506591797e-01,-2.253850735723972321e-02,9.949376583099365234e-01,1.002444922924041748e-01,-7.086971774697303772e-03,-9.685686230659484863e-02,9.753367304801940918e-01,1.983359009027481079e-01,2.679426409304141998e-02,-1.966454237699508667e-01,9.801085591316223145e-01,1.261437088251113892e-01,4.700231254100799561e-01,1.018403694033622742e-01,0.000000000000000000e+00,1.000000000000000000e+00,3.715074658393859863e-01,-5.057422518730163574e-01,1.196196317672729492e+00,3.676560223102569580e-01,2.879009544849395752e-01,1.122679635882377625e-01,1.000000000000000000e+00,1.485036253929138184e+00,-4.087807834148406982e-01,8.502557277679443359e-01,2.211628109216690063e-01,9.368102550506591797e-01,-2.253850735723972321e-02,1.000000000000000000e+00,2.293007612228393555e+00,-6.690993309020996094e-01,9.674949645996093750e-01,-6.467100381851196289e-01,1.185219585895538330e-01,1.498232781887054443e-01,1.000000000000000000e+00,1.669768333435058594e+00,-8.355386257171630859e-01,9.445143938064575195e-01,-1.093802973628044128e-01,8.255267888307571411e-02,2.482730150222778320e-01,1.000000000000000000e+00,1.000000000000000000e+00,0.000000000000000000e+00,0.000000000000000000e+00,1.000000000000000000e+00,2.293007612228393555e+00,-6.690993309020996094e-01,9.674949645996093750e-01,-6.467100381851196289e-01,1.185219585895538330e-01,1.498232781887054443e-01,-4.283382047288305378e-02,-1.943795505902823351e-02,8.660687606883155087e-04,1.000000000000000000e+00,1.669768333435058594e+00,-8.355386257171630859e-01,9.445143938064575195e-01,-1.093802973628044128e-01,8.255267888307571411e-02,2.482730150222778320e-01,-1.990788329746135121e-01,1.756146750164486736e-01,-9.848068432958204110e-02,1.000000000000000000e+00,-6.287018954753875732e-02,1.999999582767486572e-01,-1.000000014901161194e-01,3.962329030036926270e-01,-1.600698977708816528e-01,4.231236129999160767e-02,-1.000000014901161194e-01,4.362069964408874512e-01,-6.867170333862304688e-02,-1.612114906311035156e-02,1.108646392822265625e-03,4.088989496231079102e-01,-2.000000029802322388e-01,2.000000029802322388e-01,-1.000000014901161194e-01,3.868606984615325928e-01
2.140000000000000124e+00,3.791677653789520264e-01,-4.998977780342102051e-01,1.198340296745300293e+00,4.017936885356903076e-01,2.974302470684051514e-01,1.009895205497741699e-01,9.770766496658325195e-01,8.359113335609436035e-02,1.957904398441314697e-01,-9.715172648429870605e-02,9.934171438217163086e-01,6.069658324122428894e-02,-1.894278824329376221e-01,-7.832659035921096802e-02,9.787656664848327637e-01,1.130004227161407471e-01,7.366846501827239990e-02,-3.169822448398917913e-04,1.000000000000000000e+00,0.000000000000000000e+00,3.791677653789520264e-01,-4.998977780342102051e-01,1.198340296745300293e+00,4.017936885356903076e-01,2.974302470684051514e-01,1.009895205497741699e-01,1.000000000000000000e+00,1.489436149597167969e+00,-3.897498250007629395e-01,8.498210906982421875e-01,2.189057469367980957e-01,9.694190621376037598e-01,-2.043394371867179871e-02,1.000000000000000000e+00,2.280082941055297852e+00,-6.666582226753234863e-01,9.705228805541992188e-01,-6.456274390220642090e-01,1.264810562133789062e-01,1.532961279153823853e-01,1.000000000000000000e+00,1.667923331260681152e+00,-8.335773944854736328e-01,9.493950605392456055e-01,-7.130353897809982300e-02,1.169094517827033997e-01,2.385500073432922363e-01,1.000000000000000000e+00,1.000000000000000000e+00,0.000000000000000000e+00,0.000000000000000000e+00,1.000000000000000000e+00,1.489436149597167969e+00,-3.897498250007629395e-01,8.498210906982421875e-01,2.189057469367980957e-01,9.694190621376037598e-01,-2.043394371867179871e-02,9.951599836349487305e-01,9.825164824724197388e-02,1.875334652140736580e-03,-9.674509614706039429e-02,9.761953949928283691e-01,1.941218227148056030e-01,1.724209450185298920e-02,-1.933636814355850220e-01,9.809758067131042480e-01,2.261794805526733398e-01,4.620929658412933350e-01,9.627898037433624268e-02,0.000000000000000000e+00,1.000000000000000000e+00,3.791677653789520264e-01,-4.998977780342102051e-01,1.198340296745300293e+00,4.017936885356903076e-01,2.974302470684051514e-01,1.009895205497741699e-01,1.000000000000000000e+00,1.489436149597167969e+00,-3.897498250007629395e-01,8.498210906982421875e-01,2.189057469367980957e-01,9.694190621376037598e-01,-2.043394371867179871e-02,1.000000000000000000e+00,2.280082941055297852e+00,-6.666582226753234863e-01,9.705228805541992188e-01,-6.456274390220642090e-01,1.264810562133789062e-01,1.532961279153823853e-01,1.000000000000000000e+00,1.667923331260681152e+00,-8.335773944854736328e-01,9.493950605392456055e-01,-7.130353897809982300e-02,1.169094517827033997e-01,2.385500073432922363e-01,1.000000000000000000e+00,1.000000000000000000e+00,0.000000000000000000e+00,0.000000000000000000e+00,1.000000000000000000e+00,2.280082941055297852e+00,-6.666582226753234863e-01,9.705228805541992188e-01,-6.456274390220642090e-01,1.264810562133789062e-01,1.532961279153823853e-01,-4.607690506519335205e-02,-1.900344056717551133e-02,9.151960388649009459e-04,1.000000000000000000e+00,1.667923331260681152e+00,-8.335773944854736328e-01,9.493950605392456055e-01,-7.130353897809982300e-02,1.169094517827033997e-01,2.385500073432922363e-01,-1.991087847735475702e-01,1.792039362458850427e-01,-9.811979945052071161e-02,1.000000000000000000e+00,-5.381968617439270020e-02,2.000000029802322388e-01,-1.000000014901161194e-01,3.943853676319122314e-01,-1.406679302453994751e-01,4.884523153305053711e-02,-1.000000014901161194e-01,4.347177147865295410e-01,-7.369160652160644531e-02,-1.565504074096679688e-02,1.155614852905273438e-03,4.082734584808349609e-01,-2.000000029802322388e-01,2.000000029802322388e-01,-1.000000014901161194e-01,3.891355395317077637e-01
2.160000000000000142e+00,3.875107467174530029e-01,-4.938669204711914062e-01,1.200258731842041016e+00,4.359040558338165283e-01,3.064551353454589844e-01,8.969487994909286499e-02,9.768057465553283691e-01,8.415484428405761719e-02,1.968978941440582275e-01,-9.724879264831542969e-02,9.935811161994934082e-01,5.778889730572700500e-02,-1.907707750797271729e-01,-7.559660077095031738e-02,9.787195324897766113e-01,1.712239682674407959e-01,6.277816742658615112e-02,-1.287637511268258095e-03,1.000000000000000000e+00,0.000000000000000000e+00,3.875107467174530029e-01,-4.938669204711914062e-01,1.200258731842041016e+00,4.359040558338165283e-01,3.064551353454589844e-01,8.969487994909286499e-02,1.000000000000000000e+00,1.493807196617126465e+00,-3.700750172138214111e-01,8.494428396224975586e-01,2.184404134750366211e-01,1.001014828681945801e+00,-1.680784299969673157e-02,1.000000000000000000e+00,2.267180919647216797e+00,-6.640525460243225098e-01,9.736189246177673340e-01,-6.444644927978515625e-01,1.350462138652801514e-01,1.566088199615478516e-01,1.000000000000000000e+00,1.666840910911560059e+00,-8.309339880943298340e-01,9.540687203407287598e-01,-3.314605727791786194e-02,1.507325470447540283e-01,2.275663167238235474e-01,1.000000000000000000e+00,1.000000000000000000e+00,0.000000000000000000e+00,0.000000000000000000e+00,1.000000000000000000e+00,1.493807196617126465e+00,-3.700750172138214111e-01,8.494428396224975586e-01,2.184404134750366211e-01,1.001014828681945801e+00,-1.680784299969673157e-02,9.952849149703979492e-01,9.643837064504623413e-02,1.037720404565334320e-02,-9.666670113801956177e-02,9.774259328842163086e-01,1.878674775362014771e-01,7.974685169756412506e-03,-1.879847794771194458e-01,9.821396470069885254e-01,3.372593522071838379e-01,4.427571892738342285e-01,8.803632110357284546e-02,0.000000000000000000e+00,1.000000000000000000e+00,3.875107467174530029e-01,-4.938669204711914062e-01,1.200258731842041016e+00,4.359040558338165283e-01,3.064551353454589844e-01,8.969487994909286499e-02,1.000000000000000000e+00,1.493807196617126465e+00,-3.700750172138214111e-01,8.494428396224975586e-01,2.184404134750366211e-01,1.001014828681945801e+00,-1.680784299969673157e-02,1.000000000000000000e+00,2.267180919647216797e+00,-6.640525460243225098e-01,9.736189246177673340e-01,-6.444644927978515625e-01,1.350462138652801514e-01,1.566088199615478516e-01,1.000000000000000000e+00,1.666840910911560059e+00,-8.309339880943298340e-01,9.540687203407287598e-01,-3.314605727791786194e-02,1.507325470447540283e-01,2.275663167238235474e-01,1.000000000000000000e+00,1.000000000000000000e+00,0.000000000000000000e+00,0.000000000000000000e+00,1.000000000000000000e+00,2.267180919647216797e+00,-6.640525460243225098e-01,9.736189246177673340e-01,-6.444644927978515625e-01,1.350462138652801514e-01,1.566088199615478516e-01,-4.956993763909096906e-02,-1.856658829124513410e-02,9.663560913046459477e-04,1.000000000000000000e+00,1.666840910911560059e+00,-8.309339880943298340e-01,9.540687203407287598e-01,-3.314605727791786194e-02,1.507325470447540283e-01,2.275663167238235474e-01,-1.991502923434995687e-01,1.823003447414011102e-01,-9.790071746903618310e-02,1.000000000000000000e+00,-4.658396914601325989e-02,1.999999880790710449e-01,-1.000000014901161194e-01,3.919064104557037354e-01,-1.160042211413383484e-01,5.496194958686828613e-02,-1.000000014901161194e-01,4.317845702171325684e-01,-7.875108718872070312e-02,-1.518225669860839844e-02,1.198053359985351562e-03,4.075837433338165283e-01,-2.000000029802322388e-01,2.000000029802322388e-01,-1.000000014901161194e-01,3.918438553810119629e-01
2.180000000000000160e+00,3.965349793434143066e-01,-4.876617193222045898e-01,1.201949596405029297e+00,4.698821604251861572e-01,3.147546350955963135e-01,7.818038016557693481e-02,9.765727519989013672e-01,8.494071662425994873e-02,1.977146118879318237e-01,-9.734538197517395020e-02,9.937916994094848633e-01,5.387292057275772095e-02,-1.919111162424087524e-01,-7.185741513967514038e-02,9.787783622741699219e-01,2.118874937295913696e-01,5.330206081271171570e-02,-1.894109649583697319e-03,1.000000000000000000e+00,0.000000000000000000e+00,3.965349793434143066e-01,-4.876617193222045898e-01,1.201949596405029297e+00,4.698821604251861572e-01,3.147546350955963135e-01,7.818038016557693481e-02,1.000000000000000000e+00,1.498184442520141602e+00,-3.497812151908874512e-01,8.491476178169250488e-01,2.196559309959411621e-01,1.031066298484802246e+00,-1.209931354969739914e-02,1.000000000000000000e+00,2.254302740097045898e+00,-6.612699031829833984e-01,9.767793416976928711e-01,-6.432203054428100586e-01,1.442572772502899170e-01,1.597016602754592896e-01,1.000000000000000000e+00,1.666522145271301270e+00,-8.276180028915405273e-01,9.585162401199340820e-01,5.130078177899122238e-03,1.841483563184738159e-01,2.159711718559265137e-01,1.000000000000000000e+00,1.000000000000000000e+00,0.000000000000000000e+00,0.000000000000000000e+00,1.000000000000000000e+00,1.498184442520141602e+00,-3.497812151908874512e-01,8.491476178169250488e-01,2.196559309959411621e-01,1.031066298484802246e+00,-1.209931354969739914e-02,9.953209161758422852e-01,9.489247202873229980e-02,1.821439526975154877e-02,-9.662137925624847412e-02,9.790207147598266602e-01,1.793957203626632690e-01,-8.089674520306289196e-04,-1.803161948919296265e-01,9.836084246635437012e-01,4.587408602237701416e-01,4.170532822608947754e-01,7.728991657495498657e-02,0.000000000000000000e+00,1.000000000000000000e+00,3.965349793434143066e-01,-4.876617193222045898e-01,1.201949596405029297e+00,4.698821604251861572e-01,3.147546350955963135e-01,7.818038016557693481e-02,1.000000000000000000e+00,1.498184442520141602e+00,-3.497812151908874512e-01,8.491476178169250488e-01,2.196559309959411621e-01,1.031066298484802246e+00,-1.209931354969739914e-02,1.000000000000000000e+00,2.254302740097045898e+00,-6.612699031829833984e-01,9.767793416976928711e-01,-6.432203054428100586e-01,1.442572772502899170e-01,1.597016602754592896e-01,1.000000000000000000e+00,1.666522145271301270e+00,-8.276180028915405273e-01,9.585162401199340820e-01,5.130078177899122238e-03,1.841483563184738159e-01,2.159711718559265137e-01,1.000000000000000000e+00,1.000000000000000000e+00,0.000000000000000000e+00,0.000000000000000000e+00,1.000000000000000000e+00,2.254302740097045898e+00,-6.612699031829833984e-01,9.767793416976928711e-01,-6.432203054428100586e-01,1.442572772502899170e-01,1.597016602754592896e-01,-5.329185765124942048e-02,-1.812519283324998121e-02,1.018772299384615443e-03,1.000000000000000000e+00,1.666522145271301270e+00,-8.276180028915405273e-01,9.585162401199340820e-01,5.130078177899122238e-03,1.841483563184738159e-01,2.159711718559265137e-01,-1.991981715342632797e-01,1.849582668405920227e-01,-9.780128153343363440e-02,1.000000000000000000e+00,-4.096134379506111145e-02,2.000000029802322388e-01,-1.000000014901161194e-01,3.911701142787933350e-01,-8.036060631275177002e-02,6.296154856681823730e-02,-1.000000014901161194e-01,4.284796118736267090e-01,-8.375096321105957031e-02,-1.471900939941406250e-02,1.235485076904296875e-03,4.068052768707275391e-01,-2.000000029802322388e-01,2.000000029802322388e-01,-1.000000014901161194e-01,3.945219814777374268e-01
2.200000000000000178e+00,4.062369763851165771e-01,-4.812983274459838867e-01,1.203407168388366699e+00,5.036569833755493164e-01,3.221755325794219971e-01,6.635393947362899780e-02,9.763725399971008301e-01,8.585295826196670532e-02,1.983076184988021851e-01,-9.743721038103103638e-02,9.940150380134582520e-01,4.939742013812065125e-02,-1.928798407316207886e-01,-6.755282729864120483e-02,9.788942933082580566e-01,2.264372259378433228e-01,4.545244574546813965e-02,-2.200535964220762253e-03,1.000000000000000000e+00,0.000000000000000000e+00,4.062369763851165771e-01,-4.812983274459838867e-01,1.203407168388366699e+00,5.036569833755493164e-01,3.221755325794219971e-01,6.635393947362899780e-02,1.000000000000000000e+00,1.502599835395812988e+00,-3.289045095443725586e-01,8.489527106285095215e-01,2.223979681730270386e-01,1.058998227119445801e+00,-6.787240039557218552e-03,1.000000000000000000e+00,2.241450071334838867e+00,-6.582968831062316895e-01,9.799992442131042480e-01,-6.418935656547546387e-01,1.541483253240585327e-01,1.625192016363143921e-01,1.000000000000000000e+00,1.666970133781433105e+00,-8.236366510391235352e-01,9.627301096916198730e-01,4.354399070143699646e-02,2.172528356313705444e-01,2.042550146579742432e-01,1.000000000000000000e+00,1.000000000000000000e+00,0.000000000000000000e+00,0.000000000000000000e+00,1.000000000000000000e+00,1.502599835395812988e+00,-3.289045095443725586e-01,8.489527106285095215e-01,2.223979681730270386e-01,1.058998227119445801e+00,-6.787240039557218552e-03,9.952793717384338379e-01,9.368692338466644287e-02,2.533918060362339020e-02,-9.662689268589019775e-02,9.809818863868713379e-01,1.683392673730850220e-01,-9.086088277399539948e-03,-1.699930280447006226e-01,9.854035377502441406e-01,6.139783263206481934e-01,3.990164101123809814e-01,6.530621647834777832e-02,0.000000000000000000e+00,1.000000000000000000e+00,4.062369763851165771e-01,-4.812983274459838867e-01,1.203407168388366699e+00,5.036569833755493164e-01,3.221755325794219971e-01,6.635393947362899780e-02,1.000000000000000000e+00,1.502599835395812988e+00,-3.289045095443725586e-01,8.489527106285095215e-01,2.223979681730270386e-01,1.058998227119445801e+00,-6.787240039557218552e-03,1.000000000000000000e+00,2.241450071334838867e+00,-6.582968831062316895e-01,9.799992442131042480e-01,-6.418935656547546387e-01,1.541483253240585327e-01,1.625192016363143921e-01,1.000000000000000000e+00,1.666970133781433105e+00,-8.236366510391235352e-01,9.627301096916198730e-01,4.354399070143699646e-02,2.172528356313705444e-01,2.042550146579742432e-01,1.000000000000000000e+00,1.000000000000000000e+00,0.000000000000000000e+00,0.000000000000000000e+00,1.000000000000000000e+00,2.241450071334838867e+00,-6.582968831062316895e-01,9.799992442131042480e-01,-6.418935656547546387e-01,1.541483253240585327e-01,1.625192016363143921e-01,-5.721221077294904450e-02,-1.767797335775145307e-02,1.071595105960332361e-03,1.000000000000000000e+00,1.666970133781433105e+00,-8.236366510391235352e-01,9.627301096916198730e-01,4.354399070143699646e-02,2.172528356313705444e-01,2.042550146579742432e-01,-1.992497066210267287e-01,1.872134686281445859e-01,-9.778859654134633428e-02,1.000000000000000000e+00,-3.621270507574081421e-02,2.000000029802322388e-01,-1.000000014901161194e-01,3.921462297439575195e-01,-3.862417116761207581e-02,7.102847099304199219e-02,-1.000000014901161194e-01,4.265645742416381836e-01,-8.860158920288085938e-02,-1.427817344665527344e-02,1.268386840820312500e-03,4.059236645698547363e-01,-2.000000029802322388e-01,2.000000029802322388e-01,-8.886170387268066406e-02,3.968209624290466309e-01
2.220000000000000195e+00,4.166125357151031494e-01,-4.747948646545410156e-01,1.204626321792602539e+00,5.372191667556762695e-01,3.286707997322082520e-01,5.435128882527351379e-02,9.762001037597656250e-01,8.679222315549850464e-02,1.987471580505371094e-01,-9.752192348241806030e-02,9.942231178283691406e-01,4.483122378587722778e-02,-1.937080323696136475e-01,-6.314644962549209595e-02,9.790248870849609375e-01,2.226984053850173950e-01,3.899512812495231628e-02,-2.298368373885750771e-03,1.000000000000000000e+00,0.000000000000000000e+00,4.166125357151031494e-01,-4.747948646545410156e-01,1.204626321792602539e+00,5.372191667556762695e-01,3.286707997322082520e-01,5.435128882527351379e-02,1.000000000000000000e+00,1.507082581520080566e+00,-3.074929714202880859e-01,8.488669991493225098e-01,2.265177220106124878e-01,1.084154963493347168e+00,-1.174061675556004047e-03,1.000000000000000000e+00,2.228624820709228516e+00,-6.551196575164794922e-01,9.832726120948791504e-01,-6.404833793640136719e-01,1.647453755140304565e-01,1.650069057941436768e-01,1.000000000000000000e+00,1.668187737464904785e+00,-8.189955949783325195e-01,9.667105674743652344e-01,8.207385241985321045e-02,2.500987052917480469e-01,1.926676332950592041e-01,1.000000000000000000e+00,1.000000000000000000e+00,0.000000000000000000e+00,0.000000000000000000e+00,1.000000000000000000e+00,1.507082581520080566e+00,-3.074929714202880859e-01,8.488669991493225098e-01,2.265177220106124878e-01,1.084154963493347168e+00,-1.174061675556004047e-03,9.951627850532531738e-01,9.290578961372375488e-02,3.193052113056182861e-02,-9.673827886581420898e-02,9.833547472953796387e-01,1.538024395704269409e-01,-1.710989326238632202e-02,-1.561473757028579712e-01,9.875856041908264160e-01,8.173836469650268555e-01,3.972641229629516602e-01,5.224081501364707947e-02,0.000000000000000000e+00,1.000000000000000000e+00,4.166125357151031494e-01,-4.747948646545410156e-01,1.204626321792602539e+00,5.372191667556762695e-01,3.286707997322082520e-01,5.435128882527351379e-02,1.000000000000000000e+00,1.507082581520080566e+00,-3.074929714202880859e-01,8.488669991493225098e-01,2.265177220106124878e-01,1.084154963493347168e+00,-1.174061675556004047e-03,1.000000000000000000e+00,2.228624820709228516e+00,-6.551196575164794922e-01,9.832726120948791504e-01,-6.404833793640136719e-01,1.647453755140304565e-01,1.650069057941436768e-01,1.000000000000000000e+00,1.668187737464904785e+00,-8.189955949783325195e-01,9.667105674743652344e-01,8.207385241985321045e-02,2.500987052917480469e-01,1.926676332950592041e-01,1.000000000000000000e+00,1.000000000000000000e+00,0.000000000000000000e+00,0.000000000000000000e+00,1.000000000000000000e+00,2.228624820709228516e+00,-6.551196575164794922e-01,9.832726120948791504e-01,-6.404833793640136719e-01,1.647453755140304565e-01,1.650069057941436768e-01,-6.128994920016221648e-02,-1.722673937397134480e-02,1.123799101892652280e-03,1.000000000000000000e+00,1.668187737464904785e+00,-8.189955949783325195e-01,9.667105674743652344e-01,8.207385241985321045e-02,2.500987052917480469e-01,1.926676332950592041e-01,-1.992751105838129755e-01,1.891434460301375520e-01,-9.747061877207541247e-02,1.000000000000000000e+00,-3.292001411318778992e-02,2.000000029802322388e-01,-1.000000014901161194e-01,3.940554857254028320e-01,2.249770052731037140e-02,8.186234533786773682e-02,-1.000000014901161194e-01,4.266549646854400635e-01,-9.323549270629882812e-02,-1.386189460754394531e-02,1.296043395996093750e-03,4.049536883831024170e-01,-2.000000029802322388e-01,2.000000029802322388e-01,-6.661009788513183594e-02,3.985768556594848633e-01
2.240000000000000213e+00,4.276575446128845215e-01,-4.681695997714996338e-01,1.205605506896972656e+00,5.705947875976562500e-01,3.342685997486114502e-01,4.241740331053733826e-02,9.760511517524719238e-01,8.770461380481719971e-02,1.990783661603927612e-01,-9.759956598281860352e-02,9.944043755531311035e-01,4.042788222432136536e-02,-1.944186836481094360e-01,-5.888963863253593445e-02,9.791494011878967285e-01,2.115711122751235962e-01,3.344730287790298462e-02,-2.334874123334884644e-03,1.000000000000000000e+00,0.000000000000000000e+00,4.276575446128845215e-01,-4.681695997714996338e-01,1.205605506896972656e+00,5.705947875976562500e-01,3.342685997486114502e-01,4.241740331053733826e-02,1.000000000000000000e+00,1.511659264564514160e+00,-2.856090366840362549e-01,8.488956689834594727e-01,2.319113910198211670e-01,1.105732917785644531e+00,4.670918919146060944e-03,1.000000000000000000e+00,2.215828180313110352e+00,-6.517240405082702637e-01,9.865924119949340820e-01,-6.389893293380737305e-01,1.760645061731338501e-01,1.671117395162582397e-01,1.000000000000000000e+00,1.670176386833190918e+00,-8.136997222900390625e-01,9.704607129096984863e-01,1.206396967172622681e-01,2.827199399471282959e-01,1.812288910150527954e-01,1.000000000000000000e+00,1.000000000000000000e+00,0.000000000000000000e+00,0.000000000000000000e+00,1.000000000000000000e+00,1.511659264564514160e+00,-2.856090366840362549e-01,8.488956689834594727e-01,2.319113910198211670e-01,1.105732917785644531e+00,4.670918919146060944e-03,9.949649572372436523e-01,9.265398979187011719e-02,3.821102157235145569e-02,-9.700380265712738037e-02,9.861281514167785645e-01,1.346909552812576294e-01,-2.520130947232246399e-02,-1.377193778753280640e-01,9.901506900787353516e-01,1.087979555130004883e+00,4.120248854160308838e-01,3.752830624580383301e-02,0.000000000000000000e+00,1.000000000000000000e+00,4.276575446128845215e-01,-4.681695997714996338e-01,1.205605506896972656e+00,5.705947875976562500e-01,3.342685997486114502e-01,4.241740331053733826e-02,1.000000000000000000e+00,1.511659264564514160e+00,-2.856090366840362549e-01,8.488956689834594727e-01,2.319113910198211670e-01,1.105732917785644531e+00,4.670918919146060944e-03,1.000000000000000000e+00,2.215828180313110352e+00,-6.517240405082702637e-01,9.865924119949340820e-01,-6.389893293380737305e-01,1.760645061731338501e-01,1.671117395162582397e-01,1.000000000000000000e+00,1.670176386833190918e+00,-8.136997222900390625e-01,9.704607129096984863e-01,1.206396967172622681e-01,2.827199399471282959e-01,1.812288910150527954e-01,1.000000000000000000e+00,1.000000000000000000e+00,0.000000000000000000e+00,0.000000000000000000e+00,1.000000000000000000e+00,2.215828180313110352e+00,-6.517240405082702637e-01,9.865924119949340820e-01,-6.389893293380737305e-01,1.760645061731338501e-01,1.671117395162582397e-01,-6.547585766415356390e-02,-1.677638069210551919e-02,1.174434095613019480e-03,1.000000000000000000e+00,1.670176386833190918e+00,-8.136997222900390625e-01,9.704607129096984863e-01,1.206396967172622681e-01,2.827199399471282959e-01,1.812288910150527954e-01,-1.993051910384756598e-01,1.907762962226553505e-01,-9.582875073921635900e-02,1.000000000000000000e+00,-2.966473437845706940e-02,2.000000029802322388e-01,-1.000000014901161194e-01,3.960241675376892090e-01,9.089609980583190918e-02,8.880633115768432617e-02,-1.000000014901161194e-01,4.336981773376464844e-01,-9.760499000549316406e-02,-1.346373558044433594e-02,1.318216323852539062e-03,4.039290249347686768e-01,-2.000000029802322388e-01,1.988584995269775391e-01,-4.931068420410156250e-02,3.997804820537567139e-01
2.260000000000000231e+00,4.393686652183532715e-01,-4.614400863647460938e-01,1.206348419189453125e+00,6.038119196891784668e-01,3.390241861343383789e-01,3.077004663646221161e-02,9.759228229522705078e-01,8.857095986604690552e-02,1.993241459131240845e-01,-9.766941517591476440e-02,9.945580363273620605e-01,3.626684471964836121e-02,-1.950272172689437866e-01,-5.486151203513145447e-02,9.792624115943908691e-01,2.001177817583084106e-01,2.860547415912151337e-02,-2.240918576717376709e-03,1.000000000000000000e+00,0.000000000000000000e+00,4.393686652183532715e-01,-4.614400863647460938e-01,1.206348419189453125e+00,6.038119196891784668e-01,3.390241861343383789e-01,3.077004663646221161e-02,1.000000000000000000e+00,1.516355037689208984e+00,-2.633328139781951904e-01,8.490462899208068848e-01,2.385348528623580933e-01,1.122748136520385742e+00,1.123840454965829849e-02,1.000000000000000000e+00,2.203062534332275391e+00,-6.480955481529235840e-01,9.899504780769348145e-01,-6.374124288558959961e-01,1.881110966205596924e-01,1.687853187322616577e-01,1.000000000000000000e+00,1.672935843467712402e+00,-8.077526688575744629e-01,9.739836454391479492e-01,1.591284722089767456e-01,3.152142167091369629e-01,1.699887514114379883e-01,1.000000000000000000e+00,1.000000000000000000e+00,0.000000000000000000e+00,0.000000000000000000e+00,1.000000000000000000e+00,1.516355037689208984e+00,-2.633328139781951904e-01,8.490462899208068848e-01,2.385348528623580933e-01,1.122748136520385742e+00,1.123840454965829849e-02,9.946721196174621582e-01,9.310274571180343628e-02,4.426622018218040466e-02,-9.746342152357101440e-02,9.891969561576843262e-01,1.095011532306671143e-01,-3.359315171837806702e-02,-1.132320612668991089e-01,9.930006265640258789e-01,1.424796104431152344e+00,4.262350797653198242e-01,1.957903429865837097e-02,0.000000000000000000e+00,1.000000000000000000e+00,4.393686652183532715e-01,-4.614400863647460938e-01,1.206348419189453125e+00,6.038119196891784668e-01,3.390241861343383789e-01,3.077004663646221161e-02,1.000000000000000000e+00,1.516355037689208984e+00,-2.633328139781951904e-01,8.490462899208068848e-01,2.385348528623580933e-01,1.122748136520385742e+00,1.123840454965829849e-02,1.000000000000000000e+00,2.203062534332275391e+00,-6.480955481529235840e-01,9.899504780769348145e-01,-6.374124288558959961e-01,1.881110966205596924e-01,1.687853187322616577e-01,1.000000000000000000e+00,1.672935843467712402e+00,-8.077526688575744629e-01,9.739836454391479492e-01,1.591284722089767456e-01,3.152142167091369629e-01,1.699887514114379883e-01,1.000000000000000000e+00,1.000000000000000000e+00,0.000000000000000000e+00,0.000000000000000000e+00,1.000000000000000000e+00,2.203062534332275391e+00,-6.480955481529235840e-01,9.899504780769348145e-01,-6.374124288558959961e-01,1.881110966205596924e-01,1.687853187322616577e-01,-6.971835732644754424e-02,-1.633203014207529336e-02,1.222661783865937324e-03,1.000000000000000000e+00,1.672935843467712402e+00,-8.077526688575744629e-01,9.739836454391479492e-01,1.591284722089767456e-01,3.152142167091369629e-01,1.699887514114379883e-01,-1.994740381807177665e-01,1.920152759452433688e-01,-9.203725466093290453e-02,1.000000000000000000e+00,-2.575683593750000000e-02,2.000000029802322388e-01,-1.000000014901161194e-01,3.976680636405944824e-01,1.158442497253417969e-01,9.695876389741897583e-02,-1.000000014901161194e-01,4.509980976581573486e-01,-1.016705036163330078e-01,-1.307630538940429688e-02,1.333951950073242188e-03,4.028848409652709961e-01,-2.000000029802322388e-01,1.604044437408447266e-01,-3.577160835266113281e-02,4.005510509014129639e-01
2.280000000000000249e+00,4.517427980899810791e-01,-4.546226561069488525e-01,1.206861972808837891e+00,6.368858218193054199e-01,3.429911136627197266e-01,1.954814791679382324e-02,9.758123755455017090e-01,8.939728140830993652e-02,1.994951963424682617e-01,-9.773068130016326904e-02,9.946885108947753906e-01,3.230335563421249390e-02,-1.955477595329284668e-01,-5.101881921291351318e-02,9.793661832809448242e-01,1.939310282468795776e-01,2.448274008929729462e-02,-2.036336110904812813e-03,1.000000000000000000e+00,0.000000000000000000e+00,4.517427980899810791e-01,-4.546226561069488525e-01,1.206861972808837891e+00,6.368858218193054199e-01,3.429911136627197266e-01,1.954814791679382324e-02,1.000000000000000000e+00,1.521194219589233398e+00,-2.407659441232681274e-01,8.493432998657226562e-01,2.463715672492980957e-01,1.134022712707519531e+00,1.977001316845417023e-02,1.000000000000000000e+00,2.190328836441040039e+00,-6.442196369171142578e-01,9.933378100395202637e-01,-6.357542276382446289e-01,2.008802443742752075e-01,1.699877381324768066e-01,1.000000000000000000e+00,1.676463484764099121e+00,-8.011558651924133301e-01,9.772846698760986328e-01,1.973925083875656128e-01,3.477337360382080078e-01,1.590827703475952148e-01,1.000000000000000000e+00,1.000000000000000000e+00,0.000000000000000000e+00,0.000000000000000000e+00,1.000000000000000000e+00,1.521194219589233398e+00,-2.407659441232681274e-01,8.493432998657226562e-01,2.463715672492980957e-01,1.134022712707519531e+00,1.977001316845417023e-02,9.942931532859802246e-01,9.431754052639007568e-02,4.985657706856727600e-02,-9.802278876304626465e-02,9.921229481697082520e-01,7.799958437681198120e-02,-4.210711643099784851e-02,-8.244151622056961060e-02,9.957061409950256348e-01,1.657977461814880371e+00,4.256556332111358643e-01,4.724686034023761749e-03,0.000000000000000000e+00,1.000000000000000000e+00,4.517427980899810791e-01,-4.546226561069488525e-01,1.206861972808837891e+00,6.368858218193054199e-01,3.429911136627197266e-01,1.954814791679382324e-02,1.000000000000000000e+00,1.521194219589233398e+00,-2.407659441232681274e-01,8.493432998657226562e-01,2.463715672492980957e-01,1.134022712707519531e+00,1.977001316845417023e-02,1.000000000000000000e+00,2.190328836441040039e+00,-6.442196369171142578e-01,9.933378100395202637e-01,-6.357542276382446289e-01,2.008802443742752075e-01,1.699877381324768066e-01,1.000000000000000000e+00,1.676463484764099121e+00,-8.011558651924133301e-01,9.772846698760986328e-01,1.973925083875656128e-01,3.477337360382080078e-01,1.590827703475952148e-01,1.000000000000000000e+00,1.000000000000000000e+00,0.000000000000000000e+00,0.000000000000000000e+00,1.000000000000000000e+00,2.190328836441040039e+00,-6.442196369171142578e-01,9.933378100395202637e-01,-6.357542276382446289e-01,2.008802443742752075e-01,1.699877381324768066e-01,-7.396772155271867655e-02,-1.589629205486220442e-02,1.267550076476178789e-03,1.000000000000000000e+00,1.676463484764099121e+00,-8.011558651924133301e-01,9.772846698760986328e-01,1.973925083875656128e-01,3.477337360382080078e-01,1.590827703475952148e-01,-1.998090438707625649e-01,1.922151700124543616e-01,-8.615123345423389423e-02,1.000000000000000000e+00,-2.064412832260131836e-02,2.000000029802322388e-01,-1.000000014901161194e-01,3.988771438598632812e-01,1.315651983022689819e-01,1.057864204049110413e-01,-1.000000014901161194e-01,4.675582945346832275e-01,-1.053943634033203125e-01,-1.269435882568359375e-02,1.342773437500000000e-03,4.018494188785552979e-01,-1.991801261901855469e-01,1.247777938842773438e-01,-2.511668205261230469e-02,4.011435210704803467e-01
2.300000000000000266e+00,4.647771716117858887e-01,-4.477326571941375732e-01,1.207155585289001465e+00,6.698192358016967773e-01,3.462009429931640625e-01,8.822929114103317261e-03,9.757177829742431641e-01,9.021126478910446167e-02,1.995919197797775269e-01,-9.778287261724472046e-02,9.948029518127441406e-01,2.838819287717342377e-02,-1.959936767816543579e-01,-4.721552878618240356e-02,9.794679284095764160e-01,1.976059675216674805e-01,2.097841165959835052e-02,-1.773386728018522263e-03,1.000000000000000000e+00,0.000000000000000000e+00,4.647771716117858887e-01,-4.477326571941375732e-01,1.207155585289001465e+00,6.698192358016967773e-01,3.462009429931640625e-01,8.822929114103317261e-03,1.000000000000000000e+00,1.526201009750366211e+00,-2.180328667163848877e-01,8.498378396034240723e-01,2.554034888744354248e-01,1.138602852821350098e+00,3.149168565869331360e-02,1.000000000000000000e+00,2.177629470825195312e+00,-6.400818228721618652e-01,9.967447519302368164e-01,-6.340171098709106445e-01,2.143577039241790771e-01,1.706901043653488159e-01,1.000000000000000000e+00,1.680751323699951172e+00,-7.939074039459228516e-01,9.803716540336608887e-01,2.349729537963867188e-01,3.804220259189605713e-01,1.486629098653793335e-01,1.000000000000000000e+00,1.000000000000000000e+00,0.000000000000000000e+00,0.000000000000000000e+00,1.000000000000000000e+00,1.526201009750366211e+00,-2.180328667163848877e-01,8.498378396034240723e-01,2.554034888744354248e-01,1.138602852821350098e+00,3.149168565869331360e-02,9.938471913337707520e-01,9.609794616699218750e-02,5.507405847311019897e-02,-9.857147932052612305e-02,9.941522479057312012e-01,4.410416260361671448e-02,-5.051367729902267456e-02,-4.926152154803276062e-02,9.975078105926513672e-01,1.625893712043762207e+00,4.175471067428588867e-01,-8.568444289267063141e-03,0.000000000000000000e+00,1.000000000000000000e+00,4.647771716117858887e-01,-4.477326571941375732e-01,1.207155585289001465e+00,6.698192358016967773e-01,3.462009429931640625e-01,8.822929114103317261e-03,1.000000000000000000e+00,1.526201009750366211e+00,-2.180328667163848877e-01,8.498378396034240723e-01,2.554034888744354248e-01,1.138602852821350098e+00,3.149168565869331360e-02,1.000000000000000000e+00,2.177629470825195312e+00,-6.400818228721618652e-01,9.967447519302368164e-01,-6.340171098709106445e-01,2.143577039241790771e-01,1.706901043653488159e-01,1.000000000000000000e+00,1.680751323699951172e+00,-7.939074039459228516e-01,9.803716540336608887e-01,2.349729537963867188e-01,3.804220259189605713e-01,1.486629098653793335e-01,1.000000000000000000e+00,1.000000000000000000e+00,0.000000000000000000e+00,0.000000000000000000e+00,1.000000000000000000e+00,2.177629470825195312e+00,-6.400818228721618652e-01,9.967447519302368164e-01,-6.340171098709106445e-01,2.143577039241790771e-01,1.706901043653488159e-01,-7.817733006625637859e-02,-1.546895698358463633e-02,1.308134161548867025e-03,1.000000000000000000e+00,1.680751323699951172e+00,-7.939074039459228516e-01,9.803716540336608887e-01,2.349729537963867188e-01,3.804220259189605713e-01,1.486629098653793335e-01,-2.000310322876910074e-01,1.886205932499822602e-01,-7.834591738951049433e-02,1.000000000000000000e+00,-1.433613151311874390e-02,2.000000029802322388e-01,-1.000000014901161194e-01,3.995726406574249268e-01,1.539301574230194092e-01,1.098045110702514648e-01,-1.000000014901161194e-01,4.733060896396636963e-01,-1.087331771850585938e-01,-1.231598854064941406e-02,1.344442367553710938e-03,4.008432328701019287e-01,-1.804111003875732422e-01,9.227538108825683594e-02,-1.680517196655273438e-02,4.019010663032531738e-01
2.319999999999999840e+00,4.784688651561737061e-01,-4.407853186130523682e-01,1.207239031791687012e+00,7.026016116142272949e-01,3.486477136611938477e-01,-1.394457649439573288e-03,9.756364822387695312e-01,9.105530381202697754e-02,1.996055543422698975e-01,-9.782598912715911865e-02,9.949067234992980957e-01,2.430326491594314575e-02,-1.963759660720825195e-01,-4.323776066303253174e-02,9.795749187469482422e-01,2.127037942409515381e-01,1.798985898494720459e-02,-1.490812865085899830e-03,1.000000000000000000e+00,0.000000000000000000e+00,4.784688651561737061e-01,-4.407853186130523682e-01,1.207239031791687012e+00,7.026016116142272949e-01,3.486477136611938477e-01,-1.394457649439573288e-03,1.000000000000000000e+00,1.531399250030517578e+00,-1.952700465917587280e-01,8.506001234054565430e-01,2.656458318233489990e-01,1.136366009712219238e+00,4.683330282568931580e-02,1.000000000000000000e+00,2.164965152740478516e+00,-6.356683373451232910e-01,1.000161051750183105e+00,-6.322034001350402832e-01,2.285208404064178467e-01,1.708750426769256592e-01,1.000000000000000000e+00,1.685777783393859863e+00,-7.860030531883239746e-01,9.832561016082763672e-01,2.708988487720489502e-01,4.133387506008148193e-01,1.389261782169342041e-01,1.000000000000000000e+00,1.000000000000000000e+00,0.000000000000000000e+00,0.000000000000000000e+00,1.000000000000000000e+00,1.531399250030517578e+00,-1.952700465917587280e-01,8.506001234054565430e-01,2.656458318233489990e-01,1.136366009712219238e+00,4.683330282568931580e-02,9.933450222015380859e-01,9.815410524606704712e-02,6.026258319616317749e-02,-9.908733516931533813e-02,9.949979186058044434e-01,1.269092503935098648e-02,-5.871547013521194458e-02,-1.857772469520568848e-02,9.981019496917724609e-01,1.417773485183715820e+00,4.015814960002899170e-01,-2.038058824837207794e-02,0.000000000000000000e+00,1.000000000000000000e+00,4.784688651561737061e-01,-4.407853186130523682e-01,1.207239031791687012e+00,7.026016116142272949e-01,3.486477136611938477e-01,-1.394457649439573288e-03,1.000000000000000000e+00,1.531399250030517578e+00,-1.952700465917587280e-01,8.506001234054565430e-01,2.656458318233489990e-01,1.136366009712219238e+00,4.683330282568931580e-02,1.000000000000000000e+00,2.164965152740478516e+00,-6.356683373451232910e-01,1.000161051750183105e+00,-6.322034001350402832e-01,2.285208404064178467e-01,1.708750426769256592e-01,1.000000000000000000e+00,1.685777783393859863e+00,-7.860030531883239746e-01,9.832561016082763672e-01,2.708988487720489502e-01,4.133387506008148193e-01,1.389261782169342041e-01,1.000000000000000000e+00,1.000000000000000000e+00,0.000000000000000000e+00,0.000000000000000000e+00,1.000000000000000000e+00,2.164965152740478516e+00,-6.356683373451232910e-01,1.000161051750183105e+00,-6.322034001350402832e-01,2.285208404064178467e-01,1.708750426769256592e-01,-8.230214853109435458e-02,-1.504859994559359926e-02,1.343503217952561613e-03,1.000000000000000000e+00,1.685777783393859863e+00,-7.860030531883239746e-01,9.832561016082763672e-01,2.708988487720489502e-01,4.133387506008148193e-01,1.389261782169342041e-01,-1.993838385775702493e-01,1.792845761121080184e-01,-6.888957650082734585e-02,1.000000000000000000e+00,-6.873217877000570297e-03,2.000000029802322388e-01,-1.000000014901161194e-01,3.995679318904876709e-01,1.755758821964263916e-01,1.175362467765808105e-01,-1.000000014901161194e-01,4.707109034061431885e-01,-1.116313934326171875e-01,-1.194548606872558594e-02,1.338958740234375000e-03,3.998779356479644775e-01,-1.637489795684814453e-01,6.380677223205566406e-02,-1.053524017333984375e-02,4.030788838863372803e-01
2.339999999999999858e+00,4.928146600723266602e-01,-4.337962567806243896e-01,1.207122683525085449e+00,7.352077364921569824e-01,3.502815961837768555e-01,-1.115356199443340302e-02,9.755670428276062012e-01,9.197148680686950684e-02,1.995257288217544556e-01,-9.786044061183929443e-02,9.950026273727416992e-01,1.983481086790561676e-02,-1.967043429613113403e-01,-3.887585550546646118e-02,9.796919822692871094e-01,2.370443940162658691e-01,1.545272860676050186e-02,-1.204534084536135197e-03,1.000000000000000000e+00,0.000000000000000000e+00,4.928146600723266602e-01,-4.337962567806243896e-01,1.207122683525085449e+00,7.352077364921569824e-01,3.502815961837768555e-01,-1.115356199443340302e-02,1.000000000000000000e+00,1.536813259124755859e+00,-1.726091802120208740e-01,8.516968488693237305e-01,2.770931720733642578e-01,1.127918839454650879e+00,6.503923237323760986e-02,1.000000000000000000e+00,2.152338027954101562e+00,-6.309655308723449707e-01,1.003576397895812988e+00,-6.303150057792663574e-01,2.433390319347381592e-01,1.705360561609268188e-01,1.000000000000000000e+00,1.691499352455139160e+00,-7.774395346641540527e-01,9.859532713890075684e-01,3.040497004985809326e-01,4.462907016277313232e-01,1.300653815269470215e-01,1.000000000000000000e+00,1.000000000000000000e+00,0.000000000000000000e+00,0.000000000000000000e+00,1.000000000000000000e+00,1.536813259124755859e+00,-1.726091802120208740e-01,8.516968488693237305e-01,2.770931720733642578e-01,1.127918839454650879e+00,6.503923237323760986e-02,9.928017854690551758e-01,1.003228127956390381e-01,6.542375683784484863e-02,-9.959022700786590576e-02,9.949249029159545898e-01,-1.437256298959255219e-02,-6.653361022472381592e-02,7.753537967801094055e-03,9.977542161941528320e-01,1.219422221183776855e+00,3.812836110591888428e-01,-3.117720223963260651e-02,0.000000000000000000e+00,1.000000000000000000e+00,4.928146600723266602e-01,-4.337962567806243896e-01,1.207122683525085449e+00,7.352077364921569824e-01,3.502815961837768555e-01,-1.115356199443340302e-02,1.000000000000000000e+00,1.536813259124755859e+00,-1.726091802120208740e-01,8.516968488693237305e-01,2.770931720733642578e-01,1.127918839454650879e+00,6.503923237323760986e-02,1.000000000000000000e+00,2.152338027954101562e+00,-6.309655308723449707e-01,1.003576397895812988e+00,-6.303150057792663574e-01,2.433390319347381592e-01,1.705360561609268188e-01,1.000000000000000000e+00,1.691499352455139160e+00,-7.774395346641540527e-01,9.859532713890075684e-01,3.040497004985809326e-01,4.462907016277313232e-01,1.300653815269470215e-01,1.000000000000000000e+00,1.000000000000000000e+00,0.000000000000000000e+00,0.000000000000000000e+00,1.000000000000000000e+00,2.152338027954101562e+00,-6.309655308723449707e-01,1.003576397895812988e+00,-6.303150057792663574e-01,2.433390319347381592e-01,1.705360561609268188e-01,-8.629731908176851984e-02,-1.463413906014654486e-02,1.372892262269824470e-03,1.000000000000000000e+00,1.691499352455139160e+00,-7.774395346641540527e-01,9.859532713890075684e-01,3.040497004985809326e-01,4.462907016277313232e-01,1.300653815269470215e-01,-1.965318596769262682e-01,1.649032044693898857e-01,-5.847580917220586427e-02,1.000000000000000000e+00,1.568984123878180981e-03,2.000000029802322388e-01,-1.000000014901161194e-01,3.989661931991577148e-01,1.898779422044754028e-01,1.393878161907196045e-01,-1.000000014901161194e-01,4.671979844570159912e-01,-1.140155792236328125e-01,-1.159310340881347656e-02,1.327514648437500000e-03,3.989537358283996582e-01,-1.489400863647460938e-01,4.026055335998535156e-02,-6.039381027221679688e-03,4.045960903167724609e-01
2.359999999999999876e+00,5.078107714653015137e-01,-4.267824590206146240e-01,1.206814527511596680e+00,7.675997614860534668e-01,3.510168194770812988e-01,-2.055812254548072815e-02,9.755073189735412598e-01,9.298938512802124023e-02,1.993453055620193481e-01,-9.788702428340911865e-02,9.950870275497436523e-01,1.483345497399568558e-02,-1.969865709543228149e-01,-3.398346155881881714e-02,9.798170924186706543e-01,2.665025591850280762e-01,1.326613128185272217e-02,-9.409010526724159718e-04,1.000000000000000000e+00,0.000000000000000000e+00,5.078107714653015137e-01,-4.267824590206146240e-01,1.206814527511596680e+00,7.675997614860534668e-01,3.510168194770812988e-01,-2.055812254548072815e-02,1.000000000000000000e+00,1.542466521263122559e+00,-1.501674056053161621e-01,8.531750440597534180e-01,2.896995842456817627e-01,1.114014267921447754e+00,8.497414737939834595e-02,1.000000000000000000e+00,2.139749288558959961e+00,-6.259608268737792969e-01,1.006980299949645996e+00,-6.283540129661560059e-01,2.587736248970031738e-01,1.696756780147552490e-01,1.000000000000000000e+00,1.697852969169616699e+00,-7.682198882102966309e-01,9.884827136993408203e-01,3.336546719074249268e-01,4.788111150264739990e-01,1.223057582974433899e-01,1.000000000000000000e+00,1.000000000000000000e+00,0.000000000000000000e+00,0.000000000000000000e+00,1.000000000000000000e+00,1.542466521263122559e+00,-1.501674056053161621e-01,8.531750440597534180e-01,2.896995842456817627e-01,1.114014267921447754e+00,8.497414737939834595e-02,9.922007918357849121e-01,1.026394739747047424e-01,7.073143869638442993e-02,-1.001140996813774109e-01,9.942356348037719727e-01,-3.837812319397926331e-02,-7.426282018423080444e-02,3.099758550524711609e-02,9.967569112777709961e-01,1.124670743942260742e+00,4.092125296592712402e-01,-4.334737733006477356e-02,0.000000000000000000e+00,1.000000000000000000e+00,5.078107714653015137e-01,-4.267824590206146240e-01,1.206814527511596680e+00,7.675997614860534668e-01,3.510168194770812988e-01,-2.055812254548072815e-02,1.000000000000000000e+00,1.542466521263122559e+00,-1.501674056053161621e-01,8.531750440597534180e-01,2.896995842456817627e-01,1.114014267921447754e+00,8.497414737939834595e-02,1.000000000000000000e+00,2.139749288558959961e+00,-6.259608268737792969e-01,1.006980299949645996e+00,-6.283540129661560059e-01,2.587736248970031738e-01,1.696756780147552490e-01,1.000000000000000000e+00,1.697852969169616699e+00,-7.682198882102966309e-01,9.884827136993408203e-01,3.336546719074249268e-01,4.788111150264739990e-01,1.223057582974433899e-01,1.000000000000000000e+00,1.000000000000000000e+00,0.000000000000000000e+00,0.000000000000000000e+00,1.000000000000000000e+00,2.139749288558959961e+00,-6.259608268737792969e-01,1.006980299949645996e+00,-6.283540129661560059e-01,2.587736248970031738e-01,1.696756780147552490e-01,-9.011593508371165684e-02,-1.422582667370697607e-02,1.395760786088454108e-03,1.000000000000000000e+00,1.697852969169616699e+00,-7.682198882102966309e-01,9.884827136993408203e-01,3.336546719074249268e-01,4.788111150264739990e-01,1.223057582974433899e-01,-1.909749410227026267e-01,1.479489085301350926e-01,-4.809939705294846712e-02,1.000000000000000000e+00,1.079703867435455322e-02,2.000000029802322388e-01,-1.000000014901161194e-01,3.979005813598632812e-01,1.997889280319213867e-01,1.636248081922531128e-01,-1.000000014901161194e-01,4.663130640983581543e-01,-1.157960891723632812e-01,-1.127791404724121094e-02,1.311779022216796875e-03,3.980590701103210449e-01,-1.357576847076416016e-01,2.186131477355957031e-02,-2.985954284667968750e-03,4.061348438262939453e-01
2.379999999999999893e+00,5.234524607658386230e-01,-4.197628200054168701e-01,1.206320524215698242e+00,7.997315526008605957e-01,3.507477343082427979e-01,-2.974919788539409637e-02,9.754563570022583008e-01,9.412147104740142822e-02,1.990628987550735474e-01,-9.790670871734619141e-02,9.951527118682861328e-01,9.235720150172710419e-03,-1.972287148237228394e-01,-2.849863655865192413e-02,9.799431562423706055e-01,2.969011068344116211e-01,1.135083660483360291e-02,-7.202004198916256428e-04,1.000000000000000000e+00,0.000000000000000000e+00,5.234524607658386230e-01,-4.197628200054168701e-01,1.206320524215698242e+00,7.997315526008605957e-01,3.507477343082427979e-01,-2.974919788539409637e-02,1.000000000000000000e+00,1.548383235931396484e+00,-1.280494034290313721e-01,8.550613522529602051e-01,3.035668134689331055e-01,1.095080018043518066e+00,1.058565154671669006e-01,1.000000000000000000e+00,2.127200365066528320e+00,-6.206422448158264160e-01,1.010362386703491211e+00,-6.263225674629211426e-01,2.747775912284851074e-01,1.683029234409332275e-01,1.000000000000000000e+00,1.704764604568481445e+00,-7.583575844764709473e-01,9.908682107925415039e-01,3.594771623611450195e-01,5.103787183761596680e-01,1.158268973231315613e-01,1.000000000000000000e+00,1.000000000000000000e+00,0.000000000000000000e+00,0.000000000000000000e+00,1.000000000000000000e+00,1.548383235931396484e+00,-1.280494034290313721e-01,8.550613522529602051e-01,3.035668134689331055e-01,1.095080018043518066e+00,1.058565154671669006e-01,9.914267659187316895e-01,1.052929461002349854e-01,7.737366855144500732e-02,-1.006776541471481323e-01,9.930279850959777832e-01,-6.131695955991744995e-02,-8.329044282436370850e-02,5.300146341323852539e-02,9.951149821281433105e-01,1.093985080718994141e+00,5.159313082695007324e-01,-5.997350811958312988e-02,0.000000000000000000e+00,1.000000000000000000e+00,5.234524607658386230e-01,-4.197628200054168701e-01,1.206320524215698242e+00,7.997315526008605957e-01,3.507477343082427979e-01,-2.974919788539409637e-02,1.000000000000000000e+00,1.548383235931396484e+00,-1.280494034290313721e-01,8.550613522529602051e-01,3.035668134689331055e-01,1.095080018043518066e+00,1.058565154671669006e-01,1.000000000000000000e+00,2.127200365066528320e+00,-6.206422448158264160e-01,1.010362386703491211e+00,-6.263225674629211426e-01,2.747775912284851074e-01,1.683029234409332275e-01,1.000000000000000000e+00,1.704764604568481445e+00,-7.583575844764709473e-01,9.908682107925415039e-01,3.594771623611450195e-01,5.103787183761596680e-01,1.158268973231315613e-01,1.000000000000000000e+00,1.000000000000000000e+00,0.000000000000000000e+00,0.000000000000000000e+00,1.000000000000000000e+00,2.127200365066528320e+00,-6.206422448158264160e-01,1.010362386703491211e+00,-6.263225674629211426e-01,2.747775912284851074e-01,1.683029234409332275e-01,-9.370668146090929684e-02,-1.382585328926699830e-02,1.411848250516802017e-03,1.000000000000000000e+00,1.704764604568481445e+00,-7.583575844764709473e-01,9.908682107925415039e-01,3.594771623611450195e-01,5.103787183761596680e-01,1.158268973231315613e-01,-1.833509805839325102e-01,1.308103077256281832e-01,-3.855518863971464649e-02,1.000000000000000000e+00,2.057827636599540710e-02,2.000000029802322388e-01,-1.000000014901161194e-01,3.962379693984985352e-01,1.999999582767486572e-01,1.970737725496292114e-01,-1.000000014901161194e-01,4.680294096469879150e-01,-1.168694496154785156e-01,-1.102614402770996094e-02,1.294374465942382812e-03,3.971714079380035400e-01,-1.239917278289794922e-01,8.211851119995117188e-03,-1.023530960083007812e-03,4.073835015296936035e-01
2.399999999999999911e+00,5.397341251373291016e-01,-4.127583801746368408e-01,1.205643415451049805e+00,8.315507173538208008e-01,3.493658602237701416e-01,-3.890085220336914062e-02,9.754131436347961426e-01,9.536610543727874756e-02,1.986824125051498413e-01,-9.792074561119079590e-02,9.951896667480468750e-01,3.049205522984266281e-03,-1.974358707666397095e-01,-2.242936193943023682e-02,9.800592660903930664e-01,3.255969285964965820e-01,9.701932780444622040e-03,-5.446728318929672241e-04,1.000000000000000000e+00,0.000000000000000000e+00,5.397341251373291016e-01,-4.127583801746368408e-01,1.205643415451049805e+00,8.315507173538208008e-01,3.493658602237701416e-01,-3.890085220336914062e-02,1.000000000000000000e+00,1.554591178894042969e+00,-1.063542962074279785e-01,8.573703765869140625e-01,3.191103041172027588e-01,1.071249604225158691e+00,1.272511482238769531e-01,1.000000000000000000e+00,2.114692926406860352e+00,-6.149987578392028809e-01,1.013712525367736816e+00,-6.242237091064453125e-01,2.912942171096801758e-01,1.664296984672546387e-01,1.000000000000000000e+00,1.712159514427185059e+00,-7.478755116462707520e-01,9.931363463401794434e-01,3.816608488559722900e-01,5.406093597412109375e-01,1.107050329446792603e-01,1.000000000000000000e+00,1.000000000000000000e+00,0.000000000000000000e+00,0.000000000000000000e+00,1.000000000000000000e+00,1.554591178894042969e+00,-1.063542962074279785e-01,8.573703765869140625e-01,3.191103041172027588e-01,1.071249604225158691e+00,1.272511482238769531e-01,9.903084635734558105e-01,1.084764599800109863e-01,8.672967553138732910e-02,-1.012529730796813965e-01,9.913287758827209473e-01,-8.375638723373413086e-02,-9.506322443485260010e-02,7.416301965713500977e-02,9.927048087120056152e-01,1.028763890266418457e+00,6.860340237617492676e-01,-8.362684398889541626e-02,0.000000000000000000e+00,1.000000000000000000e+00,5.397341251373291016e-01,-4.127583801746368408e-01,1.205643415451049805e+00,8.315507173538208008e-01,3.493658602237701416e-01,-3.890085220336914062e-02,1.000000000000000000e+00,1.554591178894042969e+00,-1.063542962074279785e-01,8.573703765869140625e-01,3.191103041172027588e-01,1.071249604225158691e+00,1.272511482238769531e-01,1.000000000000000000e+00,2.114692926406860352e+00,-6.149987578392028809e-01,1.013712525367736816e+00,-6.242237091064453125e-01,2.912942171096801758e-01,1.664296984672546387e-01,1.000000000000000000e+00,1.712159514427185059e+00,-7.478755116462707520e-01,9.931363463401794434e-01,3.816608488559722900e-01,5.406093597412109375e-01,1.107050329446792603e-01,1.000000000000000000e+00,1.000000000000000000e+00,0.000000000000000000e+00,0.000000000000000000e+00,1.000000000000000000e+00,2.114692926406860352e+00,-6.149987578392028809e-01,1.013712525367736816e+00,-6.242237091064453125e-01,2.912942171096801758e-01,1.664296984672546387e-01,-9.701198415226726379e-02,-1.343896145432399436e-02,1.421223753837963510e-03,1.000000000000000000e+00,1.712159514427185059e+00,-7.478755116462707520e-01,9.931363463401794434e-01,3.816608488559722900e-01,5.406093597412109375e-01,1.107050329446792603e-01,-1.747245653695554402e-01,1.146489658608957907e-01,-3.021074823568907497e-02,1.000000000000000000e+00,2.886983565986156464e-02,2.000000029802322388e-01,-1.000000014901161194e-01,3.948181271553039551e-01,1.999955624341964722e-01,2.000000029802322388e-01,-1.000000014901161194e-01,4.713065922260284424e-01,-1.171247959136962891e-01,-1.087093353271484375e-02,1.279115676879882812e-03,3.962574303150177002e-01,-1.134593486785888672e-01,-1.312971115112304688e-03,1.494884490966796875e-04,4.081554710865020752e-01
2.419999999999999929e+00,5.566488504409790039e-01,-4.057923257350921631e-01,1.204782366752624512e+00,8.630104660987854004e-01,3.467729091644287109e-01,-4.817139729857444763e-02,9.753763079643249512e-01,9.670766443014144897e-02,1.982143074274063110e-01,-9.793028980493545532e-02,9.951867461204528809e-01,-3.649065038189291954e-03,-1.976131051778793335e-01,-1.585197076201438904e-02,9.801520705223083496e-01,3.461762070655822754e-01,8.311542682349681854e-03,-4.115007468499243259e-04,1.000000000000000000e+00,0.000000000000000000e+00,5.566488504409790039e-01,-4.057923257350921631e-01,1.204782366752624512e+00,8.630104660987854004e-01,3.467729091644287109e-01,-4.817139729857444763e-02,1.000000000000000000e+00,1.561130166053771973e+00,-8.517864346504211426e-02,8.601103425025939941e-01,3.370284140110015869e-01,1.042719841003417969e+00,1.489488929510116577e-01,1.000000000000000000e+00,2.102227687835693359e+00,-6.090209484100341797e-01,1.017020463943481445e+00,-6.220613718032836914e-01,3.082554936408996582e-01,1.640673130750656128e-01,1.000000000000000000e+00,1.719967484474182129e+00,-7.368025183677673340e-01,9.953141212463378906e-01,4.004670381546020508e-01,5.693018436431884766e-01,1.068985462188720703e-01,1.000000000000000000e+00,1.000000000000000000e+00,0.000000000000000000e+00,0.000000000000000000e+00,1.000000000000000000e+00,1.561130166053771973e+00,-8.517864346504211426e-02,8.601103425025939941e-01,3.370284140110015869e-01,1.042719841003417969e+00,1.489488929510116577e-01,9.887226819992065430e-01,1.120341569185256958e-01,9.937775880098342896e-02,-1.015997231006622314e-01,9.893227219581604004e-01,-1.044900566339492798e-01,-1.100231185555458069e-01,9.321492910385131836e-02,9.895483851432800293e-01,8.858231306076049805e-01,7.931748032569885254e-01,-9.325789660215377808e-02,0.000000000000000000e+00,1.000000000000000000e+00,5.566488504409790039e-01,-4.057923257350921631e-01,1.204782366752624512e+00,8.630104660987854004e-01,3.467729091644287109e-01,-4.817139729857444763e-02,1.000000000000000000e+00,1.561130166053771973e+00,-8.517864346504211426e-02,8.601103425025939941e-01,3.370284140110015869e-01,1.042719841003417969e+00,1.489488929510116577e-01,1.000000000000000000e+00,2.102227687835693359e+00,-6.090209484100341797e-01,1.017020463943481445e+00,-6.220613718032836914e-01,3.082554936408996582e-01,1.640673130750656128e-01,1.000000000000000000e+00,1.719967484474182129e+00,-7.368025183677673340e-01,9.953141212463378906e-01,4.004670381546020508e-01,5.693018436431884766e-01,1.068985462188720703e-01,1.000000000000000000e+00,1.000000000000000000e+00,0.000000000000000000e+00,0.000000000000000000e+00,1.000000000000000000e+00,2.102227687835693359e+00,-6.090209484100341797e-01,1.017020463943481445e+00,-6.220613718032836914e-01,3.082554936408996582e-01,1.640673130750656128e-01,-9.996681294652232097e-02,-1.307327273490166419e-02,1.424388009518648412e-03,1.000000000000000000e+00,1.719967484474182129e+00,-7.368025183677673340e-01,9.953141212463378906e-01,4.004670381546020508e-01,5.693018436431884766e-01,1.068985462188720703e-01,-1.659308888355218170e-01,9.953350050592257858e-02,-2.310659289844035902e-02,1.000000000000000000e+00,3.602221608161926270e-02,2.000000029802322388e-01,-1.000000014901161194e-01,3.942080140113830566e-01,1.999972462654113770e-01,2.000000029802322388e-01,-1.000000014901161194e-01,4.681860804557800293e-01,-1.164476871490478516e-01,-1.084923744201660156e-02,1.269102096557617188e-03,3.952814638614654541e-01,-1.040055751800537109e-01,-7.306575775146484375e-03,7.627010345458984375e-04,4.084071218967437744e-01
2.439999999999999947e+00,5.741893649101257324e-01,-3.988895118236541748e-01,1.203734159469604492e+00,8.940861225128173828e-01,3.429014980792999268e-01,-5.762911587953567505e-02,9.753448367118835449e-01,9.809978306293487549e-02,1.976841688156127930e-01,-9.793639183044433594e-02,9.951360225677490234e-01,-1.062739733606576920e-02,-1.977651715278625488e-01,-8.995098061859607697e-03,9.802082180976867676e-01,3.520678281784057617e-01,7.134591229259967804e-03,-3.097621083725243807e-04,1.000000000000000000e+00,0.000000000000000000e+00,5.741893649101257324e-01,-3.988895118236541748e-01,1.203734159469604492e+00,8.940861225128173828e-01,3.429014980792999268e-01,-5.762911587953567505e-02,1.000000000000000000e+00,1.568053007125854492e+00,-6.461205333471298218e-02,8.632838726043701172e-01,3.578196465969085693e-01,1.010057568550109863e+00,1.704842150211334229e-01,1.000000000000000000e+00,2.089806556701660156e+00,-6.027003526687622070e-01,1.020277023315429688e+00,-6.198413968086242676e-01,3.255805969238281250e-01,1.612227261066436768e-01,1.000000000000000000e+00,1.728122591972351074e+00,-7.251700162887573242e-01,9.974266886711120605e-01,4.161238372325897217e-01,5.963829755783081055e-01,1.042838171124458313e-01,1.000000000000000000e+00,1.000000000000000000e+00,0.000000000000000000e+00,0.000000000000000000e+00,1.000000000000000000e+00,1.568053007125854492e+00,-6.461205333471298218e-02,8.632838726043701172e-01,3.578196465969085693e-01,1.010057568550109863e+00,1.704842150211334229e-01,9.868634939193725586e-01,1.156167238950729370e-01,1.128422915935516357e-01,-1.017206013202667236e-01,9.873061180114746094e-01,-1.219821721315383911e-01,-1.255130618810653687e-01,1.089013516902923584e-01,9.860969185829162598e-01,7.073754668235778809e-01,7.190802097320556641e-01,-9.611296653747558594e-02,0.000000000000000000e+00,1.000000000000000000e+00,5.741893649101257324e-01,-3.988895118236541748e-01,1.203734159469604492e+00,8.940861225128173828e-01,3.429014980792999268e-01,-5.762911587953567505e-02,1.000000000000000000e+00,1.568053007125854492e+00,-6.461205333471298218e-02,8.632838726043701172e-01,3.578196465969085693e-01,1.010057568550109863e+00,1.704842150211334229e-01,1.000000000000000000e+00,2.089806556701660156e+00,-6.027003526687622070e-01,1.020277023315429688e+00,-6.198413968086242676e-01,3.255805969238281250e-01,1.612227261066436768e-01,1.000000000000000000e+00,1.728122591972351074e+00,-7.251700162887573242e-01,9.974266886711120605e-01,4.161238372325897217e-01,5.963829755783081055e-01,1.042838171124458313e-01,1.000000000000000000e+00,1.000000000000000000e+00,0.000000000000000000e+00,0.000000000000000000e+00,1.000000000000000000e+00,2.089806556701660156e+00,-6.027003526687622070e-01,1.020277023315429688e+00,-6.198413968086242676e-01,3.255805969238281250e-01,1.612227261066436768e-01,-1.024986169397638647e-01,-1.274089423200086557e-02,1.422328262674868449e-03,1.000000000000000000e+00,1.728122591972351074e+00,-7.251700162887573242e-01,9.974266886711120605e-01,4.161238372325897217e-01,5.963829755783081055e-01,1.042838171124458313e-01,-1.573519462832849436e-01,8.524211530285352723e-02,-1.716312268617808945e-02,1.000000000000000000e+00,4.328348115086555481e-02,1.999999880790710449e-01,-1.000000014901161194e-01,3.942027390003204346e-01,1.999875754117965698e-01,1.999999880790710449e-01,-1.000000014901161194e-01,4.590207934379577637e-01,-1.147243976593017578e-01,-1.099514961242675781e-02,1.266956329345703125e-03,3.942219913005828857e-01,-9.545946121215820312e-02,-1.039528846740722656e-02,9.953975677490234375e-04,4.081385135650634766e-01
2.459999999999999964e+00,5.923479795455932617e-01,-3.920758664608001709e-01,1.202495217323303223e+00,9.247796535491943359e-01,3.377359509468078613e-01,-6.724184006452560425e-02,9.753180146217346191e-01,9.948887676000595093e-02,1.971216797828674316e-01,-9.793997555971145630e-02,9.950364828109741211e-01,-1.761574670672416687e-02,-1.978958249092102051e-01,-2.125138184055685997e-03,9.802208542823791504e-01,3.482775092124938965e-01,6.119008641690015793e-03,-2.322724030818790197e-04,1.000000000000000000e+00,0.000000000000000000e+00,5.923479795455932617e-01,-3.920758664608001709e-01,1.202495217323303223e+00,9.247796535491943359e-01,3.377359509468078613e-01,-6.724184006452560425e-02,1.000000000000000000e+00,1.575416445732116699e+00,-4.472954571247100830e-02,8.668814897537231445e-01,3.812345862388610840e-01,9.741461277008056641e-01,1.911022216081619263e-01,1.000000000000000000e+00,2.077430248260498047e+00,-5.960307717323303223e-01,1.023472428321838379e+00,-6.175720095634460449e-01,3.431743085384368896e-01,1.578969359397888184e-01,1.000000000000000000e+00,1.736564040184020996e+00,-7.130107283592224121e-01,9.994964599609375000e-01,4.288310110569000244e-01,6.218294501304626465e-01,1.026866361498832703e-01,1.000000000000000000e+00,1.000000000000000000e+00,0.000000000000000000e+00,0.000000000000000000e+00,1.000000000000000000e+00,1.575416445732116699e+00,-4.472954571247100830e-02,8.668814897537231445e-01,3.812345862388610840e-01,9.741461277008056641e-01,1.911022216081619263e-01,9.851295351982116699e-01,1.189912632107734680e-01,1.239387691020965576e-01,-1.019391492009162903e-01,9.854689836502075195e-01,-1.358649432659149170e-01,-1.383045613765716553e-01,1.212103664875030518e-01,9.829444885253906250e-01,5.642312169075012207e-01,5.329645276069641113e-01,-9.064998477697372437e-02,0.000000000000000000e+00,1.000000000000000000e+00,5.923479795455932617e-01,-3.920758664608001709e-01,1.202495217323303223e+00,9.247796535491943359e-01,3.377359509468078613e-01,-6.724184006452560425e-02,1.000000000000000000e+00,1.575416445732116699e+00,-4.472954571247100830e-02,8.668814897537231445e-01,3.812345862388610840e-01,9.741461277008056641e-01,1.911022216081619263e-01,1.000000000000000000e+00,2.077430248260498047e+00,-5.960307717323303223e-01,1.023472428321838379e+00,-6.175720095634460449e-01,3.431743085384368896e-01,1.578969359397888184e-01,1.000000000000000000e+00,1.736564040184020996e+00,-7.130107283592224121e-01,9.994964599609375000e-01,4.288310110569000244e-01,6.218294501304626465e-01,1.026866361498832703e-01,1.000000000000000000e+00,1.000000000000000000e+00,0.000000000000000000e+00,0.000000000000000000e+00,1.000000000000000000e+00,2.077430248260498047e+00,-5.960307717323303223e-01,1.023472428321838379e+00,-6.175720095634460449e-01,3.431743085384368896e-01,1.578969359397888184e-01,-1.045283029863031121e-01,-1.245781228608566771e-02,1.416464265795926158e-03,1.000000000000000000e+00,1.736564040184020996e+00,-7.130107283592224121e-01,9.994964599609375000e-01,4.288310110569000244e-01,6.218294501304626465e-01,1.026866361498832703e-01,-1.490239402643645239e-01,7.185304067114373083e-02,-1.230685474991577433e-02,1.000000000000000000e+00,4.955812543630599976e-02,1.999999582767486572e-01,-1.000000014901161194e-01,3.948228657245635986e-01,1.999988406896591187e-01,2.000000029802322388e-01,-1.000000014901161194e-01,4.491445720195770264e-01,-1.118555068969726562e-01,-1.133608818054199219e-02,1.273393630981445312e-03,3.930787742137908936e-01,-8.762145042419433594e-02,-1.136636734008789062e-02,9.984970092773437500e-04,4.073784947395324707e-01
2.479999999999999982e+00,6.111171245574951172e-01,-3.853770494461059570e-01,1.201063275337219238e+00,9.551094174385070801e-01,3.312973678112030029e-01,-7.691730558872222900e-02,9.752951264381408691e-01,1.008519828319549561e-01,1.965413838624954224e-01,-9.794162213802337646e-02,9.948906898498535156e-01,-2.449719980359077454e-02,-1.980077773332595825e-01,4.642415791749954224e-03,9.801895618438720703e-01,3.418284058570861816e-01,5.236396566033363342e-03,-1.726224581943824887e-04,1.000000000000000000e+00,0.000000000000000000e+00,6.111171245574951172e-01,-3.853770494461059570e-01,1.201063275337219238e+00,9.551094174385070801e-01,3.312973678112030029e-01,-7.691730558872222900e-02,1.000000000000000000e+00,1.583266019821166992e+00,-2.558780275285243988e-02,8.708764910697937012e-01,4.064451456069946289e-01,9.358740448951721191e-01,2.098823040723800659e-01,1.000000000000000000e+00,2.065099239349365234e+00,-5.890077352523803711e-01,1.026597023010253906e+00,-6.152648329734802246e-01,3.609264194965362549e-01,1.540857255458831787e-01,1.000000000000000000e+00,1.745234847068786621e+00,-7.003573775291442871e-01,1.001541852951049805e+00,4.388318061828613281e-01,6.456184387207031250e-01,1.018971577286720276e-01,1.000000000000000000e+00,1.000000000000000000e+00,0.000000000000000000e+00,0.000000000000000000e+00,1.000000000000000000e+00,1.583266019821166992e+00,-2.558780275285243988e-02,8.708764910697937012e-01,4.064451456069946289e-01,9.358740448951721191e-01,2.098823040723800659e-01,9.837605357170104980e-01,1.220087632536888123e-01,1.316414773464202881e-01,-1.023285314440727234e-01,9.838116765022277832e-01,-1.471183747053146362e-01,-1.474601328372955322e-01,1.312585324048995972e-01,9.803199172019958496e-01,4.855621457099914551e-01,3.754274845123291016e-01,-7.810356467962265015e-02,0.000000000000000000e+00,1.000000000000000000e+00,6.111171245574951172e-01,-3.853770494461059570e-01,1.201063275337219238e+00,9.551094174385070801e-01,3.312973678112030029e-01,-7.691730558872222900e-02,1.000000000000000000e+00,1.583266019821166992e+00,-2.558780275285243988e-02,8.708764910697937012e-01,4.064451456069946289e-01,9.358740448951721191e-01,2.098823040723800659e-01,1.000000000000000000e+00,2.065099239349365234e+00,-5.890077352523803711e-01,1.026597023010253906e+00,-6.152648329734802246e-01,3.609264194965362549e-01,1.540857255458831787e-01,1.000000000000000000e+00,1.745234847068786621e+00,-7.003573775291442871e-01,1.001541852951049805e+00,4.388318061828613281e-01,6.456184387207031250e-01,1.018971577286720276e-01,1.000000000000000000e+00,1.000000000000000000e+00,0.000000000000000000e+00,0.000000000000000000e+00,1.000000000000000000e+00,2.065099239349365234e+00,-5.890077352523803711e-01,1.026597023010253906e+00,-6.152648329734802246e-01,3.609264194965362549e-01,1.540857255458831787e-01,-1.059718446430888694e-01,-1.224298894758080181e-02,1.408489747879028420e-03,1.000000000000000000e+00,1.745234847068786621e+00,-7.003573775291442871e-01,1.001541852951049805e+00,4.388318061828613281e-01,6.456184387207031250e-01,1.018971577286720276e-01,-1.408427806135250093e-01,5.975943856410137478e-02,-8.482657969093518324e-03,1.000000000000000000e+00,5.504091456532478333e-02,1.999998539686203003e-01,-1.000000014901161194e-01,3.952458500862121582e-01,1.999984234571456909e-01,2.000000029802322388e-01,-1.000000014901161194e-01,4.405329227447509766e-01,-1.077518463134765625e-01,-1.189231872558593750e-02,1.286268234252929688e-03,3.918688893318176270e-01,-8.031225204467773438e-02,-1.103854179382324219e-02,8.883476257324218750e-04,4.062061607837677002e-01
2.500000000000000000e+00,6.304897069931030273e-01,-3.788181543350219727e-01,1.199437975883483887e+00,9.850952625274658203e-01,3.236182034015655518e-01,-8.656497299671173096e-02,9.752756357192993164e-01,1.021821126341819763e-01,1.959500908851623535e-01,-9.794188290834426880e-02,9.947019219398498535e-01,-3.123456984758377075e-02,-1.981035470962524414e-01,1.127059012651443481e-02,9.801163673400878906e-01,3.336378931999206543e-01,4.475587047636508942e-03,-1.276228867936879396e-04,1.000000000000000000e+00,0.000000000000000000e+00,6.304897069931030273e-01,-3.788181543350219727e-01,1.199437975883483887e+00,9.850952625274658203e-01,3.236182034015655518e-01,-8.656497299671173096e-02,1.000000000000000000e+00,1.591629505157470703e+00,-7.227888330817222595e-03,8.752246499061584473e-01,4.326483905315399170e-01,8.958697915077209473e-01,2.260695248842239380e-01,1.000000000000000000e+00,2.052814960479736328e+00,-5.816290378570556641e-01,1.029640674591064453e+00,-6.129349470138549805e-01,3.787112534046173096e-01,1.497829556465148926e-01,1.000000000000000000e+00,1.754083752632141113e+00,-6.872434020042419434e-01,1.003577113151550293e+00,4.464506804943084717e-01,6.677179932594299316e-01,1.016848087310791016e-01,1.000000000000000000e+00,1.000000000000000000e+00,0.000000000000000000e+00,0.000000000000000000e+00,1.000000000000000000e+00,1.591629505157470703e+00,-7.227888330817222595e-03,8.752246499061584473e-01,4.326483905315399170e-01,8.958697915077209473e-01,2.260695248842239380e-01,9.826745390892028809e-01,1.246730983257293701e-01,1.371397525072097778e-01,-1.027195602655410767e-01,9.822540283203125000e-01,-1.569257676601409912e-01,-1.542704850435256958e-01,1.401200294494628906e-01,9.780424237251281738e-01,4.382982850074768066e-01,3.066771328449249268e-01,-6.476661562919616699e-02,0.000000000000000000e+00,1.000000000000000000e+00,6.304897069931030273e-01,-3.788181543350219727e-01,1.199437975883483887e+00,9.850952625274658203e-01,3.236182034015655518e-01,-8.656497299671173096e-02,1.000000000000000000e+00,1.591629505157470703e+00,-7.227888330817222595e-03,8.752246499061584473e-01,4.326483905315399170e-01,8.958697915077209473e-01,2.260695248842239380e-01,1.000000000000000000e+00,2.052814960479736328e+00,-5.816290378570556641e-01,1.029640674591064453e+00,-6.129349470138549805e-01,3.787112534046173096e-01,1.497829556465148926e-01,1.000000000000000000e+00,1.754083752632141113e+00,-6.872434020042419434e-01,1.003577113151550293e+00,4.464506804943084717e-01,6.677179932594299316e-01,1.016848087310791016e-01,1.000000000000000000e+00,1.000000000000000000e+00,0.000000000000000000e+00,0.000000000000000000e+00,1.000000000000000000e+00,2.052814960479736328e+00,-5.816290378570556641e-01,1.029640674591064453e+00,-6.129349470138549805e-01,3.787112534046173096e-01,1.497829556465148926e-01,-1.067427971023037492e-01,-1.211666128233979123e-02,1.400045190887565238e-03,1.000000000000000000e+00,1.754083752632141113e+00,-6.872434020042419434e-01,1.003577113151550293e+00,4.464506804943084717e-01,6.677179932594299316e-01,1.016848087310791016e-01,-1.327274728942395565e-01,4.934581841225416099e-02,-5.608389933017515760e-03,1.000000000000000000e+00,5.894779786467552185e-02,1.999993622303009033e-01,-1.000000014901161194e-01,3.955782353878021240e-01,2.000000029802322388e-01,2.000000029802322388e-01,-1.000000014901161194e-01,4.325888156890869141e-01,-1.023287773132324219e-01,-1.268219947814941406e-02,1.302242279052734375e-03,3.906147181987762451e-01,-7.343149185180664062e-02,-1.005196571350097656e-02,7.393360137939453125e-04,4.047854542732238770e-01
2.520000000000000018e+00,6.504589915275573730e-01,-3.724237084388732910e-01,1.197620272636413574e+00,1.014749646186828613e+00,3.147374689579010010e-01,-9.613597393035888672e-02,9.752589464187622070e-01,1.034674942493438721e-01,1.953571289777755737e-01,-9.794120490550994873e-02,9.944753646850585938e-01,-3.776590898633003235e-02,-1.981853991746902466e-01,1.769803091883659363e-02,9.800047278404235840e-01,3.197820186614990234e-01,3.829711349681019783e-03,-9.314212366007268429e-05,1.000000000000000000e+00,0.000000000000000000e+00,6.504589915275573730e-01,-3.724237084388732910e-01,1.197620272636413574e+00,1.014749646186828613e+00,3.147374689579010010e-01,-9.613597393035888672e-02,1.000000000000000000e+00,1.600522518157958984e+00,1.031938754022121429e-02,8.798696994781494141e-01,4.594148695468902588e-01,8.545336127281188965e-01,2.392026036977767944e-01,1.000000000000000000e+00,2.040576934814453125e+00,-5.738954544067382812e-01,1.032594084739685059e+00,-6.106011271476745605e-01,3.963884115219116211e-01,1.449839621782302856e-01,1.000000000000000000e+00,1.763066291809082031e+00,-6.737027764320373535e-01,1.005611538887023926e+00,4.520631730556488037e-01,6.880998015403747559e-01,1.018062159419059753e-01,1.000000000000000000e+00,1.000000000000000000e+00,0.000000000000000000e+00,0.000000000000000000e+00,1.000000000000000000e+00,1.600522518157958984e+00,1.031938754022121429e-02,8.798696994781494141e-01,4.594148695468902588e-01,8.545336127281188965e-01,2.392026036977767944e-01,9.816967248916625977e-01,1.269923895597457886e-01,1.419313699007034302e-01,-1.029172167181968689e-01,9.807897210121154785e-01,-1.657092273235321045e-01,-1.602486521005630493e-01,1.480690240859985352e-01,9.759077429771423340e-01,3.874293863773345947e-01,2.895143628120422363e-01,-5.199310556054115295e-02,0.000000000000000000e+00,1.000000000000000000e+00,6.504589915275573730e-01,-3.724237084388732910e-01,1.197620272636413574e+00,1.014749646186828613e+00,3.147374689579010010e-01,-9.613597393035888672e-02,1.000000000000000000e+00,1.600522518157958984e+00,1.031938754022121429e-02,8.798696994781494141e-01,4.594148695468902588e-01,8.545336127281188965e-01,2.392026036977767944e-01,1.000000000000000000e+00,2.040576934814453125e+00,-5.738954544067382812e-01,1.032594084739685059e+00,-6.106011271476745605e-01,3.963884115219116211e-01,1.449839621782302856e-01,1.000000000000000000e+00,1.763066291809082031e+00,-6.737027764320373535e-01,1.005611538887023926e+00,4.520631730556488037e-01,6.880998015403747559e-01,1.018062159419059753e-01,1.000000000000000000e+00,1.000000000000000000e+00,0.000000000000000000e+00,0.000000000000000000e+00,1.000000000000000000e+00,2.040576934814453125e+00,-5.738954544067382812e-01,1.032594084739685059e+00,-6.106011271476745605e-01,3.963884115219116211e-01,1.449839621782302856e-01,-1.067546975591723984e-01,-1.209879914642497667e-02,1.392373011329064991e-03,1.000000000000000000e+00,1.763066291809082031e+00,-6.737027764320373535e-01,1.005611538887023926e+00,4.520631730556488037e-01,6.880998015403747559e-01,1.018062159419059753e-01,-1.246969987368607147e-01,4.070656780299430899e-02,-3.543868157547397368e-03,1.000000000000000000e+00,6.180626153945922852e-02,1.999961286783218384e-01,-1.000000014901161194e-01,3.959205150604248047e-01,1.999858170747756958e-01,1.999999731779098511e-01,-1.000000014901161194e-01,4.250745773315429688e-01,-9.550595283508300781e-02,-1.372647285461425781e-02,1.314878463745117188e-03,3.893348872661590576e-01,-6.697678565979003906e-02,-8.767366409301757812e-03,5.881786346435546875e-04,4.033724963665008545e-01
2.540000000000000036e+00,6.710184812545776367e-01,-3.662172853946685791e-01,1.195612072944641113e+00,1.044082880020141602e+00,3.047131597995758057e-01,-1.056036502122879028e-01,9.752448797225952148e-01,1.046790555119514465e-01,1.947812587022781372e-01,-9.793985635042190552e-02,9.942218065261840820e-01,-4.394087567925453186e-02,-1.982554644346237183e-01,2.377626672387123108e-02,9.798619747161865234e-01,2.970462441444396973e-01,3.271691501140594482e-03,-6.510685489047318697e-05,1.000000000000000000e+00,0.000000000000000000e+00,6.710184812545776367e-01,-3.662172853946685791e-01,1.195612072944641113e+00,1.044082880020141602e+00,3.047131597995758057e-01,-1.056036502122879028e-01,1.000000000000000000e+00,1.609954833984375000e+00,2.703041769564151764e-02,8.847478628158569336e-01,4.865875840187072754e-01,8.122005462646484375e-01,2.490226328372955322e-01,1.000000000000000000e+00,2.028386116027832031e+00,-5.658103227615356445e-01,1.035446882247924805e+00,-6.082855463027954102e-01,4.138033986091613770e-01,1.396881341934204102e-01,1.000000000000000000e+00,1.772145748138427734e+00,-6.597700119018554688e-01,1.007649660110473633e+00,4.560298621654510498e-01,7.067630887031555176e-01,1.020333766937255859e-01,1.000000000000000000e+00,1.000000000000000000e+00,0.000000000000000000e+00,0.000000000000000000e+00,1.000000000000000000e+00,1.609954833984375000e+00,2.703041769564151764e-02,8.847478628158569336e-01,4.865875840187072754e-01,8.122005462646484375e-01,2.490226328372955322e-01,9.807621240615844727e-01,1.289500594139099121e-01,1.465520113706588745e-01,-1.028735488653182983e-01,9.794687628746032715e-01,-1.733723431825637817e-01,-1.658995002508163452e-01,1.549607068300247192e-01,9.738914370536804199e-01,3.287563621997833252e-01,2.708564400672912598e-01,-4.040963947772979736e-02,0.000000000000000000e+00,1.000000000000000000e+00,6.710184812545776367e-01,-3.662172853946685791e-01,1.195612072944641113e+00,1.044082880020141602e+00,3.047131597995758057e-01,-1.056036502122879028e-01,1.000000000000000000e+00,1.609954833984375000e+00,2.703041769564151764e-02,8.847478628158569336e-01,4.865875840187072754e-01,8.122005462646484375e-01,2.490226328372955322e-01,1.000000000000000000e+00,2.028386116027832031e+00,-5.658103227615356445e-01,1.035446882247924805e+00,-6.082855463027954102e-01,4.138033986091613770e-01,1.396881341934204102e-01,1.000000000000000000e+00,1.772145748138427734e+00,-6.597700119018554688e-01,1.007649660110473633e+00,4.560298621654510498e-01,7.067630887031555176e-01,1.020333766937255859e-01,1.000000000000000000e+00,1.000000000000000000e+00,0.000000000000000000e+00,0.000000000000000000e+00,1.000000000000000000e+00,2.028386116027832031e+00,-5.658103227615356445e-01,1.035446882247924805e+00,-6.082855463027954102e-01,4.138033986091613770e-01,1.396881341934204102e-01,-1.059223654027293127e-01,-1.220858555455706096e-02,1.386032053425564903e-03,1.000000000000000000e+00,1.772145748138427734e+00,-6.597700119018554688e-01,1.007649660110473633e+00,4.560298621654510498e-01,7.067630887031555176e-01,1.020333766937255859e-01,-1.168618617715271868e-01,3.361365584963760256e-02,-2.110124519101468088e-03,1.000000000000000000e+00,6.368652731180191040e-02,1.999783664941787720e-01,-1.000000014901161194e-01,3.965135514736175537e-01,1.999979466199874878e-01,2.000000029802322388e-01,-1.000000014901161194e-01,4.177742302417755127e-01,-8.721661567687988281e-02,-1.504302024841308594e-02,1.315355300903320312e-03,3.880477845668792725e-01,-6.103610992431640625e-02,-7.241010665893554688e-03,4.425048828125000000e-04,4.023041427135467529e-01
2.560000000000000053e+00,6.921618580818176270e-01,-3.602210581302642822e-01,1.193415641784667969e+00,1.073110342025756836e+00,2.936334311962127686e-01,-1.149338558316230774e-01,9.752330780029296875e-01,1.057845875620841980e-01,1.942429244518280029e-01,-9.793805330991744995e-02,9.939562082290649414e-01,-4.959166049957275391e-02,-1.983149945735931396e-01,2.933964878320693970e-02,9.796991944313049316e-01,2.670930922031402588e-01,2.741097938269376755e-03,-3.664642281364649534e-05,1.000000000000000000e+00,0.000000000000000000e+00,6.921618580818176270e-01,-3.602210581302642822e-01,1.193415641784667969e+00,1.073110342025756836e+00,2.936334311962127686e-01,-1.149338558316230774e-01,1.000000000000000000e+00,1.619933485984802246e+00,4.288827255368232727e-02,8.897916674613952637e-01,5.140582919120788574e-01,7.692041397094726562e-01,2.554141283035278320e-01,1.000000000000000000e+00,2.016241073608398438e+00,-5.573804974555969238e-01,1.038189411163330078e+00,-6.060140132904052734e-01,4.307885766029357910e-01,1.339003443717956543e-01,1.000000000000000000e+00,1.781291842460632324e+00,-6.454791426658630371e-01,1.009692192077636719e+00,4.586501717567443848e-01,7.237477898597717285e-01,1.022175773978233337e-01,1.000000000000000000e+00,1.000000000000000000e+00,0.000000000000000000e+00,0.000000000000000000e+00,1.000000000000000000e+00,1.619933485984802246e+00,4.288827255368232727e-02,8.897916674613952637e-01,5.140582919120788574e-01,7.692041397094726562e-01,2.554141283035278320e-01,9.799099564552307129e-01,1.305524855852127075e-01,1.507738679647445679e-01,-1.026708111166954041e-01,9.783241152763366699e-01,-1.798355132341384888e-01,-1.709836572408676147e-01,1.607425063848495483e-01,9.720733761787414551e-01,2.739543616771697998e-01,2.339422702789306641e-01,-3.031491860747337341e-02,0.000000000000000000e+00,1.000000000000000000e+00,6.921618580818176270e-01,-3.602210581302642822e-01,1.193415641784667969e+00,1.073110342025756836e+00,2.936334311962127686e-01,-1.149338558316230774e-01,1.000000000000000000e+00,1.619933485984802246e+00,4.288827255368232727e-02,8.897916674613952637e-01,5.140582919120788574e-01,7.692041397094726562e-01,2.554141283035278320e-01,1.000000000000000000e+00,2.016241073608398438e+00,-5.573804974555969238e-01,1.038189411163330078e+00,-6.060140132904052734e-01,4.307885766029357910e-01,1.339003443717956543e-01,1.000000000000000000e+00,1.781291842460632324e+00,-6.454791426658630371e-01,1.009692192077636719e+00,4.586501717567443848e-01,7.237477898597717285e-01,1.022175773978233337e-01,1.000000000000000000e+00,1.000000000000000000e+00,0.000000000000000000e+00,0.000000000000000000e+00,1.000000000000000000e+00,2.016241073608398438e+00,-5.573804974555969238e-01,1.038189411163330078e+00,-6.060140132904052734e-01,4.307885766029357910e-01,1.339003443717956543e-01,-1.041620325665090774e-01,-1.246485543040010135e-02,1.380666639774180693e-03,1.000000000000000000e+00,1.781291842460632324e+00,-6.454791426658630371e-01,1.009692192077636719e+00,4.586501717567443848e-01,7.237477898597717285e-01,1.022175773978233337e-01,-1.093127820717250398e-01,2.773173051976485226e-02,-1.140075992778537273e-03,1.000000000000000000e+00,6.523270905017852783e-02,2.000000029802322388e-01,-1.000000014901161194e-01,3.974541425704956055e-01,2.000000029802322388e-01,2.000000029802322388e-01,-1.000000014901161194e-01,4.109487831592559814e-01,-7.741761207580566406e-02,-1.664328575134277344e-02,1.291036605834960938e-03,3.867784142494201660e-01,-5.576944351196289062e-02,-5.203962326049804688e-03,2.903938293457031250e-04,4.019262492656707764e-01
2.580000000000000071e+00,7.138831615447998047e-01,-3.544551432132720947e-01,1.191034436225891113e+00,1.101854324340820312e+00,2.816113233566284180e-01,-1.240705996751785278e-01,9.752231836318969727e-01,1.067651957273483276e-01,1.937553137540817261e-01,-9.793598949909210205e-02,9.936929345130920410e-01,-5.461724102497100830e-02,-1.983644813299179077e-01,3.428837656974792480e-02,9.795284867286682129e-01,2.351683080196380615e-01,2.302004722878336906e-03,-1.970611265278421342e-05,1.000000000000000000e+00,0.000000000000000000e+00,7.138831615447998047e-01,-3.544551432132720947e-01,1.191034436225891113e+00,1.101854324340820312e+00,2.816113233566284180e-01,-1.240705996751785278e-01,1.000000000000000000e+00,1.630463004112243652e+00,5.788250640034675598e-02,8.949323296546936035e-01,5.416717529296875000e-01,7.258466482162475586e-01,2.583750188350677490e-01,1.000000000000000000e+00,2.004140615463256836e+00,-5.486162304878234863e-01,1.040811657905578613e+00,-6.038151979446411133e-01,4.471638500690460205e-01,1.276319324970245361e-01,1.000000000000000000e+00,1.790479898452758789e+00,-6.308631896972656250e-01,1.011737465858459473e+00,4.601615369319915771e-01,7.391204833984375000e-01,1.023070290684700012e-01,1.000000000000000000e+00,1.000000000000000000e+00,0.000000000000000000e+00,0.000000000000000000e+00,1.000000000000000000e+00,1.630463004112243652e+00,5.788250640034675598e-02,8.949323296546936035e-01,5.416717529296875000e-01,7.258466482162475586e-01,2.583750188350677490e-01,9.791864752769470215e-01,1.318425834178924561e-01,1.543093621730804443e-01,-1.024035662412643433e-01,9.773442149162292480e-01,-1.852343976497650146e-01,-1.752351522445678711e-01,1.655771732330322266e-01,9.705033898353576660e-01,2.309864014387130737e-01,1.911313086748123169e-01,-2.182594500482082367e-02,0.000000000000000000e+00,1.000000000000000000e+00,7.138831615447998047e-01,-3.544551432132720947e-01,1.191034436225891113e+00,1.101854324340820312e+00,2.816113233566284180e-01,-1.240705996751785278e-01,1.000000000000000000e+00,1.630463004112243652e+00,5.788250640034675598e-02,8.949323296546936035e-01,5.416717529296875000e-01,7.258466482162475586e-01,2.583750188350677490e-01,1.000000000000000000e+00,2.004140615463256836e+00,-5.486162304878234863e-01,1.040811657905578613e+00,-6.038151979446411133e-01,4.471638500690460205e-01,1.276319324970245361e-01,1.000000000000000000e+00,1.790479898452758789e+00,-6.308631896972656250e-01,1.011737465858459473e+00,4.601615369319915771e-01,7.391204833984375000e-01,1.023070290684700012e-01,1.000000000000000000e+00,1.000000000000000000e+00,0.000000000000000000e+00,0.000000000000000000e+00,1.000000000000000000e+00,2.004140615463256836e+00,-5.486162304878234863e-01,1.040811657905578613e+00,-6.038151979446411133e-01,4.471638500690460205e-01,1.276319324970245361e-01,-1.013927413225124419e-01,-1.288635497410317576e-02,1.374730202988345973e-03,1.000000000000000000e+00,1.790479898452758789e+00,-6.308631896972656250e-01,1.011737465858459473e+00,4.601615369319915771e-01,7.391204833984375000e-01,1.023070290684700012e-01,-1.020672512072767768e-01,2.283542655633508112e-02,-5.055603998576976843e-04,1.000000000000000000e+00,6.673704832792282104e-02,1.999993473291397095e-01,-1.000000014901161194e-01,3.980232179164886475e-01,1.999999880790710449e-01,2.000000029802322388e-01,-1.000000014901161194e-01,3.979783356189727783e-01,-6.609249114990234375e-02,-1.852822303771972656e-02,1.226186752319335938e-03,3.855630457401275635e-01,-5.131196975708007812e-02,-2.180337905883789062e-03,1.120567321777343750e-04,4.023604691028594971e-01
2.600000000000000089e+00,7.361770272254943848e-01,-3.489372432231903076e-01,1.188472270965576172e+00,1.130335569381713867e+00,2.687686979770660400e-01,-1.329727917909622192e-01,9.752147793769836426e-01,1.076248809695243835e-01,1.933215707540512085e-01,-9.793382138013839722e-02,9.934406280517578125e-01,-5.903333052992820740e-02,-1.984069198369979858e-01,3.863745555281639099e-02,9.793580174446105957e-01,2.071907818317413330e-01,2.018915489315986633e-03,-8.256845831056125462e-06,1.000000000000000000e+00,0.000000000000000000e+00,7.361770272254943848e-01,-3.489372432231903076e-01,1.188472270965576172e+00,1.130335569381713867e+00,2.687686979770660400e-01,-1.329727917909622192e-01,1.000000000000000000e+00,1.641544461250305176e+00,7.200853526592254639e-02,9.000998139381408691e-01,5.691949129104614258e-01,6.824386119842529297e-01,2.575999200344085693e-01,1.000000000000000000e+00,1.992083191871643066e+00,-5.395313501358032227e-01,1.043304324150085449e+00,-6.017210483551025391e-01,4.627378284931182861e-01,1.209016591310501099e-01,1.000000000000000000e+00,1.799689888954162598e+00,-6.159538030624389648e-01,1.013784050941467285e+00,4.607687592506408691e-01,7.529602050781250000e-01,1.023480892181396484e-01,1.000000000000000000e+00,1.000000000000000000e+00,0.000000000000000000e+00,0.000000000000000000e+00,1.000000000000000000e+00,1.641544461250305176e+00,7.200853526592254639e-02,9.000998139381408691e-01,5.691949129104614258e-01,6.824386119842529297e-01,2.575999200344085693e-01,9.785931110382080078e-01,1.328787803649902344e-01,1.571585088968276978e-01,-1.021116897463798523e-01,9.764969348907470703e-01,-1.898078471422195435e-01,-1.786862164735794067e-01,1.696969419717788696e-01,9.691616296768188477e-01,1.987177431583404541e-01,1.568787693977355957e-01,-1.492735650390386581e-02,0.000000000000000000e+00,1.000000000000000000e+00,7.361770272254943848e-01,-3.489372432231903076e-01,1.188472270965576172e+00,1.130335569381713867e+00,2.687686979770660400e-01,-1.329727917909622192e-01,1.000000000000000000e+00,1.641544461250305176e+00,7.200853526592254639e-02,9.000998139381408691e-01,5.691949129104614258e-01,6.824386119842529297e-01,2.575999200344085693e-01,1.000000000000000000e+00,1.992083191871643066e+00,-5.395313501358032227e-01,1.043304324150085449e+00,-6.017210483551025391e-01,4.627378284931182861e-01,1.209016591310501099e-01,1.000000000000000000e+00,1.799689888954162598e+00,-6.159538030624389648e-01,1.013784050941467285e+00,4.607687592506408691e-01,7.529602050781250000e-01,1.023480892181396484e-01,1.000000000000000000e+00,1.000000000000000000e+00,0.000000000000000000e+00,0.000000000000000000e+00,1.000000000000000000e+00,1.992083191871643066e+00,-5.395313501358032227e-01,1.043304324150085449e+00,-6.017210483551025391e-01,4.627378284931182861e-01,1.209016591310501099e-01,-9.753896612085874440e-02,-1.349097655140529817e-02,1.364866566773176304e-03,1.000000000000000000e+00,1.799689888954162598e+00,-6.159538030624389648e-01,1.013784050941467285e+00,4.607687592506408691e-01,7.529602050781250000e-01,1.023480892181396484e-01,-9.512503782534395547e-02,1.886490038819244042e-02,-1.236347863947037662e-04,1.000000000000000000e+00,0.000000000000000000e+00,0.000000000000000000e+00,0.000000000000000000e+00,0.000000000000000000e+00,0.000000000000000000e+00,0.000000000000000000e+00,0.000000000000000000e+00,0.000000000000000000e+00,0.000000000000000000e+00,0.000000000000000000e+00,0.000000000000000000e+00,0.000000000000000000e+00,0.000000000000000000e+00,0.000000000000000000e+00,0.000000000000000000e+00,0.000000000000000000e+00
