time,agent0_obs0,agent0_obs1,agent0_obs2,agent0_obs3,agent0_obs4,agent0_obs5,agent0_obs6,agent0_obs7,agent0_obs8,agent0_obs9,agent0_obs10,agent0_obs11,agent0_obs12,agent0_obs13,agent0_obs14,agent0_obs15,agent0_obs16,agent0_obs17,agent0_obs18,agent0_obs19,agent0_obs20,agent0_obs21,agent0_obs22,agent0_obs23,agent0_obs24,agent0_obs25,agent0_obs26,agent0_obs27,agent0_obs28,agent0_obs29,agent0_obs30,agent0_obs31,agent0_obs32,agent0_obs33,agent0_obs34,agent0_obs35,agent0_obs36,agent0_obs37,agent0_obs38,agent0_obs39,agent0_obs40,agent0_obs41,agent0_obs42,agent0_obs43,agent0_obs44,agent0_obs45,agent0_obs46,agent0_obs47,agent0_obs48,agent0_obs49,agent0_obs50,agent0_obs51,agent1_obs0,agent1_obs1,agent1_obs2,agent1_obs3,agent1_obs4,agent1_obs5,agent1_obs6,agent1_obs7,agent1_obs8,agent1_obs9,agent1_obs10,agent1_obs11,agent1_obs12,agent1_obs13,agent1_obs14,agent1_obs15,agent1_obs16,agent1_obs17,agent1_obs18,agent1_obs19,agent1_obs20,agent1_obs21,agent1_obs22,agent1_obs23,agent1_obs24,agent1_obs25,agent1_obs26,agent1_obs27,agent1_obs28,agent1_obs29,agent1_obs30,agent1_obs31,agent1_obs32,agent1_obs33,agent1_obs34,agent1_obs35,agent1_obs36,agent1_obs37,agent1_obs38,agent1_obs39,agent1_obs40,agent1_obs41,agent1_obs42,agent1_obs43,agent1_obs44,agent1_obs45,agent1_obs46,agent1_obs47,agent1_obs48,agent1_obs49,agent1_obs50,agent1_obs51,red0_pos_x,red0_pos_y,red0_pos_z,red0_vel_x,red0_vel_y,red0_vel_z,red0_roll,red0_pitch,red0_yaw,red0_active,red1_pos_x,red1_pos_y,red1_pos_z,red1_vel_x,red1_vel_y,red1_vel_z,red1_roll,red1_pitch,red1_yaw,red1_active,blue0_cmd_roll,blue0_cmd_pitch,blue0_cmd_yaw,blue0_cmd_thrust,blue1_cmd_roll,blue1_cmd_pitch,blue1_cmd_yaw,blue1_cmd_thrust,red0_cmd_roll,red0_cmd_pitch,red0_cmd_yaw,red0_cmd_thrust,red1_cmd_roll,red1_cmd_pitch,red1_cmd_yaw,red1_cmd_thrust
0.000000000000000000e+00,-8.298981189727783203e-02,-4.161578714847564697e-01,1.024251937866210938e+00,0.000000000000000000e+00,0.000000000000000000e+00,0.000000000000000000e+00,1.000000000000000000e+00,0.000000000000000000e+00,0.000000000000000000e+00,0.000000000000000000e+00,1.000000000000000000e+00,0.000000000000000000e+00,0.000000000000000000e+00,0.000000000000000000e+00,1.000000000000000000e+00,0.000000000000000000e+00,0.000000000000000000e+00,0.000000000000000000e+00,1.000000000000000000e+00,0.000000000000000000e+00,-8.298981189727783203e-02,-4.161578714847564697e-01,1.024251937866210938e+00,0.000000000000000000e+00,0.000000000000000000e+00,0.000000000000000000e+00,1.000000000000000000e+00,-6.692223995923995972e-02,4.657560884952545166e-01,1.026944637298583984e+00,0.000000000000000000e+00,0.000000000000000000e+00,0.000000000000000000e+00,1.000000000000000000e+00,2.677037715911865234e+00,8.814454078674316406e-02,6.414759159088134766e-01,0.000000000000000000e+00,0.000000000000000000e+00,0.000000000000000000e+00,1.000000000000000000e+00,3.055484294891357422e+00,3.922201395034790039e-01,1.106341123580932617e+00,0.000000000000000000e+00,0.000000000000000000e+00,0.000000000000000000e+00,1.000000000000000000e+00,1.000000000000000000e+00,0.000000000000000000e+00,0.000000000000000000e+00,1.000000000000000000e+00,-6.692223995923995972e-02,4.657560884952545166e-01,1.026944637298583984e+00,0.000000000000000000e+00,0.000000000000000000e+00,0.000000000000000000e+00,1.000000000000000000e+00,0.000000000000000000e+00,0.000000000000000000e+00,0.000000000000000000e+00,1.000000000000000000e+00,0.000000000000000000e+00,0.000000000000000000e+00,0.000000000000000000e+00,1.000000000000000000e+00,0.000000000000000000e+00,0.000000000000000000e+00,0.000000000000000000e+00,0.000000000000000000e+00,1.000000000000000000e+00,-8.298981189727783203e-02,-4.161578714847564697e-01,1.024251937866210938e+00,0.000000000000000000e+00,0.000000000000000000e+00,0.000000000000000000e+00,1.000000000000000000e+00,-6.692223995923995972e-02,4.657560884952545166e-01,1.026944637298583984e+00,0.000000000000000000e+00,0.000000000000000000e+00,0.000000000000000000e+00,1.000000000000000000e+00,2.677037715911865234e+00,8.814454078674316406e-02,6.414759159088134766e-01,0.000000000000000000e+00,0.000000000000000000e+00,0.000000000000000000e+00,1.000000000000000000e+00,3.055484294891357422e+00,3.922201395034790039e-01,1.106341123580932617e+00,0.000000000000000000e+00,0.000000000000000000e+00,0.000000000000000000e+00,1.000000000000000000e+00,1.000000000000000000e+00,0.000000000000000000e+00,0.000000000000000000e+00,1.000000000000000000e+00,2.677037715911865234e+00,8.814454078674316406e-02,6.414759159088134766e-01,0.000000000000000000e+00,0.000000000000000000e+00,0.000000000000000000e+00,0.000000000000000000e+00,0.000000000000000000e+00,0.000000000000000000e+00,1.000000000000000000e+00,3.055484294891357422e+00,3.922201395034790039e-01,1.106341123580932617e+00,0.000000000000000000e+00,0.000000000000000000e+00,0.000000000000000000e+00,0.000000000000000000e+00,0.000000000000000000e+00,0.000000000000000000e+00,1.000000000000000000e+00,-1.153873950242996216e-01,1.694669723510742188e-01,-1.000000014901161194e-01,4.080056250095367432e-01,1.625590026378631592e-01,1.241601333022117615e-01,-1.000000014901161194e-01,2.252434492111206055e-01,4.051518440246582031e-02,-2.000000029802322388e-01,-8.576631546020507812e-03,4.106342494487762451e-01,-5.572319030761718750e-03,-2.000000029802322388e-01,1.251935958862304688e-03,3.959645926952362061e-01
2.000000000000000042e-02,-8.298955112695693970e-02,-4.161576926708221436e-01,1.024245023727416992e+00,1.040640854625962675e-04,7.220896804938092828e-05,-1.117799198254942894e-03,9.999907016754150391e-01,3.202489810064435005e-03,2.895492361858487129e-03,-3.208253299817442894e-03,9.999929070472717285e-01,1.988121541216969490e-03,-2.889104885980486870e-03,-1.997392391785979271e-03,9.999938607215881348e-01,-3.310564756393432617e-01,4.880514740943908691e-01,-3.210715949535369873e-01,1.000000000000000000e+00,0.000000000000000000e+00,-8.298955112695693970e-02,-4.161576926708221436e-01,1.024245023727416992e+00,1.040640854625962675e-04,7.220896804938092828e-05,-1.117799198254942894e-03,1.000000000000000000e+00,-6.692208349704742432e-02,4.657558798789978027e-01,1.026883006095886230e+00,6.577410385943949223e-05,-8.789428102318197489e-05,-1.111970469355583191e-02,1.000000000000000000e+00,2.677037477493286133e+00,8.814448863267898560e-02,6.414728760719299316e-01,-1.127126888604834676e-04,-2.270053482789080590e-05,-4.297975392546504736e-04,1.000000000000000000e+00,3.055484056472778320e+00,3.922201395034790039e-01,1.106333732604980469e+00,-1.141279863077215850e-04,3.123451278952416033e-06,-1.170229050330817699e-03,1.000000000000000000e+00,1.000000000000000000e+00,0.000000000000000000e+00,0.000000000000000000e+00,1.000000000000000000e+00,-6.692208349704742432e-02,4.657558798789978027e-01,1.026883006095886230e+00,6.577410385943949223e-05,-8.789428102318197489e-05,-1.111970469355583191e-02,9.999906420707702637e-01,3.878193208947777748e-03,1.992960227653384209e-03,-3.872780362144112587e-03,9.999889731407165527e-01,-2.712714485824108124e-03,-2.003458561375737190e-03,2.704970538616180420e-03,9.999944567680358887e-01,4.655282199382781982e-01,3.359215557575225830e-01,-4.060770273208618164e-01,0.000000000000000000e+00,1.000000000000000000e+00,-8.298955112695693970e-02,-4.161576926708221436e-01,1.024245023727416992e+00,1.040640854625962675e-04,7.220896804938092828e-05,-1.117799198254942894e-03,1.000000000000000000e+00,-6.692208349704742432e-02,4.657558798789978027e-01,1.026883006095886230e+00,6.577410385943949223e-05,-8.789428102318197489e-05,-1.111970469355583191e-02,1.000000000000000000e+00,2.677037477493286133e+00,8.814448863267898560e-02,6.414728760719299316e-01,-1.127126888604834676e-04,-2.270053482789080590e-05,-4.297975392546504736e-04,1.000000000000000000e+00,3.055484056472778320e+00,3.922201395034790039e-01,1.106333732604980469e+00,-1.141279863077215850e-04,3.123451278952416033e-06,-1.170229050330817699e-03,1.000000000000000000e+00,1.000000000000000000e+00,0.000000000000000000e+00,0.000000000000000000e+00,1.000000000000000000e+00,2.677037477493286133e+00,8.814448863267898560e-02,6.414728760719299316e-01,-1.127126888604834676e-04,-2.270053482789080590e-05,-4.297975392546504736e-04,6.299261269036263329e-04,-3.132525607558056535e-03,-2.820935034747166950e-04,1.000000000000000000e+00,3.055484056472778320e+00,3.922201395034790039e-01,1.106333732604980469e+00,-1.141279863077215850e-04,3.123451278952416033e-06,-1.170229050330817699e-03,-8.717471362443412488e-05,-3.190107615129278429e-03,4.087820841822991698e-05,1.000000000000000000e+00,-1.719618588685989380e-01,1.813173592090606689e-01,-1.000000014901161194e-01,4.373446702957153320e-01,1.999991685152053833e-01,1.366195976734161377e-01,-1.000000014901161194e-01,2.362882643938064575e-01,4.051232337951660156e-02,-2.000000029802322388e-01,-8.575439453125000000e-03,4.109202921390533447e-01,-5.571126937866210938e-03,-2.000000029802322388e-01,1.251459121704101562e-03,3.962463736534118652e-01
4.000000000000000083e-02,-8.297639340162277222e-02,-4.161487817764282227e-01,1.024214029312133789e+00,1.935803098604083061e-03,1.314622117206454277e-03,-1.552470028400421143e-03,9.997323155403137207e-01,1.099677477031946182e-02,2.035948634147644043e-02,-1.128118764609098434e-02,9.998397231101989746e-01,1.390782184898853302e-02,-2.020328119397163391e-02,-1.413377746939659119e-02,9.996960163116455078e-01,-9.393761754035949707e-01,1.298490285873413086e+00,-4.753053486347198486e-01,1.000000000000000000e+00,0.000000000000000000e+00,-8.297639340162277222e-02,-4.161487817764282227e-01,1.024214029312133789e+00,1.935803098604083061e-03,1.314622117206454277e-03,-1.552470028400421143e-03,1.000000000000000000e+00,-6.691429764032363892e-02,4.657450914382934570e-01,1.026417493820190430e+00,1.107637188397347927e-03,-1.563728437758982182e-03,-4.077789932489395142e-02,1.000000000000000000e+00,2.677023410797119141e+00,8.814160525798797607e-02,6.414645314216613770e-01,-2.108338754624128342e-03,-4.211982886772602797e-04,-2.403028920525684953e-04,1.000000000000000000e+00,3.055469751358032227e+00,3.922205269336700439e-01,1.106293201446533203e+00,-2.116844756528735161e-03,5.749558476964011788e-05,-3.147209296002984047e-03,1.000000000000000000e+00,1.000000000000000000e+00,0.000000000000000000e+00,0.000000000000000000e+00,1.000000000000000000e+00,-6.691429764032363892e-02,4.657450914382934570e-01,1.026417493820190430e+00,1.107637188397347927e-03,-1.563728437758982182e-03,-4.077789932489395142e-02,9.997997879981994629e-01,1.460198406130075455e-02,1.368564832955598831e-02,-1.432724576443433762e-02,9.996981620788574219e-01,-1.996243931353092194e-02,-1.397300790995359421e-02,1.976236514747142792e-02,9.997071623802185059e-01,1.315109610557556152e+00,8.739609718322753906e-01,-6.466802358627319336e-01,0.000000000000000000e+00,1.000000000000000000e+00,-8.297639340162277222e-02,-4.161487817764282227e-01,1.024214029312133789e+00,1.935803098604083061e-03,1.314622117206454277e-03,-1.552470028400421143e-03,1.000000000000000000e+00,-6.691429764032363892e-02,4.657450914382934570e-01,1.026417493820190430e+00,1.107637188397347927e-03,-1.563728437758982182e-03,-4.077789932489395142e-02,1.000000000000000000e+00,2.677023410797119141e+00,8.814160525798797607e-02,6.414645314216613770e-01,-2.108338754624128342e-03,-4.211982886772602797e-04,-2.403028920525684953e-04,1.000000000000000000e+00,3.055469751358032227e+00,3.922205269336700439e-01,1.106293201446533203e+00,-2.116844756528735161e-03,5.749558476964011788e-05,-3.147209296002984047e-03,1.000000000000000000e+00,1.000000000000000000e+00,0.000000000000000000e+00,0.000000000000000000e+00,1.000000000000000000e+00,2.677023410797119141e+00,8.814160525798797607e-02,6.414645314216613770e-01,-2.108338754624128342e-03,-4.211982886772602797e-04,-2.403028920525684953e-04,4.419614079032075683e-03,-2.211231788941070420e-02,-9.029295298726991176e-04,1.000000000000000000e+00,3.055469751358032227e+00,3.922205269336700439e-01,1.106293201446533203e+00,-2.116844756528735161e-03,5.749558476964011788e-05,-3.147209296002984047e-03,-6.098015124511009608e-04,-2.241315287462608552e-02,1.325033222470708397e-04,1.000000000000000000e+00,-2.000000029802322388e-01,1.739369183778762817e-01,-1.000000014901161194e-01,5.196803808212280273e-01,2.000000029802322388e-01,1.999989897012710571e-01,-1.000000014901161194e-01,2.621587216854095459e-01,4.039931297302246094e-02,-2.000000029802322388e-01,-8.530139923095703125e-03,4.125292897224426270e-01,-5.545854568481445312e-03,-2.000000029802322388e-01,1.242876052856445312e-03,3.978067040443420410e-01
5.999999999999999778e-02,-8.288760483264923096e-02,-4.160877764225006104e-01,1.024216294288635254e+00,8.666135370731353760e-03,6.030110176652669907e-03,3.884400939568877220e-03,9.985056519508361816e-01,2.038075961172580719e-02,5.070857703685760498e-02,-2.224867232143878937e-02,9.990843534469604492e-01,3.654862940311431885e-02,-4.991725087165832520e-02,-3.762220591306686401e-02,9.980446696281433105e-01,-1.370920658111572266e+00,1.626582145690917969e+00,-5.488120913505554199e-01,1.000000000000000000e+00,0.000000000000000000e+00,-8.288760483264923096e-02,-4.160877764225006104e-01,1.024216294288635254e+00,8.666135370731353760e-03,6.030110176652669907e-03,3.884400939568877220e-03,1.000000000000000000e+00,-6.686622649431228638e-02,4.656752049922943115e-01,1.025246500968933105e+00,4.512065090239048004e-03,-6.675133947283029556e-03,-8.171922713518142700e-02,1.000000000000000000e+00,2.676928281784057617e+00,8.812265098094940186e-02,6.414632797241210938e-01,-9.150249883532524109e-03,-1.815640251152217388e-03,1.168393937405198812e-04,1.000000000000000000e+00,3.055374860763549805e+00,3.922231793403625488e-01,1.106205940246582031e+00,-9.103929623961448669e-03,2.462471311446279287e-04,-6.054538302123546600e-03,1.000000000000000000e+00,1.000000000000000000e+00,0.000000000000000000e+00,0.000000000000000000e+00,1.000000000000000000e+00,-6.686622649431228638e-02,4.656752049922943115e-01,1.025246500968933105e+00,4.512065090239048004e-03,-6.675133947283029556e-03,-8.171922713518142700e-02,9.989967942237854004e-01,2.952029556035995483e-02,3.367628902196884155e-02,-2.777705714106559753e-02,9.983068108558654785e-01,-5.110787972807884216e-02,-3.512798994779586792e-02,5.012117698788642883e-02,9.981252551078796387e-01,1.677059769630432129e+00,1.200218915939331055e+00,-7.629755139350891113e-01,0.000000000000000000e+00,1.000000000000000000e+00,-8.288760483264923096e-02,-4.160877764225006104e-01,1.024216294288635254e+00,8.666135370731353760e-03,6.030110176652669907e-03,3.884400939568877220e-03,1.000000000000000000e+00,-6.686622649431228638e-02,4.656752049922943115e-01,1.025246500968933105e+00,4.512065090239048004e-03,-6.675133947283029556e-03,-8.171922713518142700e-02,1.000000000000000000e+00,2.676928281784057617e+00,8.812265098094940186e-02,6.414632797241210938e-01,-9.150249883532524109e-03,-1.815640251152217388e-03,1.168393937405198812e-04,1.000000000000000000e+00,3.055374860763549805e+00,3.922231793403625488e-01,1.106205940246582031e+00,-9.103929623961448669e-03,2.462471311446279287e-04,-6.054538302123546600e-03,1.000000000000000000e+00,1.000000000000000000e+00,0.000000000000000000e+00,0.000000000000000000e+00,1.000000000000000000e+00,2.676928281784057617e+00,8.812265098094940186e-02,6.414632797241210938e-01,-9.150249883532524109e-03,-1.815640251152217388e-03,1.168393937405198812e-04,1.078265293151862807e-02,-5.414405855215798091e-02,-1.880485015642601246e-03,1.000000000000000000e+00,3.055374860763549805e+00,3.922231793403625488e-01,1.106205940246582031e+00,-9.103929623961448669e-03,2.462471311446279287e-04,-6.054538302123546600e-03,-1.484209223483881363e-03,-5.449145898862206572e-02,2.751310533494580627e-04,1.000000000000000000e+00,-2.000000029802322388e-01,1.657104194164276123e-01,-1.000000014901161194e-01,5.582680702209472656e-01,1.999999880790710449e-01,1.999901086091995239e-01,-1.000000014901161194e-01,2.920802831649780273e-01,3.998804092407226562e-02,-2.000000029802322388e-01,-8.368253707885742188e-03,4.147976338863372803e-01,-5.413532257080078125e-03,-2.000000029802322388e-01,1.203060150146484375e-03,3.998928964138031006e-01
8.000000000000000167e-02,-8.260247111320495605e-02,-4.158846735954284668e-01,1.024414539337158203e+00,2.245110273361206055e-02,1.636171899735927582e-02,1.926791481673717499e-02,9.961804747581481934e-01,2.974529378116130829e-02,8.209659159183502197e-02,-3.506416454911231995e-02,9.973257184028625488e-01,6.412553787231445312e-02,-7.996959984302520752e-02,-6.675925850868225098e-02,9.945592880249023438e-01,-1.413088798522949219e+00,1.333982467651367188e+00,-5.763154029846191406e-01,1.000000000000000000e+00,0.000000000000000000e+00,-8.260247111320495605e-02,-4.158846735954284668e-01,1.024414539337158203e+00,2.245110273361206055e-02,1.636171899735927582e-02,1.926791481673717499e-02,1.000000000000000000e+00,-6.672254204750061035e-02,4.654611647129058838e-01,1.023198604583740234e+00,1.107064168900251389e-02,-1.648329757153987885e-02,-1.281564831733703613e-01,1.000000000000000000e+00,2.676634311676025391e+00,8.806451410055160522e-02,6.414685249328613281e-01,-2.260666899383068085e-02,-4.464266356080770493e-03,5.283356294967234135e-04,1.000000000000000000e+00,3.055083990097045898e+00,3.922310769557952881e-01,1.106052637100219727e+00,-2.231673896312713623e-02,6.025499315001070499e-04,-9.677177295088768005e-03,1.000000000000000000e+00,1.000000000000000000e+00,0.000000000000000000e+00,0.000000000000000000e+00,1.000000000000000000e+00,-6.672254204750061035e-02,4.654611647129058838e-01,1.023198604583740234e+00,1.107064168900251389e-02,-1.648329757153987885e-02,-1.281564831733703613e-01,9.972740411758422852e-01,4.643240571022033691e-02,5.734737962484359741e-02,-4.153861105442047119e-02,9.956195950508117676e-01,-8.376382291316986084e-02,-6.098552793264389038e-02,8.115334808826446533e-02,9.948342442512512207e-01,1.403635382652282715e+00,1.237471222877502441e+00,-7.774171829223632812e-01,0.000000000000000000e+00,1.000000000000000000e+00,-8.260247111320495605e-02,-4.158846735954284668e-01,1.024414539337158203e+00,2.245110273361206055e-02,1.636171899735927582e-02,1.926791481673717499e-02,1.000000000000000000e+00,-6.672254204750061035e-02,4.654611647129058838e-01,1.023198604583740234e+00,1.107064168900251389e-02,-1.648329757153987885e-02,-1.281564831733703613e-01,1.000000000000000000e+00,2.676634311676025391e+00,8.806451410055160522e-02,6.414685249328613281e-01,-2.260666899383068085e-02,-4.464266356080770493e-03,5.283356294967234135e-04,1.000000000000000000e+00,3.055083990097045898e+00,3.922310769557952881e-01,1.106052637100219727e+00,-2.231673896312713623e-02,6.025499315001070499e-04,-9.677177295088768005e-03,1.000000000000000000e+00,1.000000000000000000e+00,0.000000000000000000e+00,0.000000000000000000e+00,1.000000000000000000e+00,2.676634311676025391e+00,8.806451410055160522e-02,6.414685249328613281e-01,-2.260666899383068085e-02,-4.464266356080770493e-03,5.283356294967234135e-04,1.706765483072240908e-02,-8.556476461465312155e-02,-3.124289322103285596e-03,1.000000000000000000e+00,3.055083990097045898e+00,3.922310769557952881e-01,1.106052637100219727e+00,-2.231673896312713623e-02,6.025499315001070499e-04,-9.677177295088768005e-03,-2.344787982659079627e-03,-8.562658065509531902e-02,4.537409590131756239e-04,1.000000000000000000e+00,-1.999951899051666260e-01,1.568008065223693848e-01,-1.000000014901161194e-01,5.476049780845642090e-01,1.999999582767486572e-01,1.999941915273666382e-01,-1.000000014901161194e-01,3.151831030845642090e-01,3.911638259887695312e-02,-2.000000029802322388e-01,-8.044004440307617188e-03,4.164436757564544678e-01,-5.046129226684570312e-03,-2.000000029802322388e-01,1.103639602661132812e-03,4.010996520519256592e-01
1.000000000000000056e-01,-8.197838068008422852e-02,-4.154171049594879150e-01,1.025008678436279297e+00,4.295321181416511536e-02,3.308195993304252625e-02,4.384944960474967957e-02,9.937987327575683594e-01,3.873431310057640076e-02,1.042291820049285889e-01,-4.810990765690803528e-02,9.948694109916687012e-01,8.899600803852081299e-02,-1.002472192049026489e-01,-9.345857799053192139e-02,9.905635118484497070e-01,-1.097198605537414551e+00,7.225957512855529785e-01,-5.623185634613037109e-01,1.000000000000000000e+00,0.000000000000000000e+00,-8.197838068008422852e-02,-4.154171049594879150e-01,1.025008678436279297e+00,4.295321181416511536e-02,3.308195993304252625e-02,4.384944960474967957e-02,1.000000000000000000e+00,-6.641738116741180420e-02,4.650113284587860107e-01,1.020205497741699219e+00,2.096170932054519653e-02,-3.050103411078453064e-02,-1.758534908294677734e-01,1.000000000000000000e+00,2.676019906997680664e+00,8.794336020946502686e-02,6.414886713027954102e-01,-4.144264757633209229e-02,-8.161294274032115936e-03,1.786049455404281616e-03,1.000000000000000000e+00,3.054479360580444336e+00,3.922473490238189697e-01,1.105828046798706055e+00,-4.066267237067222595e-02,1.096825115382671356e-03,-1.306717377156019211e-02,1.000000000000000000e+00,1.000000000000000000e+00,0.000000000000000000e+00,0.000000000000000000e+00,1.000000000000000000e+00,-6.641738116741180420e-02,4.650113284587860107e-01,1.020205497741699219e+00,2.096170932054519653e-02,-3.050103411078453064e-02,-1.758534908294677734e-01,9.948751330375671387e-01,6.325144320726394653e-02,7.888384163379669189e-02,-5.454059690237045288e-02,9.926457405090332031e-01,-1.080726981163024902e-01,-8.513946831226348877e-02,1.032164692878723145e-01,9.910084009170532227e-01,8.749784827232360840e-01,1.000595808029174805e+00,-7.412139773368835449e-01,0.000000000000000000e+00,1.000000000000000000e+00,-8.197838068008422852e-02,-4.154171049594879150e-01,1.025008678436279297e+00,4.295321181416511536e-02,3.308195993304252625e-02,4.384944960474967957e-02,1.000000000000000000e+00,-6.641738116741180420e-02,4.650113284587860107e-01,1.020205497741699219e+00,2.096170932054519653e-02,-3.050103411078453064e-02,-1.758534908294677734e-01,1.000000000000000000e+00,2.676019906997680664e+00,8.794336020946502686e-02,6.414886713027954102e-01,-4.144264757633209229e-02,-8.161294274032115936e-03,1.786049455404281616e-03,1.000000000000000000e+00,3.054479360580444336e+00,3.922473490238189697e-01,1.105828046798706055e+00,-4.066267237067222595e-02,1.096825115382671356e-03,-1.306717377156019211e-02,1.000000000000000000e+00,1.000000000000000000e+00,0.000000000000000000e+00,0.000000000000000000e+00,1.000000000000000000e+00,2.676019906997680664e+00,8.794336020946502686e-02,6.414886713027954102e-01,-4.144264757633209229e-02,-8.161294274032115936e-03,1.786049455404281616e-03,2.142447030158556309e-02,-1.071086853666898264e-01,-4.247107554651395958e-03,1.000000000000000000e+00,3.054479360580444336e+00,3.922473490238189697e-01,1.105828046798706055e+00,-4.066267237067222595e-02,1.096825115382671356e-03,-1.306717377156019211e-02,-2.930555189918853699e-03,-1.068051664172300352e-01,6.128764380809456971e-04,1.000000000000000000e+00,-1.999999880790710449e-01,1.680594533681869507e-01,-1.000000014901161194e-01,4.966333210468292236e-01,1.999982744455337524e-01,1.999409496784210205e-01,-1.000000014901161194e-01,3.259666860103607178e-01,3.764963150024414062e-02,-2.000000029802322388e-01,-7.545232772827148438e-03,4.172268807888031006e-01,-4.323482513427734375e-03,-2.000000029802322388e-01,9.245872497558593750e-04,4.009810984134674072e-01
1.199999999999999956e-01,-8.090185374021530151e-02,-4.145649671554565430e-01,1.026144385337829590e+00,6.756376475095748901e-02,5.498923361301422119e-02,7.271762192249298096e-02,9.922770857810974121e-01,4.737481102347373962e-02,1.146377101540565491e-01,-5.966570600867271423e-02,9.925448298454284668e-01,1.062764674425125122e-01,-1.087482497096061707e-01,-1.122956424951553345e-01,9.877061843872070312e-01,-6.485278010368347168e-01,2.649393677711486816e-01,-4.979192614555358887e-01,1.000000000000000000e+00,0.000000000000000000e+00,-8.090185374021530151e-02,-4.145649671554565430e-01,1.026144385337829590e+00,6.756376475095748901e-02,5.498923361301422119e-02,7.271762192249298096e-02,1.000000000000000000e+00,-6.588751822710037231e-02,4.642526209354400635e-01,1.016263961791992188e+00,3.371212631464004517e-02,-4.744131490588188171e-02,-2.227604240179061890e-01,1.000000000000000000e+00,2.674995422363281250e+00,8.774190396070480347e-02,6.415418386459350586e-01,-6.356950849294662476e-02,-1.248781383037567139e-02,3.823964856564998627e-03,1.000000000000000000e+00,3.053476572036743164e+00,3.922743499279022217e-01,1.105538010597229004e+00,-6.209505349397659302e-02,1.668784534558653831e-03,-1.624858938157558441e-02,1.000000000000000000e+00,1.000000000000000000e+00,0.000000000000000000e+00,0.000000000000000000e+00,1.000000000000000000e+00,-6.588751822710037231e-02,4.642526209354400635e-01,1.016263961791992188e+00,3.371212631464004517e-02,-4.744131490588188171e-02,-2.227604240179061890e-01,9.923546314239501953e-01,7.856123149394989014e-02,9.518726915121078491e-02,-6.662701070308685303e-02,9.902112483978271484e-01,-1.226487010717391968e-01,-1.038909330964088440e-01,1.153689473867416382e-01,9.878749251365661621e-01,4.973684847354888916e-01,7.178823351860046387e-01,-6.676087379455566406e-01,0.000000000000000000e+00,1.000000000000000000e+00,-8.090185374021530151e-02,-4.145649671554565430e-01,1.026144385337829590e+00,6.756376475095748901e-02,5.498923361301422119e-02,7.271762192249298096e-02,1.000000000000000000e+00,-6.588751822710037231e-02,4.642526209354400635e-01,1.016263961791992188e+00,3.371212631464004517e-02,-4.744131490588188171e-02,-2.227604240179061890e-01,1.000000000000000000e+00,2.674995422363281250e+00,8.774190396070480347e-02,6.415418386459350586e-01,-6.356950849294662476e-02,-1.248781383037567139e-02,3.823964856564998627e-03,1.000000000000000000e+00,3.053476572036743164e+00,3.922743499279022217e-01,1.105538010597229004e+00,-6.209505349397659302e-02,1.668784534558653831e-03,-1.624858938157558441e-02,1.000000000000000000e+00,1.000000000000000000e+00,0.000000000000000000e+00,0.000000000000000000e+00,1.000000000000000000e+00,2.674995422363281250e+00,8.774190396070480347e-02,6.415418386459350586e-01,-6.356950849294662476e-02,-1.248781383037567139e-02,3.823964856564998627e-03,2.369944008536572361e-02,-1.188167242639945886e-01,-5.061084262850875162e-03,1.000000000000000000e+00,3.053476572036743164e+00,3.922743499279022217e-01,1.105538010597229004e+00,-6.209505349397659302e-02,1.668784534558653831e-03,-1.624858938157558441e-02,-3.197428467848130885e-03,-1.184083799703956608e-01,7.221454000928425286e-04,1.000000000000000000e+00,-2.000000029802322388e-01,1.791628003120422363e-01,-1.000000014901161194e-01,4.374552369117736816e-01,2.000000029802322388e-01,1.999999433755874634e-01,-1.000000014901161194e-01,3.381546139717102051e-01,3.550839424133300781e-02,-1.952311992645263672e-01,-6.891250610351562500e-03,4.176174998283386230e-01,-3.172874450683593750e-03,-2.000000029802322388e-01,6.606578826904296875e-04,3.998520672321319580e-01
1.400000000000000133e-01,-7.931854575872421265e-02,-4.132460951805114746e-01,1.027844667434692383e+00,9.337279200553894043e-02,7.957932353019714355e-02,9.880308061838150024e-02,9.912995696067810059e-01,5.528384819626808167e-02,1.194526776671409607e-01,-6.921808421611785889e-02,9.908528923988342285e-01,1.158425137400627136e-01,-1.119557991623878479e-01,-1.231029108166694641e-01,9.860586524009704590e-01,-3.650093674659729004e-01,2.360595166683197021e-01,-4.065420925617218018e-01,1.000000000000000000e+00,0.000000000000000000e+00,-7.931854575872421265e-02,-4.132460951805114746e-01,1.027844667434692383e+00,9.337279200553894043e-02,7.957932353019714355e-02,9.880308061838150024e-02,1.000000000000000000e+00,-6.508199870586395264e-02,4.631371796131134033e-01,1.011398792266845703e+00,4.865139722824096680e-02,-6.625102460384368896e-02,-2.678828835487365723e-01,1.000000000000000000e+00,2.673511505126953125e+00,8.745088428258895874e-02,6.416409015655517578e-01,-8.745972812175750732e-02,-1.710789650678634644e-02,6.466741673648357391e-03,1.000000000000000000e+00,3.052028894424438477e+00,3.923130929470062256e-01,1.105184555053710938e+00,-8.518141508102416992e-02,2.263817004859447479e-03,-1.938609592616558075e-02,1.000000000000000000e+00,1.000000000000000000e+00,0.000000000000000000e+00,0.000000000000000000e+00,1.000000000000000000e+00,-6.508199870586395264e-02,4.631371796131134033e-01,1.011398792266845703e+00,4.865139722824096680e-02,-6.625102460384368896e-02,-2.678828835487365723e-01,9.900228977203369141e-01,9.185831248760223389e-02,1.068499684333801270e-01,-7.742978632450103760e-02,9.882044196128845215e-01,-1.321247071027755737e-01,-1.177263408899307251e-01,1.225330978631973267e-01,9.854574203491210938e-01,4.014810025691986084e-01,5.351552367210388184e-01,-5.740466117858886719e-01,0.000000000000000000e+00,1.000000000000000000e+00,-7.931854575872421265e-02,-4.132460951805114746e-01,1.027844667434692383e+00,9.337279200553894043e-02,7.957932353019714355e-02,9.880308061838150024e-02,1.000000000000000000e+00,-6.508199870586395264e-02,4.631371796131134033e-01,1.011398792266845703e+00,4.865139722824096680e-02,-6.625102460384368896e-02,-2.678828835487365723e-01,1.000000000000000000e+00,2.673511505126953125e+00,8.745088428258895874e-02,6.416409015655517578e-01,-8.745972812175750732e-02,-1.710789650678634644e-02,6.466741673648357391e-03,1.000000000000000000e+00,3.052028894424438477e+00,3.923130929470062256e-01,1.105184555053710938e+00,-8.518141508102416992e-02,2.263817004859447479e-03,-1.938609592616558075e-02,1.000000000000000000e+00,1.000000000000000000e+00,0.000000000000000000e+00,0.000000000000000000e+00,1.000000000000000000e+00,2.673511505126953125e+00,8.745088428258895874e-02,6.416409015655517578e-01,-8.745972812175750732e-02,-1.710789650678634644e-02,6.466741673648357391e-03,2.483710999827749150e-02,-1.261433353856113992e-01,-5.630594487229937870e-03,1.000000000000000000e+00,3.052028894424438477e+00,3.923130929470062256e-01,1.105184555053710938e+00,-8.518141508102416992e-02,2.263817004859447479e-03,-1.938609592616558075e-02,-3.235840414503339882e-03,-1.260425974128374094e-01,7.844110751417292596e-04,1.000000000000000000e+00,-1.999995261430740356e-01,1.618615984916687012e-01,-1.000000014901161194e-01,4.216114580631256104e-01,1.999999880790710449e-01,1.999999135732650757e-01,-1.000000014901161194e-01,3.514547646045684814e-01,3.272652626037597656e-02,-1.881489753723144531e-01,-6.123304367065429688e-03,4.179775118827819824e-01,-1.558065414428710938e-03,-2.000000029802322388e-01,3.149509429931640625e-04,3.981303274631500244e-01
1.600000000000000033e-01,-7.721720635890960693e-02,-4.114263653755187988e-01,1.030009150505065918e+00,1.194485425949096680e-01,1.050226092338562012e-01,1.185860186815261841e-01,9.901232719421386719e-01,6.169347092509269714e-02,1.258972138166427612e-01,-7.719590514898300171e-02,9.894956350326538086e-01,1.222270056605339050e-01,-1.170341223478317261e-01,-1.307385265827178955e-01,9.844849705696105957e-01,-3.604006469249725342e-01,3.768054544925689697e-01,-3.181344866752624512e-01,1.000000000000000000e+00,0.000000000000000000e+00,-7.721720635890960693e-02,-4.114263653755187988e-01,1.030009150505065918e+00,1.194485425949096680e-01,1.050226092338562012e-01,1.185860186815261841e-01,1.000000000000000000e+00,-6.396139413118362427e-02,4.616310894489288330e-01,1.005655050277709961e+00,6.534987688064575195e-02,-8.668235689401626587e-02,-3.101726472377777100e-01,1.000000000000000000e+00,2.671537399291992188e+00,8.706591278314590454e-02,6.417994499206542969e-01,-1.127082258462905884e-01,-2.189334109425544739e-02,9.864178486168384552e-03,1.000000000000000000e+00,3.050107479095458984e+00,3.923636972904205322e-01,1.104769468307495117e+00,-1.096088290214538574e-01,2.846909686923027039e-03,-2.238720282912254333e-02,1.000000000000000000e+00,1.000000000000000000e+00,0.000000000000000000e+00,0.000000000000000000e+00,1.000000000000000000e+00,-6.396139413118362427e-02,4.616310894489288330e-01,1.005655050277709961e+00,6.534987688064575195e-02,-8.668235689401626587e-02,-3.101726472377777100e-01,9.878873825073242188e-01,1.033077612519264221e-01,1.157852560281753540e-01,-8.656109124422073364e-02,9.861681461334228516e-01,-1.413497477769851685e-01,-1.287862509489059448e-01,1.296151131391525269e-01,9.831654429435729980e-01,4.688977599143981934e-01,4.581066370010375977e-01,-4.776638150215148926e-01,0.000000000000000000e+00,1.000000000000000000e+00,-7.721720635890960693e-02,-4.114263653755187988e-01,1.030009150505065918e+00,1.194485425949096680e-01,1.050226092338562012e-01,1.185860186815261841e-01,1.000000000000000000e+00,-6.396139413118362427e-02,4.616310894489288330e-01,1.005655050277709961e+00,6.534987688064575195e-02,-8.668235689401626587e-02,-3.101726472377777100e-01,1.000000000000000000e+00,2.671537399291992188e+00,8.706591278314590454e-02,6.417994499206542969e-01,-1.127082258462905884e-01,-2.189334109425544739e-02,9.864178486168384552e-03,1.000000000000000000e+00,3.050107479095458984e+00,3.923636972904205322e-01,1.104769468307495117e+00,-1.096088290214538574e-01,2.846909686923027039e-03,-2.238720282912254333e-02,1.000000000000000000e+00,1.000000000000000000e+00,0.000000000000000000e+00,0.000000000000000000e+00,1.000000000000000000e+00,2.671537399291992188e+00,8.706591278314590454e-02,6.417994499206542969e-01,-1.127082258462905884e-01,-2.189334109425544739e-02,9.864178486168384552e-03,2.575232064856612657e-02,-1.335052139285934913e-01,-6.026869225456706058e-03,1.000000000000000000e+00,3.050107479095458984e+00,3.923636972904205322e-01,1.104769468307495117e+00,-1.096088290214538574e-01,2.846909686923027039e-03,-2.238720282912254333e-02,-3.125034110398348941e-03,-1.343178624557881395e-01,8.017107500282467242e-04,1.000000000000000000e+00,-1.999249905347824097e-01,1.578685045242309570e-01,-1.000000014901161194e-01,4.151186645030975342e-01,1.999999284744262695e-01,1.999997049570083618e-01,-1.000000014901161194e-01,3.692790865898132324e-01,2.937960624694824219e-02,-1.806442737579345703e-01,-5.280017852783203125e-03,4.183567166328430176e-01,5.660057067871093750e-04,-1.970427036285400391e-01,-1.108646392822265625e-04,3.960501849651336670e-01
1.799999999999999933e-01,-7.458829879760742188e-02,-4.090927839279174805e-01,1.032515883445739746e+00,1.462803333997726440e-01,1.310563236474990845e-01,1.325887590646743774e-01,9.887383580207824707e-01,6.626906245946884155e-02,1.341828256845474243e-01,-8.379375189542770386e-02,9.880353808403015137e-01,1.294794827699661255e-01,-1.239968761801719666e-01,-1.392650157213211060e-01,9.824613332748413086e-01,-4.393809437751770020e-01,3.809688091278076172e-01,-2.435752302408218384e-01,1.000000000000000000e+00,0.000000000000000000e+00,-7.458829879760742188e-02,-4.090927839279174805e-01,1.032515883445739746e+00,1.462803333997726440e-01,1.310563236474990845e-01,1.325887590646743774e-01,1.000000000000000000e+00,-6.249223276972770691e-02,4.596996605396270752e-01,9.990980625152587891e-01,8.366785198450088501e-02,-1.090575158596038818e-01,-3.486349880695343018e-01,1.000000000000000000e+00,2.669045448303222656e+00,8.658384531736373901e-02,6.420322060585021973e-01,-1.394262462854385376e-01,-2.683294005692005157e-02,1.387919299304485321e-02,1.000000000000000000e+00,3.047683954238891602e+00,3.924256265163421631e-01,1.104294180870056152e+00,-1.355969756841659546e-01,3.390182508155703545e-03,-2.549386397004127502e-02,1.000000000000000000e+00,1.000000000000000000e+00,0.000000000000000000e+00,0.000000000000000000e+00,1.000000000000000000e+00,-6.249223276972770691e-02,4.596996605396270752e-01,9.990980625152587891e-01,8.366785198450088501e-02,-1.090575158596038818e-01,-3.486349880695343018e-01,9.858837127685546875e-01,1.131017059087753296e-01,1.234563961625099182e-01,-9.383921325206756592e-02,9.839129447937011719e-01,-1.520186811685562134e-01,-1.386639028787612915e-01,1.382876783609390259e-01,9.806370139122009277e-01,5.264317989349365234e-01,4.297656714916229248e-01,-3.840260505676269531e-01,0.000000000000000000e+00,1.000000000000000000e+00,-7.458829879760742188e-02,-4.090927839279174805e-01,1.032515883445739746e+00,1.462803333997726440e-01,1.310563236474990845e-01,1.325887590646743774e-01,1.000000000000000000e+00,-6.249223276972770691e-02,4.596996605396270752e-01,9.990980625152587891e-01,8.366785198450088501e-02,-1.090575158596038818e-01,-3.486349880695343018e-01,1.000000000000000000e+00,2.669045448303222656e+00,8.658384531736373901e-02,6.420322060585021973e-01,-1.394262462854385376e-01,-2.683294005692005157e-02,1.387919299304485321e-02,1.000000000000000000e+00,3.047683954238891602e+00,3.924256265163421631e-01,1.104294180870056152e+00,-1.355969756841659546e-01,3.390182508155703545e-03,-2.549386397004127502e-02,1.000000000000000000e+00,1.000000000000000000e+00,0.000000000000000000e+00,0.000000000000000000e+00,1.000000000000000000e+00,2.669045448303222656e+00,8.658384531736373901e-02,6.420322060585021973e-01,-1.394262462854385376e-01,-2.683294005692005157e-02,1.387919299304485321e-02,2.668194982060121193e-02,-1.415636406304510153e-01,-6.267565563107788812e-03,1.000000000000000000e+00,3.047683954238891602e+00,3.924256265163421631e-01,1.104294180870056152e+00,-1.355969756841659546e-01,3.390182508155703545e-03,-2.549386397004127502e-02,-2.857427615883029529e-03,-1.440465744323833341e-01,7.701465585323325619e-04,1.000000000000000000e+00,-1.999626755714416504e-01,1.482988893985748291e-01,-1.000000014901161194e-01,4.045938849449157715e-01,1.999994814395904541e-01,1.999997794628143311e-01,-1.000000014901161194e-01,4.015093743801116943e-01,2.546429634094238281e-02,-1.727426052093505859e-01,-4.377841949462890625e-03,4.186936616897583008e-01,3.274202346801757812e-03,-1.900231838226318359e-01,-6.184577941894531250e-04,3.936802744865417480e-01
2.000000000000000111e-01,-7.141474634408950806e-02,-4.062314033508300781e-01,1.035254001617431641e+00,1.739433556795120239e-01,1.579106301069259644e-01,1.411989927291870117e-01,9.875437021255493164e-01,6.933268904685974121e-02,1.412466615438461304e-01,-8.895570039749145508e-02,9.864678978919982910e-01,1.377248317003250122e-01,-1.297864466905593872e-01,-1.485739797353744507e-01,9.803476333618164062e-01,-4.349374473094940186e-01,2.420249283313751221e-01,-1.866037845611572266e-01,1.000000000000000000e+00,0.000000000000000000e+00,-7.141474634408950806e-02,-4.062314033508300781e-01,1.035254001617431641e+00,1.739433556795120239e-01,1.579106301069259644e-01,1.411989927291870117e-01,1.000000000000000000e+00,-6.064157932996749878e-02,4.572996795177459717e-01,9.918160438537597656e-01,1.037083491683006287e-01,-1.338624209165573120e-01,-3.818258047103881836e-01,1.000000000000000000e+00,2.666005373001098633e+00,8.600170910358428955e-02,6.423489451408386230e-01,-1.675885766744613647e-01,-3.190524876117706299e-02,1.830299757421016693e-02,1.000000000000000000e+00,3.044725894927978516e+00,3.924978077411651611e-01,1.103752732276916504e+00,-1.632125079631805420e-01,3.857904346659779549e-03,-2.909467741847038269e-02,1.000000000000000000e+00,1.000000000000000000e+00,0.000000000000000000e+00,0.000000000000000000e+00,1.000000000000000000e+00,-6.064157932996749878e-02,4.572996795177459717e-01,9.918160438537597656e-01,1.037083491683006287e-01,-1.338624209165573120e-01,-3.818258047103881836e-01,9.840125441551208496e-01,1.212089061737060547e-01,1.304905116558074951e-01,-9.929551184177398682e-02,9.816137552261352539e-01,-1.630180180072784424e-01,-1.478505134582519531e-01,1.474546492099761963e-01,9.779557585716247559e-01,4.905755519866943359e-01,4.029519855976104736e-01,-2.976134419441223145e-01,0.000000000000000000e+00,1.000000000000000000e+00,-7.141474634408950806e-02,-4.062314033508300781e-01,1.035254001617431641e+00,1.739433556795120239e-01,1.579106301069259644e-01,1.411989927291870117e-01,1.000000000000000000e+00,-6.064157932996749878e-02,4.572996795177459717e-01,9.918160438537597656e-01,1.037083491683006287e-01,-1.338624209165573120e-01,-3.818258047103881836e-01,1.000000000000000000e+00,2.666005373001098633e+00,8.600170910358428955e-02,6.423489451408386230e-01,-1.675885766744613647e-01,-3.190524876117706299e-02,1.830299757421016693e-02,1.000000000000000000e+00,3.044725894927978516e+00,3.924978077411651611e-01,1.103752732276916504e+00,-1.632125079631805420e-01,3.857904346659779549e-03,-2.909467741847038269e-02,1.000000000000000000e+00,1.000000000000000000e+00,0.000000000000000000e+00,0.000000000000000000e+00,1.000000000000000000e+00,2.666005373001098633e+00,8.600170910358428955e-02,6.423489451408386230e-01,-1.675885766744613647e-01,-3.190524876117706299e-02,1.830299757421016693e-02,2.730404267246492808e-02,-1.485958377396723318e-01,-6.329025292092064353e-03,1.000000000000000000e+00,3.044725894927978516e+00,3.924978077411651611e-01,1.103752732276916504e+00,-1.632125079631805420e-01,3.857904346659779549e-03,-2.909467741847038269e-02,-2.352723174211993930e-03,-1.532303815732154462e-01,6.776471015153433036e-04,1.000000000000000000e+00,-1.998327374458312988e-01,1.317220032215118408e-01,-1.000000014901161194e-01,3.980209827423095703e-01,1.999920606613159180e-01,1.999994069337844849e-01,-1.000000014901161194e-01,4.279361367225646973e-01,2.094435691833496094e-02,-1.645016670227050781e-01,-3.430366516113281250e-03,4.189119935035705566e-01,6.653547286987304688e-03,-1.824119091033935547e-01,-1.206874847412109375e-03,3.910817503929138184e-01
2.200000000000000011e-01,-6.768408417701721191e-02,-4.028252363204956055e-01,1.038117885589599609e+00,2.019088715314865112e-01,1.855943351984024048e-01,1.447562575340270996e-01,9.868567585945129395e-01,7.153112441301345825e-02,1.449037343263626099e-01,-9.273929148912429810e-02,9.850256443023681641e-01,1.453406512737274170e-01,-1.323375254869461060e-01,-1.568686664104461670e-01,9.787129163742065430e-01,-3.507011830806732178e-01,4.942241683602333069e-02,-1.490091532468795776e-01,1.000000000000000000e+00,0.000000000000000000e+00,-6.768408417701721191e-02,-4.028252363204956055e-01,1.038117885589599609e+00,2.019088715314865112e-01,1.855943351984024048e-01,1.447562575340270996e-01,1.000000000000000000e+00,-5.837309733033180237e-02,4.543792009353637695e-01,9.839300513267517090e-01,1.256650239229202271e-01,-1.613909602165222168e-01,-4.081789255142211914e-01,1.000000000000000000e+00,2.662391901016235352e+00,8.531755954027175903e-02,6.427576541900634766e-01,-1.968062371015548706e-01,-3.701276332139968872e-02,2.311775274574756622e-02,1.000000000000000000e+00,3.041203260421752930e+00,3.925783038139343262e-01,1.103134155273437500e+00,-1.921000033617019653e-01,4.197720438241958618e-03,-3.329158946871757507e-02,1.000000000000000000e+00,1.000000000000000000e+00,0.000000000000000000e+00,0.000000000000000000e+00,1.000000000000000000e+00,-5.837309733033180237e-02,4.543792009353637695e-01,9.839300513267517090e-01,1.256650239229202271e-01,-1.613909602165222168e-01,-4.081789255142211914e-01,9.823323488235473633e-01,1.275531947612762451e-01,1.369435042142868042e-01,-1.031475290656089783e-01,9.795913696289062500e-01,-1.725152879953384399e-01,-1.561535447835922241e-01,1.553419381380081177e-01,9.754409790039062500e-01,3.802330493927001953e-01,3.582677245140075684e-01,-2.203509211540222168e-01,0.000000000000000000e+00,1.000000000000000000e+00,-6.768408417701721191e-02,-4.028252363204956055e-01,1.038117885589599609e+00,2.019088715314865112e-01,1.855943351984024048e-01,1.447562575340270996e-01,1.000000000000000000e+00,-5.837309733033180237e-02,4.543792009353637695e-01,9.839300513267517090e-01,1.256650239229202271e-01,-1.613909602165222168e-01,-4.081789255142211914e-01,1.000000000000000000e+00,2.662391901016235352e+00,8.531755954027175903e-02,6.427576541900634766e-01,-1.968062371015548706e-01,-3.701276332139968872e-02,2.311775274574756622e-02,1.000000000000000000e+00,3.041203260421752930e+00,3.925783038139343262e-01,1.103134155273437500e+00,-1.921000033617019653e-01,4.197720438241958618e-03,-3.329158946871757507e-02,1.000000000000000000e+00,1.000000000000000000e+00,0.000000000000000000e+00,0.000000000000000000e+00,1.000000000000000000e+00,2.662391901016235352e+00,8.531755954027175903e-02,6.427576541900634766e-01,-1.968062371015548706e-01,-3.701276332139968872e-02,2.311775274574756622e-02,2.719017762850676340e-02,-1.529140055998499115e-01,-6.168299056986381243e-03,1.000000000000000000e+00,3.041203260421752930e+00,3.925783038139343262e-01,1.103134155273437500e+00,-1.921000033617019653e-01,4.197720438241958618e-03,-3.329158946871757507e-02,-1.503564771648603074e-03,-1.596282337640451132e-01,5.083661656641745488e-04,1.000000000000000000e+00,-1.975804865360260010e-01,1.107301712036132812e-01,-1.000000014901161194e-01,3.972241580486297607e-01,1.999298930168151855e-01,1.999929547309875488e-01,-1.000000014901161194e-01,4.438300132751464844e-01,1.581335067749023438e-02,-1.560773849487304688e-01,-2.458333969116210938e-03,4.189805984497070312e-01,1.077795028686523438e-02,-1.742398738861083984e-01,-1.868486404418945312e-03,3.883957564830780029e-01
2.399999999999999911e-01,-6.339652091264724731e-02,-3.988593518733978271e-01,1.041013836860656738e+00,2.294905334711074829e-01,2.139164209365844727e-01,1.442162692546844482e-01,9.867499470710754395e-01,7.341316342353820801e-02,1.446896642446517944e-01,-9.540125727653503418e-02,9.838545918464660645e-01,1.514227837324142456e-01,-1.312371641397476196e-01,-1.632200032472610474e-01,9.778221249580383301e-01,-2.530732154846191406e-01,-1.303098350763320923e-01,-1.288648396730422974e-01,1.000000000000000000e+00,0.000000000000000000e+00,-6.339652091264724731e-02,-3.988593518733978271e-01,1.041013836860656738e+00,2.294905334711074829e-01,2.139164209365844727e-01,1.442162692546844482e-01,1.000000000000000000e+00,-5.564770475029945374e-02,4.508842825889587402e-01,9.755834937095642090e-01,1.495876759290695190e-01,-1.915160715579986572e-01,-4.271419048309326172e-01,1.000000000000000000e+00,2.658189058303833008e+00,8.453211933374404907e-02,6.432662010192871094e-01,-2.264621853828430176e-01,-4.199313372373580933e-02,2.830418199300765991e-02,1.000000000000000000e+00,3.037096500396728516e+00,3.926638960838317871e-01,1.102425575256347656e+00,-2.216040939092636108e-01,4.339513368904590607e-03,-3.816207125782966614e-02,1.000000000000000000e+00,1.000000000000000000e+00,0.000000000000000000e+00,0.000000000000000000e+00,1.000000000000000000e+00,-5.564770475029945374e-02,4.508842825889587402e-01,9.755834937095642090e-01,1.495876759290695190e-01,-1.915160715579986572e-01,-4.271419048309326172e-01,9.809113144874572754e-01,1.321750879287719727e-01,1.426280140876770020e-01,-1.056806892156600952e-01,9.780533313751220703e-01,-1.795643121004104614e-01,-1.632317304611206055e-01,1.610636264085769653e-01,9.733518958091735840e-01,2.609544992446899414e-01,2.996392250061035156e-01,-1.528880894184112549e-01,0.000000000000000000e+00,1.000000000000000000e+00,-6.339652091264724731e-02,-3.988593518733978271e-01,1.041013836860656738e+00,2.294905334711074829e-01,2.139164209365844727e-01,1.442162692546844482e-01,1.000000000000000000e+00,-5.564770475029945374e-02,4.508842825889587402e-01,9.755834937095642090e-01,1.495876759290695190e-01,-1.915160715579986572e-01,-4.271419048309326172e-01,1.000000000000000000e+00,2.658189058303833008e+00,8.453211933374404907e-02,6.432662010192871094e-01,-2.264621853828430176e-01,-4.199313372373580933e-02,2.830418199300765991e-02,1.000000000000000000e+00,3.037096500396728516e+00,3.926638960838317871e-01,1.102425575256347656e+00,-2.216040939092636108e-01,4.339513368904590607e-03,-3.816207125782966614e-02,1.000000000000000000e+00,1.000000000000000000e+00,0.000000000000000000e+00,0.000000000000000000e+00,1.000000000000000000e+00,2.658189058303833008e+00,8.453211933374404907e-02,6.432662010192871094e-01,-2.264621853828430176e-01,-4.199313372373580933e-02,2.830418199300765991e-02,2.617240449278401479e-02,-1.542194821231559487e-01,-5.787966280664778168e-03,1.000000000000000000e+00,3.037096500396728516e+00,3.926638960838317871e-01,1.102425575256347656e+00,-2.216040939092636108e-01,4.339513368904590607e-03,-3.816207125782966614e-02,-2.205914901134049008e-04,-1.626877801158370662e-01,2.526641590537924810e-04,1.000000000000000000e+00,-1.885821372270584106e-01,9.538347274065017700e-02,-1.000000014901161194e-01,3.963574171066284180e-01,1.924813836812973022e-01,1.999970674514770508e-01,-1.000000014901161194e-01,4.496705234050750732e-01,1.009964942932128906e-02,-1.476686000823974609e-01,-1.486063003540039062e-03,4.189243912696838379e-01,1.568961143493652344e-02,-1.656572818756103516e-01,-2.587318420410156250e-03,3.857910931110382080e-01
2.600000000000000089e-01,-5.856527015566825867e-02,-3.943228423595428467e-01,1.043870687484741211e+00,2.560917735099792480e-01,2.426568716764450073e-01,1.406963020563125610e-01,9.871144890785217285e-01,7.524667680263519287e-02,1.412197500467300415e-01,-9.724411368370056152e-02,9.829630255699157715e-01,1.559723168611526489e-01,-1.270773857831954956e-01,-1.676953285932540894e-01,9.776142835617065430e-01,-1.622153967618942261e-01,-2.552950978279113770e-01,-1.162408292293548584e-01,1.000000000000000000e+00,0.000000000000000000e+00,-5.856527015566825867e-02,-3.943228423595428467e-01,1.043870687484741211e+00,2.560917735099792480e-01,2.426568716764450073e-01,1.406963020563125610e-01,1.000000000000000000e+00,-5.242707207798957825e-02,4.467664361000061035e-01,9.669215679168701172e-01,1.753315180540084839e-01,-2.238166183233261108e-01,-4.391718506813049316e-01,1.000000000000000000e+00,2.653393507003784180e+00,8.364950865507125854e-02,6.438813209533691406e-01,-2.559928297996520996e-01,-4.667534679174423218e-02,3.380501642823219299e-02,1.000000000000000000e+00,3.032398462295532227e+00,3.927499651908874512e-01,1.101613044738769531e+00,-2.511178553104400635e-01,4.200518596917390823e-03,-4.380615800619125366e-02,1.000000000000000000e+00,1.000000000000000000e+00,0.000000000000000000e+00,0.000000000000000000e+00,1.000000000000000000e+00,-5.242707207798957825e-02,4.467664361000061035e-01,9.669215679168701172e-01,1.753315180540084839e-01,-2.238166183233261108e-01,-4.391718506813049316e-01,9.797827601432800293e-01,1.352766007184982300e-01,1.473977118730545044e-01,-1.071519330143928528e-01,9.769945740699768066e-01,-1.843915134668350220e-01,-1.689506024122238159e-01,1.648696810007095337e-01,9.717375040054321289e-01,1.678564548492431641e-01,2.417503893375396729e-01,-9.524529427289962769e-02,0.000000000000000000e+00,1.000000000000000000e+00,-5.856527015566825867e-02,-3.943228423595428467e-01,1.043870687484741211e+00,2.560917735099792480e-01,2.426568716764450073e-01,1.406963020563125610e-01,1.000000000000000000e+00,-5.242707207798957825e-02,4.467664361000061035e-01,9.669215679168701172e-01,1.753315180540084839e-01,-2.238166183233261108e-01,-4.391718506813049316e-01,1.000000000000000000e+00,2.653393507003784180e+00,8.364950865507125854e-02,6.438813209533691406e-01,-2.559928297996520996e-01,-4.667534679174423218e-02,3.380501642823219299e-02,1.000000000000000000e+00,3.032398462295532227e+00,3.927499651908874512e-01,1.101613044738769531e+00,-2.511178553104400635e-01,4.200518596917390823e-03,-4.380615800619125366e-02,1.000000000000000000e+00,1.000000000000000000e+00,0.000000000000000000e+00,0.000000000000000000e+00,1.000000000000000000e+00,2.653393507003784180e+00,8.364950865507125854e-02,6.438813209533691406e-01,-2.559928297996520996e-01,-4.667534679174423218e-02,3.380501642823219299e-02,2.435862754693617072e-02,-1.533890944683720114e-01,-5.238429491625092374e-03,1.000000000000000000e+00,3.032398462295532227e+00,3.927499651908874512e-01,1.101613044738769531e+00,-2.511178553104400635e-01,4.200518596917390823e-03,-4.380615800619125366e-02,1.548145082938042188e-03,-1.633793153154652344e-01,-8.771002758263188315e-05,1.000000000000000000e+00,-1.753022372722625732e-01,8.098834007978439331e-02,-1.000000014901161194e-01,3.955292701721191406e-01,1.685067266225814819e-01,1.999966800212860107e-01,-1.000000014901161194e-01,4.504604935646057129e-01,3.845453262329101562e-03,-1.394431591033935547e-01,-5.345344543457031250e-04,4.187746942043304443e-01,2.140331268310546875e-02,-1.568317413330078125e-01,-3.343582153320312500e-03,3.833856582641601562e-01
2.800000000000000266e-01,-5.321406200528144836e-02,-3.892094790935516357e-01,1.046636462211608887e+00,2.812977731227874756e-01,2.715856730937957764e-01,1.350163221359252930e-01,9.877377748489379883e-01,7.715256512165069580e-02,1.357266455888748169e-01,-9.856098890304565430e-02,9.823711514472961426e-01,1.588483452796936035e-01,-1.210783794522285461e-01,-1.702778637409210205e-01,9.779292345046997070e-01,-5.882666632533073425e-02,-3.185280859470367432e-01,-1.077922433614730835e-01,1.000000000000000000e+00,0.000000000000000000e+00,-5.321406200528144836e-02,-3.892094790935516357e-01,1.046636462211608887e+00,2.812977731227874756e-01,2.715856730937957764e-01,1.350163221359252930e-01,1.000000000000000000e+00,-4.867712035775184631e-02,4.419867694377899170e-01,9.580740332603454590e-01,2.026252597570419312e-01,-2.577680349349975586e-01,-4.453274011611938477e-01,1.000000000000000000e+00,2.648010969161987305e+00,8.267697691917419434e-02,6.446090340614318848e-01,-2.850614190101623535e-01,-5.092063546180725098e-02,3.959515318274497986e-02,1.000000000000000000e+00,3.027112722396850586e+00,3.928301334381103516e-01,1.100680351257324219e+00,-2.802793681621551514e-01,3.693275852128863335e-03,-5.025866255164146423e-02,1.000000000000000000e+00,1.000000000000000000e+00,0.000000000000000000e+00,0.000000000000000000e+00,1.000000000000000000e+00,-4.867712035775184631e-02,4.419867694377899170e-01,9.580740332603454590e-01,2.026252597570419312e-01,-2.577680349349975586e-01,-4.453274011611938477e-01,9.789262413978576660e-01,1.370683610439300537e-01,1.513796150684356689e-01,-1.077537536621093750e-01,9.763816595077514648e-01,-1.872646659612655640e-01,-1.734723448753356934e-01,1.670065671205520630e-01,9.705752134323120117e-01,5.633926764130592346e-02,1.973874717950820923e-01,-4.741649702191352844e-02,0.000000000000000000e+00,1.000000000000000000e+00,-5.321406200528144836e-02,-3.892094790935516357e-01,1.046636462211608887e+00,2.812977731227874756e-01,2.715856730937957764e-01,1.350163221359252930e-01,1.000000000000000000e+00,-4.867712035775184631e-02,4.419867694377899170e-01,9.580740332603454590e-01,2.026252597570419312e-01,-2.577680349349975586e-01,-4.453274011611938477e-01,1.000000000000000000e+00,2.648010969161987305e+00,8.267697691917419434e-02,6.446090340614318848e-01,-2.850614190101623535e-01,-5.092063546180725098e-02,3.959515318274497986e-02,1.000000000000000000e+00,3.027112722396850586e+00,3.928301334381103516e-01,1.100680351257324219e+00,-2.802793681621551514e-01,3.693275852128863335e-03,-5.025866255164146423e-02,1.000000000000000000e+00,1.000000000000000000e+00,0.000000000000000000e+00,0.000000000000000000e+00,1.000000000000000000e+00,2.648010969161987305e+00,8.267697691917419434e-02,6.446090340614318848e-01,-2.850614190101623535e-01,-5.092063546180725098e-02,3.959515318274497986e-02,2.193909763833190585e-02,-1.515298987082902560e-01,-4.570799483958368561e-03,1.000000000000000000e+00,3.027112722396850586e+00,3.928301334381103516e-01,1.100680351257324219e+00,-2.802793681621551514e-01,3.693275852128863335e-03,-5.025866255164146423e-02,3.822306843772404518e-03,-1.628441128060915677e-01,-5.127280647924468537e-04,1.000000000000000000e+00,-1.573452949523925781e-01,6.379902362823486328e-02,-1.000000014901161194e-01,3.910377025604248047e-01,1.417028903961181641e-01,1.999888718128204346e-01,-1.000000014901161194e-01,4.458257257938385010e-01,-2.903461456298828125e-03,-1.314961910247802734e-01,3.807544708251953125e-04,4.185388088226318359e-01,2.792477607727050781e-02,-1.478788852691650391e-01,-4.115581512451171875e-03,3.812249302864074707e-01
2.999999999999999889e-01,-4.737306758761405945e-02,-3.835180699825286865e-01,1.049272656440734863e+00,3.048744499683380127e-01,3.003693819046020508e-01,1.275656223297119141e-01,9.884650111198425293e-01,7.924765348434448242e-02,1.290614008903503418e-01,-9.957827627658843994e-02,9.821485877037048340e-01,1.595881581306457520e-01,-1.141104847192764282e-01,-1.705990135669708252e-01,9.787108302116394043e-01,6.960090249776840210e-02,-3.632874488830566406e-01,-1.034224405884742737e-01,1.000000000000000000e+00,0.000000000000000000e+00,-4.737306758761405945e-02,-3.835180699825286865e-01,1.049272656440734863e+00,3.048744499683380127e-01,3.003693819046020508e-01,1.275656223297119141e-01,1.000000000000000000e+00,-4.436947777867317200e-02,4.365179240703582764e-01,9.491466879844665527e-01,2.311799228191375732e-01,-2.926984727382659912e-01,-4.469231367111206055e-01,1.000000000000000000e+00,2.642053127288818359e+00,8.162429183721542358e-02,6.454550623893737793e-01,-3.135170042514801025e-01,-5.462112650275230408e-02,4.563279822468757629e-02,1.000000000000000000e+00,3.021248340606689453e+00,3.928961753845214844e-01,1.099611163139343262e+00,-3.089028894901275635e-01,2.728974679484963417e-03,-5.753800645470619202e-02,1.000000000000000000e+00,1.000000000000000000e+00,0.000000000000000000e+00,0.000000000000000000e+00,1.000000000000000000e+00,-4.436947777867317200e-02,4.365179240703582764e-01,9.491466879844665527e-01,2.311799228191375732e-01,-2.926984727382659912e-01,-4.469231367111206055e-01,9.782825708389282227e-01,1.375901252031326294e-01,1.550236940383911133e-01,-1.076409816741943359e-01,9.763852357864379883e-01,-1.873111724853515625e-01,-1.771349906921386719e-01,1.665563285350799561e-01,9.699909090995788574e-01,-1.222867071628570557e-01,1.695480644702911377e-01,-9.762323461472988129e-03,0.000000000000000000e+00,1.000000000000000000e+00,-4.737306758761405945e-02,-3.835180699825286865e-01,1.049272656440734863e+00,3.048744499683380127e-01,3.003693819046020508e-01,1.275656223297119141e-01,1.000000000000000000e+00,-4.436947777867317200e-02,4.365179240703582764e-01,9.491466879844665527e-01,2.311799228191375732e-01,-2.926984727382659912e-01,-4.469231367111206055e-01,1.000000000000000000e+00,2.642053127288818359e+00,8.162429183721542358e-02,6.454550623893737793e-01,-3.135170042514801025e-01,-5.462112650275230408e-02,4.563279822468757629e-02,1.000000000000000000e+00,3.021248340606689453e+00,3.928961753845214844e-01,1.099611163139343262e+00,-3.089028894901275635e-01,2.728974679484963417e-03,-5.753800645470619202e-02,1.000000000000000000e+00,1.000000000000000000e+00,0.000000000000000000e+00,0.000000000000000000e+00,1.000000000000000000e+00,2.642053127288818359e+00,8.162429183721542358e-02,6.454550623893737793e-01,-3.135170042514801025e-01,-5.462112650275230408e-02,4.563279822468757629e-02,1.901315583864585101e-02,-1.492208498995215571e-01,-3.816167720435924109e-03,1.000000000000000000e+00,3.021248340606689453e+00,3.928961753845214844e-01,1.099611163139343262e+00,-3.089028894901275635e-01,2.728974679484963417e-03,-5.753800645470619202e-02,6.621327398732512054e-03,-1.615405198166577350e-01,-1.024911227167797905e-03,1.000000000000000000e+00,-1.308046281337738037e-01,4.651170596480369568e-02,-1.000000014901161194e-01,3.769451081752777100e-01,1.057891473174095154e-01,1.999692767858505249e-01,-1.000000014901161194e-01,4.392324686050415039e-01,-1.008176803588867188e-02,-1.238701343536376953e-01,1.245737075805664062e-03,4.182045757770538330e-01,3.523039817810058594e-02,-1.388716697692871094e-01,-4.878759384155273438e-03,3.793129920959472656e-01
3.200000000000000067e-01,-4.107696190476417542e-02,-3.772561848163604736e-01,1.051741480827331543e+00,3.265642821788787842e-01,3.284507393836975098e-01,1.178600192070007324e-01,9.892721176147460938e-01,8.162338286638259888e-02,1.211547404527664185e-01,-1.003599688410758972e-01,9.823851585388183594e-01,1.576308757066726685e-01,-1.061542481184005737e-01,-1.680989116430282593e-01,9.800378680229187012e-01,2.327995598316192627e-01,-4.238307178020477295e-01,-9.997373074293136597e-02,1.000000000000000000e+00,0.000000000000000000e+00,-4.107696190476417542e-02,-3.772561848163604736e-01,1.051741480827331543e+00,3.265642821788787842e-01,3.284507393836975098e-01,1.178600192070007324e-01,1.000000000000000000e+00,-3.948116675019264221e-02,4.303484559059143066e-01,9.402185082435607910e-01,2.607650160789489746e-01,-3.276526927947998047e-01,-4.453212916851043701e-01,1.000000000000000000e+00,2.635531663894653320e+00,8.050321042537689209e-02,6.464235186576843262e-01,-3.412684500217437744e-01,-5.767664685845375061e-02,5.184857174754142761e-02,1.000000000000000000e+00,3.014817476272583008e+00,3.929381072521209717e-01,1.098388910293579102e+00,-3.368439674377441406e-01,1.215475611388683319e-03,-6.563211977481842041e-02,1.000000000000000000e+00,1.000000000000000000e+00,0.000000000000000000e+00,0.000000000000000000e+00,1.000000000000000000e+00,-3.948116675019264221e-02,4.303484559059143066e-01,9.402185082435607910e-01,2.607650160789489746e-01,-3.276526927947998047e-01,-4.453212916851043701e-01,9.777872562408447266e-01,1.368069797754287720e-01,1.587951183319091797e-01,-1.069702729582786560e-01,9.772307276725769043e-01,-1.832412481307983398e-01,-1.802481710910797119e-01,1.621845960617065430e-01,9.701581001281738281e-01,-3.640415072441101074e-01,1.516860872507095337e-01,1.815149560570716858e-02,0.000000000000000000e+00,1.000000000000000000e+00,-4.107696190476417542e-02,-3.772561848163604736e-01,1.051741480827331543e+00,3.265642821788787842e-01,3.284507393836975098e-01,1.178600192070007324e-01,1.000000000000000000e+00,-3.948116675019264221e-02,4.303484559059143066e-01,9.402185082435607910e-01,2.607650160789489746e-01,-3.276526927947998047e-01,-4.453212916851043701e-01,1.000000000000000000e+00,2.635531663894653320e+00,8.050321042537689209e-02,6.464235186576843262e-01,-3.412684500217437744e-01,-5.767664685845375061e-02,5.184857174754142761e-02,1.000000000000000000e+00,3.014817476272583008e+00,3.929381072521209717e-01,1.098388910293579102e+00,-3.368439674377441406e-01,1.215475611388683319e-03,-6.563211977481842041e-02,1.000000000000000000e+00,1.000000000000000000e+00,0.000000000000000000e+00,0.000000000000000000e+00,1.000000000000000000e+00,2.635531663894653320e+00,8.050321042537689209e-02,6.464235186576843262e-01,-3.412684500217437744e-01,-5.767664685845375061e-02,5.184857174754142761e-02,1.556045033848216241e-02,-1.464699863374148148e-01,-2.994753154812988989e-03,1.000000000000000000e+00,3.014817476272583008e+00,3.929381072521209717e-01,1.098388910293579102e+00,-3.368439674377441406e-01,1.215475611388683319e-03,-6.563211977481842041e-02,9.984213763324568947e-03,-1.593601181285588808e-01,-1.617053696778732175e-03,1.000000000000000000e+00,-1.020055040717124939e-01,2.768878638744354248e-02,-1.000000014901161194e-01,3.604356050491333008e-01,6.297847628593444824e-02,1.999212801456451416e-01,-1.000000014901161194e-01,4.378613233566284180e-01,-1.756620407104492188e-02,-1.166067123413085938e-01,2.043962478637695312e-03,4.177185893058776855e-01,4.322576522827148438e-02,-1.298716068267822266e-01,-5.601406097412109375e-03,3.776409327983856201e-01
3.400000000000000244e-01,-3.436663746833801270e-02,-3.704444169998168945e-01,1.053987979888916016e+00,3.460094928741455078e-01,3.550879359245300293e-01,1.048465743660926819e-01,9.901705384254455566e-01,8.431662619113922119e-02,1.115933209657669067e-01,-1.008903235197067261e-01,9.831630587577819824e-01,1.523535549640655518e-01,-9.686848521232604980e-02,-1.621146798133850098e-01,9.820057749748229980e-01,4.190942347049713135e-01,-4.995523691177368164e-01,-9.647727012634277344e-02,1.000000000000000000e+00,0.000000000000000000e+00,-3.436663746833801270e-02,-3.704444169998168945e-01,1.053987979888916016e+00,3.460094928741455078e-01,3.550879359245300293e-01,1.048465743660926819e-01,1.000000000000000000e+00,-3.399277850985527039e-02,4.234880805015563965e-01,9.313436150550842285e-01,2.912766337394714355e-01,-3.614865541458129883e-01,-4.414357542991638184e-01,1.000000000000000000e+00,2.628462314605712891e+00,7.932762801647186279e-02,6.475173234939575195e-01,-3.682013452053070068e-01,-5.997861549258232117e-02,5.817678570747375488e-02,1.000000000000000000e+00,3.007834911346435547e+00,3.929440975189208984e-01,1.096997857093811035e+00,-3.639351129531860352e-01,-9.465028415434062481e-04,-7.448896765708923340e-02,1.000000000000000000e+00,1.000000000000000000e+00,0.000000000000000000e+00,0.000000000000000000e+00,1.000000000000000000e+00,-3.399277850985527039e-02,4.234880805015563965e-01,9.313436150550842285e-01,2.912766337394714355e-01,-3.614865541458129883e-01,-4.414357542991638184e-01,9.773965477943420410e-01,1.347066462039947510e-01,1.629423499107360840e-01,-1.059190109372138977e-01,9.790277481079101562e-01,-1.740287542343139648e-01,-1.829679012298583984e-01,1.528364121913909912e-01,9.711662530899047852e-01,-6.416097283363342285e-01,1.352627873420715332e-01,3.649102523922920227e-02,0.000000000000000000e+00,1.000000000000000000e+00,-3.436663746833801270e-02,-3.704444169998168945e-01,1.053987979888916016e+00,3.460094928741455078e-01,3.550879359245300293e-01,1.048465743660926819e-01,1.000000000000000000e+00,-3.399277850985527039e-02,4.234880805015563965e-01,9.313436150550842285e-01,2.912766337394714355e-01,-3.614865541458129883e-01,-4.414357542991638184e-01,1.000000000000000000e+00,2.628462314605712891e+00,7.932762801647186279e-02,6.475173234939575195e-01,-3.682013452053070068e-01,-5.997861549258232117e-02,5.817678570747375488e-02,1.000000000000000000e+00,3.007834911346435547e+00,3.929440975189208984e-01,1.096997857093811035e+00,-3.639351129531860352e-01,-9.465028415434062481e-04,-7.448896765708923340e-02,1.000000000000000000e+00,1.000000000000000000e+00,0.000000000000000000e+00,0.000000000000000000e+00,1.000000000000000000e+00,2.628462314605712891e+00,7.932762801647186279e-02,6.475173234939575195e-01,-3.682013452053070068e-01,-5.997861549258232117e-02,5.817678570747375488e-02,1.153209806511445827e-02,-1.430759918178567958e-01,-2.124843785094655477e-03,1.000000000000000000e+00,3.007834911346435547e+00,3.929440975189208984e-01,1.096997857093811035e+00,-3.639351129531860352e-01,-9.465028415434062481e-04,-7.448896765708923340e-02,1.395655929079125251e-02,-1.561358406267698840e-01,-2.277321428460107357e-03,1.000000000000000000e+00,-8.089366555213928223e-02,1.291415002197027206e-02,-1.000000014901161194e-01,3.525052666664123535e-01,4.157616943120956421e-02,1.997265219688415527e-01,-1.000000014901161194e-01,4.422954618930816650e-01,-2.516818046569824219e-02,-1.097710132598876953e-01,2.757787704467773438e-03,4.169863760471343994e-01,5.171966552734375000e-02,-1.209452152252197266e-01,-6.245374679565429688e-03,3.762182891368865967e-01
3.599999999999999867e-01,-2.728995308279991150e-02,-3.631180226802825928e-01,1.055940389633178711e+00,3.629129528999328613e-01,3.796159923076629639e-01,8.814872056245803833e-02,9.911308288574218750e-01,8.722764253616333008e-02,1.002556309103965759e-01,-1.011794358491897583e-01,9.844266176223754883e-01,1.437609493732452393e-01,-8.615436404943466187e-02,-1.526297032833099365e-01,9.845210909843444824e-01,5.675551891326904297e-01,-5.618095397949218750e-01,-9.082085639238357544e-02,1.000000000000000000e+00,0.000000000000000000e+00,-2.728995308279991150e-02,-3.631180226802825928e-01,1.055940389633178711e+00,3.629129528999328613e-01,3.796159923076629639e-01,8.814872056245803833e-02,1.000000000000000000e+00,-2.788566984236240387e-02,4.159698188304901123e-01,9.225651621818542480e-01,3.227445483207702637e-01,-3.930352032184600830e-01,-4.354579746723175049e-01,1.000000000000000000e+00,2.620862722396850586e+00,7.811361551284790039e-02,6.487382054328918457e-01,-3.941705822944641113e-01,-6.141427531838417053e-02,6.454925239086151123e-02,1.000000000000000000e+00,3.000320196151733398e+00,3.929002285003662109e-01,1.095423340797424316e+00,-3.900026977062225342e-01,-3.862396813929080963e-03,-8.403237164020538330e-02,1.000000000000000000e+00,1.000000000000000000e+00,0.000000000000000000e+00,0.000000000000000000e+00,1.000000000000000000e+00,-2.788566984236240387e-02,4.159698188304901123e-01,9.225651621818542480e-01,3.227445483207702637e-01,-3.930352032184600830e-01,-4.354579746723175049e-01,9.770928621292114258e-01,1.314235329627990723e-01,1.673838496208190918e-01,-1.046814993023872375e-01,9.816076755523681641e-01,-1.596498191356658936e-01,-1.852870285511016846e-01,1.384707093238830566e-01,9.728795289993286133e-01,-8.512945175170898438e-01,1.120701953768730164e-01,4.563553631305694580e-02,0.000000000000000000e+00,1.000000000000000000e+00,-2.728995308279991150e-02,-3.631180226802825928e-01,1.055940389633178711e+00,3.629129528999328613e-01,3.796159923076629639e-01,8.814872056245803833e-02,1.000000000000000000e+00,-2.788566984236240387e-02,4.159698188304901123e-01,9.225651621818542480e-01,3.227445483207702637e-01,-3.930352032184600830e-01,-4.354579746723175049e-01,1.000000000000000000e+00,2.620862722396850586e+00,7.811361551284790039e-02,6.487382054328918457e-01,-3.941705822944641113e-01,-6.141427531838417053e-02,6.454925239086151123e-02,1.000000000000000000e+00,3.000320196151733398e+00,3.929002285003662109e-01,1.095423340797424316e+00,-3.900026977062225342e-01,-3.862396813929080963e-03,-8.403237164020538330e-02,1.000000000000000000e+00,1.000000000000000000e+00,0.000000000000000000e+00,0.000000000000000000e+00,1.000000000000000000e+00,2.620862722396850586e+00,7.811361551284790039e-02,6.487382054328918457e-01,-3.941705822944641113e-01,-6.141427531838417053e-02,6.454925239086151123e-02,6.944102271867542975e-03,-1.389800974234087771e-01,-1.228545298159548424e-03,1.000000000000000000e+00,3.000320196151733398e+00,3.929002285003662109e-01,1.095423340797424316e+00,-3.900026977062225342e-01,-3.862396813929080963e-03,-8.403237164020538330e-02,1.856037146604524318e-02,-1.519243650479966679e-01,-2.989428890347471668e-03,1.000000000000000000e+00,-6.114533543586730957e-02,1.364735071547329426e-03,-1.000000014901161194e-01,3.542262613773345947e-01,1.446889992803335190e-02,1.999657303094863892e-01,-1.000000014901161194e-01,4.454132914543151855e-01,-3.268265724182128906e-02,-1.034109592437744141e-01,3.374814987182617188e-03,4.159418046474456787e-01,6.042695045471191406e-02,-1.121594905853271484e-01,-6.771326065063476562e-03,3.750873208045959473e-01
3.800000000000000044e-01,-1.989899761974811554e-02,-3.553228080272674561e-01,1.057530760765075684e+00,3.771772682666778564e-01,4.017007052898406982e-01,6.858543306589126587e-02,9.920558333396911621e-01,9.009643644094467163e-02,8.779409527778625488e-02,-1.013092771172523499e-01,9.859254360198974609e-01,1.329940259456634521e-01,-7.457613945007324219e-02,-1.408318579196929932e-01,9.872207641601562500e-01,6.404795050621032715e-01,-5.817341804504394531e-01,-8.217179775238037109e-02,1.000000000000000000e+00,0.000000000000000000e+00,-1.989899761974811554e-02,-3.553228080272674561e-01,1.057530760765075684e+00,3.771772682666778564e-01,4.017007052898406982e-01,6.858543306589126587e-02,1.000000000000000000e+00,-2.114037051796913147e-02,4.078482389450073242e-01,9.139253497123718262e-01,3.551879525184631348e-01,-4.213771224021911621e-01,-4.273467063903808594e-01,1.000000000000000000e+00,2.612753391265869141e+00,7.687946408987045288e-02,6.500862836837768555e-01,-4.190408289432525635e-01,-6.188190728425979614e-02,7.087768614292144775e-02,1.000000000000000000e+00,2.992294073104858398e+00,3.927905261516571045e-01,1.093652248382568359e+00,-4.149070382118225098e-01,-7.637810893356800079e-03,-9.417294710874557495e-02,1.000000000000000000e+00,1.000000000000000000e+00,0.000000000000000000e+00,0.000000000000000000e+00,1.000000000000000000e+00,-2.114037051796913147e-02,4.078482389450073242e-01,9.139253497123718262e-01,3.551879525184631348e-01,-4.213771224021911621e-01,-4.273467063903808594e-01,9.768793582916259766e-01,1.274509578943252563e-01,1.716482341289520264e-01,-1.034299358725547791e-01,9.844055175781250000e-01,-1.422960013151168823e-01,-1.871072053909301758e-01,1.212524548172950745e-01,9.748275876045227051e-01,-9.250989556312561035e-01,8.630365133285522461e-02,4.987455904483795166e-02,0.000000000000000000e+00,1.000000000000000000e+00,-1.989899761974811554e-02,-3.553228080272674561e-01,1.057530760765075684e+00,3.771772682666778564e-01,4.017007052898406982e-01,6.858543306589126587e-02,1.000000000000000000e+00,-2.114037051796913147e-02,4.078482389450073242e-01,9.139253497123718262e-01,3.551879525184631348e-01,-4.213771224021911621e-01,-4.273467063903808594e-01,1.000000000000000000e+00,2.612753391265869141e+00,7.687946408987045288e-02,6.500862836837768555e-01,-4.190408289432525635e-01,-6.188190728425979614e-02,7.087768614292144775e-02,1.000000000000000000e+00,2.992294073104858398e+00,3.927905261516571045e-01,1.093652248382568359e+00,-4.149070382118225098e-01,-7.637810893356800079e-03,-9.417294710874557495e-02,1.000000000000000000e+00,1.000000000000000000e+00,0.000000000000000000e+00,0.000000000000000000e+00,1.000000000000000000e+00,2.612753391265869141e+00,7.687946408987045288e-02,6.500862836837768555e-01,-4.190408289432525635e-01,-6.188190728425979614e-02,7.087768614292144775e-02,1.882234877991841547e-03,-1.343543113857939009e-01,-3.298620973677146876e-04,1.000000000000000000e+00,2.992294073104858398e+00,3.927905261516571045e-01,1.093652248382568359e+00,-4.149070382118225098e-01,-7.637810893356800079e-03,-9.417294710874557495e-02,2.377431184796036795e-02,-1.469538325751700292e-01,-3.734080249481691247e-03,1.000000000000000000e+00,-4.534080252051353455e-02,-6.190016865730285645e-03,-1.000000014901161194e-01,3.628683984279632568e-01,-4.013609606772661209e-03,1.973254084587097168e-01,-1.000000014901161194e-01,4.430405795574188232e-01,-3.994655609130859375e-02,-9.752583503723144531e-02,3.891706466674804688e-03,4.145973920822143555e-01,6.903624534606933594e-02,-1.035776138305664062e-01,-7.148981094360351562e-03,3.742909431457519531e-01
4.000000000000000222e-01,-1.224582549184560776e-02,-3.471080362796783447e-01,1.058715105056762695e+00,3.889154195785522461e-01,4.213502407073974609e-01,4.770440980792045593e-02,9.928493499755859375e-01,9.269080311059951782e-02,7.522448897361755371e-02,-1.013764813542366028e-01,9.874225258827209473e-01,1.213246360421180725e-01,-6.303267180919647217e-02,-1.280830651521682739e-01,9.897584319114685059e-01,6.557238101959228516e-01,-5.567237734794616699e-01,-7.127013802528381348e-02,1.000000000000000000e+00,0.000000000000000000e+00,-1.224582549184560776e-02,-3.471080362796783447e-01,1.058715105056762695e+00,3.889154195785522461e-01,4.213502407073974609e-01,4.770440980792045593e-02,1.000000000000000000e+00,-1.373810507357120514e-02,3.991923928260803223e-01,9.054654836654663086e-01,3.884955048561096191e-01,-4.460529685020446777e-01,-4.173905849456787109e-01,1.000000000000000000e+00,2.604157447814941406e+00,7.564526051282882690e-02,6.515597105026245117e-01,-4.427247643470764160e-01,-6.130162253975868225e-02,7.705228775739669800e-02,1.000000000000000000e+00,2.983780860900878906e+00,3.925968110561370850e-01,1.091673970222473145e+00,-4.385579824447631836e-01,-1.237035356462001801e-02,-1.048102006316184998e-01,1.000000000000000000e+00,1.000000000000000000e+00,0.000000000000000000e+00,0.000000000000000000e+00,1.000000000000000000e+00,-1.373810507357120514e-02,3.991923928260803223e-01,9.054654836654663086e-01,3.884955048561096191e-01,-4.460529685020446777e-01,-4.173905849456787109e-01,9.767426252365112305e-01,1.232704222202301025e-01,1.754376441240310669e-01,-1.022331565618515015e-01,9.869632720947265625e-01,-1.243057250976562500e-01,-1.884737163782119751e-01,1.034791469573974609e-01,9.766113758087158203e-01,-9.030322432518005371e-01,6.270876526832580566e-02,4.991059750318527222e-02,0.000000000000000000e+00,1.000000000000000000e+00,-1.224582549184560776e-02,-3.471080362796783447e-01,1.058715105056762695e+00,3.889154195785522461e-01,4.213502407073974609e-01,4.770440980792045593e-02,1.000000000000000000e+00,-1.373810507357120514e-02,3.991923928260803223e-01,9.054654836654663086e-01,3.884955048561096191e-01,-4.460529685020446777e-01,-4.173905849456787109e-01,1.000000000000000000e+00,2.604157447814941406e+00,7.564526051282882690e-02,6.515597105026245117e-01,-4.427247643470764160e-01,-6.130162253975868225e-02,7.705228775739669800e-02,1.000000000000000000e+00,2.983780860900878906e+00,3.925968110561370850e-01,1.091673970222473145e+00,-4.385579824447631836e-01,-1.237035356462001801e-02,-1.048102006316184998e-01,1.000000000000000000e+00,1.000000000000000000e+00,0.000000000000000000e+00,0.000000000000000000e+00,1.000000000000000000e+00,2.604157447814941406e+00,7.564526051282882690e-02,6.515597105026245117e-01,-4.427247643470764160e-01,-6.130162253975868225e-02,7.705228775739669800e-02,-3.543470878701109224e-03,-1.294708391442773721e-01,5.501547569825282740e-04,1.000000000000000000e+00,2.983780860900878906e+00,3.925968110561370850e-01,1.091673970222473145e+00,-4.385579824447631836e-01,-1.237035356462001801e-02,-1.048102006316184998e-01,2.952859948011900271e-02,-1.414538112104062328e-01,-4.489109735637713747e-03,1.000000000000000000e+00,-2.863891236484050751e-02,-1.303728669881820679e-02,-1.000000014901161194e-01,3.763070106506347656e-01,-1.629471220076084137e-02,1.866221576929092407e-01,-1.000000014901161194e-01,4.344391226768493652e-01,-4.685282707214355469e-02,-9.207034111022949219e-02,4.310846328735351562e-03,4.130357205867767334e-01,7.729625701904296875e-02,-9.525799751281738281e-02,-7.366418838500976562e-03,3.738345801830291748e-01
4.199999999999999845e-01,-4.378887359052896500e-03,-3.385209441184997559e-01,1.059482693672180176e+00,3.983716964721679688e-01,4.387435615062713623e-01,2.721503376960754395e-02,9.934684038162231445e-01,9.490269422531127930e-02,6.335768848657608032e-02,-1.014398187398910522e-01,9.887970685958862305e-01,1.095011904835700989e-01,-5.225593596696853638e-02,-1.152129545807838440e-01,9.919654130935668945e-01,6.522026062011718750e-01,-5.094445943832397461e-01,-5.912651494145393372e-02,1.000000000000000000e+00,0.000000000000000000e+00,-4.378887359052896500e-03,-3.385209441184997559e-01,1.059482693672180176e+00,3.983716964721679688e-01,4.387435615062713623e-01,2.721503376960754395e-02,1.000000000000000000e+00,-5.663746967911720276e-03,3.900770545005798340e-01,8.972151875495910645e-01,4.223960340023040771e-01,-4.669573903083801270e-01,-4.064989089965820312e-01,1.000000000000000000e+00,2.595099210739135742e+00,7.443252205848693848e-02,6.531544327735900879e-01,-4.651870429515838623e-01,-5.961829423904418945e-02,8.294861763715744019e-02,1.000000000000000000e+00,2.974806547164916992e+00,3.922992348670959473e-01,1.089479088783264160e+00,-4.609036743640899658e-01,-1.814185827970504761e-02,-1.158338114619255066e-01,1.000000000000000000e+00,1.000000000000000000e+00,0.000000000000000000e+00,0.000000000000000000e+00,1.000000000000000000e+00,-5.663746967911720276e-03,3.900770545005798340e-01,8.972151875495910645e-01,4.223960340023040771e-01,-4.669573903083801270e-01,-4.064989089965820312e-01,9.767022728919982910e-01,1.192388907074928284e-01,1.784233748912811279e-01,-1.011731997132301331e-01,9.890802502632141113e-01,-1.071649715304374695e-01,-1.892532706260681152e-01,8.661659806966781616e-02,9.781006574630737305e-01,-8.293643593788146973e-01,1.410632580518722534e-02,4.605540260672569275e-02,0.000000000000000000e+00,1.000000000000000000e+00,-4.378887359052896500e-03,-3.385209441184997559e-01,1.059482693672180176e+00,3.983716964721679688e-01,4.387435615062713623e-01,2.721503376960754395e-02,1.000000000000000000e+00,-5.663746967911720276e-03,3.900770545005798340e-01,8.972151875495910645e-01,4.223960340023040771e-01,-4.669573903083801270e-01,-4.064989089965820312e-01,1.000000000000000000e+00,2.595099210739135742e+00,7.443252205848693848e-02,6.531544327735900879e-01,-4.651870429515838623e-01,-5.961829423904418945e-02,8.294861763715744019e-02,1.000000000000000000e+00,2.974806547164916992e+00,3.922992348670959473e-01,1.089479088783264160e+00,-4.609036743640899658e-01,-1.814185827970504761e-02,-1.158338114619255066e-01,1.000000000000000000e+00,1.000000000000000000e+00,0.000000000000000000e+00,0.000000000000000000e+00,1.000000000000000000e+00,2.595099210739135742e+00,7.443252205848693848e-02,6.531544327735900879e-01,-4.651870429515838623e-01,-5.961829423904418945e-02,8.294861763715744019e-02,-9.222289171391132023e-03,-1.245255119765580343e-01,1.395623575008739757e-03,1.000000000000000000e+00,2.974806547164916992e+00,3.922992348670959473e-01,1.089479088783264160e+00,-4.609036743640899658e-01,-1.814185827970504761e-02,-1.158338114619255066e-01,3.571272426385839471e-02,-1.355647820156682393e-01,-5.228438378933818534e-03,1.000000000000000000e+00,-1.258724927902221680e-02,-1.963918097317218781e-02,-1.000000014901161194e-01,3.934608399868011475e-01,-2.331445924937725067e-02,1.737320572137832642e-01,-1.000000014901161194e-01,4.212434589862823486e-01,-5.332612991333007812e-02,-8.697056770324707031e-02,4.636287689208984375e-03,4.113788008689880371e-01,8.503460884094238281e-02,-8.725261688232421875e-02,-7.427930831909179688e-03,3.736643791198730469e-01
4.400000000000000022e-01,3.658642526715993881e-03,-3.296049237251281738e-01,1.059855699539184570e+00,4.058129787445068359e-01,4.540569484233856201e-01,8.692236617207527161e-03,9.939317703247070312e-01,9.672494977712631226e-02,5.238484218716621399e-02,-1.014874503016471863e-01,9.900435209274291992e-01,9.754149615764617920e-02,-4.242857173085212708e-02,-1.022659838199615479e-01,9.938519597053527832e-01,6.613784432411193848e-01,-4.667345881462097168e-01,-4.699777811765670776e-02,1.000000000000000000e+00,0.000000000000000000e+00,3.658642526715993881e-03,-3.296049237251281738e-01,1.059855699539184570e+00,4.058129787445068359e-01,4.540569484233856201e-01,8.692236617207527161e-03,1.000000000000000000e+00,3.090642625465989113e-03,3.805767595767974854e-01,8.891813158988952637e-01,4.564084410667419434e-01,-4.842061102390289307e-01,-3.960593938827514648e-01,1.000000000000000000e+00,2.585602045059204102e+00,7.326362282037734985e-02,6.548635363578796387e-01,-4.864226281642913818e-01,-5.680083483457565308e-02,8.844569325447082520e-02,1.000000000000000000e+00,2.965397834777832031e+00,3.918764293193817139e-01,1.087060928344726562e+00,-4.819120764732360840e-01,-2.501301094889640808e-02,-1.271283775568008423e-01,1.000000000000000000e+00,1.000000000000000000e+00,0.000000000000000000e+00,0.000000000000000000e+00,1.000000000000000000e+00,3.090642625465989113e-03,3.805767595767974854e-01,8.891813158988952637e-01,4.564084410667419434e-01,-4.842061102390289307e-01,-3.960593938827514648e-01,9.768906831741333008e-01,1.155631840229034424e-01,1.798054128885269165e-01,-1.003671884536743164e-01,9.907379150390625000e-01,-9.146034717559814453e-02,-1.887094825506210327e-01,7.130019366741180420e-02,9.794412851333618164e-01,-7.448947429656982422e-01,-7.840399444103240967e-02,3.896192833781242371e-02,0.000000000000000000e+00,1.000000000000000000e+00,3.658642526715993881e-03,-3.296049237251281738e-01,1.059855699539184570e+00,4.058129787445068359e-01,4.540569484233856201e-01,8.692236617207527161e-03,1.000000000000000000e+00,3.090642625465989113e-03,3.805767595767974854e-01,8.891813158988952637e-01,4.564084410667419434e-01,-4.842061102390289307e-01,-3.960593938827514648e-01,1.000000000000000000e+00,2.585602045059204102e+00,7.326362282037734985e-02,6.548635363578796387e-01,-4.864226281642913818e-01,-5.680083483457565308e-02,8.844569325447082520e-02,1.000000000000000000e+00,2.965397834777832031e+00,3.918764293193817139e-01,1.087060928344726562e+00,-4.819120764732360840e-01,-2.501301094889640808e-02,-1.271283775568008423e-01,1.000000000000000000e+00,1.000000000000000000e+00,0.000000000000000000e+00,0.000000000000000000e+00,1.000000000000000000e+00,2.585602045059204102e+00,7.326362282037734985e-02,6.548635363578796387e-01,-4.864226281642913818e-01,-5.680083483457565308e-02,8.844569325447082520e-02,-1.505390121654377397e-02,-1.195854663075011093e-01,2.192148095830090924e-03,1.000000000000000000e+00,2.965397834777832031e+00,3.918764293193817139e-01,1.087060928344726562e+00,-4.819120764732360840e-01,-2.501301094889640808e-02,-1.271283775568008423e-01,4.219368878672642709e-02,-1.293580191596011009e-01,-5.923571922146465829e-03,1.000000000000000000e+00,4.618480335921049118e-03,-2.715397439897060394e-02,-1.000000014901161194e-01,4.111613929271697998e-01,-2.898293733596801758e-02,1.573002636432647705e-01,-1.000000014901161194e-01,4.116970300674438477e-01,-5.928850173950195312e-02,-8.214068412780761719e-02,4.870176315307617188e-03,4.097634553909301758e-01,9.213685989379882812e-02,-7.960200309753417969e-02,-7.347106933593750000e-03,3.736756145954132080e-01
4.600000000000000200e-01,1.182837411761283875e-02,-3.204008340835571289e-01,1.059885978698730469e+00,4.114325940608978271e-01,4.673530757427215576e-01,-6.537890527397394180e-03,9.942791461944580078e-01,9.818699210882186890e-02,4.205252602696418762e-02,-1.014832034707069397e-01,9.911859631538391113e-01,8.515710383653640747e-02,-3.332054987549781799e-02,-8.893755823373794556e-02,9.954797625541687012e-01,6.878237724304199219e-01,-4.423753023147583008e-01,-3.538430482149124146e-02,1.000000000000000000e+00,0.000000000000000000e+00,1.182837411761283875e-02,-3.204008340835571289e-01,1.059885978698730469e+00,4.114325940608978271e-01,4.673530757427215576e-01,-6.537890527397394180e-03,1.000000000000000000e+00,1.252169255167245865e-02,3.707627356052398682e-01,8.813427090644836426e-01,4.899091422557830811e-01,-4.980416595935821533e-01,-3.872652649879455566e-01,1.000000000000000000e+00,2.575691223144531250e+00,7.216137647628784180e-02,6.566783785820007324e-01,-5.064372420310974121e-01,-5.283902585506439209e-02,9.344591945409774780e-02,1.000000000000000000e+00,2.955580711364746094e+00,3.913059532642364502e-01,1.084415435791015625e+00,-5.015605688095092773e-01,-3.302117437124252319e-02,-1.385836303234100342e-01,1.000000000000000000e+00,1.000000000000000000e+00,0.000000000000000000e+00,0.000000000000000000e+00,1.000000000000000000e+00,1.252169255167245865e-02,3.707627356052398682e-01,8.813427090644836426e-01,4.899091422557830811e-01,-4.980416595935821533e-01,-3.872652649879455566e-01,9.774373769760131836e-01,1.123045086860656738e-01,1.788970679044723511e-01,-9.986487030982971191e-02,9.920085072517395020e-01,-7.711346447467803955e-02,-1.861275583505630493e-01,5.750804021954536438e-02,9.808412790298461914e-01,-6.717848777770996094e-01,-1.944958269596099854e-01,3.267911076545715332e-02,0.000000000000000000e+00,1.000000000000000000e+00,1.182837411761283875e-02,-3.204008340835571289e-01,1.059885978698730469e+00,4.114325940608978271e-01,4.673530757427215576e-01,-6.537890527397394180e-03,1.000000000000000000e+00,1.252169255167245865e-02,3.707627356052398682e-01,8.813427090644836426e-01,4.899091422557830811e-01,-4.980416595935821533e-01,-3.872652649879455566e-01,1.000000000000000000e+00,2.575691223144531250e+00,7.216137647628784180e-02,6.566783785820007324e-01,-5.064372420310974121e-01,-5.283902585506439209e-02,9.344591945409774780e-02,1.000000000000000000e+00,2.955580711364746094e+00,3.913059532642364502e-01,1.084415435791015625e+00,-5.015605688095092773e-01,-3.302117437124252319e-02,-1.385836303234100342e-01,1.000000000000000000e+00,1.000000000000000000e+00,0.000000000000000000e+00,0.000000000000000000e+00,1.000000000000000000e+00,2.575691223144531250e+00,7.216137647628784180e-02,6.566783785820007324e-01,-5.064372420310974121e-01,-5.283902585506439209e-02,9.344591945409774780e-02,-2.095167816616028134e-02,-1.146520842898575143e-01,2.925252085467308291e-03,1.000000000000000000e+00,2.955580711364746094e+00,3.913059532642364502e-01,1.084415435791015625e+00,-5.015605688095092773e-01,-3.302117437124252319e-02,-1.385836303234100342e-01,4.883594225326282068e-02,-1.228932244167273424e-01,-6.547472624858236695e-03,1.000000000000000000e+00,2.191157452762126923e-02,-3.388752415776252747e-02,-1.000000014901161194e-01,4.275134801864624023e-01,-3.303510323166847229e-02,1.416302919387817383e-01,-1.000000014901161194e-01,4.094567596912384033e-01,-6.463336944580078125e-02,-7.749533653259277344e-02,5.010604858398437500e-03,4.083240926265716553e-01,9.851002693176269531e-02,-7.233262062072753906e-02,-7.142305374145507812e-03,3.737610578536987305e-01
4.799999999999999822e-01,2.009477093815803528e-02,-3.109493553638458252e-01,1.059648990631103516e+00,4.153074622154235840e-01,4.785612821578979492e-01,-1.747231744229793549e-02,9.945434927940368652e-01,9.930890053510665894e-02,3.195546567440032959e-02,-1.013944670557975769e-01,9.922305345535278320e-01,7.209691405296325684e-02,-2.454731985926628113e-02,-7.494361698627471924e-02,9.968856573104858398e-01,7.235047221183776855e-01,-4.345737099647521973e-01,-2.434069477021694183e-02,1.000000000000000000e+00,0.000000000000000000e+00,2.009477093815803528e-02,-3.109493553638458252e-01,1.059648990631103516e+00,4.153074622154235840e-01,4.785612821578979492e-01,-1.747231744229793549e-02,1.000000000000000000e+00,2.261404320597648621e-02,3.607004284858703613e-01,8.736625313758850098e-01,5.223631858825683594e-01,-5.087774991989135742e-01,-3.803428411483764648e-01,1.000000000000000000e+00,2.565391063690185547e+00,7.114861905574798584e-02,6.585882902145385742e-01,-5.252414941787719727e-01,-4.774034395813941956e-02,9.788923710584640503e-02,1.000000000000000000e+00,2.945382833480834961e+00,3.905649483203887939e-01,1.081540107727050781e+00,-5.198350548744201660e-01,-4.218075796961784363e-02,-1.501060128211975098e-01,1.000000000000000000e+00,1.000000000000000000e+00,0.000000000000000000e+00,0.000000000000000000e+00,1.000000000000000000e+00,2.261404320597648621e-02,3.607004284858703613e-01,8.736625313758850098e-01,5.223631858825683594e-01,-5.087774991989135742e-01,-3.803428411483764648e-01,9.783695340156555176e-01,1.094343885779380798e-01,1.755486428737640381e-01,-9.960926324129104614e-02,9.929751753807067871e-01,-6.386245787143707275e-02,-1.813041865825653076e-01,4.499480500817298889e-02,9.823972582817077637e-01,-6.092808842658996582e-01,-3.012688159942626953e-01,2.686470933258533478e-02,0.000000000000000000e+00,1.000000000000000000e+00,2.009477093815803528e-02,-3.109493553638458252e-01,1.059648990631103516e+00,4.153074622154235840e-01,4.785612821578979492e-01,-1.747231744229793549e-02,1.000000000000000000e+00,2.261404320597648621e-02,3.607004284858703613e-01,8.736625313758850098e-01,5.223631858825683594e-01,-5.087774991989135742e-01,-3.803428411483764648e-01,1.000000000000000000e+00,2.565391063690185547e+00,7.114861905574798584e-02,6.585882902145385742e-01,-5.252414941787719727e-01,-4.774034395813941956e-02,9.788923710584640503e-02,1.000000000000000000e+00,2.945382833480834961e+00,3.905649483203887939e-01,1.081540107727050781e+00,-5.198350548744201660e-01,-4.218075796961784363e-02,-1.501060128211975098e-01,1.000000000000000000e+00,1.000000000000000000e+00,0.000000000000000000e+00,0.000000000000000000e+00,1.000000000000000000e+00,2.565391063690185547e+00,7.114861905574798584e-02,6.585882902145385742e-01,-5.252414941787719727e-01,-4.774034395813941956e-02,9.788923710584640503e-02,-2.683416767660330715e-02,-1.097288819633053247e-01,3.582246813432240704e-03,1.000000000000000000e+00,2.945382833480834961e+00,3.905649483203887939e-01,1.081540107727050781e+00,-5.198350548744201660e-01,-4.218075796961784363e-02,-1.501060128211975098e-01,5.551328707067229584e-02,-1.162493891109372957e-01,-7.078119547276686546e-03,1.000000000000000000e+00,3.913403302431106567e-02,-3.674551472067832947e-02,-1.000000014901161194e-01,4.367241561412811279e-01,-3.322558104991912842e-02,1.285347044467926025e-01,-1.000000014901161194e-01,4.096700251102447510e-01,-6.922411918640136719e-02,-7.295680046081542969e-02,5.053997039794921875e-03,4.071764051914215088e-01,1.040613651275634766e-01,-6.545901298522949219e-02,-6.831407546997070312e-03,3.738753795623779297e-01
5.000000000000000000e-01,2.842279523611068726e-02,-3.012937903404235840e-01,1.059235572814941406e+00,4.174070060253143311e-01,4.874935448169708252e-01,-2.371321246027946472e-02,9.947366714477539062e-01,1.000919267535209656e-01,2.192475460469722748e-02,-1.012179479002952576e-01,9.931538105010986328e-01,5.831404775381088257e-02,-1.593788899481296539e-02,-6.022629886865615845e-02,9.980575442314147949e-01,7.551477551460266113e-01,-4.216812252998352051e-01,-1.384892966598272324e-02,1.000000000000000000e+00,0.000000000000000000e+00,2.842279523611068726e-02,-3.012937903404235840e-01,1.059235572814941406e+00,4.174070060253143311e-01,4.874935448169708252e-01,-2.371321246027946472e-02,1.000000000000000000e+00,3.334324806928634644e-02,3.504489362239837646e-01,8.661072254180908203e-01,5.534075498580932617e-01,-5.167343020439147949e-01,-3.748148381710052490e-01,1.000000000000000000e+00,2.554726123809814453e+00,7.024790346622467041e-02,6.605819463729858398e-01,-5.428537726402282715e-01,-4.152870178222656250e-02,1.017603352665901184e-01,1.000000000000000000e+00,2.934831857681274414e+00,3.896304666996002197e-01,1.078434348106384277e+00,-5.367328524589538574e-01,-5.248457565903663635e-02,-1.616243273019790649e-01,1.000000000000000000e+00,1.000000000000000000e+00,0.000000000000000000e+00,0.000000000000000000e+00,1.000000000000000000e+00,3.334324806928634644e-02,3.504489362239837646e-01,8.661072254180908203e-01,5.534075498580932617e-01,-5.167343020439147949e-01,-3.748148381710052490e-01,9.795828461647033691e-01,1.069505959749221802e-01,1.702320873737335205e-01,-9.950877726078033447e-02,9.936932921409606934e-01,-5.168825760483741760e-02,-1.746865808963775635e-01,3.369334712624549866e-02,9.840474128723144531e-01,-5.394364595413208008e-01,-3.703651130199432373e-01,2.165729738771915436e-02,0.000000000000000000e+00,1.000000000000000000e+00,2.842279523611068726e-02,-3.012937903404235840e-01,1.059235572814941406e+00,4.174070060253143311e-01,4.874935448169708252e-01,-2.371321246027946472e-02,1.000000000000000000e+00,3.334324806928634644e-02,3.504489362239837646e-01,8.661072254180908203e-01,5.534075498580932617e-01,-5.167343020439147949e-01,-3.748148381710052490e-01,1.000000000000000000e+00,2.554726123809814453e+00,7.024790346622467041e-02,6.605819463729858398e-01,-5.428537726402282715e-01,-4.152870178222656250e-02,1.017603352665901184e-01,1.000000000000000000e+00,2.934831857681274414e+00,3.896304666996002197e-01,1.078434348106384277e+00,-5.367328524589538574e-01,-5.248457565903663635e-02,-1.616243273019790649e-01,1.000000000000000000e+00,1.000000000000000000e+00,0.000000000000000000e+00,0.000000000000000000e+00,1.000000000000000000e+00,2.554726123809814453e+00,7.024790346622467041e-02,6.605819463729858398e-01,-5.428537726402282715e-01,-4.152870178222656250e-02,1.017603352665901184e-01,-3.261382411770651080e-02,-1.048378721547924552e-01,4.153237275811651891e-03,1.000000000000000000e+00,2.934831857681274414e+00,3.896304666996002197e-01,1.078434348106384277e+00,-5.367328524589538574e-01,-5.248457565903663635e-02,-1.616243273019790649e-01,6.210998593429933878e-02,-1.095177684699868426e-01,-7.499929215327248017e-03,1.000000000000000000e+00,5.730289965867996216e-02,-3.880624473094940186e-02,-1.000000014901161194e-01,4.372979104518890381e-01,-3.393156453967094421e-02,1.161204203963279724e-01,-1.000000014901161194e-01,4.115826487541198730e-01,-7.290863990783691406e-02,-6.847405433654785156e-02,4.997253417968750000e-03,4.063861072063446045e-01,1.087059974670410156e-01,-5.899095535278320312e-02,-6.434202194213867188e-03,3.740268647670745850e-01
5.200000000000000178e-01,3.677644208073616028e-02,-2.914819419384002686e-01,1.058736801147460938e+00,4.176851809024810791e-01,4.938999414443969727e-01,-2.570790611207485199e-02,9.948574304580688477e-01,1.005377694964408875e-01,1.228479389101266861e-02,-1.009852513670921326e-01,9.939176440238952637e-01,4.392898455262184143e-02,-7.793550845235586166e-03,-4.494365677237510681e-02,9.989591240882873535e-01,7.772920131683349609e-01,-3.853939473628997803e-01,-4.336011130362749100e-03,1.000000000000000000e+00,0.000000000000000000e+00,3.677644208073616028e-02,-2.914819419384002686e-01,1.058736801147460938e+00,4.176851809024810791e-01,4.938999414443969727e-01,-2.570790611207485199e-02,1.000000000000000000e+00,4.467904195189476013e-02,3.400609195232391357e-01,8.586542606353759766e-01,5.828415155410766602e-01,-5.222459435462951660e-01,-3.700891733169555664e-01,1.000000000000000000e+00,2.543719291687011719e+00,6.948115676641464233e-02,6.626480221748352051e-01,-5.593014359474182129e-01,-3.424504399299621582e-02,1.050884872674942017e-01,1.000000000000000000e+00,2.923955202102661133e+00,3.884798288345336914e-01,1.075098514556884766e+00,-5.522635579109191895e-01,-6.390491127967834473e-02,-1.730881035327911377e-01,1.000000000000000000e+00,1.000000000000000000e+00,0.000000000000000000e+00,0.000000000000000000e+00,1.000000000000000000e+00,4.467904195189476013e-02,3.400609195232391357e-01,8.586542606353759766e-01,5.828415155410766602e-01,-5.222459435462951660e-01,-3.700891733169555664e-01,9.809155464172363281e-01,1.048869639635086060e-01,1.637184172868728638e-01,-9.948030114173889160e-02,9.941986203193664551e-01,-4.090376570820808411e-02,-1.670588701963424683e-01,2.383637800812721252e-02,9.856589436531066895e-01,-4.600472748279571533e-01,-4.025545716285705566e-01,1.672091893851757050e-02,0.000000000000000000e+00,1.000000000000000000e+00,3.677644208073616028e-02,-2.914819419384002686e-01,1.058736801147460938e+00,4.176851809024810791e-01,4.938999414443969727e-01,-2.570790611207485199e-02,1.000000000000000000e+00,4.467904195189476013e-02,3.400609195232391357e-01,8.586542606353759766e-01,5.828415155410766602e-01,-5.222459435462951660e-01,-3.700891733169555664e-01,1.000000000000000000e+00,2.543719291687011719e+00,6.948115676641464233e-02,6.626480221748352051e-01,-5.593014359474182129e-01,-3.424504399299621582e-02,1.050884872674942017e-01,1.000000000000000000e+00,2.923955202102661133e+00,3.884798288345336914e-01,1.075098514556884766e+00,-5.522635579109191895e-01,-6.390491127967834473e-02,-1.730881035327911377e-01,1.000000000000000000e+00,1.000000000000000000e+00,0.000000000000000000e+00,0.000000000000000000e+00,1.000000000000000000e+00,2.543719291687011719e+00,6.948115676641464233e-02,6.626480221748352051e-01,-5.593014359474182129e-01,-3.424504399299621582e-02,1.050884872674942017e-01,-3.819142034776565331e-02,-1.000008728974606242e-01,4.630616438302769672e-03,1.000000000000000000e+00,2.923955202102661133e+00,3.884798288345336914e-01,1.075098514556884766e+00,-5.522635579109191895e-01,-6.390491127967834473e-02,-1.730881035327911377e-01,6.851636607044296612e-02,-1.027820814781059688e-01,-7.804441869630234646e-03,1.000000000000000000e+00,7.582876831293106079e-02,-3.861017897725105286e-02,-1.000000014901161194e-01,4.369979202747344971e-01,-3.454959020018577576e-02,1.031846031546592712e-01,-1.000000014901161194e-01,4.149134457111358643e-01,-7.555174827575683594e-02,-6.403756141662597656e-02,4.843950271606445312e-03,4.059396088123321533e-01,1.123950481414794922e-01,-5.293655395507812500e-02,-5.972146987915039062e-03,3.742374479770660400e-01
5.400000000000000355e-01,4.511952400207519531e-02,-2.815664112567901611e-01,1.058230280876159668e+00,4.161917865276336670e-01,4.975501000881195068e-01,-2.431466430425643921e-02,9.949136376380920410e-01,1.006691530346870422e-01,3.533592214807868004e-03,-1.007294282317161560e-01,9.944894313812255859e-01,2.905623055994510651e-02,-5.890538450330495834e-04,-2.926437743008136749e-02,9.995715022087097168e-01,7.939149141311645508e-01,-3.267503976821899414e-01,3.678626380860805511e-03,1.000000000000000000e+00,0.000000000000000000e+00,4.511952400207519531e-02,-2.815664112567901611e-01,1.058230280876159668e+00,4.161917865276336670e-01,4.975501000881195068e-01,-2.431466430425643921e-02,1.000000000000000000e+00,5.658850073814392090e-02,3.295820057392120361e-01,8.512929677963256836e-01,6.106054186820983887e-01,-5.256716012954711914e-01,-3.655710220336914062e-01,1.000000000000000000e+00,2.532393693923950195e+00,6.886930763721466064e-02,6.647761464118957520e-01,-5.746172666549682617e-01,-2.594876661896705627e-02,1.079396232962608337e-01,1.000000000000000000e+00,2.912780046463012695e+00,3.870910108089447021e-01,1.071534156799316406e+00,-5.664477944374084473e-01,-7.639450579881668091e-02,-1.844584494829177856e-01,1.000000000000000000e+00,1.000000000000000000e+00,0.000000000000000000e+00,0.000000000000000000e+00,1.000000000000000000e+00,5.658850073814392090e-02,3.295820057392120361e-01,8.512929677963256836e-01,6.106054186820983887e-01,-5.256716012954711914e-01,-3.655710220336914062e-01,9.822617173194885254e-01,1.032306998968124390e-01,1.565419733524322510e-01,-9.948280453681945801e-02,9.945369958877563477e-01,-3.161196410655975342e-02,-1.589501202106475830e-01,1.547798514366149902e-02,9.871652722358703613e-01,-3.871985673904418945e-01,-4.217490851879119873e-01,1.220894977450370789e-02,0.000000000000000000e+00,1.000000000000000000e+00,4.511952400207519531e-02,-2.815664112567901611e-01,1.058230280876159668e+00,4.161917865276336670e-01,4.975501000881195068e-01,-2.431466430425643921e-02,1.000000000000000000e+00,5.658850073814392090e-02,3.295820057392120361e-01,8.512929677963256836e-01,6.106054186820983887e-01,-5.256716012954711914e-01,-3.655710220336914062e-01,1.000000000000000000e+00,2.532393693923950195e+00,6.886930763721466064e-02,6.647761464118957520e-01,-5.746172666549682617e-01,-2.594876661896705627e-02,1.079396232962608337e-01,1.000000000000000000e+00,2.912780046463012695e+00,3.870910108089447021e-01,1.071534156799316406e+00,-5.664477944374084473e-01,-7.639450579881668091e-02,-1.844584494829177856e-01,1.000000000000000000e+00,1.000000000000000000e+00,0.000000000000000000e+00,0.000000000000000000e+00,1.000000000000000000e+00,2.532393693923950195e+00,6.886930763721466064e-02,6.647761464118957520e-01,-5.746172666549682617e-01,-2.594876661896705627e-02,1.079396232962608337e-01,-4.345729230749691141e-02,-9.522404666199446588e-02,5.008361783347060198e-03,1.000000000000000000e+00,2.912780046463012695e+00,3.870910108089447021e-01,1.071534156799316406e+00,-5.664477944374084473e-01,-7.639450579881668091e-02,-1.844584494829177856e-01,7.462666684889124324e-02,-9.610850765943834695e-02,-7.988229358817343362e-03,1.000000000000000000e+00,9.625153988599777222e-02,-3.510776907205581665e-02,-9.999999403953552246e-02,4.353933036327362061e-01,-3.492161631584167480e-02,9.094187617301940918e-02,-1.000000014901161194e-01,4.194703996181488037e-01,-7.705998420715332031e-02,-5.966639518737792969e-02,4.604339599609375000e-03,4.057755172252655029e-01,1.151225566864013672e-01,-4.730272293090820312e-02,-5.467653274536132812e-03,3.745348751544952393e-01
5.600000000000000533e-01,5.341794714331626892e-02,-2.716040313243865967e-01,1.057775974273681641e+00,4.130956828594207764e-01,4.982591867446899414e-01,-2.034608274698257446e-02,9.949261546134948730e-01,1.005319431424140930e-01,-3.939497750252485275e-03,-1.004696115851402283e-01,9.948459863662719727e-01,1.369528844952583313e-02,5.296007264405488968e-03,-1.322999969124794006e-02,9.998985528945922852e-01,8.145362734794616699e-01,-2.527311146259307861e-01,9.626222774386405945e-03,1.000000000000000000e+00,0.000000000000000000e+00,5.341794714331626892e-02,-2.716040313243865967e-01,1.057775974273681641e+00,4.130956828594207764e-01,4.982591867446899414e-01,-2.034608274698257446e-02,1.000000000000000000e+00,6.903814524412155151e-02,3.190509676933288574e-01,8.440241217613220215e-01,6.366890668869018555e-01,-5.273348093032836914e-01,-3.607129156589508057e-01,1.000000000000000000e+00,2.520771503448486328e+00,6.843194365501403809e-02,6.669577360153198242e-01,-5.888344645500183105e-01,-1.671890728175640106e-02,1.104027405381202698e-01,1.000000000000000000e+00,2.901333332061767578e+00,3.854432702064514160e-01,1.067743420600891113e+00,-5.793150663375854492e-01,-8.988765627145767212e-02,-1.957003325223922729e-01,1.000000000000000000e+00,1.000000000000000000e+00,0.000000000000000000e+00,0.000000000000000000e+00,1.000000000000000000e+00,6.903814524412155151e-02,3.190509676933288574e-01,8.440241217613220215e-01,6.366890668869018555e-01,-5.273348093032836914e-01,-3.607129156589508057e-01,9.835993647575378418e-01,1.019244566559791565e-01,1.488077491521835327e-01,-9.951130300760269165e-02,9.947566986083984375e-01,-2.359277568757534027e-02,-1.504321843385696411e-01,8.397785946726799011e-03,9.885846972465515137e-01,-3.294221460819244385e-01,-4.441654086112976074e-01,8.260145783424377441e-03,0.000000000000000000e+00,1.000000000000000000e+00,5.341794714331626892e-02,-2.716040313243865967e-01,1.057775974273681641e+00,4.130956828594207764e-01,4.982591867446899414e-01,-2.034608274698257446e-02,1.000000000000000000e+00,6.903814524412155151e-02,3.190509676933288574e-01,8.440241217613220215e-01,6.366890668869018555e-01,-5.273348093032836914e-01,-3.607129156589508057e-01,1.000000000000000000e+00,2.520771503448486328e+00,6.843194365501403809e-02,6.669577360153198242e-01,-5.888344645500183105e-01,-1.671890728175640106e-02,1.104027405381202698e-01,1.000000000000000000e+00,2.901333332061767578e+00,3.854432702064514160e-01,1.067743420600891113e+00,-5.793150663375854492e-01,-8.988765627145767212e-02,-1.957003325223922729e-01,1.000000000000000000e+00,1.000000000000000000e+00,0.000000000000000000e+00,0.000000000000000000e+00,1.000000000000000000e+00,2.520771503448486328e+00,6.843194365501403809e-02,6.669577360153198242e-01,-5.888344645500183105e-01,-1.671890728175640106e-02,1.104027405381202698e-01,-4.829745183095242311e-02,-9.050178698577893144e-02,5.282103794575353228e-03,1.000000000000000000e+00,2.901333332061767578e+00,3.854432702064514160e-01,1.067743420600891113e+00,-5.793150663375854492e-01,-8.988765627145767212e-02,-1.957003325223922729e-01,8.034136284158964469e-02,-8.954680775459822328e-02,-8.052018777102806779e-03,1.000000000000000000e+00,1.187698468565940857e-01,-2.986918948590755463e-02,-1.000000014901161194e-01,4.329707622528076172e-01,-3.375384584069252014e-02,7.917202264070510864e-02,-1.000000014901161194e-01,4.255802929401397705e-01,-7.738137245178222656e-02,-5.538439750671386719e-02,4.292011260986328125e-03,4.058250486850738525e-01,1.169040203094482422e-01,-4.209566116333007812e-02,-4.942178726196289062e-03,3.749508559703826904e-01
5.799999999999999600e-01,6.164186075329780579e-02,-2.616551816463470459e-01,1.057418584823608398e+00,4.086538851261138916e-01,4.958560466766357422e-01,-1.457208208739757538e-02,9.949192404747009277e-01,1.001885682344436646e-01,-9.911854751408100128e-03,-1.002164036035537720e-01,9.949630498886108398e-01,-2.351207658648490906e-03,9.626363404095172882e-03,3.332591615617275238e-03,9.999482631683349609e-01,8.493323326110839844e-01,-1.718714982271194458e-01,1.298610679805278778e-02,1.000000000000000000e+00,0.000000000000000000e+00,6.164186075329780579e-02,-2.616551816463470459e-01,1.057418584823608398e+00,4.086538851261138916e-01,4.958560466766357422e-01,-1.457208208739757538e-02,1.000000000000000000e+00,8.199415355920791626e-02,3.085005879402160645e-01,8.368594050407409668e-01,6.610651612281799316e-01,-5.274862051010131836e-01,-3.550055027008056641e-01,1.000000000000000000e+00,2.508874416351318359e+00,6.818684935569763184e-02,6.691856980323791504e-01,-6.019838452339172363e-01,-6.654400378465652466e-03,1.125753223896026611e-01,1.000000000000000000e+00,2.889640331268310547e+00,3.835172653198242188e-01,1.063729405403137207e+00,-5.909015536308288574e-01,-1.043021157383918762e-01,-2.067769020795822144e-01,1.000000000000000000e+00,1.000000000000000000e+00,0.000000000000000000e+00,0.000000000000000000e+00,1.000000000000000000e+00,8.199415355920791626e-02,3.085005879402160645e-01,8.368594050407409668e-01,6.610651612281799316e-01,-5.274862051010131836e-01,-3.550055027008056641e-01,9.849299788475036621e-01,1.009054109454154968e-01,1.404674947261810303e-01,-9.956299513578414917e-02,9.948933124542236328e-01,-1.657001487910747528e-02,-1.414221823215484619e-01,2.334939548745751381e-03,9.899466633796691895e-01,-2.812427878379821777e-01,-4.697307944297790527e-01,4.580428823828697205e-03,0.000000000000000000e+00,1.000000000000000000e+00,6.164186075329780579e-02,-2.616551816463470459e-01,1.057418584823608398e+00,4.086538851261138916e-01,4.958560466766357422e-01,-1.457208208739757538e-02,1.000000000000000000e+00,8.199415355920791626e-02,3.085005879402160645e-01,8.368594050407409668e-01,6.610651612281799316e-01,-5.274862051010131836e-01,-3.550055027008056641e-01,1.000000000000000000e+00,2.508874416351318359e+00,6.818684935569763184e-02,6.691856980323791504e-01,-6.019838452339172363e-01,-6.654400378465652466e-03,1.125753223896026611e-01,1.000000000000000000e+00,2.889640331268310547e+00,3.835172653198242188e-01,1.063729405403137207e+00,-5.909015536308288574e-01,-1.043021157383918762e-01,-2.067769020795822144e-01,1.000000000000000000e+00,1.000000000000000000e+00,0.000000000000000000e+00,0.000000000000000000e+00,1.000000000000000000e+00,2.508874416351318359e+00,6.818684935569763184e-02,6.691856980323791504e-01,-6.019838452339172363e-01,-6.654400378465652466e-03,1.125753223896026611e-01,-5.260210532864477428e-02,-8.583012610166806944e-02,5.450151216694173323e-03,1.000000000000000000e+00,2.889640331268310547e+00,3.835172653198242188e-01,1.063729405403137207e+00,-5.909015536308288574e-01,-1.043021157383918762e-01,-2.067769020795822144e-01,8.557297047963577374e-02,-8.313758420647765490e-02,-8.000633652427258102e-03,1.000000000000000000e+00,1.399988979101181030e-01,-2.089991234242916107e-02,-9.999997913837432861e-02,4.328921139240264893e-01,-3.259080275893211365e-02,6.755156069993972778e-02,-1.000000014901161194e-01,4.319277703762054443e-01,-7.649636268615722656e-02,-5.121970176696777344e-02,3.924131393432617188e-03,4.060160815715789795e-01,1.177549362182617188e-01,-3.732228279113769531e-02,-4.414319992065429688e-03,3.755218386650085449e-01
5.999999999999999778e-01,6.976703554391860962e-02,-2.517838776111602783e-01,1.057188510894775391e+00,4.031689167022705078e-01,4.901458919048309326e-01,-7.555949501693248749e-03,9.949128627777099609e-01,9.971635788679122925e-02,-1.432499941438436508e-02,-9.998389333486557007e-02,9.948006868362426758e-01,-1.936192624270915985e-02,1.231981907039880753e-02,2.069569565355777740e-02,9.997099637985229492e-01,8.929906487464904785e-01,-8.762899786233901978e-02,1.275561284273862839e-02,1.000000000000000000e+00,0.000000000000000000e+00,6.976703554391860962e-02,-2.517838776111602783e-01,1.057188510894775391e+00,4.031689167022705078e-01,4.901458919048309326e-01,-7.555949501693248749e-03,1.000000000000000000e+00,9.542196244001388550e-02,2.979593276977539062e-01,8.298199176788330078e-01,6.836799979209899902e-01,-5.263224244117736816e-01,-3.479822874069213867e-01,1.000000000000000000e+00,2.496723890304565430e+00,6.814970821142196655e-02,6.714552044868469238e-01,-6.140935420989990234e-01,4.126949701458215714e-03,1.145517230033874512e-01,1.000000000000000000e+00,2.877727031707763672e+00,3.812953531742095947e-01,1.059495687484741211e+00,-6.012496352195739746e-01,-1.195420697331428528e-01,-2.176458388566970825e-01,1.000000000000000000e+00,1.000000000000000000e+00,0.000000000000000000e+00,0.000000000000000000e+00,1.000000000000000000e+00,9.542196244001388550e-02,2.979593276977539062e-01,8.298199176788330078e-01,6.836799979209899902e-01,-5.263224244117736816e-01,-3.479822874069213867e-01,9.862415790557861328e-01,1.001369282603263855e-01,1.315301805734634399e-01,-9.963219612836837769e-02,9.949697256088256836e-01,-1.042947173118591309e-02,-1.319129019975662231e-01,-2.818661276251077652e-03,9.912573695182800293e-01,-2.353755086660385132e-01,-4.919949471950531006e-01,1.206886139698326588e-03,0.000000000000000000e+00,1.000000000000000000e+00,6.976703554391860962e-02,-2.517838776111602783e-01,1.057188510894775391e+00,4.031689167022705078e-01,4.901458919048309326e-01,-7.555949501693248749e-03,1.000000000000000000e+00,9.542196244001388550e-02,2.979593276977539062e-01,8.298199176788330078e-01,6.836799979209899902e-01,-5.263224244117736816e-01,-3.479822874069213867e-01,1.000000000000000000e+00,2.496723890304565430e+00,6.814970821142196655e-02,6.714552044868469238e-01,-6.140935420989990234e-01,4.126949701458215714e-03,1.145517230033874512e-01,1.000000000000000000e+00,2.877727031707763672e+00,3.812953531742095947e-01,1.059495687484741211e+00,-6.012496352195739746e-01,-1.195420697331428528e-01,-2.176458388566970825e-01,1.000000000000000000e+00,1.000000000000000000e+00,0.000000000000000000e+00,0.000000000000000000e+00,1.000000000000000000e+00,2.496723890304565430e+00,6.814970821142196655e-02,6.714552044868469238e-01,-6.140935420989990234e-01,4.126949701458215714e-03,1.145517230033874512e-01,-5.627315976323123137e-02,-8.121494707185772377e-02,5.514501040675644922e-03,1.000000000000000000e+00,2.877727031707763672e+00,3.812953531742095947e-01,1.059495687484741211e+00,-6.012496352195739746e-01,-1.195420697331428528e-01,-2.176458388566970825e-01,9.025117996431822331e-02,-7.691845924357965103e-02,-7.842913385314974339e-03,1.000000000000000000e+00,1.610822379589080811e-01,-1.063780300319194794e-02,-1.000000014901161194e-01,4.351924359798431396e-01,-3.238470852375030518e-02,5.507021769881248474e-02,-1.000000014901161194e-01,4.384194016456604004e-01,-7.439875602722167969e-02,-4.719281196594238281e-02,3.516197204589843750e-03,4.062915444374084473e-01,1.176941394805908203e-01,-3.299140930175781250e-02,-3.900289535522460938e-03,3.762869238853454590e-01
6.199999999999999956e-01,7.777545601129531860e-02,-2.420580983161926270e-01,1.057108044624328613e+00,3.969614505767822266e-01,4.809101521968841553e-01,4.659701080527156591e-04,9.949195981025695801e-01,9.920985251665115356e-02,-1.710158959031105042e-02,-9.979098290205001831e-02,9.943066835403442383e-01,-3.736424446105957031e-02,1.329732313752174377e-02,3.888100385665893555e-02,9.991554021835327148e-01,9.292806982994079590e-01,-1.180461404146626592e-04,8.729561232030391693e-03,1.000000000000000000e+00,0.000000000000000000e+00,7.777545601129531860e-02,-2.420580983161926270e-01,1.057108044624328613e+00,3.969614505767822266e-01,4.809101521968841553e-01,4.659701080527156591e-04,1.000000000000000000e+00,1.092856898903846741e-01,2.874518334865570068e-01,8.229357004165649414e-01,7.044659852981567383e-01,-5.240178108215332031e-01,-3.392667770385742188e-01,1.000000000000000000e+00,2.484340429306030273e+00,6.833367794752120972e-02,6.737631559371948242e-01,-6.251913309097290039e-01,1.549053657799959183e-02,1.164156496524810791e-01,1.000000000000000000e+00,2.865617513656616211e+00,3.787620067596435547e-01,1.055046916007995605e+00,-6.104075908660888672e-01,-1.355016380548477173e-01,-2.282573282718658447e-01,1.000000000000000000e+00,1.000000000000000000e+00,0.000000000000000000e+00,0.000000000000000000e+00,1.000000000000000000e+00,1.092856898903846741e-01,2.874518334865570068e-01,8.229357004165649414e-01,7.044659852981567383e-01,-5.240178108215332031e-01,-3.392667770385742188e-01,9.875084757804870605e-01,9.959416091442108154e-02,1.220990568399429321e-01,-9.971515834331512451e-02,9.950028657913208008e-01,-5.134483799338340759e-03,-1.220002621412277222e-01,-7.104779593646526337e-03,9.925047159194946289e-01,-1.937106549739837646e-01,-5.091210007667541504e-01,-1.950055011548101902e-03,0.000000000000000000e+00,1.000000000000000000e+00,7.777545601129531860e-02,-2.420580983161926270e-01,1.057108044624328613e+00,3.969614505767822266e-01,4.809101521968841553e-01,4.659701080527156591e-04,1.000000000000000000e+00,1.092856898903846741e-01,2.874518334865570068e-01,8.229357004165649414e-01,7.044659852981567383e-01,-5.240178108215332031e-01,-3.392667770385742188e-01,1.000000000000000000e+00,2.484340429306030273e+00,6.833367794752120972e-02,6.737631559371948242e-01,-6.251913309097290039e-01,1.549053657799959183e-02,1.164156496524810791e-01,1.000000000000000000e+00,2.865617513656616211e+00,3.787620067596435547e-01,1.055046916007995605e+00,-6.104075908660888672e-01,-1.355016380548477173e-01,-2.282573282718658447e-01,1.000000000000000000e+00,1.000000000000000000e+00,0.000000000000000000e+00,0.000000000000000000e+00,1.000000000000000000e+00,2.484340429306030273e+00,6.833367794752120972e-02,6.737631559371948242e-01,-6.251913309097290039e-01,1.549053657799959183e-02,1.164156496524810791e-01,-5.922644348152962535e-02,-7.666948169569653970e-02,5.480755412305051560e-03,1.000000000000000000e+00,2.865617513656616211e+00,3.787620067596435547e-01,1.055046916007995605e+00,-6.104075908660888672e-01,-1.355016380548477173e-01,-2.282573282718658447e-01,9.432295140759365537e-02,-7.092555065899985856e-02,-7.590830510121229779e-03,1.000000000000000000e+00,1.826184839010238647e-01,2.618755679577589035e-03,-1.000000014901161194e-01,4.374090433120727539e-01,-3.146378695964813232e-02,4.277712479233741760e-02,-1.000000014901161194e-01,4.437038600444793701e-01,-7.108998298645019531e-02,-4.331040382385253906e-02,3.083229064941406250e-03,4.066238701343536377e-01,1.167523860931396484e-01,-2.911019325256347656e-02,-3.413677215576171875e-03,3.772819638252258301e-01
6.400000000000000133e-01,8.565571159124374390e-02,-2.325502485036849976e-01,1.057196378707885742e+00,3.903707563877105713e-01,4.679520428180694580e-01,9.402642026543617249e-03,9.949434399604797363e-01,9.878096729516983032e-02,-1.816806569695472717e-02,-9.965638071298599243e-02,9.934377670288085938e-01,-5.612664297223091125e-02,1.250459719449281693e-02,5.765339359641075134e-02,9.982584118843078613e-01,9.517002105712890625e-01,9.018912166357040405e-02,2.397990465397015214e-04,1.000000000000000000e+00,0.000000000000000000e+00,8.565571159124374390e-02,-2.325502485036849976e-01,1.057196378707885742e+00,3.903707563877105713e-01,4.679520428180694580e-01,9.402642026543617249e-03,1.000000000000000000e+00,1.235481649637222290e-01,2.769995927810668945e-01,8.162428736686706543e-01,7.233487963676452637e-01,-5.207284688949584961e-01,-3.286165595054626465e-01,1.000000000000000000e+00,2.471744298934936523e+00,6.874907016754150391e-02,6.761078834533691406e-01,-6.353048682212829590e-01,2.728709019720554352e-02,1.182387173175811768e-01,1.000000000000000000e+00,2.853335142135620117e+00,3.759037554264068604e-01,1.050388455390930176e+00,-6.184293031692504883e-01,-1.520678848028182983e-01,-2.385524511337280273e-01,1.000000000000000000e+00,1.000000000000000000e+00,0.000000000000000000e+00,0.000000000000000000e+00,1.000000000000000000e+00,1.235481649637222290e-01,2.769995927810668945e-01,8.162428736686706543e-01,7.233487963676452637e-01,-5.207284688949584961e-01,-3.286165595054626465e-01,9.887099862098693848e-01,9.924219548702239990e-02,1.122664660215377808e-01,-9.980940818786621094e-02,9.950065016746520996e-01,-5.707727978006005287e-04,-1.117624938488006592e-01,-1.064091920852661133e-02,9.936780929565429688e-01,-1.591769158840179443e-01,-5.234043002128601074e-01,-4.719449672847986221e-03,0.000000000000000000e+00,1.000000000000000000e+00,8.565571159124374390e-02,-2.325502485036849976e-01,1.057196378707885742e+00,3.903707563877105713e-01,4.679520428180694580e-01,9.402642026543617249e-03,1.000000000000000000e+00,1.235481649637222290e-01,2.769995927810668945e-01,8.162428736686706543e-01,7.233487963676452637e-01,-5.207284688949584961e-01,-3.286165595054626465e-01,1.000000000000000000e+00,2.471744298934936523e+00,6.874907016754150391e-02,6.761078834533691406e-01,-6.353048682212829590e-01,2.728709019720554352e-02,1.182387173175811768e-01,1.000000000000000000e+00,2.853335142135620117e+00,3.759037554264068604e-01,1.050388455390930176e+00,-6.184293031692504883e-01,-1.520678848028182983e-01,-2.385524511337280273e-01,1.000000000000000000e+00,1.000000000000000000e+00,0.000000000000000000e+00,0.000000000000000000e+00,1.000000000000000000e+00,2.471744298934936523e+00,6.874907016754150391e-02,6.761078834533691406e-01,-6.353048682212829590e-01,2.728709019720554352e-02,1.182387173175811768e-01,-6.138957176237355706e-02,-7.220699412835607234e-02,5.356759389001795185e-03,1.000000000000000000e+00,2.853335142135620117e+00,3.759037554264068604e-01,1.050388455390930176e+00,-6.184293031692504883e-01,-1.520678848028182983e-01,-2.385524511337280273e-01,9.774901853256592887e-02,-6.519193845691573230e-02,-7.257981674576335918e-03,1.000000000000000000e+00,1.999348551034927368e-01,1.671190746128559113e-02,-1.000000014901161194e-01,4.399972856044769287e-01,-3.006543032824993134e-02,3.145766258239746094e-02,-1.000000014901161194e-01,4.479673802852630615e-01,-6.659126281738281250e-02,-3.957390785217285156e-02,2.638578414916992188e-03,4.070023000240325928e-01,1.149747371673583984e-01,-2.568268775939941406e-02,-2.965688705444335938e-03,3.785330653190612793e-01
6.600000000000000311e-01,9.340331703424453735e-02,-2.233361750841140747e-01,1.057470917701721191e+00,3.837551474571228027e-01,4.511284232139587402e-01,1.917364820837974548e-02,9.949790835380554199e-01,9.855213761329650879e-02,-1.744169555604457855e-02,-9.959477186203002930e-02,9.921717047691345215e-01,-7.534092664718627930e-02,9.880146943032741547e-03,7.669974863529205322e-02,9.970053434371948242e-01,9.544128775596618652e-01,1.815185099840164185e-01,-1.223607920110225677e-02,1.000000000000000000e+00,0.000000000000000000e+00,9.340331703424453735e-02,-2.233361750841140747e-01,1.057470917701721191e+00,3.837551474571228027e-01,4.511284232139587402e-01,1.917364820837974548e-02,1.000000000000000000e+00,1.381705254316329956e-01,2.666210234165191650e-01,8.097811341285705566e-01,7.402434945106506348e-01,-5.165836811065673828e-01,-3.159556686878204346e-01,1.000000000000000000e+00,2.458954572677612305e+00,6.940310448408126831e-02,6.784892082214355469e-01,-6.444622874259948730e-01,3.935467079281806946e-02,1.200807243585586548e-01,1.000000000000000000e+00,2.840902328491210938e+00,3.727096319198608398e-01,1.045527577400207520e+00,-6.253739595413208008e-01,-1.691231429576873779e-01,-2.484616488218307495e-01,1.000000000000000000e+00,1.000000000000000000e+00,0.000000000000000000e+00,0.000000000000000000e+00,1.000000000000000000e+00,1.381705254316329956e-01,2.666210234165191650e-01,8.097811341285705566e-01,7.402434945106506348e-01,-5.165836811065673828e-01,-3.159556686878204346e-01,9.898306727409362793e-01,9.904497861862182617e-02,1.021046191453933716e-01,-9.990991652011871338e-02,9.949907660484313965e-01,3.379463218152523041e-03,-1.012584269046783447e-01,-1.354635972529649734e-02,9.947679042816162109e-01,-1.292021572589874268e-01,-5.336140394210815430e-01,-6.960624828934669495e-03,0.000000000000000000e+00,1.000000000000000000e+00,9.340331703424453735e-02,-2.233361750841140747e-01,1.057470917701721191e+00,3.837551474571228027e-01,4.511284232139587402e-01,1.917364820837974548e-02,1.000000000000000000e+00,1.381705254316329956e-01,2.666210234165191650e-01,8.097811341285705566e-01,7.402434945106506348e-01,-5.165836811065673828e-01,-3.159556686878204346e-01,1.000000000000000000e+00,2.458954572677612305e+00,6.940310448408126831e-02,6.784892082214355469e-01,-6.444622874259948730e-01,3.935467079281806946e-02,1.200807243585586548e-01,1.000000000000000000e+00,2.840902328491210938e+00,3.727096319198608398e-01,1.045527577400207520e+00,-6.253739595413208008e-01,-1.691231429576873779e-01,-2.484616488218307495e-01,1.000000000000000000e+00,1.000000000000000000e+00,0.000000000000000000e+00,0.000000000000000000e+00,1.000000000000000000e+00,2.458954572677612305e+00,6.940310448408126831e-02,6.784892082214355469e-01,-6.444622874259948730e-01,3.935467079281806946e-02,1.200807243585586548e-01,-6.270198611200258898e-02,-6.783689222455846490e-02,5.150858071931576493e-03,1.000000000000000000e+00,2.840902328491210938e+00,3.727096319198608398e-01,1.045527577400207520e+00,-6.253739595413208008e-01,-1.691231429576873779e-01,-2.484616488218307495e-01,1.004989244622247480e-01,-5.974782638229059195e-02,-6.859124289285083165e-03,1.000000000000000000e+00,1.999854296445846558e-01,3.078365139663219452e-02,-1.000000014901161194e-01,4.433847069740295410e-01,-2.815540134906768799e-02,2.065777778625488281e-02,-1.000000014901161194e-01,4.508360624313354492e-01,-6.095194816589355469e-02,-3.598523139953613281e-02,2.195596694946289062e-03,4.074217379093170166e-01,1.124165058135986328e-01,-2.270913124084472656e-02,-2.563476562500000000e-03,3.800506591796875000e-01
6.800000000000000488e-01,1.010211110115051270e-01,-2.144939154386520386e-01,1.057948112487792969e+00,3.774879872798919678e-01,4.303795397281646729e-01,2.973354235291481018e-02,9.950119256973266602e-01,9.863777458667755127e-02,-1.490103267133235931e-02,-9.960754215717315674e-02,9.905475378036499023e-01,-9.430825710296630859e-02,5.457824561744928360e-03,9.532208740711212158e-02,9.954316020011901855e-01,8.932392001152038574e-01,2.661870718002319336e-01,-2.702115662395954132e-02,1.000000000000000000e+00,0.000000000000000000e+00,1.010211110115051270e-01,-2.144939154386520386e-01,1.057948112487792969e+00,3.774879872798919678e-01,4.303795397281646729e-01,2.973354235291481018e-02,1.000000000000000000e+00,1.531122475862503052e-01,2.563321590423583984e-01,8.035903573036193848e-01,7.550654411315917969e-01,-5.116963982582092285e-01,-3.013482689857482910e-01,1.000000000000000000e+00,2.445989608764648438e+00,7.029967755079269409e-02,6.809078454971313477e-01,-6.526913642883300781e-01,5.152102187275886536e-02,1.219908073544502258e-01,1.000000000000000000e+00,2.828339815139770508e+00,3.691708147525787354e-01,1.040472507476806641e+00,-6.313052177429199219e-01,-1.865465790033340454e-01,-2.579034566879272461e-01,1.000000000000000000e+00,1.000000000000000000e+00,0.000000000000000000e+00,0.000000000000000000e+00,1.000000000000000000e+00,1.531122475862503052e-01,2.563321590423583984e-01,8.035903573036193848e-01,7.550654411315917969e-01,-5.116963982582092285e-01,-3.013482689857482910e-01,9.908533096313476562e-01,9.897378087043762207e-02,9.172832220792770386e-02,-1.000103056430816650e-01,9.949635267257690430e-01,6.761780939996242523e-03,-9.059708565473556519e-02,-1.587370969355106354e-02,9.957612156867980957e-01,-1.000426262617111206e-01,-5.370838046073913574e-01,-8.614257909357547760e-03,0.000000000000000000e+00,1.000000000000000000e+00,1.010211110115051270e-01,-2.144939154386520386e-01,1.057948112487792969e+00,3.774879872798919678e-01,4.303795397281646729e-01,2.973354235291481018e-02,1.000000000000000000e+00,1.531122475862503052e-01,2.563321590423583984e-01,8.035903573036193848e-01,7.550654411315917969e-01,-5.116963982582092285e-01,-3.013482689857482910e-01,1.000000000000000000e+00,2.445989608764648438e+00,7.029967755079269409e-02,6.809078454971313477e-01,-6.526913642883300781e-01,5.152102187275886536e-02,1.219908073544502258e-01,1.000000000000000000e+00,2.828339815139770508e+00,3.691708147525787354e-01,1.040472507476806641e+00,-6.313052177429199219e-01,-1.865465790033340454e-01,-2.579034566879272461e-01,1.000000000000000000e+00,1.000000000000000000e+00,0.000000000000000000e+00,0.000000000000000000e+00,1.000000000000000000e+00,2.445989608764648438e+00,7.029967755079269409e-02,6.809078454971313477e-01,-6.526913642883300781e-01,5.152102187275886536e-02,1.219908073544502258e-01,-6.311623063683112489e-02,-6.356527777589660033e-02,4.871498861773626565e-03,1.000000000000000000e+00,2.828339815139770508e+00,3.691708147525787354e-01,1.040472507476806641e+00,-6.313052177429199219e-01,-1.865465790033340454e-01,-2.579034566879272461e-01,1.025498483499779068e-01,-5.462026512018902658e-02,-6.410460675408104214e-03,1.000000000000000000e+00,1.999999433755874634e-01,4.193427786231040955e-02,-1.000000014901161194e-01,4.468998610973358154e-01,-2.618312649428844452e-02,1.053812075406312943e-02,-1.000000014901161194e-01,4.531474113464355469e-01,-5.424737930297851562e-02,-3.254580497741699219e-02,1.766920089721679688e-03,4.078865647315979004e-01,1.091442108154296875e-01,-2.018237113952636719e-02,-2.211332321166992188e-03,3.818299472332000732e-01
7.000000000000000666e-01,1.085194796323776245e-01,-2.061009556055068970e-01,1.058643698692321777e+00,3.719409108161926270e-01,4.058763086795806885e-01,4.111370071768760681e-02,9.950206875801086426e-01,9.909659624099731445e-02,-1.066244021058082581e-02,-9.966732561588287354e-02,9.887635707855224609e-01,-1.114134117960929871e-01,-4.980570520274341106e-04,1.119213476777076721e-01,9.937168955802917480e-01,7.518023252487182617e-01,3.270500898361206055e-01,-4.105377569794654846e-02,1.000000000000000000e+00,0.000000000000000000e+00,1.085194796323776245e-01,-2.061009556055068970e-01,1.058643698692321777e+00,3.719409108161926270e-01,4.058763086795806885e-01,4.111370071768760681e-02,1.000000000000000000e+00,1.683312505483627319e-01,2.461469769477844238e-01,7.977081537246704102e-01,7.677496075630187988e-01,-5.061800479888916016e-01,-2.849521338939666748e-01,1.000000000000000000e+00,2.432868242263793945e+00,7.143913954496383667e-02,6.833655834197998047e-01,-6.600200533866882324e-01,6.360617280006408691e-02,1.240120083093643188e-01,1.000000000000000000e+00,2.815667152404785156e+00,3.652811348438262939e-01,1.035233378410339355e+00,-6.362909078598022461e-01,-2.042153924703598022e-01,-2.667860090732574463e-01,1.000000000000000000e+00,1.000000000000000000e+00,0.000000000000000000e+00,0.000000000000000000e+00,1.000000000000000000e+00,1.683312505483627319e-01,2.461469769477844238e-01,7.977081537246704102e-01,7.677496075630187988e-01,-5.061800479888916016e-01,-2.849521338939666748e-01,9.917619824409484863e-01,9.900523722171783447e-02,8.127872645854949951e-02,-1.001051962375640869e-01,9.949309825897216797e-01,9.561652317643165588e-03,-7.992006838321685791e-02,-1.761930622160434723e-02,9.966455698013305664e-01,-7.067823410034179688e-02,-5.334597826004028320e-01,-9.701050817966461182e-03,0.000000000000000000e+00,1.000000000000000000e+00,1.085194796323776245e-01,-2.061009556055068970e-01,1.058643698692321777e+00,3.719409108161926270e-01,4.058763086795806885e-01,4.111370071768760681e-02,1.000000000000000000e+00,1.683312505483627319e-01,2.461469769477844238e-01,7.977081537246704102e-01,7.677496075630187988e-01,-5.061800479888916016e-01,-2.849521338939666748e-01,1.000000000000000000e+00,2.432868242263793945e+00,7.143913954496383667e-02,6.833655834197998047e-01,-6.600200533866882324e-01,6.360617280006408691e-02,1.240120083093643188e-01,1.000000000000000000e+00,2.815667152404785156e+00,3.652811348438262939e-01,1.035233378410339355e+00,-6.362909078598022461e-01,-2.042153924703598022e-01,-2.667860090732574463e-01,1.000000000000000000e+00,1.000000000000000000e+00,0.000000000000000000e+00,0.000000000000000000e+00,1.000000000000000000e+00,2.432868242263793945e+00,7.143913954496383667e-02,6.833655834197998047e-01,-6.600200533866882324e-01,6.360617280006408691e-02,1.240120083093643188e-01,-6.259707596133327889e-02,-5.939942874562142983e-02,4.528702123790705886e-03,1.000000000000000000e+00,2.815667152404785156e+00,3.652811348438262939e-01,1.035233378410339355e+00,-6.362909078598022461e-01,-2.042153924703598022e-01,-2.667860090732574463e-01,1.038899052784704458e-01,-4.983132857986793951e-02,-5.928614058161835176e-03,1.000000000000000000e+00,2.000000029802322388e-01,4.821288585662841797e-02,-1.000000014901161194e-01,4.505141377449035645e-01,-2.406925894320011139e-02,1.065121614374220371e-03,-1.000000014901161194e-01,4.543016850948333740e-01,-4.660725593566894531e-02,-2.925658226013183594e-02,1.364469528198242188e-03,4.084145426750183105e-01,1.052365303039550781e-01,-1.809000968933105469e-02,-1.910686492919921875e-03,3.838542699813842773e-01
7.199999999999999734e-01,1.159157976508140564e-01,-1.982284337282180786e-01,1.059574842453002930e+00,3.674301505088806152e-01,3.781120777130126953e-01,5.338928848505020142e-02,9.949826598167419434e-01,9.991003572940826416e-02,-5.252932664006948471e-03,-9.977769851684570312e-02,9.870684146881103516e-01,-1.254608929157257080e-01,-7.349798455834388733e-03,1.253555417060852051e-01,9.920847415924072266e-01,5.869562029838562012e-01,3.464456200599670410e-01,-5.169398710131645203e-02,1.000000000000000000e+00,0.000000000000000000e+00,1.159157976508140564e-01,-1.982284337282180786e-01,1.059574842453002930e+00,3.674301505088806152e-01,3.781120777130126953e-01,5.338928848505020142e-02,1.000000000000000000e+00,1.837844550609588623e-01,2.360768765211105347e-01,7.921684980392456055e-01,7.782601118087768555e-01,-5.001551508903503418e-01,-2.669839560985565186e-01,1.000000000000000000e+00,2.419608116149902344e+00,7.281821221113204956e-02,6.858651041984558105e-01,-6.664774417877197266e-01,7.542521506547927856e-02,1.261852234601974487e-01,1.000000000000000000e+00,2.802902936935424805e+00,3.610367774963378906e-01,1.029822349548339844e+00,-6.404015421867370605e-01,-2.220066189765930176e-01,-2.750107645988464355e-01,1.000000000000000000e+00,1.000000000000000000e+00,0.000000000000000000e+00,0.000000000000000000e+00,1.000000000000000000e+00,1.837844550609588623e-01,2.360768765211105347e-01,7.921684980392456055e-01,7.782601118087768555e-01,-5.001551508903503418e-01,-2.669839560985565186e-01,9.925477504730224609e-01,9.911531209945678711e-02,7.088837772607803345e-02,-1.001912057399749756e-01,9.948984980583190918e-01,1.177746430039405823e-02,-6.935941427946090698e-02,-1.879208721220493317e-02,9.974147081375122070e-01,-4.307902604341506958e-02,-5.242198109626770020e-01,-1.024982426315546036e-02,0.000000000000000000e+00,1.000000000000000000e+00,1.159157976508140564e-01,-1.982284337282180786e-01,1.059574842453002930e+00,3.674301505088806152e-01,3.781120777130126953e-01,5.338928848505020142e-02,1.000000000000000000e+00,1.837844550609588623e-01,2.360768765211105347e-01,7.921684980392456055e-01,7.782601118087768555e-01,-5.001551508903503418e-01,-2.669839560985565186e-01,1.000000000000000000e+00,2.419608116149902344e+00,7.281821221113204956e-02,6.858651041984558105e-01,-6.664774417877197266e-01,7.542521506547927856e-02,1.261852234601974487e-01,1.000000000000000000e+00,2.802902936935424805e+00,3.610367774963378906e-01,1.029822349548339844e+00,-6.404015421867370605e-01,-2.220066189765930176e-01,-2.750107645988464355e-01,1.000000000000000000e+00,1.000000000000000000e+00,0.000000000000000000e+00,0.000000000000000000e+00,1.000000000000000000e+00,2.419608116149902344e+00,7.281821221113204956e-02,6.858651041984558105e-01,-6.664774417877197266e-01,7.542521506547927856e-02,1.261852234601974487e-01,-6.112552274315578849e-02,-5.534798716913158501e-02,4.134416481719929704e-03,1.000000000000000000e+00,2.802902936935424805e+00,3.610367774963378906e-01,1.029822349548339844e+00,-6.404015421867370605e-01,-2.220066189765930176e-01,-2.750107645988464355e-01,1.045204421546006845e-01,-4.539702022551006522e-02,-5.429591006039020951e-03,1.000000000000000000e+00,2.000000029802322388e-01,5.630580708384513855e-02,-1.000000014901161194e-01,4.512272477149963379e-01,-2.218391373753547668e-02,-7.336694281548261642e-03,-1.000000014901161194e-01,4.565692543983459473e-01,-3.822374343872070312e-02,-2.611994743347167969e-02,9.987354278564453125e-04,4.090335965156555176e-01,1.007840633392333984e-01,-1.641201972961425781e-02,-1.659631729125976562e-03,3.860983252525329590e-01
7.399999999999999911e-01,1.232326477766036987e-01,-1.909357756376266479e-01,1.060759425163269043e+00,3.641279041767120361e-01,3.477408587932586670e-01,6.651032716035842896e-02,9.948863983154296875e-01,1.009994074702262878e-01,4.882048815488815308e-04,-9.998791664838790894e-02,9.855824708938598633e-01,-1.364905238151550293e-01,-1.426662784069776535e-02,1.357437372207641602e-01,9.906412959098815918e-01,4.583801925182342529e-01,3.326660394668579102e-01,-6.013165786862373352e-02,1.000000000000000000e+00,0.000000000000000000e+00,1.232326477766036987e-01,-1.909357756376266479e-01,1.060759425163269043e+00,3.641279041767120361e-01,3.477408587932586670e-01,6.651032716035842896e-02,1.000000000000000000e+00,1.994282156229019165e-01,2.261309474706649780e-01,7.870007753372192383e-01,7.865938544273376465e-01,-4.937408268451690674e-01,-2.476332187652587891e-01,1.000000000000000000e+00,2.406226396560668945e+00,7.442991435527801514e-02,6.884097456932067871e-01,-6.720937490463256836e-01,8.679223060607910156e-02,1.285515129566192627e-01,1.000000000000000000e+00,2.790064096450805664e+00,3.564364016056060791e-01,1.024253606796264648e+00,-6.437093019485473633e-01,-2.397988885641098022e-01,-2.824759781360626221e-01,1.000000000000000000e+00,1.000000000000000000e+00,0.000000000000000000e+00,0.000000000000000000e+00,1.000000000000000000e+00,1.994282156229019165e-01,2.261309474706649780e-01,7.870007753372192383e-01,7.865938544273376465e-01,-4.937408268451690674e-01,-2.476332187652587891e-01,9.932088851928710938e-01,9.927794337272644043e-02,6.066315248608589172e-02,-1.002659648656845093e-01,9.948696494102478027e-01,1.345858257263898849e-02,-5.901579186320304871e-02,-1.944963261485099792e-02,9.980675578117370605e-01,-2.006325684487819672e-02,-5.104246139526367188e-01,-1.031959895044565201e-02,0.000000000000000000e+00,1.000000000000000000e+00,1.232326477766036987e-01,-1.909357756376266479e-01,1.060759425163269043e+00,3.641279041767120361e-01,3.477408587932586670e-01,6.651032716035842896e-02,1.000000000000000000e+00,1.994282156229019165e-01,2.261309474706649780e-01,7.870007753372192383e-01,7.865938544273376465e-01,-4.937408268451690674e-01,-2.476332187652587891e-01,1.000000000000000000e+00,2.406226396560668945e+00,7.442991435527801514e-02,6.884097456932067871e-01,-6.720937490463256836e-01,8.679223060607910156e-02,1.285515129566192627e-01,1.000000000000000000e+00,2.790064096450805664e+00,3.564364016056060791e-01,1.024253606796264648e+00,-6.437093019485473633e-01,-2.397988885641098022e-01,-2.824759781360626221e-01,1.000000000000000000e+00,1.000000000000000000e+00,0.000000000000000000e+00,0.000000000000000000e+00,1.000000000000000000e+00,2.406226396560668945e+00,7.442991435527801514e-02,6.884097456932067871e-01,-6.720937490463256836e-01,8.679223060607910156e-02,1.285515129566192627e-01,-5.870577203344090611e-02,-5.141852152897397055e-02,3.701908352701739624e-03,1.000000000000000000e+00,2.790064096450805664e+00,3.564364016056060791e-01,1.024253606796264648e+00,-6.437093019485473633e-01,-2.397988885641098022e-01,-2.824759781360626221e-01,1.044563378203171577e-01,-4.132773037077042133e-02,-4.928042158108839055e-03,1.000000000000000000e+00,2.000000029802322388e-01,6.271836906671524048e-02,-1.000000014901161194e-01,4.499936401844024658e-01,-1.943443529307842255e-02,-1.341630518436431885e-02,-1.000000014901161194e-01,4.605990052223205566e-01,-2.930188179016113281e-02,-2.314114570617675781e-02,6.783008575439453125e-04,4.097612798213958740e-01,9.588146209716796875e-02,-1.512455940246582031e-02,-1.454591751098632812e-03,3.885370492935180664e-01
7.600000000000000089e-01,1.304945349693298340e-01,-1.842695325613021851e-01,1.062212228775024414e+00,3.620523214340209961e-01,3.153502643108367920e-01,8.021237701177597046e-02,9.947369694709777832e-01,1.022823080420494080e-01,6.064608693122863770e-03,-1.003190502524375916e-01,9.842672944068908691e-01,-1.454445570707321167e-01,-2.084559947252273560e-02,1.440706700086593628e-01,9.893478751182556152e-01,3.864026963710784912e-01,3.130752742290496826e-01,-6.557114422321319580e-02,1.000000000000000000e+00,0.000000000000000000e+00,1.304945349693298340e-01,-1.842695325613021851e-01,1.062212228775024414e+00,3.620523214340209961e-01,3.153502643108367920e-01,8.021237701177597046e-02,1.000000000000000000e+00,2.152192890644073486e-01,2.163160294294357300e-01,7.822321057319641113e-01,7.927855849266052246e-01,-4.870406091213226318e-01,-2.269207388162612915e-01,1.000000000000000000e+00,2.392739534378051758e+00,7.626354694366455078e-02,6.910037994384765625e-01,-6.769003272056579590e-01,9.752534329891204834e-02,1.311534941196441650e-01,1.000000000000000000e+00,2.777165412902832031e+00,3.514810204505920410e-01,1.018543243408203125e+00,-6.462870240211486816e-01,-2.574742138385772705e-01,-2.890806496143341064e-01,1.000000000000000000e+00,1.000000000000000000e+00,0.000000000000000000e+00,0.000000000000000000e+00,1.000000000000000000e+00,2.152192890644073486e-01,2.163160294294357300e-01,7.822321057319641113e-01,7.927855849266052246e-01,-4.870406091213226318e-01,-2.269207388162612915e-01,9.937473535537719727e-01,9.946629405021667480e-02,5.072488635778427124e-02,-1.003261208534240723e-01,9.948463439941406250e-01,1.468970812857151031e-02,-4.900232702493667603e-02,-1.968688704073429108e-02,9.986047744750976562e-01,-8.251780527643859386e-04,-4.885799586772918701e-01,-9.794458746910095215e-03,0.000000000000000000e+00,1.000000000000000000e+00,1.304945349693298340e-01,-1.842695325613021851e-01,1.062212228775024414e+00,3.620523214340209961e-01,3.153502643108367920e-01,8.021237701177597046e-02,1.000000000000000000e+00,2.152192890644073486e-01,2.163160294294357300e-01,7.822321057319641113e-01,7.927855849266052246e-01,-4.870406091213226318e-01,-2.269207388162612915e-01,1.000000000000000000e+00,2.392739534378051758e+00,7.626354694366455078e-02,6.910037994384765625e-01,-6.769003272056579590e-01,9.752534329891204834e-02,1.311534941196441650e-01,1.000000000000000000e+00,2.777165412902832031e+00,3.514810204505920410e-01,1.018543243408203125e+00,-6.462870240211486816e-01,-2.574742138385772705e-01,-2.890806496143341064e-01,1.000000000000000000e+00,1.000000000000000000e+00,0.000000000000000000e+00,0.000000000000000000e+00,1.000000000000000000e+00,2.392739534378051758e+00,7.626354694366455078e-02,6.910037994384765625e-01,-6.769003272056579590e-01,9.752534329891204834e-02,1.311534941196441650e-01,-5.537108302737961396e-02,-4.761620712704606184e-02,3.244916441115266309e-03,1.000000000000000000e+00,2.777165412902832031e+00,3.514810204505920410e-01,1.018543243408203125e+00,-6.462870240211486816e-01,-2.574742138385772705e-01,-2.890806496143341064e-01,1.037244671325313894e-01,-3.762889794171009328e-02,-4.436738422278999061e-03,1.000000000000000000e+00,2.000000029802322388e-01,7.180163264274597168e-02,-1.000000014901161194e-01,4.427492320537567139e-01,-1.684024184942245483e-02,-1.831905730068683624e-02,-1.000000014901161194e-01,4.639824032783508301e-01,-2.000331878662109375e-02,-2.032613754272460938e-02,4.065036773681640625e-04,4.105921089649200439e-01,9.061765670776367188e-02,-1.420402526855468750e-02,-1.290559768676757812e-03,3.911624252796173096e-01
7.800000000000000266e-01,1.377255767583847046e-01,-1.782660037279129028e-01,1.063940048217773438e+00,3.611550927162170410e-01,2.813718020915985107e-01,9.386934340000152588e-02,9.945437312126159668e-01,1.036882996559143066e-01,1.147512067109346390e-02,-1.007182747125625610e-01,9.830267429351806641e-01,-1.533443033695220947e-01,-2.718035876750946045e-02,1.513518393039703369e-01,9.881063103675842285e-01,3.541393578052520752e-01,3.126707375049591064e-01,-6.884865462779998779e-02,1.000000000000000000e+00,0.000000000000000000e+00,1.377255767583847046e-01,-1.782660037279129028e-01,1.063940048217773438e+00,3.611550927162170410e-01,2.813718020915985107e-01,9.386934340000152588e-02,1.000000000000000000e+00,2.311154156923294067e-01,2.066370248794555664e-01,7.778903245925903320e-01,7.969076037406921387e-01,-4.801453053951263428e-01,-2.048101127147674561e-01,1.000000000000000000e+00,2.379163742065429688e+00,7.830485701560974121e-02,6.936522722244262695e-01,-6.809294223785400391e-01,1.074524670839309692e-01,1.340346187353134155e-01,1.000000000000000000e+00,2.764221429824829102e+00,3.461740612983703613e-01,1.012709259986877441e+00,-6.482074856758117676e-01,-2.749195992946624756e-01,-2.947264611721038818e-01,1.000000000000000000e+00,1.000000000000000000e+00,0.000000000000000000e+00,0.000000000000000000e+00,1.000000000000000000e+00,2.311154156923294067e-01,2.066370248794555664e-01,7.778903245925903320e-01,7.969076037406921387e-01,-4.801453053951263428e-01,-2.048101127147674561e-01,9.941650629043579102e-01,9.965944290161132812e-02,4.127839580178260803e-02,-1.003694534301757812e-01,9.948295950889587402e-01,1.549589913338422775e-02,-3.952065482735633850e-02,-1.954857073724269867e-02,9.990275502204895020e-01,1.731264963746070862e-02,-4.556400775909423828e-01,-8.828007616102695465e-03,0.000000000000000000e+00,1.000000000000000000e+00,1.377255767583847046e-01,-1.782660037279129028e-01,1.063940048217773438e+00,3.611550927162170410e-01,2.813718020915985107e-01,9.386934340000152588e-02,1.000000000000000000e+00,2.311154156923294067e-01,2.066370248794555664e-01,7.778903245925903320e-01,7.969076037406921387e-01,-4.801453053951263428e-01,-2.048101127147674561e-01,1.000000000000000000e+00,2.379163742065429688e+00,7.830485701560974121e-02,6.936522722244262695e-01,-6.809294223785400391e-01,1.074524670839309692e-01,1.340346187353134155e-01,1.000000000000000000e+00,2.764221429824829102e+00,3.461740612983703613e-01,1.012709259986877441e+00,-6.482074856758117676e-01,-2.749195992946624756e-01,-2.947264611721038818e-01,1.000000000000000000e+00,1.000000000000000000e+00,0.000000000000000000e+00,0.000000000000000000e+00,1.000000000000000000e+00,2.379163742065429688e+00,7.830485701560974121e-02,6.936522722244262695e-01,-6.809294223785400391e-01,1.074524670839309692e-01,1.340346187353134155e-01,-5.118373730211350781e-02,-4.394474112151502965e-02,2.777077891853003966e-03,1.000000000000000000e+00,2.764221429824829102e+00,3.461740612983703613e-01,1.012709259986877441e+00,-6.482074856758117676e-01,-2.749195992946624756e-01,-2.947264611721038818e-01,1.023617899384577645e-01,-3.430172792709940133e-02,-3.966251491716754618e-03,1.000000000000000000e+00,1.999999880790710449e-01,8.325935155153274536e-02,-1.000000014901161194e-01,4.358665347099304199e-01,-1.387574058026075363e-02,-2.227710559964179993e-02,-1.000000014901161194e-01,4.661794900894165039e-01,-1.042866706848144531e-02,-1.768708229064941406e-02,1.845359802246093750e-04,4.114836454391479492e-01,8.507990837097167969e-02,-1.362490653991699219e-02,-1.162052154541015625e-03,3.939723372459411621e-01
8.000000000000000444e-01,1.449491381645202637e-01,-1.729540228843688965e-01,1.065934419631958008e+00,3.614242076873779297e-01,2.461092323064804077e-01,1.066194623708724976e-01,9.943006038665771484e-01,1.052145957946777344e-01,1.721364073455333710e-02,-1.011097729206085205e-01,9.818056225776672363e-01,-1.607314199209213257e-01,-3.381173685193061829e-02,1.580748707056045532e-01,9.868481159210205078e-01,3.263908028602600098e-01,3.450905084609985352e-01,-7.376756519079208374e-02,1.000000000000000000e+00,0.000000000000000000e+00,1.449491381645202637e-01,-1.729540228843688965e-01,1.065934419631958008e+00,3.614242076873779297e-01,2.461092323064804077e-01,1.066194623708724976e-01,1.000000000000000000e+00,2.470761835575103760e-01,1.970970183610916138e-01,7.740030884742736816e-01,7.990739345550537109e-01,-4.731467068195343018e-01,-1.813678294420242310e-01,1.000000000000000000e+00,2.365514278411865234e+00,8.053629100322723389e-02,6.963611841201782227e-01,-6.842133402824401855e-01,1.164160296320915222e-01,1.372357159852981567e-01,1.000000000000000000e+00,2.751244068145751953e+00,3.405210375785827637e-01,1.006771326065063477e+00,-6.495432257652282715e-01,-2.920283079147338867e-01,-2.993183434009552002e-01,1.000000000000000000e+00,1.000000000000000000e+00,0.000000000000000000e+00,0.000000000000000000e+00,1.000000000000000000e+00,2.470761835575103760e-01,1.970970183610916138e-01,7.740030884742736816e-01,7.990739345550537109e-01,-4.731467068195343018e-01,-1.813678294420242310e-01,9.944717288017272949e-01,9.984198212623596191e-02,3.252438828349113464e-02,-1.003961414098739624e-01,9.948210716247558594e-01,1.587153412401676178e-02,-3.077129647135734558e-02,-1.904911361634731293e-02,9.993450045585632324e-01,3.519938513636589050e-02,-4.151615500450134277e-01,-7.526558358222246170e-03,0.000000000000000000e+00,1.000000000000000000e+00,1.449491381645202637e-01,-1.729540228843688965e-01,1.065934419631958008e+00,3.614242076873779297e-01,2.461092323064804077e-01,1.066194623708724976e-01,1.000000000000000000e+00,2.470761835575103760e-01,1.970970183610916138e-01,7.740030884742736816e-01,7.990739345550537109e-01,-4.731467068195343018e-01,-1.813678294420242310e-01,1.000000000000000000e+00,2.365514278411865234e+00,8.053629100322723389e-02,6.963611841201782227e-01,-6.842133402824401855e-01,1.164160296320915222e-01,1.372357159852981567e-01,1.000000000000000000e+00,2.751244068145751953e+00,3.405210375785827637e-01,1.006771326065063477e+00,-6.495432257652282715e-01,-2.920283079147338867e-01,-2.993183434009552002e-01,1.000000000000000000e+00,1.000000000000000000e+00,0.000000000000000000e+00,0.000000000000000000e+00,1.000000000000000000e+00,2.365514278411865234e+00,8.053629100322723389e-02,6.963611841201782227e-01,-6.842133402824401855e-01,1.164160296320915222e-01,1.372357159852981567e-01,-4.622567149255481234e-02,-4.040737288487084022e-02,2.311536376501700796e-03,1.000000000000000000e+00,2.751244068145751953e+00,3.405210375785827637e-01,1.006771326065063477e+00,-6.495432257652282715e-01,-2.920283079147338867e-01,-2.993183434009552002e-01,1.004129735414947822e-01,-3.134372102157945150e-02,-3.524787645179501550e-03,1.000000000000000000e+00,2.000000029802322388e-01,9.732852876186370850e-02,-1.000000014901161194e-01,4.313206374645233154e-01,-1.092887297272682190e-02,-2.527569234371185303e-02,-1.000000014901161194e-01,4.673690199851989746e-01,-6.232261657714843750e-04,-1.523780822753906250e-02,9.536743164062500000e-06,4.123684167861938477e-01,7.935857772827148438e-02,-1.335692405700683594e-02,-1.062154769897460938e-03,3.969524502754211426e-01
8.200000000000000622e-01,1.521892398595809937e-01,-1.683571636676788330e-01,1.068170905113220215e+00,3.629621267318725586e-01,2.097859680652618408e-01,1.178781911730766296e-01,9.939841032028198242e-01,1.068898290395736694e-01,2.387874200940132141e-02,-1.014298647642135620e-01,9.806358814239501953e-01,-1.675269454717636108e-01,-4.132327809929847717e-02,1.640971153974533081e-01,9.855782985687255859e-01,2.835943400859832764e-01,3.995864391326904297e-01,-8.096894621849060059e-02,1.000000000000000000e+00,0.000000000000000000e+00,1.521892398595809937e-01,-1.683571636676788330e-01,1.068170905113220215e+00,3.629621267318725586e-01,2.097859680652618408e-01,1.178781911730766296e-01,1.000000000000000000e+00,2.630637288093566895e-01,1.876972019672393799e-01,7.705953717231750488e-01,7.994329929351806641e-01,-4.661411643028259277e-01,-1.567596644163131714e-01,1.000000000000000000e+00,2.351805925369262695e+00,8.293727040290832520e-02,6.991372704505920410e-01,-6.867845654487609863e-01,1.242750659584999084e-01,1.407887041568756104e-01,1.000000000000000000e+00,2.738245010375976562e+00,3.345296382904052734e-01,1.000751972198486328e+00,-6.503652334213256836e-01,-3.087010979652404785e-01,-3.027649819850921631e-01,1.000000000000000000e+00,1.000000000000000000e+00,0.000000000000000000e+00,0.000000000000000000e+00,1.000000000000000000e+00,2.630637288093566895e-01,1.876972019672393799e-01,7.705953717231750488e-01,7.994329929351806641e-01,-4.661411643028259277e-01,-1.567596644163131714e-01,9.946840405464172363e-01,1.000025421380996704e-01,2.456000633537769318e-02,-1.004066765308380127e-01,9.948208928108215332e-01,1.581064611673355103e-02,-2.285169996321201324e-02,-1.819258555769920349e-02,9.995733499526977539e-01,5.253585800528526306e-02,-3.731216192245483398e-01,-6.029614713042974472e-03,0.000000000000000000e+00,1.000000000000000000e+00,1.521892398595809937e-01,-1.683571636676788330e-01,1.068170905113220215e+00,3.629621267318725586e-01,2.097859680652618408e-01,1.178781911730766296e-01,1.000000000000000000e+00,2.630637288093566895e-01,1.876972019672393799e-01,7.705953717231750488e-01,7.994329929351806641e-01,-4.661411643028259277e-01,-1.567596644163131714e-01,1.000000000000000000e+00,2.351805925369262695e+00,8.293727040290832520e-02,6.991372704505920410e-01,-6.867845654487609863e-01,1.242750659584999084e-01,1.407887041568756104e-01,1.000000000000000000e+00,2.738245010375976562e+00,3.345296382904052734e-01,1.000751972198486328e+00,-6.503652334213256836e-01,-3.087010979652404785e-01,-3.027649819850921631e-01,1.000000000000000000e+00,1.000000000000000000e+00,0.000000000000000000e+00,0.000000000000000000e+00,1.000000000000000000e+00,2.351805925369262695e+00,8.293727040290832520e-02,6.991372704505920410e-01,-6.867845654487609863e-01,1.242750659584999084e-01,1.407887041568756104e-01,-4.058302020367055007e-02,-3.700792466507185630e-02,1.860306594361944149e-03,1.000000000000000000e+00,2.738245010375976562e+00,3.345296382904052734e-01,1.000751972198486328e+00,-6.503652334213256836e-01,-3.087010979652404785e-01,-3.027649819850921631e-01,9.792831218988211350e-02,-2.874896148260153161e-02,-3.118156365481253300e-03,1.000000000000000000e+00,2.000000029802322388e-01,1.133180856704711914e-01,-1.000000014901161194e-01,4.282243549823760986e-01,-6.811490748077630997e-03,-2.790411375463008881e-02,-1.000000014901161194e-01,4.679476916790008545e-01,9.408235549926757812e-03,-1.297545433044433594e-02,-1.220703125000000000e-04,4.132021367549896240e-01,7.354521751403808594e-02,-1.336526870727539062e-02,-9.846687316894531250e-04,4.000757634639739990e-01
8.399999999999999689e-01,1.594729572534561157e-01,-1.644948124885559082e-01,1.070617675781250000e+00,3.659702539443969727e-01,1.726067960262298584e-01,1.274603605270385742e-01,9.935606718063354492e-01,1.087500825524330139e-01,3.179406374692916870e-02,-1.016661003232002258e-01,9.795693755149841309e-01,-1.735169589519500732e-01,-5.001446604728698730e-02,1.691672205924987793e-01,9.843176603317260742e-01,2.345959097146987915e-01,4.607535004615783691e-01,-9.044355899095535278e-02,1.000000000000000000e+00,0.000000000000000000e+00,1.594729572534561157e-01,-1.644948124885559082e-01,1.070617675781250000e+00,3.659702539443969727e-01,1.726067960262298584e-01,1.274603605270385742e-01,1.000000000000000000e+00,2.790433764457702637e-01,1.784368604421615601e-01,7.676887512207031250e-01,7.981469631195068359e-01,-4.592261314392089844e-01,-1.312001794576644897e-01,1.000000000000000000e+00,2.338052034378051758e+00,8.548455685377120972e-02,7.019876837730407715e-01,-6.886760592460632324e-01,1.309045702219009399e-01,1.447119265794754028e-01,1.000000000000000000e+00,2.725233554840087891e+00,3.282093107700347900e-01,9.946744441986083984e-01,-6.507433652877807617e-01,-3.248466849327087402e-01,-3.049809634685516357e-01,1.000000000000000000e+00,1.000000000000000000e+00,0.000000000000000000e+00,0.000000000000000000e+00,1.000000000000000000e+00,2.790433764457702637e-01,1.784368604421615601e-01,7.676887512207031250e-01,7.981469631195068359e-01,-4.592261314392089844e-01,-1.312001794576644897e-01,9.948224425315856934e-01,1.001325845718383789e-01,1.737185753881931305e-02,-1.004008203744888306e-01,9.948290586471557617e-01,1.532241050153970718e-02,-1.574775762856006622e-02,-1.698722690343856812e-02,9.997316598892211914e-01,7.067374885082244873e-02,-3.344962298870086670e-01,-4.392215516418218613e-03,0.000000000000000000e+00,1.000000000000000000e+00,1.594729572534561157e-01,-1.644948124885559082e-01,1.070617675781250000e+00,3.659702539443969727e-01,1.726067960262298584e-01,1.274603605270385742e-01,1.000000000000000000e+00,2.790433764457702637e-01,1.784368604421615601e-01,7.676887512207031250e-01,7.981469631195068359e-01,-4.592261314392089844e-01,-1.312001794576644897e-01,1.000000000000000000e+00,2.338052034378051758e+00,8.548455685377120972e-02,7.019876837730407715e-01,-6.886760592460632324e-01,1.309045702219009399e-01,1.447119265794754028e-01,1.000000000000000000e+00,2.725233554840087891e+00,3.282093107700347900e-01,9.946744441986083984e-01,-6.507433652877807617e-01,-3.248466849327087402e-01,-3.049809634685516357e-01,1.000000000000000000e+00,1.000000000000000000e+00,0.000000000000000000e+00,0.000000000000000000e+00,1.000000000000000000e+00,2.338052034378051758e+00,8.548455685377120972e-02,7.019876837730407715e-01,-6.886760592460632324e-01,1.309045702219009399e-01,1.447119265794754028e-01,-3.433234673056716202e-02,-3.375183491550726167e-02,1.433825421101615066e-03,1.000000000000000000e+00,2.725233554840087891e+00,3.282093107700347900e-01,9.946744441986083984e-01,-6.507433652877807617e-01,-3.248466849327087402e-01,-3.049809634685516357e-01,9.496294224861978606e-02,-2.650817107603531397e-02,-2.749860804040264728e-03,1.000000000000000000e+00,2.000000029802322388e-01,1.269082129001617432e-01,-1.000000014901161194e-01,4.237794280052185059e-01,-2.051980234682559967e-03,-2.962585352361202240e-02,-1.000000014901161194e-01,4.683115780353546143e-01,1.968312263488769531e-02,-1.087784767150878906e-02,-2.140998840332031250e-04,4.139765501022338867e-01,6.772708892822265625e-02,-1.361274719238281250e-02,-9.233951568603515625e-04,4.033087193965911865e-01
8.599999999999999867e-01,1.668317615985870361e-01,-1.613821536302566528e-01,1.073240280151367188e+00,3.706777989864349365e-01,1.347890198230743408e-01,1.352541744709014893e-01,9.929996728897094727e-01,1.108007729053497314e-01,4.092764109373092651e-02,-1.018301248550415039e-01,9.786176085472106934e-01,-1.787132024765014648e-01,-5.985406786203384399e-02,1.732944548130035400e-01,9.830496907234191895e-01,1.935188472270965576e-01,5.078699588775634766e-01,-9.893593192100524902e-02,1.000000000000000000e+00,0.000000000000000000e+00,1.668317615985870361e-01,-1.613821536302566528e-01,1.073240280151367188e+00,3.706777989864349365e-01,1.347890198230743408e-01,1.352541744709014893e-01,1.000000000000000000e+00,2.949836254119873047e-01,1.693132668733596802e-01,7.653003931045532227e-01,7.953718304634094238e-01,-4.525015056133270264e-01,-1.049024313688278198e-01,1.000000000000000000e+00,2.324265956878662109e+00,8.815253525972366333e-02,7.049200534820556641e-01,-6.899212002754211426e-01,1.361929774284362793e-01,1.490098237991333008e-01,1.000000000000000000e+00,2.712218284606933594e+00,3.215714991092681885e-01,9.885644912719726562e-01,-6.507453322410583496e-01,-3.403824567794799805e-01,-3.058887720108032227e-01,1.000000000000000000e+00,1.000000000000000000e+00,0.000000000000000000e+00,0.000000000000000000e+00,1.000000000000000000e+00,2.949836254119873047e-01,1.693132668733596802e-01,7.653003931045532227e-01,7.953718304634094238e-01,-4.525015056133270264e-01,-1.049024313688278198e-01,9.949053525924682617e-01,1.002265885472297668e-01,1.086858939379453659e-02,-1.003775671124458313e-01,9.948456883430480957e-01,1.437018811702728271e-02,-9.372293017804622650e-03,-1.538793928921222687e-02,9.998377561569213867e-01,9.245923906564712524e-02,-3.003094494342803955e-01,-2.703062957152724266e-03,0.000000000000000000e+00,1.000000000000000000e+00,1.668317615985870361e-01,-1.613821536302566528e-01,1.073240280151367188e+00,3.706777989864349365e-01,1.347890198230743408e-01,1.352541744709014893e-01,1.000000000000000000e+00,2.949836254119873047e-01,1.693132668733596802e-01,7.653003931045532227e-01,7.953718304634094238e-01,-4.525015056133270264e-01,-1.049024313688278198e-01,1.000000000000000000e+00,2.324265956878662109e+00,8.815253525972366333e-02,7.049200534820556641e-01,-6.899212002754211426e-01,1.361929774284362793e-01,1.490098237991333008e-01,1.000000000000000000e+00,2.712218284606933594e+00,3.215714991092681885e-01,9.885644912719726562e-01,-6.507453322410583496e-01,-3.403824567794799805e-01,-3.058887720108032227e-01,1.000000000000000000e+00,1.000000000000000000e+00,0.000000000000000000e+00,0.000000000000000000e+00,1.000000000000000000e+00,2.324265956878662109e+00,8.815253525972366333e-02,7.049200534820556641e-01,-6.899212002754211426e-01,1.361929774284362793e-01,1.490098237991333008e-01,-2.753345691447281474e-02,-3.064532982477530254e-02,1.040656610191379242e-03,1.000000000000000000e+00,2.712218284606933594e+00,3.215714991092681885e-01,9.885644912719726562e-01,-6.507453322410583496e-01,-3.403824567794799805e-01,-3.058887720108032227e-01,9.157674989690543776e-02,-2.460844328377076451e-02,-2.421284606029708297e-03,1.000000000000000000e+00,1.999999880790710449e-01,1.416312307119369507e-01,-1.000000014901161194e-01,4.177733361721038818e-01,4.084162414073944092e-03,-3.021044842898845673e-02,-1.000000014901161194e-01,4.685567319393157959e-01,3.022956848144531250e-02,-8.919477462768554688e-03,-2.696514129638671875e-04,4.146892726421356201e-01,6.198501586914062500e-02,-1.406049728393554688e-02,-8.726119995117187500e-04,4.066167175769805908e-01
8.800000000000000044e-01,1.743013411760330200e-01,-1.590299904346466064e-01,1.076000809669494629e+00,3.772494494915008545e-01,9.655363112688064575e-02,1.409972906112670898e-01,9.922893643379211426e-01,1.130256578326225281e-01,5.086453631520271301e-02,-1.019749715924263000e-01,9.777560830116271973e-01,-1.832876205444335938e-01,-7.044930756092071533e-02,1.766874194145202637e-01,9.817426800727844238e-01,1.644833236932754517e-01,5.351362228393554688e-01,-1.070825457572937012e-01,1.000000000000000000e+00,0.000000000000000000e+00,1.743013411760330200e-01,-1.590299904346466064e-01,1.076000809669494629e+00,3.772494494915008545e-01,9.655363112688064575e-02,1.409972906112670898e-01,1.000000000000000000e+00,3.108561038970947266e-01,1.603216230869293213e-01,7.634432911872863770e-01,7.912488579750061035e-01,-4.460797607898712158e-01,-7.805248349905014038e-02,1.000000000000000000e+00,2.310461044311523438e+00,9.091346710920333862e-02,7.079415917396545410e-01,-6.905542016029357910e-01,1.400389224290847778e-01,1.536751687526702881e-01,1.000000000000000000e+00,2.699205398559570312e+00,3.146289885044097900e-01,9.824485778808593750e-01,-6.504359841346740723e-01,-3.552352190017700195e-01,-3.054212331771850586e-01,1.000000000000000000e+00,1.000000000000000000e+00,0.000000000000000000e+00,0.000000000000000000e+00,1.000000000000000000e+00,3.108561038970947266e-01,1.603216230869293213e-01,7.634432911872863770e-01,7.912488579750061035e-01,-4.460797607898712158e-01,-7.805248349905014038e-02,9.949467182159423828e-01,1.002804860472679138e-01,4.983620252460241318e-03,-1.003372445702552795e-01,9.948702454566955566e-01,1.287096645683050156e-02,-3.667348530143499374e-03,-1.330596860498189926e-02,9.999047517776489258e-01,1.198615133762359619e-01,-2.665510177612304688e-01,-1.006530364975333214e-03,0.000000000000000000e+00,1.000000000000000000e+00,1.743013411760330200e-01,-1.590299904346466064e-01,1.076000809669494629e+00,3.772494494915008545e-01,9.655363112688064575e-02,1.409972906112670898e-01,1.000000000000000000e+00,3.108561038970947266e-01,1.603216230869293213e-01,7.634432911872863770e-01,7.912488579750061035e-01,-4.460797607898712158e-01,-7.805248349905014038e-02,1.000000000000000000e+00,2.310461044311523438e+00,9.091346710920333862e-02,7.079415917396545410e-01,-6.905542016029357910e-01,1.400389224290847778e-01,1.536751687526702881e-01,1.000000000000000000e+00,2.699205398559570312e+00,3.146289885044097900e-01,9.824485778808593750e-01,-6.504359841346740723e-01,-3.552352190017700195e-01,-3.054212331771850586e-01,1.000000000000000000e+00,1.000000000000000000e+00,0.000000000000000000e+00,0.000000000000000000e+00,1.000000000000000000e+00,2.310461044311523438e+00,9.091346710920333862e-02,7.079415917396545410e-01,-6.905542016029357910e-01,1.400389224290847778e-01,1.536751687526702881e-01,-2.022904669726588445e-02,-2.769221531722898533e-02,6.871926727376308913e-04,1.000000000000000000e+00,2.699205398559570312e+00,3.146289885044097900e-01,9.824485778808593750e-01,-6.504359841346740723e-01,-3.552352190017700195e-01,-3.054212331771850586e-01,8.783395743529284760e-02,-2.303316573531133393e-02,-2.131951538774920496e-03,1.000000000000000000e+00,1.999999880790710449e-01,1.559078842401504517e-01,-1.000000014901161194e-01,4.116773307323455811e-01,1.065043918788433075e-02,-3.048336505889892578e-02,-9.999979287385940552e-02,4.681135714054107666e-01,4.108095169067382812e-02,-7.080793380737304688e-03,-2.911090850830078125e-04,4.153190553188323975e-01,5.639529228210449219e-02,-1.467061042785644531e-02,-8.282661437988281250e-04,4.099677503108978271e-01
9.000000000000000222e-01,1.819196790456771851e-01,-1.574448794126510620e-01,1.078855395317077637e+00,3.857520222663879395e-01,5.808803439140319824e-02,1.443943977355957031e-01,9.914250969886779785e-01,1.154099404811859131e-01,6.129511073231697083e-02,-1.021385192871093750e-01,9.769559502601623535e-01,-1.874167621135711670e-01,-8.151236921548843384e-02,1.795490682125091553e-01,9.803662896156311035e-01,1.430917829275131226e-01,5.543464422225952148e-01,-1.141619086265563965e-01,1.000000000000000000e+00,0.000000000000000000e+00,1.819196790456771851e-01,-1.574448794126510620e-01,1.078855395317077637e+00,3.857520222663879395e-01,5.808803439140319824e-02,1.443943977355957031e-01,1.000000000000000000e+00,3.266349732875823975e-01,1.514547020196914673e-01,7.621267437934875488e-01,7.859161496162414551e-01,-4.400959610939025879e-01,-5.083611607551574707e-02,1.000000000000000000e+00,2.296648263931274414e+00,9.373763203620910645e-02,7.110595703125000000e-01,-6.906088590621948242e-01,1.423484832048416138e-01,1.586899608373641968e-01,1.000000000000000000e+00,2.686201333999633789e+00,3.073960542678833008e-01,9.763547778129577637e-01,-6.498768925666809082e-01,-3.693420886993408203e-01,-3.035231232643127441e-01,1.000000000000000000e+00,1.000000000000000000e+00,0.000000000000000000e+00,0.000000000000000000e+00,1.000000000000000000e+00,3.266349732875823975e-01,1.514547020196914673e-01,7.621267437934875488e-01,7.859161496162414551e-01,-4.400959610939025879e-01,-5.083611607551574707e-02,9.949581027030944824e-01,1.002914234995841980e-01,-2.700323821045458317e-04,-1.002827957272529602e-01,9.949013590812683105e-01,1.070820633322000504e-02,1.342596719041466713e-03,-1.062713656574487686e-02,9.999426603317260742e-01,1.520044207572937012e-01,-2.306353300809860229e-01,5.610960652120411396e-04,0.000000000000000000e+00,1.000000000000000000e+00,1.819196790456771851e-01,-1.574448794126510620e-01,1.078855395317077637e+00,3.857520222663879395e-01,5.808803439140319824e-02,1.443943977355957031e-01,1.000000000000000000e+00,3.266349732875823975e-01,1.514547020196914673e-01,7.621267437934875488e-01,7.859161496162414551e-01,-4.400959610939025879e-01,-5.083611607551574707e-02,1.000000000000000000e+00,2.296648263931274414e+00,9.373763203620910645e-02,7.110595703125000000e-01,-6.906088590621948242e-01,1.423484832048416138e-01,1.586899608373641968e-01,1.000000000000000000e+00,2.686201333999633789e+00,3.073960542678833008e-01,9.763547778129577637e-01,-6.498768925666809082e-01,-3.693420886993408203e-01,-3.035231232643127441e-01,1.000000000000000000e+00,1.000000000000000000e+00,0.000000000000000000e+00,0.000000000000000000e+00,1.000000000000000000e+00,2.296648263931274414e+00,9.373763203620910645e-02,7.110595703125000000e-01,-6.906088590621948242e-01,1.423484832048416138e-01,1.586899608373641968e-01,-1.244876801446869775e-02,-2.489113422013655708e-02,3.777081220704969766e-04,1.000000000000000000e+00,2.686201333999633789e+00,3.073960542678833008e-01,9.763547778129577637e-01,-6.498768925666809082e-01,-3.693420886993408203e-01,-3.035231232643127441e-01,8.380172275329206277e-02,-2.176230860824257540e-02,-1.879896608098084732e-03,1.000000000000000000e+00,1.999999731779098511e-01,1.695192158222198486e-01,-1.000000014901161194e-01,4.064321815967559814e-01,1.958983764052391052e-02,-2.981044165790081024e-02,-9.999985247850418091e-02,4.666010439395904541e-01,5.227708816528320312e-02,-5.346536636352539062e-03,-2.796649932861328125e-04,4.158344268798828125e-01,5.103492736816406250e-02,-1.540541648864746094e-02,-7.867813110351562500e-04,4.133292436599731445e-01
9.200000000000000400e-01,1.897255778312683105e-01,-1.566301286220550537e-01,1.081755638122558594e+00,3.962051868438720703e-01,1.952518336474895477e-02,1.452802419662475586e-01,9.904010295867919922e-01,1.179242059588432312e-01,7.210987806320190430e-02,-1.023135855793952942e-01,9.762058258056640625e-01,-1.911917179822921753e-01,-9.294021129608154297e-02,1.819786280393600464e-01,9.789004325866699219e-01,1.241529211401939392e-01,5.708165168762207031e-01,-1.196605488657951355e-01,1.000000000000000000e+00,0.000000000000000000e+00,1.897255778312683105e-01,-1.566301286220550537e-01,1.081755638122558594e+00,3.962051868438720703e-01,1.952518336474895477e-02,1.452802419662475586e-01,1.000000000000000000e+00,3.422973453998565674e-01,1.427023708820343018e-01,7.613561749458312988e-01,7.795212268829345703e-01,-4.347076117992401123e-01,-2.349037677049636841e-02,1.000000000000000000e+00,2.282839775085449219e+00,9.659349918365478516e-02,7.142808437347412109e-01,-6.901181340217590332e-01,1.430332511663436890e-01,1.640247553586959839e-01,1.000000000000000000e+00,2.673210144042968750e+00,2.998880743980407715e-01,9.703121185302734375e-01,-6.491256952285766602e-01,-3.826511502265930176e-01,-3.001522123813629150e-01,1.000000000000000000e+00,1.000000000000000000e+00,0.000000000000000000e+00,0.000000000000000000e+00,1.000000000000000000e+00,3.422973453998565674e-01,1.427023708820343018e-01,7.613561749458312988e-01,7.795212268829345703e-01,-4.347076117992401123e-01,-2.349037677049636841e-02,9.949498772621154785e-01,1.002561599016189575e-01,-4.860618151724338531e-03,-1.002166122198104858e-01,9.949352145195007324e-01,7.792170625180006027e-03,5.617212504148483276e-03,-7.265704218298196793e-03,9.999579191207885742e-01,1.894380003213882446e-01,-1.928647160530090332e-01,2.058311132714152336e-03,0.000000000000000000e+00,1.000000000000000000e+00,1.897255778312683105e-01,-1.566301286220550537e-01,1.081755638122558594e+00,3.962051868438720703e-01,1.952518336474895477e-02,1.452802419662475586e-01,1.000000000000000000e+00,3.422973453998565674e-01,1.427023708820343018e-01,7.613561749458312988e-01,7.795212268829345703e-01,-4.347076117992401123e-01,-2.349037677049636841e-02,1.000000000000000000e+00,2.282839775085449219e+00,9.659349918365478516e-02,7.142808437347412109e-01,-6.901181340217590332e-01,1.430332511663436890e-01,1.640247553586959839e-01,1.000000000000000000e+00,2.673210144042968750e+00,2.998880743980407715e-01,9.703121185302734375e-01,-6.491256952285766602e-01,-3.826511502265930176e-01,-3.001522123813629150e-01,1.000000000000000000e+00,1.000000000000000000e+00,0.000000000000000000e+00,0.000000000000000000e+00,1.000000000000000000e+00,2.282839775085449219e+00,9.659349918365478516e-02,7.142808437347412109e-01,-6.901181340217590332e-01,1.430332511663436890e-01,1.640247553586959839e-01,-4.213597960111597346e-03,-2.223579335918657307e-02,1.146742029079377868e-04,1.000000000000000000e+00,2.673210144042968750e+00,2.998880743980407715e-01,9.703121185302734375e-01,-6.491256952285766602e-01,-3.826511502265930176e-01,-3.001522123813629150e-01,7.954854270635303148e-02,-2.077291849990814399e-02,-1.662071379360204049e-03,1.000000000000000000e+00,1.999999880790710449e-01,1.819474995136260986e-01,-1.000000014901161194e-01,4.026847779750823975e-01,3.038652241230010986e-02,-2.789762616157531738e-02,-9.999992698431015015e-02,4.637742042541503906e-01,6.386327743530273438e-02,-3.698587417602539062e-03,-2.365112304687500000e-04,4.162102639675140381e-01,4.598236083984375000e-02,-1.622605323791503906e-02,-7.467269897460937500e-04,4.166613221168518066e-01
9.400000000000000577e-01,1.977581828832626343e-01,-1.565868556499481201e-01,1.084650874137878418e+00,4.086193740367889404e-01,-1.905274391174316406e-02,1.436833292245864868e-01,9.892149567604064941e-01,1.205249056220054626e-01,8.323309570550918579e-02,-1.024784222245216370e-01,9.755083918571472168e-01,-1.946325004100799561e-01,-1.046526357531547546e-01,1.840037703514099121e-01,9.773385524749755859e-01,1.059222519397735596e-01,5.813411474227905273e-01,-1.229875758290290833e-01,1.000000000000000000e+00,0.000000000000000000e+00,1.977581828832626343e-01,-1.565868556499481201e-01,1.084650874137878418e+00,4.086193740367889404e-01,-1.905274391174316406e-02,1.436833292245864868e-01,1.000000000000000000e+00,3.578234016895294189e-01,1.340511739253997803e-01,7.611314058303833008e-01,7.722207307815551758e-01,-4.300952851772308350e-01,3.654791973531246185e-03,1.000000000000000000e+00,2.269045591354370117e+00,9.944783151149749756e-02,7.176114916801452637e-01,-6.891132593154907227e-01,1.420091837644577026e-01,1.696371287107467651e-01,1.000000000000000000e+00,2.660235404968261719e+00,2.921214401721954346e-01,9.643504619598388672e-01,-6.482354402542114258e-01,-3.951217234134674072e-01,-2.952803075313568115e-01,1.000000000000000000e+00,1.000000000000000000e+00,0.000000000000000000e+00,0.000000000000000000e+00,1.000000000000000000e+00,3.578234016895294189e-01,1.340511739253997803e-01,7.611314058303833008e-01,7.722207307815551758e-01,-4.300952851772308350e-01,3.654791973531246185e-03,9.949315190315246582e-01,1.001724675297737122e-01,-8.765871636569499969e-03,-1.001409068703651428e-01,9.949654340744018555e-01,3.968600183725357056e-03,9.119282476603984833e-03,-3.070662962272763252e-03,9.999537467956542969e-01,2.369497716426849365e-01,-1.529379487037658691e-01,3.362017916515469551e-03,0.000000000000000000e+00,1.000000000000000000e+00,1.977581828832626343e-01,-1.565868556499481201e-01,1.084650874137878418e+00,4.086193740367889404e-01,-1.905274391174316406e-02,1.436833292245864868e-01,1.000000000000000000e+00,3.578234016895294189e-01,1.340511739253997803e-01,7.611314058303833008e-01,7.722207307815551758e-01,-4.300952851772308350e-01,3.654791973531246185e-03,1.000000000000000000e+00,2.269045591354370117e+00,9.944783151149749756e-02,7.176114916801452637e-01,-6.891132593154907227e-01,1.420091837644577026e-01,1.696371287107467651e-01,1.000000000000000000e+00,2.660235404968261719e+00,2.921214401721954346e-01,9.643504619598388672e-01,-6.482354402542114258e-01,-3.951217234134674072e-01,-2.952803075313568115e-01,1.000000000000000000e+00,1.000000000000000000e+00,0.000000000000000000e+00,0.000000000000000000e+00,1.000000000000000000e+00,2.269045591354370117e+00,9.944783151149749756e-02,7.176114916801452637e-01,-6.891132593154907227e-01,1.420091837644577026e-01,1.696371287107467651e-01,4.462394319911965578e-03,-1.971735658008899605e-02,-1.009773913905540055e-04,1.000000000000000000e+00,2.660235404968261719e+00,2.921214401721954346e-01,9.643504619598388672e-01,-6.482354402542114258e-01,-3.951217234134674072e-01,-2.952803075313568115e-01,7.514347206809859903e-02,-2.003998211218438463e-02,-1.474790998835392997e-03,1.000000000000000000e+00,1.999999433755874634e-01,1.937384903430938721e-01,-1.000000014901161194e-01,3.990868926048278809e-01,4.248053580522537231e-02,-2.419164404273033142e-02,-1.000000014901161194e-01,4.594891965389251709e-01,7.588911056518554688e-02,-2.110719680786132812e-03,-1.604557037353515625e-04,4.164373576641082764e-01,4.131889343261718750e-02,-1.709342002868652344e-02,-7.066726684570312500e-04,4.199111461639404297e-01
9.599999999999999645e-01,2.060566991567611694e-01,-1.573148816823959351e-01,1.087492942810058594e+00,4.229904115200042725e-01,-5.758860707283020020e-02,1.397337913513183594e-01,9.878761768341064453e-01,1.231640800833702087e-01,9.450700879096984863e-02,-1.026247218251228333e-01,9.748672246932983398e-01,-1.977431029081344604e-01,-1.164866089820861816e-01,1.856469064950942993e-01,9.756876230239868164e-01,8.928994834423065186e-02,5.828394293785095215e-01,-1.243334859609603882e-01,1.000000000000000000e+00,0.000000000000000000e+00,2.060566991567611694e-01,-1.573148816823959351e-01,1.087492942810058594e+00,4.229904115200042725e-01,-5.758860707283020020e-02,1.397337913513183594e-01,1.000000000000000000e+00,3.731965720653533936e-01,1.254836916923522949e-01,7.614445090293884277e-01,7.641820311546325684e-01,-4.264764189720153809e-01,3.015417046844959259e-02,1.000000000000000000e+00,2.255275726318359375e+00,1.022657081484794617e-01,7.210564017295837402e-01,-6.876232028007507324e-01,1.391954720020294189e-01,1.754719167947769165e-01,1.000000000000000000e+00,2.647279500961303711e+00,2.841131091117858887e-01,9.584998488426208496e-01,-6.472547054290771484e-01,-4.067248404026031494e-01,-2.888953089714050293e-01,1.000000000000000000e+00,1.000000000000000000e+00,0.000000000000000000e+00,0.000000000000000000e+00,1.000000000000000000e+00,3.731965720653533936e-01,1.254836916923522949e-01,7.614445090293884277e-01,7.641820311546325684e-01,-4.264764189720153809e-01,3.015417046844959259e-02,9.949113130569458008e-01,1.000444814562797546e-01,-1.194103341549634933e-02,-1.000629737973213196e-01,9.949806928634643555e-01,-9.604367078281939030e-04,1.178501080721616745e-02,2.150404732674360275e-03,9.999282956123352051e-01,2.920063138008117676e-01,-1.079725697636604309e-01,3.912128042429685593e-03,0.000000000000000000e+00,1.000000000000000000e+00,2.060566991567611694e-01,-1.573148816823959351e-01,1.087492942810058594e+00,4.229904115200042725e-01,-5.758860707283020020e-02,1.397337913513183594e-01,1.000000000000000000e+00,3.731965720653533936e-01,1.254836916923522949e-01,7.614445090293884277e-01,7.641820311546325684e-01,-4.264764189720153809e-01,3.015417046844959259e-02,1.000000000000000000e+00,2.255275726318359375e+00,1.022657081484794617e-01,7.210564017295837402e-01,-6.876232028007507324e-01,1.391954720020294189e-01,1.754719167947769165e-01,1.000000000000000000e+00,2.647279500961303711e+00,2.841131091117858887e-01,9.584998488426208496e-01,-6.472547054290771484e-01,-4.067248404026031494e-01,-2.888953089714050293e-01,1.000000000000000000e+00,1.000000000000000000e+00,0.000000000000000000e+00,0.000000000000000000e+00,1.000000000000000000e+00,2.255275726318359375e+00,1.022657081484794617e-01,7.210564017295837402e-01,-6.876232028007507324e-01,1.391954720020294189e-01,1.754719167947769165e-01,1.357298911650565640e-02,-1.732643449720261408e-02,-2.695345312688701353e-04,1.000000000000000000e+00,2.647279500961303711e+00,2.841131091117858887e-01,9.584998488426208496e-01,-6.472547054290771484e-01,-4.067248404026031494e-01,-2.888953089714050293e-01,7.065617737339648097e-02,-1.953688007401366278e-02,-1.314111051525596041e-03,1.000000000000000000e+00,1.999999284744262695e-01,1.995274573564529419e-01,-1.000000014901161194e-01,3.957207798957824707e-01,5.637106299400329590e-02,-1.757186651229858398e-02,-1.000000014901161194e-01,4.542027711868286133e-01,8.839988708496093750e-02,-5.528926849365234375e-04,-4.887580871582031250e-05,4.165150225162506104e-01,3.713297843933105469e-02,-1.796698570251464844e-02,-6.673336029052734375e-04,4.230092167854309082e-01
9.799999999999999822e-01,2.146600037813186646e-01,-1.588128209114074707e-01,1.090235710144042969e+00,4.392786026000976562e-01,-9.602908790111541748e-02,1.335535645484924316e-01,9.864175915718078613e-01,1.257612556219100952e-01,1.056630313396453857e-01,-1.027331799268722534e-01,9.742847084999084473e-01,-2.005379348993301392e-01,-1.281657665967941284e-01,1.869590133428573608e-01,9.739713072776794434e-01,7.528635114431381226e-02,5.609306097030639648e-01,-1.199312731623649597e-01,1.000000000000000000e+00,0.000000000000000000e+00,2.146600037813186646e-01,-1.588128209114074707e-01,1.090235710144042969e+00,4.392786026000976562e-01,-9.602908790111541748e-02,1.335535645484924316e-01,1.000000000000000000e+00,3.884036540985107422e-01,1.169778481125831604e-01,7.622780799865722656e-01,7.555937767028808594e-01,-4.240958690643310547e-01,5.549084767699241638e-02,1.000000000000000000e+00,2.241540193557739258e+00,1.050106287002563477e-01,7.246196269989013672e-01,-6.856750249862670898e-01,1.345135122537612915e-01,1.814632713794708252e-01,1.000000000000000000e+00,2.634343385696411133e+00,2.758806645870208740e-01,9.527903199195861816e-01,-6.462265849113464355e-01,-4.174439311027526855e-01,-2.810038626194000244e-01,1.000000000000000000e+00,1.000000000000000000e+00,0.000000000000000000e+00,0.000000000000000000e+00,1.000000000000000000e+00,3.884036540985107422e-01,1.169778481125831604e-01,7.622780799865722656e-01,7.555937767028808594e-01,-4.240958690643310547e-01,5.549084767699241638e-02,9.948967695236206055e-01,9.988763183355331421e-02,-1.424600183963775635e-02,-9.999602288007736206e-02,9.949625134468078613e-01,-7.108612451702356339e-03,1.346417516469955444e-02,8.496878668665885925e-03,9.998732805252075195e-01,3.496371209621429443e-01,-5.178142711520195007e-02,3.317034337669610977e-03,0.000000000000000000e+00,1.000000000000000000e+00,2.146600037813186646e-01,-1.588128209114074707e-01,1.090235710144042969e+00,4.392786026000976562e-01,-9.602908790111541748e-02,1.335535645484924316e-01,1.000000000000000000e+00,3.884036540985107422e-01,1.169778481125831604e-01,7.622780799865722656e-01,7.555937767028808594e-01,-4.240958690643310547e-01,5.549084767699241638e-02,1.000000000000000000e+00,2.241540193557739258e+00,1.050106287002563477e-01,7.246196269989013672e-01,-6.856750249862670898e-01,1.345135122537612915e-01,1.814632713794708252e-01,1.000000000000000000e+00,2.634343385696411133e+00,2.758806645870208740e-01,9.527903199195861816e-01,-6.462265849113464355e-01,-4.174439311027526855e-01,-2.810038626194000244e-01,1.000000000000000000e+00,1.000000000000000000e+00,0.000000000000000000e+00,0.000000000000000000e+00,1.000000000000000000e+00,2.241540193557739258e+00,1.050106287002563477e-01,7.246196269989013672e-01,-6.856750249862670898e-01,1.345135122537612915e-01,1.814632713794708252e-01,2.312049084913572750e-02,-1.505296953699941653e-02,-3.920129597654638948e-04,1.000000000000000000e+00,2.634343385696411133e+00,2.758806645870208740e-01,9.527903199195861816e-01,-6.462265849113464355e-01,-4.174439311027526855e-01,-2.810038626194000244e-01,6.615782563746426537e-02,-1.923546816268961734e-02,-1.176125328445173923e-03,1.000000000000000000e+00,1.999999731779098511e-01,1.999877691268920898e-01,-1.000000014901161194e-01,3.921007812023162842e-01,7.086343318223953247e-02,-9.710611775517463684e-03,-1.000000014901161194e-01,4.490659534931182861e-01,1.014313697814941406e-01,1.003026962280273438e-03,1.020431518554687500e-04,4.164411425590515137e-01,3.351783752441406250e-02,-1.880621910095214844e-02,-6.306171417236328125e-04,4.258746504783630371e-01
1.000000000000000000e+00,2.236055135726928711e-01,-1.610783338546752930e-01,1.092835545539855957e+00,4.573611915111541748e-01,-1.343189030885696411e-01,1.252440363168716431e-01,9.849365949630737305e-01,1.281875371932983398e-01,1.160517111420631409e-01,-1.028144881129264832e-01,9.737654328346252441e-01,-2.030030041933059692e-01,-1.390295922756195068e-01,1.880132704973220825e-01,9.722766280174255371e-01,6.395408511161804199e-02,4.980099499225616455e-01,-1.084459498524665833e-01,1.000000000000000000e+00,0.000000000000000000e+00,2.236055135726928711e-01,-1.610783338546752930e-01,1.092835545539855957e+00,4.573611915111541748e-01,-1.343189030885696411e-01,1.252440363168716431e-01,1.000000000000000000e+00,4.034357368946075439e-01,1.085066124796867371e-01,7.636044621467590332e-01,7.466868162155151367e-01,-4.232038557529449463e-01,7.922341674566268921e-02,1.000000000000000000e+00,2.227847814559936523e+00,1.076445206999778748e-01,7.283034920692443848e-01,-6.832932233810424805e-01,1.278855800628662109e-01,1.875357478857040405e-01,1.000000000000000000e+00,2.621428251266479492e+00,2.674418687820434570e-01,9.472521543502807617e-01,-6.451885104179382324e-01,-4.272755086421966553e-01,-2.716351151466369629e-01,1.000000000000000000e+00,1.000000000000000000e+00,0.000000000000000000e+00,0.000000000000000000e+00,1.000000000000000000e+00,4.034357368946075439e-01,1.085066124796867371e-01,7.636044621467590332e-01,7.466868162155151367e-01,-4.232038557529449463e-01,7.922341674566268921e-02,9.948950409889221191e-01,9.972676634788513184e-02,-1.544624287635087967e-02,-9.995135664939880371e-02,9.948864579200744629e-01,-1.452196016907691956e-02,1.391902845352888107e-02,1.599169708788394928e-02,9.997753500938415527e-01,4.060067534446716309e-01,1.425697375088930130e-02,1.501331920735538006e-03,0.000000000000000000e+00,1.000000000000000000e+00,2.236055135726928711e-01,-1.610783338546752930e-01,1.092835545539855957e+00,4.573611915111541748e-01,-1.343189030885696411e-01,1.252440363168716431e-01,1.000000000000000000e+00,4.034357368946075439e-01,1.085066124796867371e-01,7.636044621467590332e-01,7.466868162155151367e-01,-4.232038557529449463e-01,7.922341674566268921e-02,1.000000000000000000e+00,2.227847814559936523e+00,1.076445206999778748e-01,7.283034920692443848e-01,-6.832932233810424805e-01,1.278855800628662109e-01,1.875357478857040405e-01,1.000000000000000000e+00,2.621428251266479492e+00,2.674418687820434570e-01,9.472521543502807617e-01,-6.451885104179382324e-01,-4.272755086421966553e-01,-2.716351151466369629e-01,1.000000000000000000e+00,1.000000000000000000e+00,0.000000000000000000e+00,0.000000000000000000e+00,1.000000000000000000e+00,2.227847814559936523e+00,1.076445206999778748e-01,7.283034920692443848e-01,-6.832932233810424805e-01,1.278855800628662109e-01,1.875357478857040405e-01,3.311428103573314102e-02,-1.288456624447875676e-02,-4.697042897136571860e-04,1.000000000000000000e+00,2.621428251266479492e+00,2.674418687820434570e-01,9.472521543502807617e-01,-6.451885104179382324e-01,-4.272755086421966553e-01,-2.716351151466369629e-01,6.172218636150916815e-02,-1.910588788194300669e-02,-1.057248903043386812e-03,1.000000000000000000e+00,1.999999731779098511e-01,1.999986022710800171e-01,-1.000000014901161194e-01,3.874608874320983887e-01,8.467392623424530029e-02,-7.375754066742956638e-04,-1.000000014901161194e-01,4.433749318122863770e-01,1.150004863739013672e-01,2.581119537353515625e-03,2.982616424560546875e-04,4.162090122699737549e-01,3.056669235229492188e-02,-1.957774162292480469e-02,-5.986690521240234375e-04,4.284351170063018799e-01
1.020000000000000018e+00,2.329269647598266602e-01,-1.641077548265457153e-01,1.095250248908996582e+00,4.769666790962219238e-01,-1.723806858062744141e-01,1.148310601711273193e-01,9.835672974586486816e-01,1.303351670503616333e-01,1.249329149723052979e-01,-1.029233410954475403e-01,9.733125567436218262e-01,-2.051087021827697754e-01,-1.483316421508789062e-01,1.888796985149383545e-01,9.707328677177429199e-01,5.469792708754539490e-02,4.101179242134094238e-01,-9.326588362455368042e-02,1.000000000000000000e+00,0.000000000000000000e+00,2.329269647598266602e-01,-1.641077548265457153e-01,1.095250248908996582e+00,4.769666790962219238e-01,-1.723806858062744141e-01,1.148310601711273193e-01,1.000000000000000000e+00,4.182887077331542969e-01,1.000380590558052063e-01,7.653884291648864746e-01,7.377303242683410645e-01,-4.240358471870422363e-01,1.010075733065605164e-01,1.000000000000000000e+00,2.214206457138061523e+00,1.101277768611907959e-01,7.321088910102844238e-01,-6.804998517036437988e-01,1.192340180277824402e-01,1.936057955026626587e-01,1.000000000000000000e+00,2.608533620834350586e+00,2.588143348693847656e-01,9.419142007827758789e-01,-6.441718339920043945e-01,-4.362304210662841797e-01,-2.608433961868286133e-01,1.000000000000000000e+00,1.000000000000000000e+00,0.000000000000000000e+00,0.000000000000000000e+00,1.000000000000000000e+00,4.182887077331542969e-01,1.000380590558052063e-01,7.653884291648864746e-01,7.377303242683410645e-01,-4.240358471870422363e-01,1.010075733065605164e-01,9.949086904525756836e-01,9.959459304809570312e-02,-1.541856583207845688e-02,-9.993460774421691895e-02,9.947253465652465820e-01,-2.312422357499599457e-02,1.303419005125761032e-02,2.454733662307262421e-02,9.996137619018554688e-01,4.533834755420684814e-01,8.084057271480560303e-02,-1.643512863665819168e-03,0.000000000000000000e+00,1.000000000000000000e+00,2.329269647598266602e-01,-1.641077548265457153e-01,1.095250248908996582e+00,4.769666790962219238e-01,-1.723806858062744141e-01,1.148310601711273193e-01,1.000000000000000000e+00,4.182887077331542969e-01,1.000380590558052063e-01,7.653884291648864746e-01,7.377303242683410645e-01,-4.240358471870422363e-01,1.010075733065605164e-01,1.000000000000000000e+00,2.214206457138061523e+00,1.101277768611907959e-01,7.321088910102844238e-01,-6.804998517036437988e-01,1.192340180277824402e-01,1.936057955026626587e-01,1.000000000000000000e+00,2.608533620834350586e+00,2.588143348693847656e-01,9.419142007827758789e-01,-6.441718339920043945e-01,-4.362304210662841797e-01,-2.608433961868286133e-01,1.000000000000000000e+00,1.000000000000000000e+00,0.000000000000000000e+00,0.000000000000000000e+00,1.000000000000000000e+00,2.214206457138061523e+00,1.101277768611907959e-01,7.321088910102844238e-01,-6.804998517036437988e-01,1.192340180277824402e-01,1.936057955026626587e-01,4.356818220114702656e-02,-1.080568373778700852e-02,-5.035751654014243572e-04,1.000000000000000000e+00,2.608533620834350586e+00,2.588143348693847656e-01,9.419142007827758789e-01,-6.441718339920043945e-01,-4.362304210662841797e-01,-2.608433961868286133e-01,5.742640580336810796e-02,-1.911667934953942272e-02,-9.544344532253917768e-04,1.000000000000000000e+00,1.999999880790710449e-01,1.999997943639755249e-01,-1.000000014901161194e-01,3.798711597919464111e-01,9.757200628519058228e-02,1.040916983038187027e-02,-1.000000014901161194e-01,4.357910752296447754e-01,1.290900707244873047e-01,4.195451736450195312e-03,5.445480346679687500e-04,4.157982170581817627e-01,2.836656570434570312e-02,-2.025246620178222656e-02,-5.745887756347656250e-04,4.306325018405914307e-01
1.040000000000000036e+00,2.426514178514480591e-01,-1.678954511880874634e-01,1.097436666488647461e+00,4.977028965950012207e-01,-2.100882679224014282e-01,1.021308228373527527e-01,9.823827147483825684e-01,1.321562975645065308e-01,1.321329623460769653e-01,-1.030593514442443848e-01,9.729251861572265625e-01,-2.068709433078765869e-01,-1.558947712182998657e-01,1.896088719367980957e-01,9.694046974182128906e-01,4.682896286249160767e-02,3.318933546543121338e-01,-7.699729502201080322e-02,1.000000000000000000e+00,0.000000000000000000e+00,2.426514178514480591e-01,-1.678954511880874634e-01,1.097436666488647461e+00,4.977028965950012207e-01,-2.100882679224014282e-01,1.021308228373527527e-01,1.000000000000000000e+00,4.329641163349151611e-01,9.153594076633453369e-02,7.675878405570983887e-01,7.289988398551940918e-01,-4.267753958702087402e-01,1.204398199915885925e-01,1.000000000000000000e+00,2.200624704360961914e+00,1.124192252755165100e-01,7.360349893569946289e-01,-6.773132681846618652e-01,1.084812656044960022e-01,1.995814740657806396e-01,1.000000000000000000e+00,2.595659017562866211e+00,2.500154376029968262e-01,9.368044137954711914e-01,-6.432010531425476074e-01,-4.443350136280059814e-01,-2.487093508243560791e-01,1.000000000000000000e+00,1.000000000000000000e+00,0.000000000000000000e+00,0.000000000000000000e+00,1.000000000000000000e+00,4.329641163349151611e-01,9.153594076633453369e-02,7.675878405570983887e-01,7.289988398551940918e-01,-4.267753958702087402e-01,1.204398199915885925e-01,9.949333667755126953e-01,9.953503310680389404e-02,-1.416703499853610992e-02,-9.995241463184356689e-02,9.944559931755065918e-01,-3.266621008515357971e-02,1.083705946803092957e-02,3.391672298312187195e-02,9.993660449981689453e-01,4.853889048099517822e-01,1.459996253252029419e-01,-6.416307296603918076e-03,0.000000000000000000e+00,1.000000000000000000e+00,2.426514178514480591e-01,-1.678954511880874634e-01,1.097436666488647461e+00,4.977028965950012207e-01,-2.100882679224014282e-01,1.021308228373527527e-01,1.000000000000000000e+00,4.329641163349151611e-01,9.153594076633453369e-02,7.675878405570983887e-01,7.289988398551940918e-01,-4.267753958702087402e-01,1.204398199915885925e-01,1.000000000000000000e+00,2.200624704360961914e+00,1.124192252755165100e-01,7.360349893569946289e-01,-6.773132681846618652e-01,1.084812656044960022e-01,1.995814740657806396e-01,1.000000000000000000e+00,2.595659017562866211e+00,2.500154376029968262e-01,9.368044137954711914e-01,-6.432010531425476074e-01,-4.443350136280059814e-01,-2.487093508243560791e-01,1.000000000000000000e+00,1.000000000000000000e+00,0.000000000000000000e+00,0.000000000000000000e+00,1.000000000000000000e+00,2.200624704360961914e+00,1.124192252755165100e-01,7.360349893569946289e-01,-6.773132681846618652e-01,1.084812656044960022e-01,1.995814740657806396e-01,5.449593908641184314e-02,-8.798349355609191846e-03,-4.940573307695671212e-04,1.000000000000000000e+00,2.595659017562866211e+00,2.500154376029968262e-01,9.368044137954711914e-01,-6.432010531425476074e-01,-4.443350136280059814e-01,-2.487093508243560791e-01,5.335068068794998619e-02,-1.923558242362100046e-02,-8.653442196303422207e-04,1.000000000000000000e+00,2.000000029802322388e-01,1.999999582767486572e-01,-1.000000014901161194e-01,3.753424882888793945e-01,1.081405654549598694e-01,2.274276129901409149e-02,-1.000000014901161194e-01,4.294897913932800293e-01,1.436455249786376953e-01,5.841016769409179688e-03,8.449554443359375000e-04,4.151586890220642090e-01,2.698755264282226562e-02,-2.080559730529785156e-02,-5.614757537841796875e-04,4.324024319648742676e-01
1.060000000000000053e+00,2.527980506420135498e-01,-1.724332571029663086e-01,1.099347233772277832e+00,5.192129611968994141e-01,-2.473372220993041992e-01,8.702234923839569092e-02,9.813702702522277832e-01,1.336455792188644409e-01,1.380261927843093872e-01,-1.031473204493522644e-01,9.725997447967529297e-01,-2.083513289690017700e-01,-1.620894819498062134e-01,1.902327686548233032e-01,9.682657122611999512e-01,3.994708880782127380e-02,2.788755893707275391e-01,-6.128015369176864624e-02,1.000000000000000000e+00,0.000000000000000000e+00,2.527980506420135498e-01,-1.724332571029663086e-01,1.099347233772277832e+00,5.192129611968994141e-01,-2.473372220993041992e-01,8.702234923839569092e-02,1.000000000000000000e+00,4.474688470363616943e-01,8.296103030443191528e-02,7.701519131660461426e-01,7.207561135292053223e-01,-4.315265715122222900e-01,1.371832042932510376e-01,1.000000000000000000e+00,2.187109947204589844e+00,1.144761219620704651e-01,7.400790452957153320e-01,-6.737483143806457520e-01,9.555090218782424927e-02,2.053599357604980469e-01,1.000000000000000000e+00,2.582803249359130859e+00,2.410617619752883911e-01,9.319486021995544434e-01,-6.422938704490661621e-01,-4.516325294971466064e-01,-2.353404611349105835e-01,1.000000000000000000e+00,1.000000000000000000e+00,0.000000000000000000e+00,0.000000000000000000e+00,1.000000000000000000e+00,4.474688470363616943e-01,8.296103030443191528e-02,7.701519131660461426e-01,7.207561135292053223e-01,-4.315265715122222900e-01,1.371832042932510376e-01,9.949594736099243164e-01,9.959749132394790649e-02,-1.165857631713151932e-02,-1.000095680356025696e-01,9.940651655197143555e-01,-4.280706495046615601e-02,7.325908634811639786e-03,4.375726729631423950e-02,9.990152716636657715e-01,4.979540407657623291e-01,2.121512591838836670e-01,-1.269932091236114502e-02,0.000000000000000000e+00,1.000000000000000000e+00,2.527980506420135498e-01,-1.724332571029663086e-01,1.099347233772277832e+00,5.192129611968994141e-01,-2.473372220993041992e-01,8.702234923839569092e-02,1.000000000000000000e+00,4.474688470363616943e-01,8.296103030443191528e-02,7.701519131660461426e-01,7.207561135292053223e-01,-4.315265715122222900e-01,1.371832042932510376e-01,1.000000000000000000e+00,2.187109947204589844e+00,1.144761219620704651e-01,7.400790452957153320e-01,-6.737483143806457520e-01,9.555090218782424927e-02,2.053599357604980469e-01,1.000000000000000000e+00,2.582803249359130859e+00,2.410617619752883911e-01,9.319486021995544434e-01,-6.422938704490661621e-01,-4.516325294971466064e-01,-2.353404611349105835e-01,1.000000000000000000e+00,1.000000000000000000e+00,0.000000000000000000e+00,0.000000000000000000e+00,1.000000000000000000e+00,2.187109947204589844e+00,1.144761219620704651e-01,7.400790452957153320e-01,-6.737483143806457520e-01,9.555090218782424927e-02,2.053599357604980469e-01,6.590587240120932000e-02,-6.845100599717213186e-03,-4.407511040110598244e-04,1.000000000000000000e+00,2.582803249359130859e+00,2.410617619752883911e-01,9.319486021995544434e-01,-6.422938704490661621e-01,-4.516325294971466064e-01,-2.353404611349105835e-01,4.957675243635761841e-02,-1.943075808328398324e-02,-7.884745337509123375e-04,1.000000000000000000e+00,2.000000029802322388e-01,1.999999582767486572e-01,-1.000000014901161194e-01,3.751042485237121582e-01,1.156552210450172424e-01,3.121712617576122284e-02,-1.000000014901161194e-01,4.231761395931243896e-01,1.586031913757324219e-01,7.512331008911132812e-03,1.201629638671875000e-03,4.142452478408813477e-01,2.647495269775390625e-02,-2.121973037719726562e-02,-5.619525909423828125e-04,4.336923956871032715e-01
1.080000000000000071e+00,2.633802294731140137e-01,-1.777119338512420654e-01,1.100936293601989746e+00,5.413034558296203613e-01,-2.841428816318511963e-01,6.986460089683532715e-02,9.804860949516296387e-01,1.348238587379455566e-01,1.430726051330566406e-01,-1.031154170632362366e-01,9.723315834999084473e-01,-2.096156626939773560e-01,-1.673751771450042725e-01,1.907722204923629761e-01,9.672598838806152344e-01,3.398293256759643555e-02,2.441624104976654053e-01,-4.705487191677093506e-02,1.000000000000000000e+00,0.000000000000000000e+00,2.633802294731140137e-01,-1.777119338512420654e-01,1.100936293601989746e+00,5.413034558296203613e-01,-2.841428816318511963e-01,6.986460089683532715e-02,1.000000000000000000e+00,4.618150591850280762e-01,7.427278906106948853e-02,7.730256319046020508e-01,7.132577300071716309e-01,-4.383055567741394043e-01,1.510860919952392578e-01,1.000000000000000000e+00,2.173669815063476562e+00,1.162542700767517090e-01,7.442359924316406250e-01,-6.698167324066162109e-01,8.037019520998001099e-02,2.108237147331237793e-01,1.000000000000000000e+00,2.569964885711669922e+00,2.319689691066741943e-01,9.273703098297119141e-01,-6.414609551429748535e-01,-4.581835269927978516e-01,-2.208708673715591431e-01,1.000000000000000000e+00,1.000000000000000000e+00,0.000000000000000000e+00,0.000000000000000000e+00,1.000000000000000000e+00,4.618150591850280762e-01,7.427278906106948853e-02,7.730256319046020508e-01,7.132577300071716309e-01,-4.383055567741394043e-01,1.510860919952392578e-01,9.949746727943420410e-01,9.981285035610198975e-02,-7.931794039905071259e-03,-1.000942885875701904e-01,9.935593008995056152e-01,-5.311404913663864136e-02,2.579243388026952744e-03,5.364105850458145142e-02,9.985569715499877930e-01,4.871146678924560547e-01,2.625255584716796875e-01,-1.861801557242870331e-02,0.000000000000000000e+00,1.000000000000000000e+00,2.633802294731140137e-01,-1.777119338512420654e-01,1.100936293601989746e+00,5.413034558296203613e-01,-2.841428816318511963e-01,6.986460089683532715e-02,1.000000000000000000e+00,4.618150591850280762e-01,7.427278906106948853e-02,7.730256319046020508e-01,7.132577300071716309e-01,-4.383055567741394043e-01,1.510860919952392578e-01,1.000000000000000000e+00,2.173669815063476562e+00,1.162542700767517090e-01,7.442359924316406250e-01,-6.698167324066162109e-01,8.037019520998001099e-02,2.108237147331237793e-01,1.000000000000000000e+00,2.569964885711669922e+00,2.319689691066741943e-01,9.273703098297119141e-01,-6.414609551429748535e-01,-4.581835269927978516e-01,-2.208708673715591431e-01,1.000000000000000000e+00,1.000000000000000000e+00,0.000000000000000000e+00,0.000000000000000000e+00,1.000000000000000000e+00,2.173669815063476562e+00,1.162542700767517090e-01,7.442359924316406250e-01,-6.698167324066162109e-01,8.037019520998001099e-02,2.108237147331237793e-01,7.779624781648011855e-02,-4.931641346731963083e-03,-3.426502956606000683e-04,1.000000000000000000e+00,2.569964885711669922e+00,2.319689691066741943e-01,9.273703098297119141e-01,-6.414609551429748535e-01,-4.581835269927978516e-01,-2.208708673715591431e-01,4.618494683616013868e-02,-1.967188849233414416e-02,-7.231629242301154670e-04,1.000000000000000000e+00,1.999999880790710449e-01,1.999998986721038818e-01,-1.000000014901161194e-01,3.774194121360778809e-01,1.187491193413734436e-01,3.564435616135597229e-02,-1.000000014901161194e-01,4.157385230064392090e-01,1.739156246185302734e-01,9.235858917236328125e-03,1.622676849365234375e-03,4.130771756172180176e-01,2.684593200683593750e-02,-2.148675918579101562e-02,-5.769729614257812500e-04,4.344804883003234863e-01
1.100000000000000089e+00,2.744089365005493164e-01,-1.837234199047088623e-01,1.102168560028076172e+00,5.639122724533081055e-01,-3.206053972244262695e-01,5.133363232016563416e-02,9.797030091285705566e-01,1.357264816761016846e-01,1.475147008895874023e-01,-1.029487177729606628e-01,9.721133708953857422e-01,-2.107068896293640137e-01,-1.719994843006134033e-01,1.912437081336975098e-01,9.663551449775695801e-01,2.894440293312072754e-02,2.150322943925857544e-01,-3.477648645639419556e-02,1.000000000000000000e+00,0.000000000000000000e+00,2.744089365005493164e-01,-1.837234199047088623e-01,1.102168560028076172e+00,5.639122724533081055e-01,-3.206053972244262695e-01,5.133363232016563416e-02,1.000000000000000000e+00,4.760195612907409668e-01,6.543129682540893555e-02,7.761505842208862305e-01,7.066981196403503418e-01,-4.470179378986358643e-01,1.619756221771240234e-01,1.000000000000000000e+00,2.160311460494995117e+00,1.177080795168876648e-01,7.484983801841735840e-01,-6.655277013778686523e-01,6.287308037281036377e-02,2.158420979976654053e-01,1.000000000000000000e+00,2.557142734527587891e+00,2.227513194084167480e-01,9.230902194976806641e-01,-6.407066583633422852e-01,-4.640658795833587646e-01,-2.054590731859207153e-01,1.000000000000000000e+00,1.000000000000000000e+00,0.000000000000000000e+00,0.000000000000000000e+00,1.000000000000000000e+00,4.760195612907409668e-01,6.543129682540893555e-02,7.761505842208862305e-01,7.066981196403503418e-01,-4.470179378986358643e-01,1.619756221771240234e-01,9.949643611907958984e-01,1.001698449254035950e-01,-3.485212335363030434e-03,-1.001898422837257385e-01,9.929699301719665527e-01,-6.303100287914276123e-02,-2.853093901649117470e-03,6.306277215480804443e-02,9.980055689811706543e-01,4.484975934028625488e-01,2.734808027744293213e-01,-2.245361916720867157e-02,0.000000000000000000e+00,1.000000000000000000e+00,2.744089365005493164e-01,-1.837234199047088623e-01,1.102168560028076172e+00,5.639122724533081055e-01,-3.206053972244262695e-01,5.133363232016563416e-02,1.000000000000000000e+00,4.760195612907409668e-01,6.543129682540893555e-02,7.761505842208862305e-01,7.066981196403503418e-01,-4.470179378986358643e-01,1.619756221771240234e-01,1.000000000000000000e+00,2.160311460494995117e+00,1.177080795168876648e-01,7.484983801841735840e-01,-6.655277013778686523e-01,6.287308037281036377e-02,2.158420979976654053e-01,1.000000000000000000e+00,2.557142734527587891e+00,2.227513194084167480e-01,9.230902194976806641e-01,-6.407066583633422852e-01,-4.640658795833587646e-01,-2.054590731859207153e-01,1.000000000000000000e+00,1.000000000000000000e+00,0.000000000000000000e+00,0.000000000000000000e+00,1.000000000000000000e+00,2.160311460494995117e+00,1.177080795168876648e-01,7.484983801841735840e-01,-6.655277013778686523e-01,6.287308037281036377e-02,2.158420979976654053e-01,9.015345297989717233e-02,-3.047710552936733208e-03,-1.982875980336695765e-04,1.000000000000000000e+00,2.557142734527587891e+00,2.227513194084167480e-01,9.230902194976806641e-01,-6.407066583633422852e-01,-4.640658795833587646e-01,-2.054590731859207153e-01,4.325017873340969432e-02,-1.993102270753666083e-02,-6.694602696601208158e-04,1.000000000000000000e+00,1.999999731779098511e-01,1.999997347593307495e-01,-1.000000014901161194e-01,3.800986707210540771e-01,1.199334263801574707e-01,3.867724537849426270e-02,-1.000000014901161194e-01,4.056290090084075928e-01,1.895399093627929688e-01,1.106429100036621094e-02,2.122640609741210938e-03,4.117267131805419922e-01,2.808308601379394531e-02,-2.160286903381347656e-02,-6.067752838134765625e-04,4.347461163997650146e-01
1.120000000000000107e+00,2.858943641185760498e-01,-1.904618740081787109e-01,1.103022694587707520e+00,5.870171785354614258e-01,-3.568355739116668701e-01,3.210512548685073853e-02,9.790182113647460938e-01,1.363951116800308228e-01,1.513932943344116211e-01,-1.026800870895385742e-01,9.719376564025878906e-01,-2.116464972496032715e-01,-1.760123670101165771e-01,1.916606724262237549e-01,9.655495882034301758e-01,2.473413757979869843e-02,1.854145824909210205e-01,-2.457873523235321045e-02,1.000000000000000000e+00,0.000000000000000000e+00,2.858943641185760498e-01,-1.904618740081787109e-01,1.103022694587707520e+00,5.870171785354614258e-01,-3.568355739116668701e-01,3.210512548685073853e-02,1.000000000000000000e+00,4.901017844676971436e-01,5.639977380633354187e-02,7.794639468193054199e-01,7.011252641677856445e-01,-4.574295580387115479e-01,1.695029437541961670e-01,1.000000000000000000e+00,2.147042036056518555e+00,1.187906637787818909e-01,7.528561353683471680e-01,-6.608889102935791016e-01,4.300243034958839417e-02,2.202792614698410034e-01,1.000000000000000000e+00,2.544334888458251953e+00,2.134213745594024658e-01,9.191254377365112305e-01,-6.400288939476013184e-01,-4.693735539913177490e-01,-1.892846524715423584e-01,1.000000000000000000e+00,1.000000000000000000e+00,0.000000000000000000e+00,0.000000000000000000e+00,1.000000000000000000e+00,4.901017844676971436e-01,5.639977380633354187e-02,7.794639468193054199e-01,7.011252641677856445e-01,-4.574295580387115479e-01,1.695029437541961670e-01,9.949238896369934082e-01,1.006266176700592041e-01,9.318827651441097260e-04,-1.002991646528244019e-01,9.923525452613830566e-01,-7.194858789443969727e-02,-8.164699189364910126e-03,7.148990035057067871e-02,9.974079728126525879e-01,3.884299993515014648e-01,2.499392628669738770e-01,-2.421237528324127197e-02,0.000000000000000000e+00,1.000000000000000000e+00,2.858943641185760498e-01,-1.904618740081787109e-01,1.103022694587707520e+00,5.870171785354614258e-01,-3.568355739116668701e-01,3.210512548685073853e-02,1.000000000000000000e+00,4.901017844676971436e-01,5.639977380633354187e-02,7.794639468193054199e-01,7.011252641677856445e-01,-4.574295580387115479e-01,1.695029437541961670e-01,1.000000000000000000e+00,2.147042036056518555e+00,1.187906637787818909e-01,7.528561353683471680e-01,-6.608889102935791016e-01,4.300243034958839417e-02,2.202792614698410034e-01,1.000000000000000000e+00,2.544334888458251953e+00,2.134213745594024658e-01,9.191254377365112305e-01,-6.400288939476013184e-01,-4.693735539913177490e-01,-1.892846524715423584e-01,1.000000000000000000e+00,1.000000000000000000e+00,0.000000000000000000e+00,0.000000000000000000e+00,1.000000000000000000e+00,2.147042036056518555e+00,1.187906637787818909e-01,7.528561353683471680e-01,-6.608889102935791016e-01,4.300243034958839417e-02,2.202792614698410034e-01,1.029556293943977852e-01,-1.183076347446743171e-03,-5.337266495410164513e-06,1.000000000000000000e+00,2.544334888458251953e+00,2.134213745594024658e-01,9.191254377365112305e-01,-6.400288939476013184e-01,-4.693735539913177490e-01,-1.892846524715423584e-01,4.083769494576462711e-02,-2.018328363559951377e-02,-6.279152324029056709e-04,1.000000000000000000e+00,1.999999582767486572e-01,1.999996900558471680e-01,-1.000000014901161194e-01,3.827077150344848633e-01,1.195149198174476624e-01,3.972820565104484558e-02,-1.000000014901161194e-01,3.937836587429046631e-01,2.000000029802322388e-01,1.305723190307617188e-02,2.720594406127929688e-03,4.102799892425537109e-01,3.012013435363769531e-02,-2.156782150268554688e-02,-6.496906280517578125e-04,4.344461262226104736e-01
1.140000000000000124e+00,2.978460490703582764e-01,-1.979235112667083740e-01,1.103490114212036133e+00,6.105825304985046387e-01,-3.929145932197570801e-01,1.269380468875169754e-02,9.784346222877502441e-01,1.368695795536041260e-01,1.547013223171234131e-01,-1.023508012294769287e-01,9.717975258827209473e-01,-2.124477475881576538e-01,-1.794159710407257080e-01,1.920324116945266724e-01,9.648489952087402344e-01,2.106097154319286346e-02,1.565089374780654907e-01,-1.616192795336246490e-02,1.000000000000000000e+00,0.000000000000000000e+00,2.978460490703582764e-01,-1.979235112667083740e-01,1.103490114212036133e+00,6.105825304985046387e-01,-3.929145932197570801e-01,1.269380468875169754e-02,1.000000000000000000e+00,5.040808320045471191e-01,4.714724421501159668e-02,7.828939557075500488e-01,6.964473724365234375e-01,-4.691896140575408936e-01,1.731579452753067017e-01,1.000000000000000000e+00,2.133868455886840820e+00,1.194541156291961670e-01,7.572966217994689941e-01,-6.559055447578430176e-01,2.071355469524860382e-02,2.240102142095565796e-01,1.000000000000000000e+00,2.531540155410766602e+00,2.039896547794342041e-01,9.154896140098571777e-01,-6.394203901290893555e-01,-4.742142558097839355e-01,-1.725463718175888062e-01,1.000000000000000000e+00,1.000000000000000000e+00,0.000000000000000000e+00,0.000000000000000000e+00,1.000000000000000000e+00,5.040808320045471191e-01,4.714724421501159668e-02,7.828939557075500488e-01,6.964473724365234375e-01,-4.691896140575408936e-01,1.731579452753067017e-01,9.948614239692687988e-01,1.011290475726127625e-01,4.860445857048034668e-03,-1.004252359271049500e-01,9.917603731155395508e-01,-7.953694462776184082e-02,-1.286389306187629700e-02,7.864013314247131348e-02,9.968200325965881348e-01,3.229033052921295166e-01,2.135460078716278076e-01,-2.381860464811325073e-02,0.000000000000000000e+00,1.000000000000000000e+00,2.978460490703582764e-01,-1.979235112667083740e-01,1.103490114212036133e+00,6.105825304985046387e-01,-3.929145932197570801e-01,1.269380468875169754e-02,1.000000000000000000e+00,5.040808320045471191e-01,4.714724421501159668e-02,7.828939557075500488e-01,6.964473724365234375e-01,-4.691896140575408936e-01,1.731579452753067017e-01,1.000000000000000000e+00,2.133868455886840820e+00,1.194541156291961670e-01,7.572966217994689941e-01,-6.559055447578430176e-01,2.071355469524860382e-02,2.240102142095565796e-01,1.000000000000000000e+00,2.531540155410766602e+00,2.039896547794342041e-01,9.154896140098571777e-01,-6.394203901290893555e-01,-4.742142558097839355e-01,-1.725463718175888062e-01,1.000000000000000000e+00,1.000000000000000000e+00,0.000000000000000000e+00,0.000000000000000000e+00,1.000000000000000000e+00,2.133868455886840820e+00,1.194541156291961670e-01,7.572966217994689941e-01,-6.559055447578430176e-01,2.071355469524860382e-02,2.240102142095565796e-01,1.160810753342113588e-01,6.803949771005957103e-04,2.406878181665239591e-04,1.000000000000000000e+00,2.531540155410766602e+00,2.039896547794342041e-01,9.154896140098571777e-01,-6.394203901290893555e-01,-4.742142558097839355e-01,-1.725463718175888062e-01,3.899897899446114202e-02,-2.040731132679884929e-02,-5.993102381016447711e-04,1.000000000000000000e+00,1.999999731779098511e-01,1.999998092651367188e-01,-1.000000014901161194e-01,3.853651285171508789e-01,1.167590245604515076e-01,3.881579264998435974e-02,-1.000000014901161194e-01,3.824363946914672852e-01,2.000000029802322388e-01,1.526856422424316406e-02,3.437757492065429688e-03,4.088076651096343994e-01,3.284955024719238281e-02,-2.138519287109375000e-02,-7.026195526123046875e-04,4.335145950317382812e-01
1.159999999999999920e+00,3.102728426456451416e-01,-2.061057388782501221e-01,1.103570222854614258e+00,6.345549225807189941e-01,-4.288918673992156982e-01,-6.549307610839605331e-03,9.779473543167114258e-01,1.371836513280868530e-01,1.574798524379730225e-01,-1.019860804080963135e-01,9.716879725456237793e-01,-2.131236493587493896e-01,-1.822583377361297607e-01,1.923629343509674072e-01,9.642503857612609863e-01,1.784229464828968048e-02,1.312619447708129883e-01,-9.300696663558483124e-03,1.000000000000000000e+00,0.000000000000000000e+00,3.102728426456451416e-01,-2.061057388782501221e-01,1.103570222854614258e+00,6.345549225807189941e-01,-4.288918673992156982e-01,-6.549307610839605331e-03,1.000000000000000000e+00,5.179733037948608398e-01,3.765017166733741760e-02,7.863587141036987305e-01,6.925123333930969238e-01,-4.819201827049255371e-01,1.725197285413742065e-01,1.000000000000000000e+00,2.120797634124755859e+00,1.196501106023788452e-01,7.618043422698974609e-01,-6.505783796310424805e-01,-3.964364528656005859e-03,2.268984168767929077e-01,1.000000000000000000e+00,2.518756866455078125e+00,1.944644749164581299e-01,9.121919870376586914e-01,-6.388689875602722168e-01,-4.787052869796752930e-01,-1.554629653692245483e-01,1.000000000000000000e+00,1.000000000000000000e+00,0.000000000000000000e+00,0.000000000000000000e+00,1.000000000000000000e+00,5.179733037948608398e-01,3.765017166733741760e-02,7.863587141036987305e-01,6.925123333930969238e-01,-4.819201827049255371e-01,1.725197285413742065e-01,9.947898983955383301e-01,1.016202792525291443e-01,8.172108791768550873e-03,-1.005520299077033997e-01,9.912291169166564941e-01,-8.575870841741561890e-02,-1.681525260210037231e-02,8.449015766382217407e-02,9.962826371192932129e-01,2.582989633083343506e-01,1.753652691841125488e-01,-2.131983824074268341e-02,0.000000000000000000e+00,1.000000000000000000e+00,3.102728426456451416e-01,-2.061057388782501221e-01,1.103570222854614258e+00,6.345549225807189941e-01,-4.288918673992156982e-01,-6.549307610839605331e-03,1.000000000000000000e+00,5.179733037948608398e-01,3.765017166733741760e-02,7.863587141036987305e-01,6.925123333930969238e-01,-4.819201827049255371e-01,1.725197285413742065e-01,1.000000000000000000e+00,2.120797634124755859e+00,1.196501106023788452e-01,7.618043422698974609e-01,-6.505783796310424805e-01,-3.964364528656005859e-03,2.268984168767929077e-01,1.000000000000000000e+00,2.518756866455078125e+00,1.944644749164581299e-01,9.121919870376586914e-01,-6.388689875602722168e-01,-4.787052869796752930e-01,-1.554629653692245483e-01,1.000000000000000000e+00,1.000000000000000000e+00,0.000000000000000000e+00,0.000000000000000000e+00,1.000000000000000000e+00,2.120797634124755859e+00,1.196501106023788452e-01,7.618043422698974609e-01,-6.505783796310424805e-01,-3.964364528656005859e-03,2.268984168767929077e-01,1.288526851926391215e-01,2.566942113494619093e-03,5.480991211058161561e-04,1.000000000000000000e+00,2.518756866455078125e+00,1.944644749164581299e-01,9.121919870376586914e-01,-6.388689875602722168e-01,-4.787052869796752930e-01,-1.554629653692245483e-01,3.776719581925484098e-02,-2.058535957752494205e-02,-5.843533912821829990e-04,1.000000000000000000e+00,1.999999880790710449e-01,1.999999135732650757e-01,-1.000000014901161194e-01,3.873628079891204834e-01,1.136692389845848083e-01,3.775309398770332336e-02,-1.000000014901161194e-01,3.739373087882995605e-01,2.000000029802322388e-01,1.774168014526367188e-02,4.296779632568359375e-03,4.073445796966552734e-01,3.614974021911621094e-02,-2.106356620788574219e-02,-7.617473602294921875e-04,4.319008290767669678e-01
1.179999999999999938e+00,3.231823146343231201e-01,-2.150067687034606934e-01,1.103268623352050781e+00,6.588751077651977539e-01,-4.647911190986633301e-01,-2.540865354239940643e-02,9.775421619415283203e-01,1.373700648546218872e-01,1.598154157400131226e-01,-1.015991121530532837e-01,9.716029167175292969e-01,-2.136949300765991211e-01,-1.846324056386947632e-01,1.926586925983428955e-01,9.637393951416015625e-01,1.527925115078687668e-02,1.111375838518142700e-01,-4.104562103748321533e-03,1.000000000000000000e+00,0.000000000000000000e+00,3.231823146343231201e-01,-2.150067687034606934e-01,1.103268623352050781e+00,6.588751077651977539e-01,-4.647911190986633301e-01,-2.540865354239940643e-02,1.000000000000000000e+00,5.317925810813903809e-01,2.789227850735187531e-02,7.897711992263793945e-01,6.891629695892333984e-01,-4.952839612960815430e-01,1.675185710191726685e-01,1.000000000000000000e+00,2.107836723327636719e+00,1.193325072526931763e-01,7.663617134094238281e-01,-6.449034810066223145e-01,-3.080634586513042450e-02,2.288962155580520630e-01,1.000000000000000000e+00,2.505984306335449219e+00,1.848517060279846191e-01,9.092375040054321289e-01,-6.383587121963500977e-01,-4.829690754413604736e-01,-1.382743418216705322e-01,1.000000000000000000e+00,1.000000000000000000e+00,0.000000000000000000e+00,0.000000000000000000e+00,1.000000000000000000e+00,5.317925810813903809e-01,2.789227850735187531e-02,7.897711992263793945e-01,6.891629695892333984e-01,-4.952839612960815430e-01,1.675185710191726685e-01,9.947193861007690430e-01,1.020557880401611328e-01,1.086530741304159164e-02,-1.006619185209274292e-01,9.907834529876708984e-01,-9.063936024904251099e-02,-2.001543715596199036e-02,8.906700462102890015e-02,9.958245754241943359e-01,1.963650584220886230e-01,1.396152079105377197e-01,-1.770094595849514008e-02,0.000000000000000000e+00,1.000000000000000000e+00,3.231823146343231201e-01,-2.150067687034606934e-01,1.103268623352050781e+00,6.588751077651977539e-01,-4.647911190986633301e-01,-2.540865354239940643e-02,1.000000000000000000e+00,5.317925810813903809e-01,2.789227850735187531e-02,7.897711992263793945e-01,6.891629695892333984e-01,-4.952839612960815430e-01,1.675185710191726685e-01,1.000000000000000000e+00,2.107836723327636719e+00,1.193325072526931763e-01,7.663617134094238281e-01,-6.449034810066223145e-01,-3.080634586513042450e-02,2.288962155580520630e-01,1.000000000000000000e+00,2.505984306335449219e+00,1.848517060279846191e-01,9.092375040054321289e-01,-6.383587121963500977e-01,-4.829690754413604736e-01,-1.382743418216705322e-01,1.000000000000000000e+00,1.000000000000000000e+00,0.000000000000000000e+00,0.000000000000000000e+00,1.000000000000000000e+00,2.107836723327636719e+00,1.193325072526931763e-01,7.663617134094238281e-01,-6.449034810066223145e-01,-3.080634586513042450e-02,2.288962155580520630e-01,1.400162740880346590e-01,4.502063530671618352e-03,9.306233053173462721e-04,1.000000000000000000e+00,2.505984306335449219e+00,1.848517060279846191e-01,9.092375040054321289e-01,-6.383587121963500977e-01,-4.829690754413604736e-01,-1.382743418216705322e-01,3.715344126569625205e-02,-2.070301560722676015e-02,-5.833898445276319844e-04,1.000000000000000000e+00,1.999999880790710449e-01,1.999999582767486572e-01,-1.000000014901161194e-01,3.894413709640502930e-01,1.104742288589477539e-01,3.676699474453926086e-02,-1.000000014901161194e-01,3.686005473136901855e-01,2.000000029802322388e-01,2.051472663879394531e-02,5.322456359863281250e-03,4.058751463890075684e-01,3.990888595581054688e-02,-2.061724662780761719e-02,-8.232593536376953125e-04,4.296083748340606689e-01
1.199999999999999956e+00,3.365808725357055664e-01,-2.246251851320266724e-01,1.102594256401062012e+00,6.834897994995117188e-01,-5.006237626075744629e-01,-4.374847188591957092e-02,9.772017598152160645e-01,1.374613940715789795e-01,1.618063300848007202e-01,-1.011997535824775696e-01,9.715370535850524902e-01,-2.141835987567901611e-01,-1.866428107023239136e-01,1.929258108139038086e-01,9.632986783981323242e-01,1.319547370076179504e-02,9.568309038877487183e-02,-3.875565307680517435e-04,1.000000000000000000e+00,0.000000000000000000e+00,3.365808725357055664e-01,-2.246251851320266724e-01,1.102594256401062012e+00,6.834897994995117188e-01,-5.006237626075744629e-01,-4.374847188591957092e-02,1.000000000000000000e+00,5.455490946769714355e-01,1.786347106099128723e-02,7.930467128753662109e-01,6.862613558769226074e-01,-5.090100169181823730e-01,1.585004031658172607e-01,1.000000000000000000e+00,2.094992160797119141e+00,1.184616461396217346e-01,7.709512114524841309e-01,-6.388703584671020508e-01,-5.938411131501197815e-02,2.300215065479278564e-01,1.000000000000000000e+00,2.493221521377563477e+00,1.751548349857330322e-01,9.066256880760192871e-01,-6.378696560859680176e-01,-4.871273636817932129e-01,-1.212571784853935242e-01,1.000000000000000000e+00,1.000000000000000000e+00,0.000000000000000000e+00,0.000000000000000000e+00,1.000000000000000000e+00,5.455490946769714355e-01,1.786347106099128723e-02,7.930467128753662109e-01,6.862613558769226074e-01,-5.090100169181823730e-01,1.585004031658172607e-01,9.946569204330444336e-01,1.024122312664985657e-01,1.301708910614252090e-02,-1.007436588406562805e-01,9.904350638389587402e-01,-9.428261220455169678e-02,-2.254827320575714111e-02,9.246745705604553223e-02,9.954604506492614746e-01,1.416637152433395386e-01,1.100319996476173401e-01,-1.372431032359600067e-02,0.000000000000000000e+00,1.000000000000000000e+00,3.365808725357055664e-01,-2.246251851320266724e-01,1.102594256401062012e+00,6.834897994995117188e-01,-5.006237626075744629e-01,-4.374847188591957092e-02,1.000000000000000000e+00,5.455490946769714355e-01,1.786347106099128723e-02,7.930467128753662109e-01,6.862613558769226074e-01,-5.090100169181823730e-01,1.585004031658172607e-01,1.000000000000000000e+00,2.094992160797119141e+00,1.184616461396217346e-01,7.709512114524841309e-01,-6.388703584671020508e-01,-5.938411131501197815e-02,2.300215065479278564e-01,1.000000000000000000e+00,2.493221521377563477e+00,1.751548349857330322e-01,9.066256880760192871e-01,-6.378696560859680176e-01,-4.871273636817932129e-01,-1.212571784853935242e-01,1.000000000000000000e+00,1.000000000000000000e+00,0.000000000000000000e+00,0.000000000000000000e+00,1.000000000000000000e+00,2.094992160797119141e+00,1.184616461396217346e-01,7.709512114524841309e-01,-6.388703584671020508e-01,-5.938411131501197815e-02,2.300215065479278564e-01,1.489654899359512674e-01,6.523899087446105582e-03,1.402400898790387429e-03,1.000000000000000000e+00,2.493221521377563477e+00,1.751548349857330322e-01,9.066256880760192871e-01,-6.378696560859680176e-01,-4.871273636817932129e-01,-1.212571784853935242e-01,3.715014632804118644e-02,-2.074870323527155946e-02,-5.963348662375543563e-04,1.000000000000000000e+00,1.999999880790710449e-01,1.999999433755874634e-01,-1.000000014901161194e-01,3.902631700038909912e-01,1.105335354804992676e-01,3.744981437921524048e-02,-1.000000014901161194e-01,3.666798472404479980e-01,2.000000029802322388e-01,2.362585067749023438e-02,6.545305252075195312e-03,4.043924808502197266e-01,4.403162002563476562e-02,-2.006411552429199219e-02,-8.840560913085937500e-04,4.267082810401916504e-01
1.219999999999999973e+00,3.504740595817565918e-01,-2.349596768617630005e-01,1.101558566093444824e+00,7.083500027656555176e-01,-5.363873839378356934e-01,-6.151485443115234375e-02,9.769115447998046875e-01,1.374856978654861450e-01,1.635288298130035400e-01,-1.007984653115272522e-01,9.714856147766113281e-01,-2.146055400371551514e-01,-1.883710920810699463e-01,1.931671500205993652e-01,9.629137516021728516e-01,1.140280999243259430e-02,8.317632228136062622e-02,2.079223282635211945e-03,1.000000000000000000e+00,0.000000000000000000e+00,3.504740595817565918e-01,-2.349596768617630005e-01,1.101558566093444824e+00,7.083500027656555176e-01,-5.363873839378356934e-01,-6.151485443115234375e-02,1.000000000000000000e+00,5.592507719993591309e-01,7.558357901871204376e-03,7.961102724075317383e-01,6.837036609649658203e-01,-5.229086875915527344e-01,1.461330950260162354e-01,1.000000000000000000e+00,2.082272052764892578e+00,1.170069947838783264e-01,7.755553126335144043e-01,-6.324605345726013184e-01,-8.924919366836547852e-02,2.302834987640380859e-01,1.000000000000000000e+00,2.480468511581420898e+00,1.653748750686645508e-01,9.043503999710083008e-01,-6.373790502548217773e-01,-4.912950992584228516e-01,-1.047357171773910522e-01,1.000000000000000000e+00,1.000000000000000000e+00,0.000000000000000000e+00,0.000000000000000000e+00,1.000000000000000000e+00,5.592507719993591309e-01,7.558357901871204376e-03,7.961102724075317383e-01,6.837036609649658203e-01,-5.229086875915527344e-01,1.461330950260162354e-01,9.946037530899047852e-01,1.026907041668891907e-01,1.476760301738977432e-02,-1.007940843701362610e-01,9.901738762855529785e-01,-9.693428874015808105e-02,-2.457674406468868256e-02,9.492272138595581055e-02,9.951812624931335449e-01,1.064377203583717346e-01,9.206050634384155273e-02,-1.057944074273109436e-02,0.000000000000000000e+00,1.000000000000000000e+00,3.504740595817565918e-01,-2.349596768617630005e-01,1.101558566093444824e+00,7.083500027656555176e-01,-5.363873839378356934e-01,-6.151485443115234375e-02,1.000000000000000000e+00,5.592507719993591309e-01,7.558357901871204376e-03,7.961102724075317383e-01,6.837036609649658203e-01,-5.229086875915527344e-01,1.461330950260162354e-01,1.000000000000000000e+00,2.082272052764892578e+00,1.170069947838783264e-01,7.755553126335144043e-01,-6.324605345726013184e-01,-8.924919366836547852e-02,2.302834987640380859e-01,1.000000000000000000e+00,2.480468511581420898e+00,1.653748750686645508e-01,9.043503999710083008e-01,-6.373790502548217773e-01,-4.912950992584228516e-01,-1.047357171773910522e-01,1.000000000000000000e+00,1.000000000000000000e+00,0.000000000000000000e+00,0.000000000000000000e+00,1.000000000000000000e+00,2.082272052764892578e+00,1.170069947838783264e-01,7.755553126335144043e-01,-6.324605345726013184e-01,-8.924919366836547852e-02,2.302834987640380859e-01,1.561048948309880502e-01,8.671050964550230944e-03,1.976907480245912452e-03,1.000000000000000000e+00,2.480468511581420898e+00,1.653748750686645508e-01,9.043503999710083008e-01,-6.373790502548217773e-01,-4.912950992584228516e-01,-1.047357171773910522e-01,3.772198393324827093e-02,-2.071408002962216166e-02,-6.222943629010171951e-04,1.000000000000000000e+00,1.999999880790710449e-01,1.999999284744262695e-01,-1.000000014901161194e-01,3.897399306297302246e-01,1.111641153693199158e-01,3.813963383436203003e-02,-1.000000014901161194e-01,3.689926862716674805e-01,2.000000029802322388e-01,2.710700035095214844e-02,8.000612258911132812e-03,4.029253125190734863e-01,4.844617843627929688e-02,-1.942181587219238281e-02,-9.415149688720703125e-04,4.233266115188598633e-01
1.239999999999999991e+00,3.648662567138671875e-01,-2.460086047649383545e-01,1.100172042846679688e+00,7.333957552909851074e-01,-5.720522999763488770e-01,-7.878868281841278076e-02,9.766626358032226562e-01,1.374659091234207153e-01,1.650252789258956909e-01,-1.004084348678588867e-01,9.714454412460327148e-01,-2.149698883295059204e-01,-1.898640841245651245e-01,1.933831125497817993e-01,9.625771045684814453e-01,9.790243580937385559e-03,7.206013798713684082e-02,3.532304428517818451e-03,1.000000000000000000e+00,0.000000000000000000e+00,3.648662567138671875e-01,-2.460086047649383545e-01,1.100172042846679688e+00,7.333957552909851074e-01,-5.720522999763488770e-01,-7.878868281841278076e-02,1.000000000000000000e+00,5.729038715362548828e-01,-3.025616751983761787e-03,7.989030480384826660e-01,6.814324259757995605e-01,-5.369055867195129395e-01,1.313688606023788452e-01,1.000000000000000000e+00,2.069683551788330078e+00,1.149459034204483032e-01,7.801571488380432129e-01,-6.256487965583801270e-01,-1.200843453407287598e-01,2.296962738037109375e-01,1.000000000000000000e+00,2.467725515365600586e+00,1.555106937885284424e-01,9.023986458778381348e-01,-6.368629932403564453e-01,-4.955760538578033447e-01,-8.903539925813674927e-02,1.000000000000000000e+00,1.000000000000000000e+00,0.000000000000000000e+00,0.000000000000000000e+00,1.000000000000000000e+00,5.729038715362548828e-01,-3.025616751983761787e-03,7.989030480384826660e-01,6.814324259757995605e-01,-5.369055867195129395e-01,1.313688606023788452e-01,9.945567250251770020e-01,1.029101014137268066e-01,1.632332801818847656e-02,-1.008079946041107178e-01,9.899588823318481445e-01,-9.909170120954513550e-02,-2.635696157813072205e-02,9.690678864717483521e-02,9.949443936347961426e-01,9.561619162559509277e-02,8.574588596820831299e-02,-8.166260085999965668e-03,0.000000000000000000e+00,1.000000000000000000e+00,3.648662567138671875e-01,-2.460086047649383545e-01,1.100172042846679688e+00,7.333957552909851074e-01,-5.720522999763488770e-01,-7.878868281841278076e-02,1.000000000000000000e+00,5.729038715362548828e-01,-3.025616751983761787e-03,7.989030480384826660e-01,6.814324259757995605e-01,-5.369055867195129395e-01,1.313688606023788452e-01,1.000000000000000000e+00,2.069683551788330078e+00,1.149459034204483032e-01,7.801571488380432129e-01,-6.256487965583801270e-01,-1.200843453407287598e-01,2.296962738037109375e-01,1.000000000000000000e+00,2.467725515365600586e+00,1.555106937885284424e-01,9.023986458778381348e-01,-6.368629932403564453e-01,-4.955760538578033447e-01,-8.903539925813674927e-02,1.000000000000000000e+00,1.000000000000000000e+00,0.000000000000000000e+00,0.000000000000000000e+00,1.000000000000000000e+00,2.069683551788330078e+00,1.149459034204483032e-01,7.801571488380432129e-01,-6.256487965583801270e-01,-1.200843453407287598e-01,2.296962738037109375e-01,1.621576427250135954e-01,1.097357257044029311e-02,2.670585063142494331e-03,1.000000000000000000e+00,2.467725515365600586e+00,1.555106937885284424e-01,9.023986458778381348e-01,-6.368629932403564453e-01,-4.955760538578033447e-01,-8.903539925813674927e-02,3.881940770195532048e-02,-2.059729064966986378e-02,-6.596790273934519111e-04,1.000000000000000000e+00,1.999999880790710449e-01,1.999999284744262695e-01,-1.000000014901161194e-01,3.890951573848724365e-01,1.128637194633483887e-01,3.905819356441497803e-02,-1.000000014901161194e-01,3.754847943782806396e-01,2.000000029802322388e-01,3.098011016845703125e-02,9.723663330078125000e-03,4.014976620674133301e-01,5.311512947082519531e-02,-1.870560646057128906e-02,-9.944438934326171875e-04,4.196329712867736816e-01
1.260000000000000009e+00,3.797605037689208984e-01,-2.577696740627288818e-01,1.098443508148193359e+00,7.585628032684326172e-01,-6.075779795646667480e-01,-9.570625424385070801e-02,9.764501452445983887e-01,1.374201625585556030e-01,1.663155555725097656e-01,-1.000430956482887268e-01,9.714139103889465332e-01,-2.152821421623229980e-01,-1.911453604698181152e-01,1.935735642910003662e-01,9.622851610183715820e-01,8.347006514668464661e-03,6.173038855195045471e-02,4.199960734695196152e-03,1.000000000000000000e+00,0.000000000000000000e+00,3.797605037689208984e-01,-2.577696740627288818e-01,1.098443508148193359e+00,7.585628032684326172e-01,-6.075779795646667480e-01,-9.570625424385070801e-02,1.000000000000000000e+00,5.865140557289123535e-01,-1.389072183519601822e-02,8.013876080513000488e-01,6.794344782829284668e-01,-5.510545969009399414e-01,1.154071763157844543e-01,1.000000000000000000e+00,2.057235717773437500e+00,1.122608333826065063e-01,7.847396135330200195e-01,-6.184037327766418457e-01,-1.516997963190078735e-01,2.282694280147552490e-01,1.000000000000000000e+00,2.454993247985839844e+00,1.455592066049575806e-01,9.007512927055358887e-01,-6.362988352775573730e-01,-5.000630617141723633e-01,-7.444458454847335815e-02,1.000000000000000000e+00,1.000000000000000000e+00,0.000000000000000000e+00,0.000000000000000000e+00,1.000000000000000000e+00,5.865140557289123535e-01,-1.389072183519601822e-02,8.013876080513000488e-01,6.794344782829284668e-01,-5.510545969009399414e-01,1.154071763157844543e-01,9.945126175880432129e-01,1.030902415513992310e-01,1.781035400927066803e-02,-1.007848381996154785e-01,9.897510409355163574e-01,-1.011702418327331543e-01,-2.805748023092746735e-02,9.882006049156188965e-02,9.947097301483154297e-01,9.883558750152587891e-02,8.374205976724624634e-02,-6.480603944510221481e-03,0.000000000000000000e+00,1.000000000000000000e+00,3.797605037689208984e-01,-2.577696740627288818e-01,1.098443508148193359e+00,7.585628032684326172e-01,-6.075779795646667480e-01,-9.570625424385070801e-02,1.000000000000000000e+00,5.865140557289123535e-01,-1.389072183519601822e-02,8.013876080513000488e-01,6.794344782829284668e-01,-5.510545969009399414e-01,1.154071763157844543e-01,1.000000000000000000e+00,2.057235717773437500e+00,1.122608333826065063e-01,7.847396135330200195e-01,-6.184037327766418457e-01,-1.516997963190078735e-01,2.282694280147552490e-01,1.000000000000000000e+00,2.454993247985839844e+00,1.455592066049575806e-01,9.007512927055358887e-01,-6.362988352775573730e-01,-5.000630617141723633e-01,-7.444458454847335815e-02,1.000000000000000000e+00,1.000000000000000000e+00,0.000000000000000000e+00,0.000000000000000000e+00,1.000000000000000000e+00,2.057235717773437500e+00,1.122608333826065063e-01,7.847396135330200195e-01,-6.184037327766418457e-01,-1.516997963190078735e-01,2.282694280147552490e-01,1.675427657742076248e-01,1.345885678684455300e-02,3.502504301773998185e-03,1.000000000000000000e+00,2.454993247985839844e+00,1.455592066049575806e-01,9.007512927055358887e-01,-6.362988352775573730e-01,-5.000630617141723633e-01,-7.444458454847335815e-02,4.040383558497452621e-02,-2.040007037341728946e-02,-7.062650690590963065e-04,1.000000000000000000e+00,1.999999731779098511e-01,2.000000029802322388e-01,-1.000000014901161194e-01,3.886206448078155518e-01,1.154880747199058533e-01,3.975847736001014709e-02,-1.000000014901161194e-01,3.834420740604400635e-01,2.000000029802322388e-01,3.525686264038085938e-02,1.175069808959960938e-02,4.001115560531616211e-01,5.803966522216796875e-02,-1.792526245117187500e-02,-1.041412353515625000e-03,4.158301651477813721e-01
1.280000000000000027e+00,3.951587677001953125e-01,-2.702397406101226807e-01,1.096378803253173828e+00,7.837951183319091797e-01,-6.429315805435180664e-01,-1.123734191060066223e-01,9.762701988220214844e-01,1.373627781867980957e-01,1.674159169197082520e-01,-9.971275180578231812e-02,9.713890552520751953e-01,-2.155476510524749756e-01,-1.922341883182525635e-01,1.937392354011535645e-01,9.620349407196044922e-01,7.059213705360889435e-03,5.242613330483436584e-02,4.258727654814720154e-03,1.000000000000000000e+00,0.000000000000000000e+00,3.951587677001953125e-01,-2.702397406101226807e-01,1.096378803253173828e+00,7.837951183319091797e-01,-6.429315805435180664e-01,-1.123734191060066223e-01,1.000000000000000000e+00,6.000868678092956543e-01,-2.504102140665054321e-02,8.035510182380676270e-01,6.777152419090270996e-01,-5.654723644256591797e-01,9.942031651735305786e-02,1.000000000000000000e+00,2.044936180114746094e+00,1.089374572038650513e-01,7.892860770225524902e-01,-6.106882691383361816e-01,-1.839569658041000366e-01,2.260165661573410034e-01,1.000000000000000000e+00,2.442272663116455078e+00,1.355154961347579956e-01,8.993840217590332031e-01,-6.356658935546875000e-01,-5.048408508300781250e-01,-6.119696050882339478e-02,1.000000000000000000e+00,1.000000000000000000e+00,0.000000000000000000e+00,0.000000000000000000e+00,1.000000000000000000e+00,6.000868678092956543e-01,-2.504102140665054321e-02,8.035510182380676270e-01,6.777152419090270996e-01,-5.654723644256591797e-01,9.942031651735305786e-02,9.944698810577392578e-01,1.032455563545227051e-01,1.923815347254276276e-02,-1.007333844900131226e-01,9.895306825637817383e-01,-1.033533662557601929e-01,-2.970751561224460602e-02,1.008438766002655029e-01,9.944586753845214844e-01,1.061304807662963867e-01,8.018237352371215820e-02,-5.214223638176918030e-03,0.000000000000000000e+00,1.000000000000000000e+00,3.951587677001953125e-01,-2.702397406101226807e-01,1.096378803253173828e+00,7.837951183319091797e-01,-6.429315805435180664e-01,-1.123734191060066223e-01,1.000000000000000000e+00,6.000868678092956543e-01,-2.504102140665054321e-02,8.035510182380676270e-01,6.777152419090270996e-01,-5.654723644256591797e-01,9.942031651735305786e-02,1.000000000000000000e+00,2.044936180114746094e+00,1.089374572038650513e-01,7.892860770225524902e-01,-6.106882691383361816e-01,-1.839569658041000366e-01,2.260165661573410034e-01,1.000000000000000000e+00,2.442272663116455078e+00,1.355154961347579956e-01,8.993840217590332031e-01,-6.356658935546875000e-01,-5.048408508300781250e-01,-6.119696050882339478e-02,1.000000000000000000e+00,1.000000000000000000e+00,0.000000000000000000e+00,0.000000000000000000e+00,1.000000000000000000e+00,2.044936180114746094e+00,1.089374572038650513e-01,7.892860770225524902e-01,-6.106882691383361816e-01,-1.839569658041000366e-01,2.260165661573410034e-01,1.723102777955831666e-01,1.615654290363766066e-02,4.495187012147711103e-03,1.000000000000000000e+00,2.442272663116455078e+00,1.355154961347579956e-01,8.993840217590332031e-01,-6.356658935546875000e-01,-5.048408508300781250e-01,-6.119696050882339478e-02,4.244569191101137812e-02,-2.012451045202312550e-02,-7.597204924605707732e-04,1.000000000000000000e+00,1.999999880790710449e-01,1.999997496604919434e-01,-1.000000014901161194e-01,3.882088661193847656e-01,1.185218319296836853e-01,4.031619429588317871e-02,-1.000000014901161194e-01,3.915941119194030762e-01,2.000000029802322388e-01,3.994798660278320312e-02,1.412034034729003906e-02,3.987520039081573486e-01,6.323742866516113281e-02,-1.708626747131347656e-02,-1.081943511962890625e-03,4.121142625808715820e-01
1.300000000000000044e+00,4.110619425773620605e-01,-2.834151089191436768e-01,1.093982696533203125e+00,8.090451359748840332e-01,-6.780882477760314941e-01,-1.288646459579467773e-01,9.761176109313964844e-01,1.373052597045898438e-01,1.683499217033386230e-01,-9.942339360713958740e-02,9.713689088821411133e-01,-2.157716304063796997e-01,-1.931564509868621826e-01,1.938805729150772095e-01,9.618216753005981445e-01,5.923368968069553375e-03,4.454887285828590393e-02,3.800235455855727196e-03,1.000000000000000000e+00,0.000000000000000000e+00,4.110619425773620605e-01,-2.834151089191436768e-01,1.093982696533203125e+00,8.090451359748840332e-01,-6.780882477760314941e-01,-1.288646459579467773e-01,1.000000000000000000e+00,6.136277318000793457e-01,-3.648294135928153992e-02,8.054010868072509766e-01,6.762750148773193359e-01,-5.802714228630065918e-01,8.427947759628295898e-02,1.000000000000000000e+00,2.032795429229736328e+00,1.049641892313957214e-01,7.937803268432617188e-01,-6.024595499038696289e-01,-2.167156040668487549e-01,2.229601740837097168e-01,1.000000000000000000e+00,2.429565668106079102e+00,1.253730356693267822e-01,8.982683420181274414e-01,-6.349458694458007812e-01,-5.099872946739196777e-01,-4.945982992649078369e-02,1.000000000000000000e+00,1.000000000000000000e+00,0.000000000000000000e+00,0.000000000000000000e+00,1.000000000000000000e+00,6.136277318000793457e-01,-3.648294135928153992e-02,8.054010868072509766e-01,6.762750148773193359e-01,-5.802714228630065918e-01,8.427947759628295898e-02,9.944292306900024414e-01,1.033844947814941406e-01,2.055047266185283661e-02,-1.006664782762527466e-01,9.892918467521667480e-01,-1.056790947914123535e-01,-3.125599399209022522e-02,1.030216217041015625e-01,9.941880106925964355e-01,1.140948235988616943e-01,7.342327386140823364e-02,-4.269641358405351639e-03,0.000000000000000000e+00,1.000000000000000000e+00,4.110619425773620605e-01,-2.834151089191436768e-01,1.093982696533203125e+00,8.090451359748840332e-01,-6.780882477760314941e-01,-1.288646459579467773e-01,1.000000000000000000e+00,6.136277318000793457e-01,-3.648294135928153992e-02,8.054010868072509766e-01,6.762750148773193359e-01,-5.802714228630065918e-01,8.427947759628295898e-02,1.000000000000000000e+00,2.032795429229736328e+00,1.049641892313957214e-01,7.937803268432617188e-01,-6.024595499038696289e-01,-2.167156040668487549e-01,2.229601740837097168e-01,1.000000000000000000e+00,2.429565668106079102e+00,1.253730356693267822e-01,8.982683420181274414e-01,-6.349458694458007812e-01,-5.099872946739196777e-01,-4.945982992649078369e-02,1.000000000000000000e+00,1.000000000000000000e+00,0.000000000000000000e+00,0.000000000000000000e+00,1.000000000000000000e+00,2.032795429229736328e+00,1.049641892313957214e-01,7.937803268432617188e-01,-6.024595499038696289e-01,-2.167156040668487549e-01,2.229601740837097168e-01,1.763952234124958329e-01,1.909613972889023792e-02,5.673998748737224540e-03,1.000000000000000000e+00,2.429565668106079102e+00,1.253730356693267822e-01,8.982683420181274414e-01,-6.349458694458007812e-01,-5.099872946739196777e-01,-4.945982992649078369e-02,4.491837280388946002e-02,-1.977279768389816894e-02,-8.177249854975018883e-04,1.000000000000000000e+00,1.999999880790710449e-01,1.999816149473190308e-01,-1.000000014901161194e-01,3.868173658847808838e-01,1.217944398522377014e-01,4.106250777840614319e-02,-1.000000014901161194e-01,3.992155492305755615e-01,2.000000029802322388e-01,4.506421089172363281e-02,1.687622070312500000e-02,3.973986208438873291e-01,6.872200965881347656e-02,-1.618790626525878906e-02,-1.114130020141601562e-03,4.086343050003051758e-01
1.320000000000000062e+00,4.274699389934539795e-01,-2.972916364669799805e-01,1.091257572174072266e+00,8.342649936676025391e-01,-7.130175828933715820e-01,-1.452858448028564453e-01,9.759866595268249512e-01,1.372586488723754883e-01,1.691455692052841187e-01,-9.917919337749481201e-02,9.713518619537353516e-01,-2.159611284732818604e-01,-1.939423829317092896e-01,1.939994394779205322e-01,9.616395831108093262e-01,5.064947064965963364e-03,3.808001056313514709e-02,2.822535345330834389e-03,1.000000000000000000e+00,0.000000000000000000e+00,4.274699389934539795e-01,-2.972916364669799805e-01,1.091257572174072266e+00,8.342649936676025391e-01,-7.130175828933715820e-01,-1.452858448028564453e-01,1.000000000000000000e+00,6.271421909332275391e-01,-4.822496324777603149e-02,8.069605231285095215e-01,6.751006245613098145e-01,-5.955443978309631348e-01,7.058625668287277222e-02,1.000000000000000000e+00,2.020824193954467773e+00,1.003323048353195190e-01,7.982062697410583496e-01,-5.936686396598815918e-01,-2.498311400413513184e-01,2.191276848316192627e-01,1.000000000000000000e+00,2.416873931884765625e+00,1.151237860321998596e-01,8.973730206489562988e-01,-6.341229677200317383e-01,-5.155748724937438965e-01,-3.932993486523628235e-02,1.000000000000000000e+00,1.000000000000000000e+00,0.000000000000000000e+00,0.000000000000000000e+00,1.000000000000000000e+00,6.271421909332275391e-01,-4.822496324777603149e-02,8.069605231285095215e-01,6.751006245613098145e-01,-5.955443978309631348e-01,7.058625668287277222e-02,9.943915605545043945e-01,1.035138890147209167e-01,2.169429138302803040e-02,-1.005967333912849426e-01,9.890327453613281250e-01,-1.081426590681076050e-01,-3.265062719583511353e-02,1.053537577390670776e-01,9.938988089561462402e-01,1.215747222304344177e-01,6.533607095479965210e-02,-3.674483858048915863e-03,0.000000000000000000e+00,1.000000000000000000e+00,4.274699389934539795e-01,-2.972916364669799805e-01,1.091257572174072266e+00,8.342649936676025391e-01,-7.130175828933715820e-01,-1.452858448028564453e-01,1.000000000000000000e+00,6.271421909332275391e-01,-4.822496324777603149e-02,8.069605231285095215e-01,6.751006245613098145e-01,-5.955443978309631348e-01,7.058625668287277222e-02,1.000000000000000000e+00,2.020824193954467773e+00,1.003323048353195190e-01,7.982062697410583496e-01,-5.936686396598815918e-01,-2.498311400413513184e-01,2.191276848316192627e-01,1.000000000000000000e+00,2.416873931884765625e+00,1.151237860321998596e-01,8.973730206489562988e-01,-6.341229677200317383e-01,-5.155748724937438965e-01,-3.932993486523628235e-02,1.000000000000000000e+00,1.000000000000000000e+00,0.000000000000000000e+00,0.000000000000000000e+00,1.000000000000000000e+00,2.020824193954467773e+00,1.003323048353195190e-01,7.982062697410583496e-01,-5.936686396598815918e-01,-2.498311400413513184e-01,2.191276848316192627e-01,1.798162502452380906e-01,2.230376099026010195e-02,7.066824973778973451e-03,1.000000000000000000e+00,2.416873931884765625e+00,1.151237860321998596e-01,8.973730206489562988e-01,-6.341229677200317383e-01,-5.155748724937438965e-01,-3.932993486523628235e-02,4.779839333438379995e-02,-1.934738401929037011e-02,-8.780626103903274582e-04,1.000000000000000000e+00,1.999999582767486572e-01,1.996690034866333008e-01,-1.000000014901161194e-01,3.844613730907440186e-01,1.250510364770889282e-01,4.177957773208618164e-02,-1.000000014901161194e-01,4.058536589145660400e-01,2.000000029802322388e-01,5.061101913452148438e-02,2.006435394287109375e-02,3.960267007350921631e-01,7.449507713317871094e-02,-1.522731781005859375e-02,-1.136302947998046875e-03,4.054977595806121826e-01
1.340000000000000080e+00,4.443816244602203369e-01,-3.118644058704376221e-01,1.088203430175781250e+00,8.593956232070922852e-01,-7.476700544357299805e-01,-1.618342399597167969e-01,9.758739471435546875e-01,1.372245252132415771e-01,1.698218584060668945e-01,-9.897647798061370850e-02,9.713362455368041992e-01,-2.161240428686141968e-01,-1.946116387844085693e-01,1.941014677286148071e-01,9.614837169647216797e-01,4.475975874811410904e-03,3.180937469005584717e-02,2.294201636686921120e-03,1.000000000000000000e+00,0.000000000000000000e+00,4.443816244602203369e-01,-3.118644058704376221e-01,1.088203430175781250e+00,8.593956232070922852e-01,-7.476700544357299805e-01,-1.618342399597167969e-01,1.000000000000000000e+00,6.406354308128356934e-01,-6.027726829051971436e-02,8.082622289657592773e-01,6.741708517074584961e-01,-6.113638281822204590e-01,5.873673409223556519e-02,1.000000000000000000e+00,2.009034872055053711e+00,9.503588080406188965e-02,8.025488257408142090e-01,-5.842620134353637695e-01,-2.831739485263824463e-01,2.145439982414245605e-01,1.000000000000000000e+00,2.404199838638305664e+00,1.047583073377609253e-01,8.966656327247619629e-01,-6.331837177276611328e-01,-5.216715931892395020e-01,-3.083639033138751984e-02,1.000000000000000000e+00,1.000000000000000000e+00,0.000000000000000000e+00,0.000000000000000000e+00,1.000000000000000000e+00,6.406354308128356934e-01,-6.027726829051971436e-02,8.082622289657592773e-01,6.741708517074584961e-01,-6.113638281822204590e-01,5.873673409223556519e-02,9.943565130233764648e-01,1.036395430564880371e-01,2.267351932823657990e-02,-1.005305945873260498e-01,9.887529611587524414e-01,-1.107305660843849182e-01,-3.389457240700721741e-02,1.078262701630592346e-01,9.935918450355529785e-01,1.280955374240875244e-01,5.890199169516563416e-02,-3.349520498886704445e-03,0.000000000000000000e+00,1.000000000000000000e+00,4.443816244602203369e-01,-3.118644058704376221e-01,1.088203430175781250e+00,8.593956232070922852e-01,-7.476700544357299805e-01,-1.618342399597167969e-01,1.000000000000000000e+00,6.406354308128356934e-01,-6.027726829051971436e-02,8.082622289657592773e-01,6.741708517074584961e-01,-6.113638281822204590e-01,5.873673409223556519e-02,1.000000000000000000e+00,2.009034872055053711e+00,9.503588080406188965e-02,8.025488257408142090e-01,-5.842620134353637695e-01,-2.831739485263824463e-01,2.145439982414245605e-01,1.000000000000000000e+00,2.404199838638305664e+00,1.047583073377609253e-01,8.966656327247619629e-01,-6.331837177276611328e-01,-5.216715931892395020e-01,-3.083639033138751984e-02,1.000000000000000000e+00,1.000000000000000000e+00,0.000000000000000000e+00,0.000000000000000000e+00,1.000000000000000000e+00,2.009034872055053711e+00,9.503588080406188965e-02,8.025488257408142090e-01,-5.842620134353637695e-01,-2.831739485263824463e-01,2.145439982414245605e-01,1.826890629549905443e-01,2.580152871898699907e-02,8.704465034942279744e-03,1.000000000000000000e+00,2.404199838638305664e+00,1.047583073377609253e-01,8.966656327247619629e-01,-6.331837177276611328e-01,-5.216715931892395020e-01,-3.083639033138751984e-02,5.106724439547028621e-02,-1.885051678121074659e-02,-9.386155143248989252e-04,1.000000000000000000e+00,1.999999880790710449e-01,1.988029628992080688e-01,-1.000000014901161194e-01,3.834000229835510254e-01,1.282433271408081055e-01,4.255453497171401978e-02,-1.000000014901161194e-01,4.108905196189880371e-01,2.000000029802322388e-01,5.658316612243652344e-02,2.373361587524414062e-02,3.945988416671752930e-01,8.054852485656738281e-02,-1.419997215270996094e-02,-1.146316528320312500e-03,4.027800559997558594e-01
1.360000000000000098e+00,4.617947041988372803e-01,-3.271274268627166748e-01,1.084815979003906250e+00,8.843887448310852051e-01,-7.820101976394653320e-01,-1.786501854658126831e-01,9.757844805717468262e-01,1.371918469667434692e-01,1.703619062900543213e-01,-9.880734235048294067e-02,9.713227152824401855e-01,-2.162624895572662354e-01,-1.951458156108856201e-01,1.941925585269927979e-01,9.613571166992187500e-01,3.959857858717441559e-03,2.330369316041469574e-02,2.506581600755453110e-03,1.000000000000000000e+00,0.000000000000000000e+00,4.617947041988372803e-01,-3.271274268627166748e-01,1.084815979003906250e+00,8.843887448310852051e-01,-7.820101976394653320e-01,-1.786501854658126831e-01,1.000000000000000000e+00,6.541121602058410645e-01,-7.265125960111618042e-02,8.093451857566833496e-01,6.734652519226074219e-01,-6.277793645858764648e-01,4.891536012291908264e-02,1.000000000000000000e+00,1.997439146041870117e+00,8.907133340835571289e-02,8.067930936813354492e-01,-5.741820335388183594e-01,-3.166399002075195312e-01,2.092251032590866089e-01,1.000000000000000000e+00,2.391545534133911133e+00,9.426584094762802124e-02,8.961135149002075195e-01,-6.321163773536682129e-01,-5.283426642417907715e-01,-2.394813299179077148e-02,1.000000000000000000e+00,1.000000000000000000e+00,0.000000000000000000e+00,0.000000000000000000e+00,1.000000000000000000e+00,6.541121602058410645e-01,-7.265125960111618042e-02,8.093451857566833496e-01,6.734652519226074219e-01,-6.277793645858764648e-01,4.891536012291908264e-02,9.943231940269470215e-01,1.037659570574760437e-01,2.353720925748348236e-02,-1.004685088992118835e-01,9.884538650512695312e-01,-1.134242415428161621e-01,-3.503502160310745239e-02,1.104156076908111572e-01,9.932678341865539551e-01,1.331947892904281616e-01,5.530747771263122559e-02,-3.256539814174175262e-03,0.000000000000000000e+00,1.000000000000000000e+00,4.617947041988372803e-01,-3.271274268627166748e-01,1.084815979003906250e+00,8.843887448310852051e-01,-7.820101976394653320e-01,-1.786501854658126831e-01,1.000000000000000000e+00,6.541121602058410645e-01,-7.265125960111618042e-02,8.093451857566833496e-01,6.734652519226074219e-01,-6.277793645858764648e-01,4.891536012291908264e-02,1.000000000000000000e+00,1.997439146041870117e+00,8.907133340835571289e-02,8.067930936813354492e-01,-5.741820335388183594e-01,-3.166399002075195312e-01,2.092251032590866089e-01,1.000000000000000000e+00,2.391545534133911133e+00,9.426584094762802124e-02,8.961135149002075195e-01,-6.321163773536682129e-01,-5.283426642417907715e-01,-2.394813299179077148e-02,1.000000000000000000e+00,1.000000000000000000e+00,0.000000000000000000e+00,0.000000000000000000e+00,1.000000000000000000e+00,1.997439146041870117e+00,8.907133340835571289e-02,8.067930936813354492e-01,-5.741820335388183594e-01,-3.166399002075195312e-01,2.092251032590866089e-01,1.851434079598586746e-01,2.960828524097092185e-02,1.062110790599241072e-02,1.000000000000000000e+00,2.391545534133911133e+00,9.426584094762802124e-02,8.961135149002075195e-01,-6.321163773536682129e-01,-5.283426642417907715e-01,-2.394813299179077148e-02,5.471072266573780152e-02,-1.828370950554236707e-02,-9.973376719943118085e-04,1.000000000000000000e+00,1.999999880790710449e-01,1.889117062091827393e-01,-1.000000014901161194e-01,3.830084204673767090e-01,1.310150772333145142e-01,4.322496801614761353e-02,-1.000000014901161194e-01,4.144403338432312012e-01,2.000000029802322388e-01,6.297659873962402344e-02,2.793669700622558594e-02,3.930883109569549561e-01,8.686518669128417969e-02,-1.310110092163085938e-02,-1.140832901000976562e-03,4.005227386951446533e-01
1.380000000000000115e+00,4.797061681747436523e-01,-3.430743515491485596e-01,1.081089735031127930e+00,9.092091917991638184e-01,-8.160327672958374023e-01,-1.957333087921142578e-01,9.757631421089172363e-01,1.370866894721984863e-01,1.705684661865234375e-01,-9.864308685064315796e-02,9.713196158409118652e-01,-2.163512110710144043e-01,-1.953353583812713623e-01,1.942821443080902100e-01,9.613004922866821289e-01,2.620690269395709038e-03,-1.289432495832443237e-02,9.659945964813232422e-03,1.000000000000000000e+00,0.000000000000000000e+00,4.797061681747436523e-01,-3.430743515491485596e-01,1.081089735031127930e+00,9.092091917991638184e-01,-8.160327672958374023e-01,-1.957333087921142578e-01,1.000000000000000000e+00,6.675766706466674805e-01,-8.535913378000259399e-02,8.102499842643737793e-01,6.729692816734313965e-01,-6.448162198066711426e-01,4.111404716968536377e-02,1.000000000000000000e+00,1.986051559448242188e+00,8.243698626756668091e-02,8.109243512153625488e-01,-5.633677244186401367e-01,-3.501453697681427002e-01,2.031750530004501343e-01,1.000000000000000000e+00,2.378912925720214844e+00,8.363430947065353394e-02,8.956853151321411133e-01,-6.309111118316650391e-01,-5.356516242027282715e-01,-1.858353242278099060e-02,1.000000000000000000e+00,1.000000000000000000e+00,0.000000000000000000e+00,0.000000000000000000e+00,1.000000000000000000e+00,6.675766706466674805e-01,-8.535913378000259399e-02,8.102499842643737793e-01,6.729692816734313965e-01,-6.448162198066711426e-01,4.111404716968536377e-02,9.942903518676757812e-01,1.038959026336669922e-01,2.434050664305686951e-02,-1.004085987806320190e-01,9.881382584571838379e-01,-1.161936447024345398e-01,-3.612382709980010986e-02,1.130862161517143250e-01,9.929283261299133301e-01,1.358518004417419434e-01,5.359761789441108704e-02,-3.290200373157858849e-03,0.000000000000000000e+00,1.000000000000000000e+00,4.797061681747436523e-01,-3.430743515491485596e-01,1.081089735031127930e+00,9.092091917991638184e-01,-8.160327672958374023e-01,-1.957333087921142578e-01,1.000000000000000000e+00,6.675766706466674805e-01,-8.535913378000259399e-02,8.102499842643737793e-01,6.729692816734313965e-01,-6.448162198066711426e-01,4.111404716968536377e-02,1.000000000000000000e+00,1.986051559448242188e+00,8.243698626756668091e-02,8.109243512153625488e-01,-5.633677244186401367e-01,-3.501453697681427002e-01,2.031750530004501343e-01,1.000000000000000000e+00,2.378912925720214844e+00,8.363430947065353394e-02,8.956853151321411133e-01,-6.309111118316650391e-01,-5.356516242027282715e-01,-1.858353242278099060e-02,1.000000000000000000e+00,1.000000000000000000e+00,0.000000000000000000e+00,0.000000000000000000e+00,1.000000000000000000e+00,1.986051559448242188e+00,8.243698626756668091e-02,8.109243512153625488e-01,-5.633677244186401367e-01,-3.501453697681427002e-01,2.031750530004501343e-01,1.872636182120878678e-01,3.373945562631108785e-02,1.285417349117982944e-02,1.000000000000000000e+00,2.378912925720214844e+00,8.363430947065353394e-02,8.956853151321411133e-01,-6.309111118316650391e-01,-5.356516242027282715e-01,-1.858353242278099060e-02,5.871600383430199827e-02,-1.764735302791797800e-02,-1.052166775474046301e-03,1.000000000000000000e+00,2.000000029802322388e-01,1.757683902978897095e-01,-1.000000014901161194e-01,3.822247982025146484e-01,1.328570544719696045e-01,4.392084851861000061e-02,-1.000000014901161194e-01,4.160296022891998291e-01,2.000000029802322388e-01,6.979298591613769531e-02,3.273344039916992188e-02,3.914934694766998291e-01,9.342026710510253906e-02,-1.192545890808105469e-02,-1.117229461669921875e-03,3.987354636192321777e-01
1.400000000000000133e+00,4.981117844581604004e-01,-3.596988320350646973e-01,1.077019333839416504e+00,9.337409138679504395e-01,-8.497277498245239258e-01,-2.130376100540161133e-01,9.759665131568908691e-01,1.367765069007873535e-01,1.696513742208480835e-01,-9.853047877550125122e-02,9.713437557220458984e-01,-2.162939161062240601e-01,-1.943737417459487915e-01,1.943797916173934937e-01,9.614756107330322266e-01,8.246088982559740543e-04,-9.651980549097061157e-02,2.303266711533069611e-02,1.000000000000000000e+00,0.000000000000000000e+00,4.981117844581604004e-01,-3.596988320350646973e-01,1.077019333839416504e+00,9.337409138679504395e-01,-8.497277498245239258e-01,-2.130376100540161133e-01,1.000000000000000000e+00,6.810330152511596680e-01,-9.841336309909820557e-02,8.110158443450927734e-01,6.726722717285156250e-01,-6.624719500541687012e-01,3.515790402889251709e-02,1.000000000000000000e+00,1.974887251853942871e+00,7.513271272182464600e-02,8.149280548095703125e-01,-5.517557263374328613e-01,-3.836174309253692627e-01,1.963878720998764038e-01,1.000000000000000000e+00,2.366307020187377930e+00,7.285041362047195435e-02,8.953515291213989258e-01,-6.295587420463562012e-01,-5.436604022979736328e-01,-1.462185010313987732e-02,1.000000000000000000e+00,1.000000000000000000e+00,0.000000000000000000e+00,0.000000000000000000e+00,1.000000000000000000e+00,6.810330152511596680e-01,-9.841336309909820557e-02,8.110158443450927734e-01,6.726722717285156250e-01,-6.624719500541687012e-01,3.515790402889251709e-02,9.942571520805358887e-01,1.040297970175743103e-01,2.511156722903251648e-02,-1.003507301211357117e-01,9.878134131431579590e-01,-1.189728081226348877e-01,-3.718225657939910889e-02,1.157695949077606201e-01,9.925799965858459473e-01,1.335223764181137085e-01,5.204617232084274292e-02,-3.411266021430492401e-03,0.000000000000000000e+00,1.000000000000000000e+00,4.981117844581604004e-01,-3.596988320350646973e-01,1.077019333839416504e+00,9.337409138679504395e-01,-8.497277498245239258e-01,-2.130376100540161133e-01,1.000000000000000000e+00,6.810330152511596680e-01,-9.841336309909820557e-02,8.110158443450927734e-01,6.726722717285156250e-01,-6.624719500541687012e-01,3.515790402889251709e-02,1.000000000000000000e+00,1.974887251853942871e+00,7.513271272182464600e-02,8.149280548095703125e-01,-5.517557263374328613e-01,-3.836174309253692627e-01,1.963878720998764038e-01,1.000000000000000000e+00,2.366307020187377930e+00,7.285041362047195435e-02,8.953515291213989258e-01,-6.295587420463562012e-01,-5.436604022979736328e-01,-1.462185010313987732e-02,1.000000000000000000e+00,1.000000000000000000e+00,0.000000000000000000e+00,0.000000000000000000e+00,1.000000000000000000e+00,1.974887251853942871e+00,7.513271272182464600e-02,8.149280548095703125e-01,-5.517557263374328613e-01,-3.836174309253692627e-01,1.963878720998764038e-01,1.890899175819642508e-01,3.820704964330734477e-02,1.544445306025173104e-02,1.000000000000000000e+00,2.366307020187377930e+00,7.285041362047195435e-02,8.953515291213989258e-01,-6.295587420463562012e-01,-5.436604022979736328e-01,-1.462185010313987732e-02,6.306910830123853284e-02,-1.694082441642219550e-02,-1.100966654075413720e-03,1.000000000000000000e+00,2.000000029802322388e-01,1.564545482397079468e-01,-1.000000014901161194e-01,3.792657554149627686e-01,1.340835392475128174e-01,4.481555148959159851e-02,-1.000000014901161194e-01,4.165301322937011719e-01,2.000000029802322388e-01,7.702326774597167969e-02,3.817844390869140625e-02,3.898171484470367432e-01,1.001822948455810547e-01,-1.066565513610839844e-02,-1.072168350219726562e-03,3.973975777626037598e-01
1.419999999999999929e+00,5.170034170150756836e-01,-3.769938945770263672e-01,1.072601079940795898e+00,9.576870799064636230e-01,-8.830379247665405273e-01,-2.306163161993026733e-01,9.765568971633911133e-01,1.361250281333923340e-01,1.667538285255432129e-01,-9.852228313684463501e-02,9.714080691337585449e-01,-2.160090953111648560e-01,-1.913902461528778076e-01,1.945161670446395874e-01,9.620465040206909180e-01,1.811385882319882512e-04,-2.183203250169754028e-01,4.398172348737716675e-02,1.000000000000000000e+00,0.000000000000000000e+00,5.170034170150756836e-01,-3.769938945770263672e-01,1.072601079940795898e+00,9.576870799064636230e-01,-8.830379247665405273e-01,-2.306163161993026733e-01,1.000000000000000000e+00,6.944851875305175781e-01,-1.118260398507118225e-01,8.116770386695861816e-01,6.725633740425109863e-01,-6.807112097740173340e-01,3.075694106519222260e-02,1.000000000000000000e+00,1.963962912559509277e+00,6.715979427099227905e-02,8.187892436981201172e-01,-5.392807722091674805e-01,-4.169875085353851318e-01,1.888509243726730347e-01,1.000000000000000000e+00,2.353729248046875000e+00,6.189957633614540100e-02,8.950854539871215820e-01,-6.280506253242492676e-01,-5.524294972419738770e-01,-1.191537082195281982e-02,1.000000000000000000e+00,1.000000000000000000e+00,0.000000000000000000e+00,0.000000000000000000e+00,1.000000000000000000e+00,6.944851875305175781e-01,-1.118260398507118225e-01,8.116770386695861816e-01,6.725633740425109863e-01,-6.807112097740173340e-01,3.075694106519222260e-02,9.942236542701721191e-01,1.041666790843009949e-01,2.585996314883232117e-02,-1.002976074814796448e-01,9.874935746192932129e-01,-1.216426938772201538e-01,-3.820766136050224304e-02,1.183463484048843384e-01,9.922370910644531250e-01,1.245159730315208435e-01,5.034735426306724548e-02,-3.660552669316530228e-03,0.000000000000000000e+00,1.000000000000000000e+00,5.170034170150756836e-01,-3.769938945770263672e-01,1.072601079940795898e+00,9.576870799064636230e-01,-8.830379247665405273e-01,-2.306163161993026733e-01,1.000000000000000000e+00,6.944851875305175781e-01,-1.118260398507118225e-01,8.116770386695861816e-01,6.725633740425109863e-01,-6.807112097740173340e-01,3.075694106519222260e-02,1.000000000000000000e+00,1.963962912559509277e+00,6.715979427099227905e-02,8.187892436981201172e-01,-5.392807722091674805e-01,-4.169875085353851318e-01,1.888509243726730347e-01,1.000000000000000000e+00,2.353729248046875000e+00,6.189957633614540100e-02,8.950854539871215820e-01,-6.280506253242492676e-01,-5.524294972419738770e-01,-1.191537082195281982e-02,1.000000000000000000e+00,1.000000000000000000e+00,0.000000000000000000e+00,0.000000000000000000e+00,1.000000000000000000e+00,1.963962912559509277e+00,6.715979427099227905e-02,8.187892436981201172e-01,-5.392807722091674805e-01,-4.169875085353851318e-01,1.888509243726730347e-01,1.906478750828103363e-01,4.302074671804256845e-02,1.843628979773186127e-02,1.000000000000000000e+00,2.353729248046875000e+00,6.189957633614540100e-02,8.950854539871215820e-01,-6.280506253242492676e-01,-5.524294972419738770e-01,-1.191537082195281982e-02,6.775335725244432949e-02,-1.616275610298312237e-02,-1.141513272908928345e-03,1.000000000000000000e+00,2.000000029802322388e-01,1.399285793304443359e-01,-1.000000014901161194e-01,3.781917393207550049e-01,1.346040368080139160e-01,4.584924131631851196e-02,-1.000000014901161194e-01,4.161402583122253418e-01,2.000000029802322388e-01,8.462882041931152344e-02,4.430556297302246094e-02,3.880346119403839111e-01,1.071114540100097656e-01,-9.316682815551757812e-03,-1.001834869384765625e-03,3.964650630950927734e-01
1.439999999999999947e+00,5.363656282424926758e-01,-3.949512243270874023e-01,1.067827939987182617e+00,9.806227684020996094e-01,-9.159001111984252930e-01,-2.484861016273498535e-01,9.776093959808349609e-01,1.350480020046234131e-01,1.613757610321044922e-01,-9.863556176424026489e-02,9.715132117271423340e-01,-2.154838293790817261e-01,-1.858793199062347412e-01,1.947415918111801147e-01,9.630808830261230469e-01,2.117631491273641586e-03,-3.409466147422790527e-01,6.598369032144546509e-02,1.000000000000000000e+00,0.000000000000000000e+00,5.363656282424926758e-01,-3.949512243270874023e-01,1.067827939987182617e+00,9.806227684020996094e-01,-9.159001111984252930e-01,-2.484861016273498535e-01,1.000000000000000000e+00,7.079367041587829590e-01,-1.256082952022552490e-01,8.122618794441223145e-01,6.726320981979370117e-01,-6.994667053222656250e-01,2.758551575243473053e-02,1.000000000000000000e+00,1.953296184539794922e+00,5.852088332176208496e-02,8.224928379058837891e-01,-5.258766412734985352e-01,-4.501903653144836426e-01,1.805451512336730957e-01,1.000000000000000000e+00,2.341183185577392578e+00,5.076609551906585693e-02,8.948633670806884766e-01,-6.263778209686279297e-01,-5.620170235633850098e-01,-1.030156016349792480e-02,1.000000000000000000e+00,1.000000000000000000e+00,0.000000000000000000e+00,0.000000000000000000e+00,1.000000000000000000e+00,7.079367041587829590e-01,-1.256082952022552490e-01,8.122618794441223145e-01,6.726320981979370117e-01,-6.994667053222656250e-01,2.758551575243473053e-02,9.941894412040710449e-01,1.043055355548858643e-01,2.660373784601688385e-02,-1.002514958381652832e-01,9.871951341629028320e-01,-1.240780800580978394e-01,-3.920511156320571899e-02,1.206900477409362793e-01,9.919157624244689941e-01,1.098687723278999329e-01,4.942183941602706909e-02,-4.036149475723505020e-03,0.000000000000000000e+00,1.000000000000000000e+00,5.363656282424926758e-01,-3.949512243270874023e-01,1.067827939987182617e+00,9.806227684020996094e-01,-9.159001111984252930e-01,-2.484861016273498535e-01,1.000000000000000000e+00,7.079367041587829590e-01,-1.256082952022552490e-01,8.122618794441223145e-01,6.726320981979370117e-01,-6.994667053222656250e-01,2.758551575243473053e-02,1.000000000000000000e+00,1.953296184539794922e+00,5.852088332176208496e-02,8.224928379058837891e-01,-5.258766412734985352e-01,-4.501903653144836426e-01,1.805451512336730957e-01,1.000000000000000000e+00,2.341183185577392578e+00,5.076609551906585693e-02,8.948633670806884766e-01,-6.263778209686279297e-01,-5.620170235633850098e-01,-1.030156016349792480e-02,1.000000000000000000e+00,1.000000000000000000e+00,0.000000000000000000e+00,0.000000000000000000e+00,1.000000000000000000e+00,1.953296184539794922e+00,5.852088332176208496e-02,8.224928379058837891e-01,-5.258766412734985352e-01,-4.501903653144836426e-01,1.805451512336730957e-01,1.919682015203220127e-01,4.818769252947863180e-02,2.187651756527042579e-02,1.000000000000000000e+00,2.341183185577392578e+00,5.076609551906585693e-02,8.948633670806884766e-01,-6.263778209686279297e-01,-5.620170235633850098e-01,-1.030156016349792480e-02,7.274920107674820446e-02,-1.531108507854472833e-02,-1.171441431922437548e-03,1.000000000000000000e+00,2.000000029802322388e-01,1.245431676506996155e-01,-1.000000014901161194e-01,3.861915767192840576e-01,1.349341422319412231e-01,4.685014486312866211e-02,-1.000000014901161194e-01,4.151062071323394775e-01,2.000000029802322388e-01,9.255290031433105469e-02,5.112361907958984375e-02,3.861236274242401123e-01,1.141583919525146484e-01,-7.872819900512695312e-03,-9.026527404785156250e-04,3.958825170993804932e-01
1.459999999999999964e+00,5.561747550964355469e-01,-4.135620296001434326e-01,1.062698483467102051e+00,1.002205967903137207e+00,-9.483883976936340332e-01,-2.660824656486511230e-01,9.790167808532714844e-01,1.335769891738891602e-01,1.538945883512496948e-01,-9.880739450454711914e-02,9.716483950614929199e-01,-2.147948145866394043e-01,-1.782230585813522339e-01,1.950817704200744629e-01,9.644583463668823242e-01,4.689037334173917770e-03,-4.250272810459136963e-01,8.516691625118255615e-02,1.000000000000000000e+00,0.000000000000000000e+00,5.561747550964355469e-01,-4.135620296001434326e-01,1.062698483467102051e+00,1.002205967903137207e+00,-9.483883976936340332e-01,-2.660824656486511230e-01,1.000000000000000000e+00,7.213912606239318848e-01,-1.397696286439895630e-01,8.127919435501098633e-01,6.728716492652893066e-01,-7.186457514762878418e-01,2.531217038631439209e-02,1.000000000000000000e+00,1.942906618118286133e+00,4.921987280249595642e-02,8.260231018066406250e-01,-5.114765167236328125e-01,-4.831645190715789795e-01,1.714431643486022949e-01,1.000000000000000000e+00,2.328672170639038086e+00,3.943308815360069275e-02,8.946648240089416504e-01,-6.245310306549072266e-01,-5.724784731864929199e-01,-9.614017792046070099e-03,1.000000000000000000e+00,1.000000000000000000e+00,0.000000000000000000e+00,0.000000000000000000e+00,1.000000000000000000e+00,7.213912606239318848e-01,-1.397696286439895630e-01,8.127919435501098633e-01,6.728716492652893066e-01,-7.186457514762878418e-01,2.531217038631439209e-02,9.941539168357849121e-01,1.044455766677856445e-01,2.737260796129703522e-02,-1.002120822668075562e-01,9.869307279586791992e-01,-1.261959224939346313e-01,-4.019547253847122192e-02,1.227151006460189819e-01,9.916276931762695312e-01,9.299927204847335815e-02,4.959729686379432678e-02,-4.463982302695512772e-03,0.000000000000000000e+00,1.000000000000000000e+00,5.561747550964355469e-01,-4.135620296001434326e-01,1.062698483467102051e+00,1.002205967903137207e+00,-9.483883976936340332e-01,-2.660824656486511230e-01,1.000000000000000000e+00,7.213912606239318848e-01,-1.397696286439895630e-01,8.127919435501098633e-01,6.728716492652893066e-01,-7.186457514762878418e-01,2.531217038631439209e-02,1.000000000000000000e+00,1.942906618118286133e+00,4.921987280249595642e-02,8.260231018066406250e-01,-5.114765167236328125e-01,-4.831645190715789795e-01,1.714431643486022949e-01,1.000000000000000000e+00,2.328672170639038086e+00,3.943308815360069275e-02,8.946648240089416504e-01,-6.245310306549072266e-01,-5.724784731864929199e-01,-9.614017792046070099e-03,1.000000000000000000e+00,1.000000000000000000e+00,0.000000000000000000e+00,0.000000000000000000e+00,1.000000000000000000e+00,1.942906618118286133e+00,4.921987280249595642e-02,8.260231018066406250e-01,-5.114765167236328125e-01,-4.831645190715789795e-01,1.714431643486022949e-01,1.930876548740490528e-01,5.370933647444275927e-02,2.581160783062022568e-02,1.000000000000000000e+00,2.328672170639038086e+00,3.943308815360069275e-02,8.946648240089416504e-01,-6.245310306549072266e-01,-5.724784731864929199e-01,-9.614017792046070099e-03,7.803398849618053967e-02,-1.438322301144356885e-02,-1.188211005628339589e-03,1.000000000000000000e+00,1.999999880790710449e-01,1.068743094801902771e-01,-1.000000014901161194e-01,3.861804306507110596e-01,1.353082805871963501e-01,4.795743525028228760e-02,-1.000000014901161194e-01,4.138623476028442383e-01,2.000000029802322388e-01,1.007692813873291016e-01,5.862450599670410156e-02,3.841996788978576660e-01,1.212656497955322266e-01,-6.330251693725585938e-03,-7.715225219726562500e-04,3.955880999565124512e-01
1.479999999999999982e+00,5.764016509056091309e-01,-4.328200817108154297e-01,1.057224273681640625e+00,1.022204279899597168e+00,-9.805900454521179199e-01,-2.828731834888458252e-01,9.806112051010131836e-01,1.317315101623535156e-01,1.450813114643096924e-01,-9.888797998428344727e-02,9.718146324157714844e-01,-2.140037566423416138e-01,-1.691831648349761963e-01,1.955076605081558228e-01,9.659988880157470703e-01,4.860043060034513474e-03,-4.755963087081909180e-01,1.040185168385505676e-01,1.000000000000000000e+00,0.000000000000000000e+00,5.764016509056091309e-01,-4.328200817108154297e-01,1.057224273681640625e+00,1.022204279899597168e+00,-9.805900454521179199e-01,-2.828731834888458252e-01,1.000000000000000000e+00,7.348520755767822266e-01,-1.543175876140594482e-01,8.132823109626770020e-01,6.732807159423828125e-01,-7.381468415260314941e-01,2.363315783441066742e-02,1.000000000000000000e+00,1.932814240455627441e+00,3.926186263561248779e-02,8.293640017509460449e-01,-4.960148036479949951e-01,-5.158536434173583984e-01,1.615161001682281494e-01,1.000000000000000000e+00,2.316199541091918945e+00,2.788260020315647125e-02,8.944729566574096680e-01,-6.225001811981201172e-01,-5.838654637336730957e-01,-9.691433049738407135e-03,1.000000000000000000e+00,1.000000000000000000e+00,0.000000000000000000e+00,0.000000000000000000e+00,1.000000000000000000e+00,7.348520755767822266e-01,-1.543175876140594482e-01,8.132823109626770020e-01,6.732807159423828125e-01,-7.381468415260314941e-01,2.363315783441066742e-02,9.941163063049316406e-01,1.045872718095779419e-01,2.818542346358299255e-02,-1.001783311367034912e-01,9.867024421691894531e-01,-1.279951184988021851e-01,-4.119728133082389832e-02,1.244184523820877075e-01,9.913743138313293457e-01,7.842843234539031982e-02,5.049958825111389160e-02,-4.945377353578805923e-03,0.000000000000000000e+00,1.000000000000000000e+00,5.764016509056091309e-01,-4.328200817108154297e-01,1.057224273681640625e+00,1.022204279899597168e+00,-9.805900454521179199e-01,-2.828731834888458252e-01,1.000000000000000000e+00,7.348520755767822266e-01,-1.543175876140594482e-01,8.132823109626770020e-01,6.732807159423828125e-01,-7.381468415260314941e-01,2.363315783441066742e-02,1.000000000000000000e+00,1.932814240455627441e+00,3.926186263561248779e-02,8.293640017509460449e-01,-4.960148036479949951e-01,-5.158536434173583984e-01,1.615161001682281494e-01,1.000000000000000000e+00,2.316199541091918945e+00,2.788260020315647125e-02,8.944729566574096680e-01,-6.225001811981201172e-01,-5.838654637336730957e-01,-9.691433049738407135e-03,1.000000000000000000e+00,1.000000000000000000e+00,0.000000000000000000e+00,0.000000000000000000e+00,1.000000000000000000e+00,1.932814240455627441e+00,3.926186263561248779e-02,8.293640017509460449e-01,-4.960148036479949951e-01,-5.158536434173583984e-01,1.615161001682281494e-01,1.940406457156142461e-01,5.957832257058215397e-02,3.028385205790082302e-02,1.000000000000000000e+00,2.316199541091918945e+00,2.788260020315647125e-02,8.944729566574096680e-01,-6.225001811981201172e-01,-5.838654637336730957e-01,-9.691433049738407135e-03,8.358119532383938288e-02,-1.337616737390256993e-02,-1.189120968205351070e-03,1.000000000000000000e+00,1.999998241662979126e-01,9.361872822046279907e-02,-1.000000014901161194e-01,3.870983421802520752e-01,1.351710706949234009e-01,4.920317232608795166e-02,-1.000000014901161194e-01,4.125610291957855225e-01,2.000000029802322388e-01,1.092512607574462891e-01,6.677484512329101562e-02,3.823934197425842285e-01,1.283733844757080078e-01,-4.685878753662109375e-03,-6.048679351806640625e-04,3.955197632312774658e-01
1.500000000000000000e+00,5.970126986503601074e-01,-4.527194499969482422e-01,1.051421523094177246e+00,1.040422797203063965e+00,-1.012485265731811523e+00,-2.988579869270324707e-01,9.822775721549987793e-01,1.295497119426727295e-01,1.354542821645736694e-01,-9.880842268466949463e-02,9.720180034637451172e-01,-2.131151258945465088e-01,-1.592729836702346802e-01,1.959541738033294678e-01,9.675920009613037109e-01,2.969856373965740204e-03,-5.044567584991455078e-01,1.183554530143737793e-01,1.000000000000000000e+00,0.000000000000000000e+00,5.970126986503601074e-01,-4.527194499969482422e-01,1.051421523094177246e+00,1.040422797203063965e+00,-1.012485265731811523e+00,-2.988579869270324707e-01,1.000000000000000000e+00,7.483227849006652832e-01,-1.692577898502349854e-01,8.137425184249877930e-01,6.738609075546264648e-01,-7.578799724578857422e-01,2.229483984410762787e-02,1.000000000000000000e+00,1.923041224479675293e+00,2.865300700068473816e-02,8.324989676475524902e-01,-4.794276654720306396e-01,-5.482081174850463867e-01,1.507488042116165161e-01,1.000000000000000000e+00,2.303769350051879883e+00,1.609569601714611053e-02,8.942738175392150879e-01,-6.202740669250488281e-01,-5.962247252464294434e-01,-1.038453634828329086e-02,1.000000000000000000e+00,1.000000000000000000e+00,0.000000000000000000e+00,0.000000000000000000e+00,1.000000000000000000e+00,7.483227849006652832e-01,-1.692577898502349854e-01,8.137425184249877930e-01,6.738609075546264648e-01,-7.578799724578857422e-01,2.229483984410762787e-02,9.940760731697082520e-01,1.047332361340522766e-01,2.904786542057991028e-02,-1.001500412821769714e-01,9.865033626556396484e-01,-1.295421421527862549e-01,-4.222318157553672791e-02,1.258656084537506104e-01,9.911484122276306152e-01,6.728694587945938110e-02,5.197301506996154785e-02,-5.484976805746555328e-03,0.000000000000000000e+00,1.000000000000000000e+00,5.970126986503601074e-01,-4.527194499969482422e-01,1.051421523094177246e+00,1.040422797203063965e+00,-1.012485265731811523e+00,-2.988579869270324707e-01,1.000000000000000000e+00,7.483227849006652832e-01,-1.692577898502349854e-01,8.137425184249877930e-01,6.738609075546264648e-01,-7.578799724578857422e-01,2.229483984410762787e-02,1.000000000000000000e+00,1.923041224479675293e+00,2.865300700068473816e-02,8.324989676475524902e-01,-4.794276654720306396e-01,-5.482081174850463867e-01,1.507488042116165161e-01,1.000000000000000000e+00,2.303769350051879883e+00,1.609569601714611053e-02,8.942738175392150879e-01,-6.202740669250488281e-01,-5.962247252464294434e-01,-1.038453634828329086e-02,1.000000000000000000e+00,1.000000000000000000e+00,0.000000000000000000e+00,0.000000000000000000e+00,1.000000000000000000e+00,1.923041224479675293e+00,2.865300700068473816e-02,8.324989676475524902e-01,-4.794276654720306396e-01,-5.482081174850463867e-01,1.507488042116165161e-01,1.948543222071694447e-01,6.578064615264667125e-02,3.532814057030853050e-02,1.000000000000000000e+00,2.303769350051879883e+00,1.609569601714611053e-02,8.942738175392150879e-01,-6.202740669250488281e-01,-5.962247252464294434e-01,-1.038453634828329086e-02,8.935951225637542294e-02,-1.228675097777220948e-02,-1.171331000811362544e-03,1.000000000000000000e+00,2.000000029802322388e-01,8.385467529296875000e-02,-1.000000014901161194e-01,3.878210186958312988e-01,1.361945122480392456e-01,5.040556192398071289e-02,-1.000000014901161194e-01,4.108909368515014648e-01,2.000000029802322388e-01,1.179430484771728516e-01,7.551288604736328125e-02,3.807236552238464355e-01,1.354260444641113281e-01,-2.937316894531250000e-03,-4.003047943115234375e-04,3.956204652786254883e-01
1.520000000000000018e+00,6.179713010787963867e-01,-4.732539057731628418e-01,1.045306444168090820e+00,1.056755542755126953e+00,-1.044061899185180664e+00,-3.140252232551574707e-01,9.839203357696533203e-01,1.271320581436157227e-01,1.254525035619735718e-01,-9.857540577650070190e-02,9.722536206245422363e-01,-2.121460288763046265e-01,-1.489421874284744263e-01,1.963682621717453003e-01,9.691521525382995605e-01,3.997645690105855465e-04,-5.093562602996826172e-01,1.264857649803161621e-01,1.000000000000000000e+00,0.000000000000000000e+00,6.179713010787963867e-01,-4.732539057731628418e-01,1.045306444168090820e+00,1.056755542755126953e+00,-1.044061899185180664e+00,-3.140252232551574707e-01,1.000000000000000000e+00,7.618064880371093750e-01,-1.845942139625549316e-01,8.141773939132690430e-01,6.746150255203247070e-01,-7.777712941169738770e-01,2.107356861233711243e-02,1.000000000000000000e+00,1.913610577583312988e+00,1.740039698779582977e-02,8.354109525680541992e-01,-4.616539478302001953e-01,-5.801847577095031738e-01,1.391455531120300293e-01,1.000000000000000000e+00,2.291385889053344727e+00,4.052551928907632828e-03,8.940562605857849121e-01,-6.178403496742248535e-01,-6.095968484878540039e-01,-1.156175974756479263e-02,1.000000000000000000e+00,1.000000000000000000e+00,0.000000000000000000e+00,0.000000000000000000e+00,1.000000000000000000e+00,7.618064880371093750e-01,-1.845942139625549316e-01,8.141773939132690430e-01,6.746150255203247070e-01,-7.777712941169738770e-01,2.107356861233711243e-02,9.940329194068908691e-01,1.048857271671295166e-01,2.996223419904708862e-02,-1.001266539096832275e-01,9.863255023956298828e-01,-1.309074610471725464e-01,-4.328283667564392090e-02,1.271262913942337036e-01,9.909418225288391113e-01,6.089106574654579163e-02,5.366077274084091187e-02,-6.056153215467929840e-03,0.000000000000000000e+00,1.000000000000000000e+00,6.179713010787963867e-01,-4.732539057731628418e-01,1.045306444168090820e+00,1.056755542755126953e+00,-1.044061899185180664e+00,-3.140252232551574707e-01,1.000000000000000000e+00,7.618064880371093750e-01,-1.845942139625549316e-01,8.141773939132690430e-01,6.746150255203247070e-01,-7.777712941169738770e-01,2.107356861233711243e-02,1.000000000000000000e+00,1.913610577583312988e+00,1.740039698779582977e-02,8.354109525680541992e-01,-4.616539478302001953e-01,-5.801847577095031738e-01,1.391455531120300293e-01,1.000000000000000000e+00,2.291385889053344727e+00,4.052551928907632828e-03,8.940562605857849121e-01,-6.178403496742248535e-01,-6.095968484878540039e-01,-1.156175974756479263e-02,1.000000000000000000e+00,1.000000000000000000e+00,0.000000000000000000e+00,0.000000000000000000e+00,1.000000000000000000e+00,1.913610577583312988e+00,1.740039698779582977e-02,8.354109525680541992e-01,-4.616539478302001953e-01,-5.801847577095031738e-01,1.391455531120300293e-01,1.955494281695106529e-01,7.229945523071412694e-02,4.096925444679706818e-02,1.000000000000000000e+00,2.291385889053344727e+00,4.052551928907632828e-03,8.940562605857849121e-01,-6.178403496742248535e-01,-6.095968484878540039e-01,-1.156175974756479263e-02,9.533282658345759719e-02,-1.111215572165513699e-02,-1.131432206376022098e-03,1.000000000000000000e+00,2.000000029802322388e-01,7.484977692365646362e-02,-1.000000014901161194e-01,3.900737166404724121e-01,1.374720335006713867e-01,5.142880603671073914e-02,-1.000000014901161194e-01,4.092784523963928223e-01,2.000000029802322388e-01,1.267979145050048828e-01,8.475637435913085938e-02,3.792119026184082031e-01,1.423754692077636719e-01,-1.082181930541992188e-03,-1.552104949951171875e-04,3.958363533020019531e-01
1.540000000000000036e+00,6.392393708229064941e-01,-4.944169521331787109e-01,1.038895845413208008e+00,1.071186423301696777e+00,-1.075324058532714844e+00,-3.283280432224273682e-01,9.854576587677001953e-01,1.245918348431587219e-01,1.155425086617469788e-01,-9.819854050874710083e-02,9.725095033645629883e-01,-2.111451625823974609e-01,-1.386731564998626709e-01,1.967284977436065674e-01,9.706016778945922852e-01,-1.234644441865384579e-03,-4.939027726650238037e-01,1.296478807926177979e-01,1.000000000000000000e+00,0.000000000000000000e+00,6.392393708229064941e-01,-4.944169521331787109e-01,1.038895845413208008e+00,1.071186423301696777e+00,-1.075324058532714844e+00,-3.283280432224273682e-01,1.000000000000000000e+00,7.753068208694458008e-01,-2.003294974565505981e-01,8.145873546600341797e-01,6.755445599555969238e-01,-7.977664470672607422e-01,1.976160332560539246e-02,1.000000000000000000e+00,1.904546737670898438e+00,5.511945113539695740e-03,8.380835056304931641e-01,-4.426354765892028809e-01,-6.117443442344665527e-01,1.267265677452087402e-01,1.000000000000000000e+00,2.279052495956420898e+00,-8.267398923635482788e-03,8.938116431236267090e-01,-6.151856184005737305e-01,-6.240148544311523438e-01,-1.311235781759023666e-02,1.000000000000000000e+00,1.000000000000000000e+00,0.000000000000000000e+00,0.000000000000000000e+00,1.000000000000000000e+00,7.753068208694458008e-01,-2.003294974565505981e-01,8.145873546600341797e-01,6.755445599555969238e-01,-7.977664470672607422e-01,1.976160332560539246e-02,9.939867258071899414e-01,1.050482988357543945e-01,3.091062232851982117e-02,-1.001089960336685181e-01,9.861534237861633301e-01,-1.322110146284103394e-01,-4.437115415930747986e-02,1.283215433359146118e-01,9.907395839691162109e-01,6.144928187131881714e-02,5.439127236604690552e-02,-6.498311646282672882e-03,0.000000000000000000e+00,1.000000000000000000e+00,6.392393708229064941e-01,-4.944169521331787109e-01,1.038895845413208008e+00,1.071186423301696777e+00,-1.075324058532714844e+00,-3.283280432224273682e-01,1.000000000000000000e+00,7.753068208694458008e-01,-2.003294974565505981e-01,8.145873546600341797e-01,6.755445599555969238e-01,-7.977664470672607422e-01,1.976160332560539246e-02,1.000000000000000000e+00,1.904546737670898438e+00,5.511945113539695740e-03,8.380835056304931641e-01,-4.426354765892028809e-01,-6.117443442344665527e-01,1.267265677452087402e-01,1.000000000000000000e+00,2.279052495956420898e+00,-8.267398923635482788e-03,8.938116431236267090e-01,-6.151856184005737305e-01,-6.240148544311523438e-01,-1.311235781759023666e-02,1.000000000000000000e+00,1.000000000000000000e+00,0.000000000000000000e+00,0.000000000000000000e+00,1.000000000000000000e+00,1.904546737670898438e+00,5.511945113539695740e-03,8.380835056304931641e-01,-4.426354765892028809e-01,-6.117443442344665527e-01,1.267265677452087402e-01,1.961437290252465160e-01,7.911525591059032081e-02,4.721898451027119192e-02,1.000000000000000000e+00,2.279052495956420898e+00,-8.267398923635482788e-03,8.938116431236267090e-01,-6.151856184005737305e-01,-6.240148544311523438e-01,-1.311235781759023666e-02,1.014617186592216003e-01,-9.849750694511882898e-03,-1.065679197264191025e-03,1.000000000000000000e+00,2.000000029802322388e-01,6.589300185441970825e-02,-1.000000014901161194e-01,3.917486667633056641e-01,1.390781104564666748e-01,5.217362567782402039e-02,-1.000000014901161194e-01,4.078536629676818848e-01,2.000000029802322388e-01,1.357829570770263672e-01,9.440660476684570312e-02,3.778889775276184082e-01,1.491839885711669922e-01,8.816719055175781250e-04,1.325607299804687500e-04,3.961153924465179443e-01
1.560000000000000053e+00,6.607793569564819336e-01,-5.162026882171630859e-01,1.032207369804382324e+00,1.083776473999023438e+00,-1.106296062469482422e+00,-3.416883945465087891e-01,9.868514537811279297e-01,1.220202818512916565e-01,1.059981584548950195e-01,-9.770453721284866333e-02,9.727702140808105469e-01,-2.101718783378601074e-01,-1.287570595741271973e-01,1.970518827438354492e-01,9.719014763832092285e-01,-9.786185109987854958e-04,-4.730931818485260010e-01,1.290542483329772949e-01,1.000000000000000000e+00,0.000000000000000000e+00,6.607793569564819336e-01,-5.162026882171630859e-01,1.032207369804382324e+00,1.083776473999023438e+00,-1.106296062469482422e+00,-3.416883945465087891e-01,1.000000000000000000e+00,7.888274192810058594e-01,-2.164653688669204712e-01,8.149688839912414551e-01,6.766459345817565918e-01,-8.178409934043884277e-01,1.819105260074138641e-02,1.000000000000000000e+00,1.895874738693237305e+00,-7.003685925155878067e-03,8.405005335807800293e-01,-4.223177134990692139e-01,-6.428518891334533691e-01,1.135267391800880432e-01,1.000000000000000000e+00,2.266774415969848633e+00,-2.088530920445919037e-02,8.935331702232360840e-01,-6.122955083847045898e-01,-6.395032405853271484e-01,-1.494774315506219864e-02,1.000000000000000000e+00,1.000000000000000000e+00,0.000000000000000000e+00,0.000000000000000000e+00,1.000000000000000000e+00,7.888274192810058594e-01,-2.164653688669204712e-01,8.149688839912414551e-01,6.766459345817565918e-01,-8.178409934043884277e-01,1.819105260074138641e-02,9.939388632774353027e-01,1.052200347185134888e-01,3.184792026877403259e-02,-1.000968217849731445e-01,9.859717488288879395e-01,-1.335678845643997192e-01,-4.545516893267631531e-02,1.295704394578933716e-01,9.905278086662292480e-01,6.608500331640243530e-02,5.279032140970230103e-02,-6.673206575214862823e-03,0.000000000000000000e+00,1.000000000000000000e+00,6.607793569564819336e-01,-5.162026882171630859e-01,1.032207369804382324e+00,1.083776473999023438e+00,-1.106296062469482422e+00,-3.416883945465087891e-01,1.000000000000000000e+00,7.888274192810058594e-01,-2.164653688669204712e-01,8.149688839912414551e-01,6.766459345817565918e-01,-8.178409934043884277e-01,1.819105260074138641e-02,1.000000000000000000e+00,1.895874738693237305e+00,-7.003685925155878067e-03,8.405005335807800293e-01,-4.223177134990692139e-01,-6.428518891334533691e-01,1.135267391800880432e-01,1.000000000000000000e+00,2.266774415969848633e+00,-2.088530920445919037e-02,8.935331702232360840e-01,-6.122955083847045898e-01,-6.395032405853271484e-01,-1.494774315506219864e-02,1.000000000000000000e+00,1.000000000000000000e+00,0.000000000000000000e+00,0.000000000000000000e+00,1.000000000000000000e+00,1.895874738693237305e+00,-7.003685925155878067e-03,8.405005335807800293e-01,-4.223177134990692139e-01,-6.428518891334533691e-01,1.135267391800880432e-01,1.966543397867500653e-01,8.620534784696709529e-02,5.407349741175870861e-02,1.000000000000000000e+00,2.266774415969848633e+00,-2.088530920445919037e-02,8.935331702232360840e-01,-6.122955083847045898e-01,-6.395032405853271484e-01,-1.494774315506219864e-02,1.077062170652608453e-01,-8.496483721743164352e-03,-9.711184345572096421e-04,1.000000000000000000e+00,1.981985718011856079e-01,5.725243315100669861e-02,-1.000000014901161194e-01,3.934562206268310547e-01,1.408329159021377563e-01,5.279121920466423035e-02,-1.000000014901161194e-01,4.063656330108642578e-01,2.000000029802322388e-01,1.448771953582763672e-01,1.000000014901161194e-01,3.767944276332855225e-01,1.558263301849365234e-01,2.957820892333984375e-03,4.646778106689453125e-04,3.964122235774993896e-01
1.580000000000000071e+00,6.825551986694335938e-01,-5.386053323745727539e-01,1.025260329246520996e+00,1.094603776931762695e+00,-1.136997580528259277e+00,-3.540856838226318359e-01,9.881055355072021484e-01,1.194854751229286194e-01,9.680356085300445557e-02,-9.716413170099258423e-02,9.730272889137268066e-01,-2.092300802469253540e-01,-1.191924512386322021e-01,1.973355263471603394e-01,9.730632305145263672e-01,-4.232832696288824081e-03,-4.590689539909362793e-01,1.254238933324813843e-01,1.000000000000000000e+00,0.000000000000000000e+00,6.825551986694335938e-01,-5.386053323745727539e-01,1.025260329246520996e+00,1.094603776931762695e+00,-1.136997580528259277e+00,-3.540856838226318359e-01,1.000000000000000000e+00,8.023714423179626465e-01,-2.330034226179122925e-01,8.153158426284790039e-01,6.779065132141113281e-01,-8.379921317100524902e-01,1.623795554041862488e-02,1.000000000000000000e+00,1.887621283531188965e+00,-2.013716846704483032e-02,8.426469564437866211e-01,-4.006505012512207031e-01,-6.734765768051147461e-01,9.959720075130462646e-02,1.000000000000000000e+00,2.254556417465209961e+00,-3.382274508476257324e-02,8.932160735130310059e-01,-6.091544628143310547e-01,-6.560781598091125488e-01,-1.700039580464363098e-02,1.000000000000000000e+00,1.000000000000000000e+00,0.000000000000000000e+00,0.000000000000000000e+00,1.000000000000000000e+00,8.023714423179626465e-01,-2.330034226179122925e-01,8.153158426284790039e-01,6.779065132141113281e-01,-8.379921317100524902e-01,1.623795554041862488e-02,9.938917160034179688e-01,1.053972691297531128e-01,3.272320702672004700e-02,-1.000911742448806763e-01,9.857749342918395996e-01,-1.350172013044357300e-01,-4.648816213011741638e-02,1.309171766042709351e-01,9.903028011322021484e-01,7.091215252876281738e-02,4.922882094979286194e-02,-6.607030052691698074e-03,0.000000000000000000e+00,1.000000000000000000e+00,6.825551986694335938e-01,-5.386053323745727539e-01,1.025260329246520996e+00,1.094603776931762695e+00,-1.136997580528259277e+00,-3.540856838226318359e-01,1.000000000000000000e+00,8.023714423179626465e-01,-2.330034226179122925e-01,8.153158426284790039e-01,6.779065132141113281e-01,-8.379921317100524902e-01,1.623795554041862488e-02,1.000000000000000000e+00,1.887621283531188965e+00,-2.013716846704483032e-02,8.426469564437866211e-01,-4.006505012512207031e-01,-6.734765768051147461e-01,9.959720075130462646e-02,1.000000000000000000e+00,2.254556417465209961e+00,-3.382274508476257324e-02,8.932160735130310059e-01,-6.091544628143310547e-01,-6.560781598091125488e-01,-1.700039580464363098e-02,1.000000000000000000e+00,1.000000000000000000e+00,0.000000000000000000e+00,0.000000000000000000e+00,1.000000000000000000e+00,1.887621283531188965e+00,-2.013716846704483032e-02,8.426469564437866211e-01,-4.006505012512207031e-01,-6.734765768051147461e-01,9.959720075130462646e-02,1.970908359430811885e-01,9.356470362074009728e-02,6.135125288962134382e-02,1.000000000000000000e+00,2.254556417465209961e+00,-3.382274508476257324e-02,8.932160735130310059e-01,-6.091544628143310547e-01,-6.560781598091125488e-01,-1.700039580464363098e-02,1.140273967681348366e-01,-7.049344147487035528e-03,-8.452008061245117054e-04,1.000000000000000000e+00,1.924472898244857788e-01,4.918107762932777405e-02,-1.000000014901161194e-01,3.945558667182922363e-01,1.426620483398437500e-01,5.319259688258171082e-02,-1.000000014901161194e-01,4.046969711780548096e-01,2.000000029802322388e-01,1.540639400482177734e-01,1.000000014901161194e-01,3.759520351886749268e-01,1.622869968414306641e-01,5.149364471435546875e-03,8.430480957031250000e-04,3.966902494430541992e-01
1.600000000000000089e+00,7.045322060585021973e-01,-5.616196393966674805e-01,1.018073916435241699e+00,1.103724360466003418e+00,-1.167425751686096191e+00,-3.655341267585754395e-01,9.892380833625793457e-01,1.170277968049049377e-01,8.782231062650680542e-02,-9.666762501001358032e-02,9.733147621154785156e-01,-2.081200778484344482e-01,-1.098345741629600525e-01,1.973907053470611572e-01,9.741527438163757324e-01,-2.572111785411834717e-02,-4.527421295642852783e-01,1.190623268485069275e-01,1.000000000000000000e+00,0.000000000000000000e+00,7.045322060585021973e-01,-5.616196393966674805e-01,1.018073916435241699e+00,1.103724360466003418e+00,-1.167425751686096191e+00,-3.655341267585754395e-01,1.000000000000000000e+00,8.159419298171997070e-01,-2.499451935291290283e-01,8.156195282936096191e-01,6.793061494827270508e-01,-8.582209348678588867e-01,1.379783079028129578e-02,1.000000000000000000e+00,1.879813432693481445e+00,-3.387857601046562195e-02,8.445083498954772949e-01,-3.776002526283264160e-01,-7.035884261131286621e-01,8.495722711086273193e-02,1.000000000000000000e+00,2.242403745651245117e+00,-4.710151627659797668e-02,8.928562998771667480e-01,-6.057459712028503418e-01,-6.737474203109741211e-01,-1.922216825187206268e-02,1.000000000000000000e+00,1.000000000000000000e+00,0.000000000000000000e+00,0.000000000000000000e+00,1.000000000000000000e+00,8.159419298171997070e-01,-2.499451935291290283e-01,8.156195282936096191e-01,6.793061494827270508e-01,-8.582209348678588867e-01,1.379783079028129578e-02,9.938468337059020996e-01,1.055746302008628845e-01,3.350946307182312012e-02,-1.000911369919776917e-01,9.855651259422302246e-01,-1.365410089492797852e-01,-4.744101315736770630e-02,1.323468089103698730e-01,9.900676608085632324e-01,7.429482042789459229e-02,4.477642104029655457e-02,-6.291930098086595535e-03,0.000000000000000000e+00,1.000000000000000000e+00,7.045322060585021973e-01,-5.616196393966674805e-01,1.018073916435241699e+00,1.103724360466003418e+00,-1.167425751686096191e+00,-3.655341267585754395e-01,1.000000000000000000e+00,8.159419298171997070e-01,-2.499451935291290283e-01,8.156195282936096191e-01,6.793061494827270508e-01,-8.582209348678588867e-01,1.379783079028129578e-02,1.000000000000000000e+00,1.879813432693481445e+00,-3.387857601046562195e-02,8.445083498954772949e-01,-3.776002526283264160e-01,-7.035884261131286621e-01,8.495722711086273193e-02,1.000000000000000000e+00,2.242403745651245117e+00,-4.710151627659797668e-02,8.928562998771667480e-01,-6.057459712028503418e-01,-6.737474203109741211e-01,-1.922216825187206268e-02,1.000000000000000000e+00,1.000000000000000000e+00,0.000000000000000000e+00,0.000000000000000000e+00,1.000000000000000000e+00,1.879813432693481445e+00,-3.387857601046562195e-02,8.445083498954772949e-01,-3.776002526283264160e-01,-7.035884261131286621e-01,8.495722711086273193e-02,1.974825795431423281e-01,1.011708184192108284e-01,6.855385281955664323e-02,1.000000000000000000e+00,2.242403745651245117e+00,-4.710151627659797668e-02,8.928562998771667480e-01,-6.057459712028503418e-01,-6.737474203109741211e-01,-1.922216825187206268e-02,1.203888348661819319e-01,-5.505657309734512950e-03,-6.856616594169348544e-04,1.000000000000000000e+00,1.842210143804550171e-01,4.157341644167900085e-02,-1.000000014901161194e-01,3.950071036815643311e-01,1.440678387880325317e-01,5.209665372967720032e-02,-1.000000014901161194e-01,4.030532836914062500e-01,2.000000029802322388e-01,1.633293628692626953e-01,1.000000014901161194e-01,3.753901720046997070e-01,1.685519218444824219e-01,7.458925247192382812e-03,1.269340515136718750e-03,3.969168961048126221e-01
1.620000000000000107e+00,7.266764044761657715e-01,-5.852395892143249512e-01,1.010666728019714355e+00,1.111167907714843750e+00,-1.197500467300415039e+00,-3.760991394519805908e-01,9.902576804161071777e-01,1.146597936749458313e-01,7.901238650083541870e-02,-9.628028422594070435e-02,9.737274646759033203e-01,-2.063613533973693848e-01,-1.005978807806968689e-01,1.967435777187347412e-01,9.752805829048156738e-01,-7.544050365686416626e-02,-4.475538134574890137e-01,1.107085198163986206e-01,1.000000000000000000e+00,0.000000000000000000e+00,7.266764044761657715e-01,-5.852395892143249512e-01,1.010666728019714355e+00,1.111167907714843750e+00,-1.197500467300415039e+00,-3.760991394519805908e-01,1.000000000000000000e+00,8.295416235923767090e-01,-2.672922313213348389e-01,8.158693909645080566e-01,6.808207035064697266e-01,-8.785249590873718262e-01,1.078615244477987289e-02,1.000000000000000000e+00,1.872478961944580078e+00,-4.821750521659851074e-02,8.460707068443298340e-01,-3.531613349914550781e-01,-7.331783771514892578e-01,6.963387876749038696e-02,1.000000000000000000e+00,2.230321884155273438e+00,-6.074352562427520752e-02,8.924508094787597656e-01,-6.020526289939880371e-01,-6.925103664398193359e-01,-2.158267237246036530e-02,1.000000000000000000e+00,1.000000000000000000e+00,0.000000000000000000e+00,0.000000000000000000e+00,1.000000000000000000e+00,8.295416235923767090e-01,-2.672922313213348389e-01,8.158693909645080566e-01,6.808207035064697266e-01,-8.785249590873718262e-01,1.078615244477987289e-02,9.938066601753234863e-01,1.057391092181205750e-01,3.417395800352096558e-02,-1.000902876257896423e-01,9.853479862213134766e-01,-1.381001174449920654e-01,-4.827581346035003662e-02,1.338243186473846436e-01,9.898286461830139160e-01,7.519318163394927979e-02,3.588058426976203918e-02,-5.046176258474588394e-03,0.000000000000000000e+00,1.000000000000000000e+00,7.266764044761657715e-01,-5.852395892143249512e-01,1.010666728019714355e+00,1.111167907714843750e+00,-1.197500467300415039e+00,-3.760991394519805908e-01,1.000000000000000000e+00,8.295416235923767090e-01,-2.672922313213348389e-01,8.158693909645080566e-01,6.808207035064697266e-01,-8.785249590873718262e-01,1.078615244477987289e-02,1.000000000000000000e+00,1.872478961944580078e+00,-4.821750521659851074e-02,8.460707068443298340e-01,-3.531613349914550781e-01,-7.331783771514892578e-01,6.963387876749038696e-02,1.000000000000000000e+00,2.230321884155273438e+00,-6.074352562427520752e-02,8.924508094787597656e-01,-6.020526289939880371e-01,-6.925103664398193359e-01,-2.158267237246036530e-02,1.000000000000000000e+00,1.000000000000000000e+00,0.000000000000000000e+00,0.000000000000000000e+00,1.000000000000000000e+00,1.872478961944580078e+00,-4.821750521659851074e-02,8.460707068443298340e-01,-3.531613349914550781e-01,-7.331783771514892578e-01,6.963387876749038696e-02,1.978925117281107038e-01,1.089392535925073346e-01,7.516937244264962348e-02,1.000000000000000000e+00,2.230321884155273438e+00,-6.074352562427520752e-02,8.924508094787597656e-01,-6.020526289939880371e-01,-6.925103664398193359e-01,-2.158267237246036530e-02,1.267570104122920926e-01,-3.862867544053738555e-03,-4.903713170228002349e-04,1.000000000000000000e+00,1.716507971286773682e-01,3.497975319623947144e-02,-1.000000014901161194e-01,3.952261209487915039e-01,1.451901048421859741e-01,4.983320832252502441e-02,-1.000000014901161194e-01,4.000093936920166016e-01,2.000000029802322388e-01,1.726577281951904297e-01,1.000000014901161194e-01,3.751235902309417725e-01,1.746063232421875000e-01,9.889364242553710938e-03,1.744508743286132812e-03,3.970641195774078369e-01
1.640000000000000124e+00,7.489547729492187500e-01,-6.094565391540527344e-01,1.003055572509765625e+00,1.116968393325805664e+00,-1.227036714553833008e+00,-3.858550786972045898e-01,9.911614656448364258e-01,1.123920604586601257e-01,7.047773152589797974e-02,-9.602469950914382935e-02,9.743735790252685547e-01,-2.034098654985427856e-01,-9.153328090906143188e-02,1.948444098234176636e-01,9.765538573265075684e-01,-1.523271948099136353e-01,-4.364346563816070557e-01,1.004309281706809998e-01,1.000000000000000000e+00,0.000000000000000000e+00,7.489547729492187500e-01,-6.094565391540527344e-01,1.003055572509765625e+00,1.116968393325805664e+00,-1.227036714553833008e+00,-3.858550786972045898e-01,1.000000000000000000e+00,8.431722521781921387e-01,-2.850458920001983643e-01,8.160529136657714844e-01,6.824100613594055176e-01,-8.988826274871826172e-01,7.063760422170162201e-03,1.000000000000000000e+00,1.865645885467529297e+00,-6.314370781183242798e-02,8.473210930824279785e-01,-3.273456990718841553e-01,-7.622718811035156250e-01,5.372250825166702271e-02,1.000000000000000000e+00,2.218316316604614258e+00,-7.477059960365295410e-02,8.919969797134399414e-01,-5.980564951896667480e-01,-7.123590111732482910e-01,-2.406776882708072662e-02,1.000000000000000000e+00,1.000000000000000000e+00,0.000000000000000000e+00,0.000000000000000000e+00,1.000000000000000000e+00,8.431722521781921387e-01,-2.850458920001983643e-01,8.160529136657714844e-01,6.824100613594055176e-01,-8.988826274871826172e-01,7.063760422170162201e-03,9.937785863876342773e-01,1.058681830763816833e-01,3.458512201905250549e-02,-1.000880971550941467e-01,9.851334691047668457e-01,-1.396228969097137451e-01,-4.885258153080940247e-02,1.352926790714263916e-01,9.896006584167480469e-01,7.294677942991256714e-02,1.787298731505870819e-02,-2.698548603802919388e-03,0.000000000000000000e+00,1.000000000000000000e+00,7.489547729492187500e-01,-6.094565391540527344e-01,1.003055572509765625e+00,1.116968393325805664e+00,-1.227036714553833008e+00,-3.858550786972045898e-01,1.000000000000000000e+00,8.431722521781921387e-01,-2.850458920001983643e-01,8.160529136657714844e-01,6.824100613594055176e-01,-8.988826274871826172e-01,7.063760422170162201e-03,1.000000000000000000e+00,1.865645885467529297e+00,-6.314370781183242798e-02,8.473210930824279785e-01,-3.273456990718841553e-01,-7.622718811035156250e-01,5.372250825166702271e-02,1.000000000000000000e+00,2.218316316604614258e+00,-7.477059960365295410e-02,8.919969797134399414e-01,-5.980564951896667480e-01,-7.123590111732482910e-01,-2.406776882708072662e-02,1.000000000000000000e+00,1.000000000000000000e+00,0.000000000000000000e+00,0.000000000000000000e+00,1.000000000000000000e+00,1.865645885467529297e+00,-6.314370781183242798e-02,8.473210930824279785e-01,-3.273456990718841553e-01,-7.622718811035156250e-01,5.372250825166702271e-02,1.983410949531791145e-01,1.168317665019469320e-01,8.092262318404733201e-02,1.000000000000000000e+00,2.218316316604614258e+00,-7.477059960365295410e-02,8.919969797134399414e-01,-5.980564951896667480e-01,-7.123590111732482910e-01,-2.406776882708072662e-02,1.331016707345525352e-01,-2.118225787725247500e-03,-2.572601128439239160e-04,1.000000000000000000e+00,1.531375199556350708e-01,2.931529097259044647e-02,-1.000000014901161194e-01,3.955230414867401123e-01,1.459043323993682861e-01,4.716928675770759583e-02,-1.000000014901161194e-01,3.959324955940246582e-01,2.000000029802322388e-01,1.820261478424072266e-01,1.000000014901161194e-01,3.751326501369476318e-01,1.804296970367431641e-01,1.244187355041503906e-02,2.269506454467773438e-03,3.970943987369537354e-01
1.660000000000000142e+00,7.713347077369689941e-01,-6.342573761940002441e-01,9.952562451362609863e-01,1.121192216873168945e+00,-1.255753159523010254e+00,-3.948469161987304688e-01,9.919418096542358398e-01,1.102463975548744202e-01,6.242829933762550354e-02,-9.589294344186782837e-02,9.753459095954895020e-01,-1.987585127353668213e-01,-8.280159533023834229e-02,1.911704242229461670e-01,9.780582189559936523e-01,-2.560693919658660889e-01,-4.162537455558776855e-01,8.830834925174713135e-02,1.000000000000000000e+00,0.000000000000000000e+00,7.713347077369689941e-01,-6.342573761940002441e-01,9.952562451362609863e-01,1.121192216873168945e+00,-1.255753159523010254e+00,-3.948469161987304688e-01,1.000000000000000000e+00,8.568348288536071777e-01,-3.032068312168121338e-01,8.161538839340209961e-01,6.839998960494995117e-01,-9.192413091659545898e-01,2.383428160101175308e-03,1.000000000000000000e+00,1.859341263771057129e+00,-7.864759117364883423e-02,8.482488989830017090e-01,-3.001633882522583008e-01,-7.909063696861267090e-01,3.735361248254776001e-02,1.000000000000000000e+00,2.206393718719482422e+00,-8.920428901910781860e-02,8.914923667907714844e-01,-5.937391519546508789e-01,-7.332777976989746094e-01,-2.667859569191932678e-02,1.000000000000000000e+00,1.000000000000000000e+00,0.000000000000000000e+00,0.000000000000000000e+00,1.000000000000000000e+00,8.568348288536071777e-01,-3.032068312168121338e-01,8.161538839340209961e-01,6.839998960494995117e-01,-9.192413091659545898e-01,2.383428160101175308e-03,9.937710762023925781e-01,1.059410721063613892e-01,3.457901254296302795e-02,-1.000914424657821655e-01,9.849322438240051270e-01,-1.410334110260009766e-01,-4.899920895695686340e-02,1.366938352584838867e-01,9.894008636474609375e-01,6.793736666440963745e-02,-6.409297697246074677e-03,3.602214565034955740e-04,0.000000000000000000e+00,1.000000000000000000e+00,7.713347077369689941e-01,-6.342573761940002441e-01,9.952562451362609863e-01,1.121192216873168945e+00,-1.255753159523010254e+00,-3.948469161987304688e-01,1.000000000000000000e+00,8.568348288536071777e-01,-3.032068312168121338e-01,8.161538839340209961e-01,6.839998960494995117e-01,-9.192413091659545898e-01,2.383428160101175308e-03,1.000000000000000000e+00,1.859341263771057129e+00,-7.864759117364883423e-02,8.482488989830017090e-01,-3.001633882522583008e-01,-7.909063696861267090e-01,3.735361248254776001e-02,1.000000000000000000e+00,2.206393718719482422e+00,-8.920428901910781860e-02,8.914923667907714844e-01,-5.937391519546508789e-01,-7.332777976989746094e-01,-2.667859569191932678e-02,1.000000000000000000e+00,1.000000000000000000e+00,0.000000000000000000e+00,0.000000000000000000e+00,1.000000000000000000e+00,1.859341263771057129e+00,-7.864759117364883423e-02,8.482488989830017090e-01,-3.001633882522583008e-01,-7.909063696861267090e-01,3.735361248254776001e-02,1.987842560136038050e-01,1.248944772090738731e-01,8.571382008487357651e-02,1.000000000000000000e+00,2.206393718719482422e+00,-8.920428901910781860e-02,8.914923667907714844e-01,-5.937391519546508789e-01,-7.332777976989746094e-01,-2.667859569191932678e-02,1.393952311415211920e-01,-2.688642914034922171e-04,1.567617419674649515e-05,1.000000000000000000e+00,1.264359951019287109e-01,2.496161311864852905e-02,-1.000000014901161194e-01,3.969278335571289062e-01,1.462264060974121094e-01,4.408007115125656128e-02,-1.000000014901161194e-01,3.915680348873138428e-01,2.000000029802322388e-01,1.913974285125732422e-01,1.000000014901161194e-01,3.753768801689147949e-01,1.859896183013916016e-01,1.511836051940917969e-02,2.844572067260742188e-03,3.969489634037017822e-01
1.679999999999999938e+00,7.937856912612915039e-01,-6.596224904060363770e-01,9.872841835021972656e-01,1.123954415321350098e+00,-1.283284664154052734e+00,-4.030399024486541748e-01,9.925954341888427734e-01,1.082523465156555176e-01,5.509741976857185364e-02,-9.587301313877105713e-02,9.767307639122009277e-01,-1.918472498655319214e-01,-7.458326220512390137e-02,1.851443499326705933e-01,9.798769950866699219e-01,-3.937496542930603027e-01,-3.879413902759552002e-01,7.427714765071868896e-02,1.000000000000000000e+00,0.000000000000000000e+00,7.937856912612915039e-01,-6.596224904060363770e-01,9.872841835021972656e-01,1.123954415321350098e+00,-1.283284664154052734e+00,-4.030399024486541748e-01,1.000000000000000000e+00,8.705285787582397461e-01,-3.217744529247283936e-01,8.161507248878479004e-01,6.854930520057678223e-01,-9.395325183868408203e-01,-3.510768059641122818e-03,1.000000000000000000e+00,1.853592634201049805e+00,-9.472027420997619629e-02,8.488460779190063477e-01,-2.716106772422790527e-01,-8.191146850585937500e-01,2.066379413008689880e-02,1.000000000000000000e+00,2.194560050964355469e+00,-1.040658354759216309e-01,8.909342885017395020e-01,-5.890814065933227539e-01,-7.552434802055358887e-01,-2.943292446434497833e-02,1.000000000000000000e+00,1.000000000000000000e+00,0.000000000000000000e+00,0.000000000000000000e+00,1.000000000000000000e+00,8.705285787582397461e-01,-3.217744529247283936e-01,8.161507248878479004e-01,6.854930520057678223e-01,-9.395325183868408203e-01,-3.510768059641122818e-03,9.937874078750610352e-01,1.059438735246658325e-01,3.409608826041221619e-02,-1.000993698835372925e-01,9.847527146339416504e-01,-1.422752141952514648e-01,-4.864940419793128967e-02,1.379783153533935547e-01,9.892397522926330566e-01,6.069228053092956543e-02,-3.052972629666328430e-02,3.855862421914935112e-03,0.000000000000000000e+00,1.000000000000000000e+00,7.937856912612915039e-01,-6.596224904060363770e-01,9.872841835021972656e-01,1.123954415321350098e+00,-1.283284664154052734e+00,-4.030399024486541748e-01,1.000000000000000000e+00,8.705285787582397461e-01,-3.217744529247283936e-01,8.161507248878479004e-01,6.854930520057678223e-01,-9.395325183868408203e-01,-3.510768059641122818e-03,1.000000000000000000e+00,1.853592634201049805e+00,-9.472027420997619629e-02,8.488460779190063477e-01,-2.716106772422790527e-01,-8.191146850585937500e-01,2.066379413008689880e-02,1.000000000000000000e+00,2.194560050964355469e+00,-1.040658354759216309e-01,8.909342885017395020e-01,-5.890814065933227539e-01,-7.552434802055358887e-01,-2.943292446434497833e-02,1.000000000000000000e+00,1.000000000000000000e+00,0.000000000000000000e+00,0.000000000000000000e+00,1.000000000000000000e+00,1.853592634201049805e+00,-9.472027420997619629e-02,8.488460779190063477e-01,-2.716106772422790527e-01,-8.191146850585937500e-01,2.066379413008689880e-02,1.991673553821748932e-01,1.331897552017611286e-01,8.955535053689672731e-02,1.000000000000000000e+00,2.194560050964355469e+00,-1.040658354759216309e-01,8.909342885017395020e-01,-5.890814065933227539e-01,-7.552434802055358887e-01,-2.943292446434497833e-02,1.456110707145829575e-01,1.688016748010223722e-03,3.303484851502197506e-04,1.000000000000000000e+00,8.815605193376541138e-02,2.282140217721462250e-02,-1.000000014901161194e-01,3.987842500209808350e-01,1.462215781211853027e-01,4.068754985928535461e-02,-1.000000014901161194e-01,3.874965906143188477e-01,2.000000029802322388e-01,2.000000029802322388e-01,1.000000014901161194e-01,3.758228421211242676e-01,1.912429332733154297e-01,1.791834831237792969e-02,3.468990325927734375e-03,3.965659439563751221e-01
1.699999999999999956e+00,8.162799477577209473e-01,-6.855243444442749023e-01,9.791563153266906738e-01,1.125417828559875488e+00,-1.309157967567443848e+00,-4.103099703788757324e-01,9.931245446205139160e-01,1.064414158463478088e-01,4.872371628880500793e-02,-9.596426039934158325e-02,9.786266684532165527e-01,-1.818815767765045166e-01,-6.704205274581909180e-02,1.759553253650665283e-01,9.821126461029052734e-01,-5.827539563179016113e-01,-3.511790931224822998e-01,5.781070515513420105e-02,1.000000000000000000e+00,0.000000000000000000e+00,8.162799477577209473e-01,-6.855243444442749023e-01,9.791563153266906738e-01,1.125417828559875488e+00,-1.309157967567443848e+00,-4.103099703788757324e-01,1.000000000000000000e+00,8.842505812644958496e-01,-3.407467901706695557e-01,8.160172104835510254e-01,6.867957711219787598e-01,-9.596897363662719727e-01,-1.079824380576610565e-02,1.000000000000000000e+00,1.848427414894104004e+00,-1.113534867763519287e-01,8.491075634956359863e-01,-2.416726350784301758e-01,-8.469221591949462891e-01,3.780215047299861908e-03,1.000000000000000000e+00,2.182822942733764648e+00,-1.193758845329284668e-01,8.903195261955261230e-01,-5.840636491775512695e-01,-7.782247662544250488e-01,-3.236783668398857117e-02,1.000000000000000000e+00,1.000000000000000000e+00,0.000000000000000000e+00,0.000000000000000000e+00,1.000000000000000000e+00,8.842505812644958496e-01,-3.407467901706695557e-01,8.160172104835510254e-01,6.867957711219787598e-01,-9.596897363662719727e-01,-1.079824380576610565e-02,9.938265085220336914e-01,1.058686822652816772e-01,3.317926451563835144e-02,-1.001014411449432373e-01,9.846019744873046875e-01,-1.433139592409133911e-01,-4.784082248806953430e-02,1.391078978776931763e-01,9.891210198402404785e-01,5.189634487032890320e-02,-5.129271745681762695e-02,7.522030267864465714e-03,0.000000000000000000e+00,1.000000000000000000e+00,8.162799477577209473e-01,-6.855243444442749023e-01,9.791563153266906738e-01,1.125417828559875488e+00,-1.309157967567443848e+00,-4.103099703788757324e-01,1.000000000000000000e+00,8.842505812644958496e-01,-3.407467901706695557e-01,8.160172104835510254e-01,6.867957711219787598e-01,-9.596897363662719727e-01,-1.079824380576610565e-02,1.000000000000000000e+00,1.848427414894104004e+00,-1.113534867763519287e-01,8.491075634956359863e-01,-2.416726350784301758e-01,-8.469221591949462891e-01,3.780215047299861908e-03,1.000000000000000000e+00,2.182822942733764648e+00,-1.193758845329284668e-01,8.903195261955261230e-01,-5.840636491775512695e-01,-7.782247662544250488e-01,-3.236783668398857117e-02,1.000000000000000000e+00,1.000000000000000000e+00,0.000000000000000000e+00,0.000000000000000000e+00,1.000000000000000000e+00,1.848427414894104004e+00,-1.113534867763519287e-01,8.491075634956359863e-01,-2.416726350784301758e-01,-8.469221591949462891e-01,3.780215047299861908e-03,1.994677559590789795e-01,1.417209310729119487e-01,9.252321556394552116e-02,1.000000000000000000e+00,2.182822942733764648e+00,-1.193758845329284668e-01,8.903195261955261230e-01,-5.840636491775512695e-01,-7.782247662544250488e-01,-3.236783668398857117e-02,1.517217689647986367e-01,3.754983796116828643e-03,6.883189233892195169e-04,1.000000000000000000e+00,3.580973669886589050e-02,2.587257325649261475e-02,-1.000000014901161194e-01,4.218069612979888916e-01,1.459776014089584351e-01,3.716995194554328918e-02,-1.000000014901161194e-01,3.843701183795928955e-01,2.000000029802322388e-01,2.000000029802322388e-01,1.000000014901161194e-01,3.764555156230926514e-01,1.961410045623779297e-01,2.083945274353027344e-02,4.140377044677734375e-03,3.958978354930877686e-01
1.719999999999999973e+00,8.387935757637023926e-01,-7.119250297546386719e-01,9.708979725837707520e-01,1.125842094421386719e+00,-1.332895636558532715e+00,-4.154970049858093262e-01,9.935314655303955078e-01,1.048358231782913208e-01,4.364581778645515442e-02,-9.615986049175262451e-02,9.811342358589172363e-01,-1.677174866199493408e-01,-6.040519848465919495e-02,1.624355912208557129e-01,9.848686456680297852e-01,-8.379325270652770996e-01,-2.975860238075256348e-01,3.910018503665924072e-02,1.000000000000000000e+00,0.000000000000000000e+00,8.387935757637023926e-01,-7.119250297546386719e-01,9.708979725837707520e-01,1.125842094421386719e+00,-1.332895636558532715e+00,-4.154970049858093262e-01,1.000000000000000000e+00,8.979963660240173340e-01,-3.601206839084625244e-01,8.157250881195068359e-01,6.878336668014526367e-01,-9.796609878540039062e-01,-1.952774450182914734e-02,1.000000000000000000e+00,1.843873620033264160e+00,-1.285393834114074707e-01,8.490303754806518555e-01,-2.103449851274490356e-01,-8.743492364883422852e-01,-1.320086140185594559e-02,1.000000000000000000e+00,2.171189546585083008e+00,-1.351544111967086792e-01,8.896439671516418457e-01,-5.786662697792053223e-01,-8.021807670593261719e-01,-3.554250299930572510e-02,1.000000000000000000e+00,1.000000000000000000e+00,0.000000000000000000e+00,0.000000000000000000e+00,1.000000000000000000e+00,8.979963660240173340e-01,-3.601206839084625244e-01,8.157250881195068359e-01,6.878336668014526367e-01,-9.796609878540039062e-01,-1.952774450182914734e-02,9.938848018646240234e-01,1.057137697935104370e-01,3.190014883875846863e-02,-1.000876575708389282e-01,9.844835996627807617e-01,-1.441334784030914307e-01,-4.664206877350807190e-02,1.400592625141143799e-01,9.890439510345458984e-01,4.240244626998901367e-02,-6.877991557121276855e-02,1.108561083674430847e-02,0.000000000000000000e+00,1.000000000000000000e+00,8.387935757637023926e-01,-7.119250297546386719e-01,9.708979725837707520e-01,1.125842094421386719e+00,-1.332895636558532715e+00,-4.154970049858093262e-01,1.000000000000000000e+00,8.979963660240173340e-01,-3.601206839084625244e-01,8.157250881195068359e-01,6.878336668014526367e-01,-9.796609878540039062e-01,-1.952774450182914734e-02,1.000000000000000000e+00,1.843873620033264160e+00,-1.285393834114074707e-01,8.490303754806518555e-01,-2.103449851274490356e-01,-8.743492364883422852e-01,-1.320086140185594559e-02,1.000000000000000000e+00,2.171189546585083008e+00,-1.351544111967086792e-01,8.896439671516418457e-01,-5.786662697792053223e-01,-8.021807670593261719e-01,-3.554250299930572510e-02,1.000000000000000000e+00,1.000000000000000000e+00,0.000000000000000000e+00,0.000000000000000000e+00,1.000000000000000000e+00,1.843873620033264160e+00,-1.285393834114074707e-01,8.490303754806518555e-01,-2.103449851274490356e-01,-8.743492364883422852e-01,-1.320086140185594559e-02,1.997014174841101886e-01,1.502477880212440553e-01,9.474835758457744728e-02,1.000000000000000000e+00,2.171189546585083008e+00,-1.351544111967086792e-01,8.896439671516418457e-01,-5.786662697792053223e-01,-8.021807670593261719e-01,-3.554250299930572510e-02,1.576967765111850217e-01,5.934612754170398574e-03,1.090251284893942185e-03,1.000000000000000000e+00,6.173298694193363190e-03,2.737070620059967041e-02,-1.000000014901161194e-01,4.529722630977630615e-01,1.453160196542739868e-01,3.356019407510757446e-02,-1.000000014901161194e-01,3.818922638893127441e-01,2.000000029802322388e-01,2.000000029802322388e-01,1.000000014901161194e-01,3.775186240673065186e-01,2.000000029802322388e-01,2.387452125549316406e-02,4.854917526245117188e-03,3.949256539344787598e-01
1.739999999999999991e+00,8.613090515136718750e-01,-7.387773990631103516e-01,9.625718593597412109e-01,1.125604867935180664e+00,-1.353936076164245605e+00,-4.162268042564392090e-01,9.938211441040039062e-01,1.034145057201385498e-01,4.031238332390785217e-02,-9.639294445514678955e-02,9.842109680175781250e-01,-1.484494507312774658e-01,-5.502771213650703430e-02,1.436463594436645508e-01,9.880980849266052246e-01,-1.081809401512145996e+00,-2.303134202957153320e-01,2.275653183460235596e-02,1.000000000000000000e+00,0.000000000000000000e+00,8.613090515136718750e-01,-7.387773990631103516e-01,9.625718593597412109e-01,1.125604867935180664e+00,-1.353936076164245605e+00,-4.162268042564392090e-01,1.000000000000000000e+00,9.117600917816162109e-01,-3.798920214176177979e-01,8.152459263801574707e-01,6.885505914688110352e-01,-9.994106888771057129e-01,-2.962970174849033356e-02,1.000000000000000000e+00,1.839958429336547852e+00,-1.462706178426742554e-01,8.486134409904479980e-01,-1.777093112468719482e-01,-9.014238119125366211e-01,-3.018901497125625610e-02,1.000000000000000000e+00,2.159667730331420898e+00,-1.514204591512680054e-01,8.889023065567016602e-01,-5.728698372840881348e-01,-8.270592689514160156e-01,-3.903666883707046509e-02,1.000000000000000000e+00,1.000000000000000000e+00,0.000000000000000000e+00,0.000000000000000000e+00,1.000000000000000000e+00,9.117600917816162109e-01,-3.798920214176177979e-01,8.152459263801574707e-01,6.885505914688110352e-01,-9.994106888771057129e-01,-2.962970174849033356e-02,9.939590096473693848e-01,1.054828613996505737e-01,3.031516261398792267e-02,-1.000542640686035156e-01,9.843997955322265625e-01,-1.447286009788513184e-01,-4.510862380266189575e-02,1.408211290836334229e-01,9.890069365501403809e-01,3.225363418459892273e-02,-8.412217348814010620e-02,1.436442602425813675e-02,0.000000000000000000e+00,1.000000000000000000e+00,8.613090515136718750e-01,-7.387773990631103516e-01,9.625718593597412109e-01,1.125604867935180664e+00,-1.353936076164245605e+00,-4.162268042564392090e-01,1.000000000000000000e+00,9.117600917816162109e-01,-3.798920214176177979e-01,8.152459263801574707e-01,6.885505914688110352e-01,-9.994106888771057129e-01,-2.962970174849033356e-02,1.000000000000000000e+00,1.839958429336547852e+00,-1.462706178426742554e-01,8.486134409904479980e-01,-1.777093112468719482e-01,-9.014238119125366211e-01,-3.018901497125625610e-02,1.000000000000000000e+00,2.159667730331420898e+00,-1.514204591512680054e-01,8.889023065567016602e-01,-5.728698372840881348e-01,-8.270592689514160156e-01,-3.903666883707046509e-02,1.000000000000000000e+00,1.000000000000000000e+00,0.000000000000000000e+00,0.000000000000000000e+00,1.000000000000000000e+00,1.839958429336547852e+00,-1.462706178426742554e-01,8.486134409904479980e-01,-1.777093112468719482e-01,-9.014238119125366211e-01,-3.018901497125625610e-02,1.998554830849299524e-01,1.579862767582147498e-01,9.629942290826909446e-02,1.000000000000000000e+00,2.159667730331420898e+00,-1.514204591512680054e-01,8.889023065567016602e-01,-5.728698372840881348e-01,-8.270592689514160156e-01,-3.903666883707046509e-02,1.634899133683376249e-01,8.229375174911401913e-03,1.535842628141159683e-03,1.000000000000000000e+00,-1.883339509367942810e-02,2.575142681598663330e-02,-1.000000014901161194e-01,4.818310141563415527e-01,1.441496163606643677e-01,2.989260852336883545e-02,-1.000000014901161194e-01,3.803873360157012939e-01,2.000000029802322388e-01,2.000000029802322388e-01,1.000000014901161194e-01,3.795221447944641113e-01,2.000000029802322388e-01,2.701258659362792969e-02,5.606412887573242188e-03,3.936586081981658936e-01
1.760000000000000009e+00,8.838168382644653320e-01,-7.660207152366638184e-01,9.542875289916992188e-01,1.125109791755676270e+00,-1.371532320976257324e+00,-4.103965163230895996e-01,9.940153360366821289e-01,1.021866649389266968e-01,3.862021490931510925e-02,-9.662906825542449951e-02,9.873788952827453613e-01,-1.254827380180358887e-01,-5.095544084906578064e-02,1.209999248385429382e-01,9.913438558578491211e-01,-1.194923400878906250e+00,-1.757781654596328735e-01,9.304785169661045074e-03,1.000000000000000000e+00,0.000000000000000000e+00,8.838168382644653320e-01,-7.660207152366638184e-01,9.542875289916992188e-01,1.125109791755676270e+00,-1.371532320976257324e+00,-4.103965163230895996e-01,1.000000000000000000e+00,9.255349040031433105e-01,-4.000561833381652832e-01,8.145533800125122070e-01,6.889034509658813477e-01,-1.018915772438049316e+00,-4.094945266842842102e-02,1.000000000000000000e+00,1.836706280708312988e+00,-1.645404696464538574e-01,8.478578329086303711e-01,-1.439669877290725708e-01,-9.281939864158630371e-01,-4.701013118028640747e-02,1.000000000000000000e+00,2.148265600204467773e+00,-1.681918650865554810e-01,8.880871534347534180e-01,-5.666555762290954590e-01,-8.527885675430297852e-01,-4.294732958078384399e-02,1.000000000000000000e+00,1.000000000000000000e+00,0.000000000000000000e+00,0.000000000000000000e+00,1.000000000000000000e+00,9.255349040031433105e-01,-4.000561833381652832e-01,8.145533800125122070e-01,6.889034509658813477e-01,-1.018915772438049316e+00,-4.094945266842842102e-02,9.940455555915832520e-01,1.051825657486915588e-01,2.846107818186283112e-02,-1.000030264258384705e-01,9.843528866767883301e-01,-1.450820267200469971e-01,-4.327584430575370789e-02,1.413719654083251953e-01,9.890101552009582520e-01,2.044756151735782623e-02,-9.806574881076812744e-02,1.724172197282314301e-02,0.000000000000000000e+00,1.000000000000000000e+00,8.838168382644653320e-01,-7.660207152366638184e-01,9.542875289916992188e-01,1.125109791755676270e+00,-1.371532320976257324e+00,-4.103965163230895996e-01,1.000000000000000000e+00,9.255349040031433105e-01,-4.000561833381652832e-01,8.145533800125122070e-01,6.889034509658813477e-01,-1.018915772438049316e+00,-4.094945266842842102e-02,1.000000000000000000e+00,1.836706280708312988e+00,-1.645404696464538574e-01,8.478578329086303711e-01,-1.439669877290725708e-01,-9.281939864158630371e-01,-4.701013118028640747e-02,1.000000000000000000e+00,2.148265600204467773e+00,-1.681918650865554810e-01,8.880871534347534180e-01,-5.666555762290954590e-01,-8.527885675430297852e-01,-4.294732958078384399e-02,1.000000000000000000e+00,1.000000000000000000e+00,0.000000000000000000e+00,0.000000000000000000e+00,1.000000000000000000e+00,1.836706280708312988e+00,-1.645404696464538574e-01,8.478578329086303711e-01,-1.439669877290725708e-01,-9.281939864158630371e-01,-4.701013118028640747e-02,1.999021007364274183e-01,1.643552848145322098e-01,9.722781600732940954e-02,1.000000000000000000e+00,2.148265600204467773e+00,-1.681918650865554810e-01,8.880871534347534180e-01,-5.666555762290954590e-01,-8.527885675430297852e-01,-4.294732958078384399e-02,1.689476589833362186e-01,1.063801476696224491e-02,2.025488170850631153e-03,1.000000000000000000e+00,-4.157086461782455444e-02,1.940633170306682587e-02,-1.000000014901161194e-01,5.018551349639892578e-01,1.418192982673645020e-01,2.630498073995113373e-02,-1.000000014901161194e-01,3.800195753574371338e-01,2.000000029802322388e-01,2.000000029802322388e-01,1.000000014901161194e-01,3.828594088554382324e-01,2.000000029802322388e-01,3.023838996887207031e-02,6.387472152709960938e-03,3.921285569667816162e-01
1.780000000000000027e+00,9.063146710395812988e-01,-7.935802936553955078e-01,9.461877346038818359e-01,1.124644637107849121e+00,-1.385082960128784180e+00,-3.969228863716125488e-01,9.941507577896118164e-01,1.011903136968612671e-01,3.774826601147651672e-02,-9.691959619522094727e-02,9.900932312011718750e-01,-1.015980243682861328e-01,-4.765503481030464172e-02,9.734520316123962402e-02,9.941092133522033691e-01,-1.168408155441284180e+00,-1.632068008184432983e-01,-1.168682938441634178e-03,1.000000000000000000e+00,0.000000000000000000e+00,9.063146710395812988e-01,-7.935802936553955078e-01,9.461877346038818359e-01,1.124644637107849121e+00,-1.385082960128784180e+00,-3.969228863716125488e-01,1.000000000000000000e+00,9.393133521080017090e-01,-4.206081330776214600e-01,8.136250972747802734e-01,6.888589262962341309e-01,-1.038162589073181152e+00,-5.324034392833709717e-02,1.000000000000000000e+00,1.834137201309204102e+00,-1.833434551954269409e-01,8.467690348625183105e-01,-1.093540191650390625e-01,-9.547256231307983398e-01,-6.342080980539321899e-02,1.000000000000000000e+00,2.136991739273071289e+00,-1.854846477508544922e-01,8.871893286705017090e-01,-5.600064396858215332e-01,-8.792448639869689941e-01,-4.736838489770889282e-02,1.000000000000000000e+00,1.000000000000000000e+00,0.000000000000000000e+00,0.000000000000000000e+00,1.000000000000000000e+00,9.393133521080017090e-01,-4.206081330776214600e-01,8.136250972747802734e-01,6.888589262962341309e-01,-1.038162589073181152e+00,-5.324034392833709717e-02,9.941414594650268555e-01,1.048215329647064209e-01,2.637207508087158203e-02,-9.993883967399597168e-02,9.843503236770629883e-01,-1.451445668935775757e-01,-4.117362946271896362e-02,1.416586190462112427e-01,9.890590906143188477e-01,4.258872475475072861e-03,-1.102839484810829163e-01,1.957239769399166107e-02,0.000000000000000000e+00,1.000000000000000000e+00,9.063146710395812988e-01,-7.935802936553955078e-01,9.461877346038818359e-01,1.124644637107849121e+00,-1.385082960128784180e+00,-3.969228863716125488e-01,1.000000000000000000e+00,9.393133521080017090e-01,-4.206081330776214600e-01,8.136250972747802734e-01,6.888589262962341309e-01,-1.038162589073181152e+00,-5.324034392833709717e-02,1.000000000000000000e+00,1.834137201309204102e+00,-1.833434551954269409e-01,8.467690348625183105e-01,-1.093540191650390625e-01,-9.547256231307983398e-01,-6.342080980539321899e-02,1.000000000000000000e+00,2.136991739273071289e+00,-1.854846477508544922e-01,8.871893286705017090e-01,-5.600064396858215332e-01,-8.792448639869689941e-01,-4.736838489770889282e-02,1.000000000000000000e+00,1.000000000000000000e+00,0.000000000000000000e+00,0.000000000000000000e+00,1.000000000000000000e+00,1.834137201309204102e+00,-1.833434551954269409e-01,8.467690348625183105e-01,-1.093540191650390625e-01,-9.547256231307983398e-01,-6.342080980539321899e-02,1.998999849146498309e-01,1.693968378880537085e-01,9.767992289017325691e-02,1.000000000000000000e+00,2.136991739273071289e+00,-1.854846477508544922e-01,8.871893286705017090e-01,-5.600064396858215332e-01,-8.792448639869689941e-01,-4.736838489770889282e-02,1.737099975841776001e-01,1.315544194104267817e-02,2.560261332698307579e-03,1.000000000000000000e+00,-5.753887817263603210e-02,1.137609686702489853e-02,-1.000000014901161194e-01,5.159281492233276367e-01,1.385257244110107422e-01,2.286282554268836975e-02,-1.000000014901161194e-01,3.810387253761291504e-01,2.000000029802322388e-01,2.000000029802322388e-01,1.000000014901161194e-01,3.876534998416900635e-01,2.000000029802322388e-01,3.353333473205566406e-02,7.188796997070312500e-03,3.903895318508148193e-01
1.800000000000000044e+00,9.288040995597839355e-01,-8.213723301887512207e-01,9.384275674819946289e-01,1.124262332916259766e+00,-1.394339561462402344e+00,-3.757193982601165771e-01,9.942716360092163086e-01,1.004510745406150818e-01,3.651882708072662354e-02,-9.733281284570693970e-02,9.921144247055053711e-01,-7.896478474140167236e-02,-4.416295140981674194e-02,7.495796680450439453e-02,9.962083101272583008e-01,-1.064298629760742188e+00,-1.991254836320877075e-01,-9.030430577695369720e-03,1.000000000000000000e+00,0.000000000000000000e+00,9.288040995597839355e-01,-8.213723301887512207e-01,9.384275674819946289e-01,1.124262332916259766e+00,-1.394339561462402344e+00,-3.757193982601165771e-01,1.000000000000000000e+00,9.530870318412780762e-01,-4.415426254272460938e-01,8.124448060989379883e-01,6.883932948112487793e-01,-1.057138204574584961e+00,-6.616305559873580933e-02,1.000000000000000000e+00,1.832266926765441895e+00,-2.026755511760711670e-01,8.453580737113952637e-01,-7.403261214494705200e-02,-9.811056852340698242e-01,-7.908934354782104492e-02,1.000000000000000000e+00,2.125855207443237305e+00,-2.033118307590484619e-01,8.861979246139526367e-01,-5.529074072837829590e-01,-9.062458276748657227e-01,-5.238167569041252136e-02,1.000000000000000000e+00,1.000000000000000000e+00,0.000000000000000000e+00,0.000000000000000000e+00,1.000000000000000000e+00,9.530870318412780762e-01,-4.415426254272460938e-01,8.124448060989379883e-01,6.883932948112487793e-01,-1.057138204574584961e+00,-6.616305559873580933e-02,9.942423105239868164e-01,1.044098213315010071e-01,2.410183288156986237e-02,-9.986654669046401978e-02,9.844068288803100586e-01,-1.448103189468383789e-01,-3.884562477469444275e-02,1.415695846080780029e-01,9.891659021377563477e-01,-1.836891472339630127e-02,-1.198917329311370850e-01,2.126797474920749664e-02,0.000000000000000000e+00,1.000000000000000000e+00,9.288040995597839355e-01,-8.213723301887512207e-01,9.384275674819946289e-01,1.124262332916259766e+00,-1.394339561462402344e+00,-3.757193982601165771e-01,1.000000000000000000e+00,9.530870318412780762e-01,-4.415426254272460938e-01,8.124448060989379883e-01,6.883932948112487793e-01,-1.057138204574584961e+00,-6.616305559873580933e-02,1.000000000000000000e+00,1.832266926765441895e+00,-2.026755511760711670e-01,8.453580737113952637e-01,-7.403261214494705200e-02,-9.811056852340698242e-01,-7.908934354782104492e-02,1.000000000000000000e+00,2.125855207443237305e+00,-2.033118307590484619e-01,8.861979246139526367e-01,-5.529074072837829590e-01,-9.062458276748657227e-01,-5.238167569041252136e-02,1.000000000000000000e+00,1.000000000000000000e+00,0.000000000000000000e+00,0.000000000000000000e+00,1.000000000000000000e+00,1.832266926765441895e+00,-2.026755511760711670e-01,8.453580737113952637e-01,-7.403261214494705200e-02,-9.811056852340698242e-01,-7.908934354782104492e-02,1.999023217999032487e-01,1.735323100409968955e-01,9.784700500030620030e-02,1.000000000000000000e+00,2.125855207443237305e+00,-2.033118307590484619e-01,8.861979246139526367e-01,-5.529074072837829590e-01,-9.062458276748657227e-01,-5.238167569041252136e-02,1.776033241889409531e-01,1.577653426386338431e-02,3.137812255763344771e-03,1.000000000000000000e+00,-6.612601876258850098e-02,4.058531485497951508e-03,-1.000000014901161194e-01,5.239923596382141113e-01,1.342777460813522339e-01,1.903277263045310974e-02,-1.000000014901161194e-01,3.827822208404541016e-01,2.000000029802322388e-01,2.000000029802322388e-01,1.000000014901161194e-01,3.937380313873291016e-01,2.000000029802322388e-01,3.687357902526855469e-02,7.999897003173828125e-03,3.885242044925689697e-01
1.820000000000000062e+00,9.512852430343627930e-01,-8.493110537528991699e-01,9.311574101448059082e-01,1.123756647109985352e+00,-1.399355411529541016e+00,-3.473328948020935059e-01,9.944069385528564453e-01,9.997040778398513794e-02,3.407282754778862000e-02,-9.787239879369735718e-02,9.934779405593872070e-01,-5.850419029593467712e-02,-3.969928994774818420e-02,5.484217777848243713e-02,9.977056384086608887e-01,-9.405199885368347168e-01,-2.564379572868347168e-01,-1.465269178152084351e-02,1.000000000000000000e+00,0.000000000000000000e+00,9.512852430343627930e-01,-8.493110537528991699e-01,9.311574101448059082e-01,1.123756647109985352e+00,-1.399355411529541016e+00,-3.473328948020935059e-01,1.000000000000000000e+00,9.668474793434143066e-01,-4.628540277481079102e-01,8.110030889511108398e-01,6.874934434890747070e-01,-1.075815558433532715e+00,-7.933440059423446655e-02,1.000000000000000000e+00,1.831109046936035156e+00,-2.225345671176910400e-01,8.436431884765625000e-01,-3.806276246905326843e-02,-1.007425546646118164e+00,-9.362833946943283081e-02,1.000000000000000000e+00,2.114864110946655273e+00,-2.216825485229492188e-01,8.851003050804138184e-01,-5.453455448150634766e-01,-9.336069822311401367e-01,-5.805969238281250000e-02,1.000000000000000000e+00,1.000000000000000000e+00,0.000000000000000000e+00,0.000000000000000000e+00,1.000000000000000000e+00,9.668474793434143066e-01,-4.628540277481079102e-01,8.110030889511108398e-01,6.874934434890747070e-01,-1.075815558433532715e+00,-7.933440059423446655e-02,9.943450093269348145e-01,1.039552986621856689e-01,2.171056158840656281e-02,-9.978678822517395020e-02,9.845389723777770996e-01,-1.439643800258636475e-01,-3.634075075387954712e-02,1.409838199615478516e-01,9.893447160720825195e-01,-4.621135443449020386e-02,-1.280639469623565674e-01,2.272037044167518616e-02,0.000000000000000000e+00,1.000000000000000000e+00,9.512852430343627930e-01,-8.493110537528991699e-01,9.311574101448059082e-01,1.123756647109985352e+00,-1.399355411529541016e+00,-3.473328948020935059e-01,1.000000000000000000e+00,9.668474793434143066e-01,-4.628540277481079102e-01,8.110030889511108398e-01,6.874934434890747070e-01,-1.075815558433532715e+00,-7.933440059423446655e-02,1.000000000000000000e+00,1.831109046936035156e+00,-2.225345671176910400e-01,8.436431884765625000e-01,-3.806276246905326843e-02,-1.007425546646118164e+00,-9.362833946943283081e-02,1.000000000000000000e+00,2.114864110946655273e+00,-2.216825485229492188e-01,8.851003050804138184e-01,-5.453455448150634766e-01,-9.336069822311401367e-01,-5.805969238281250000e-02,1.000000000000000000e+00,1.000000000000000000e+00,0.000000000000000000e+00,0.000000000000000000e+00,1.000000000000000000e+00,1.831109046936035156e+00,-2.225345671176910400e-01,8.436431884765625000e-01,-3.806276246905326843e-02,-1.007425546646118164e+00,-9.362833946943283081e-02,1.999029762158736623e-01,1.771612027382121202e-01,9.788811636596539412e-02,1.000000000000000000e+00,2.114864110946655273e+00,-2.216825485229492188e-01,8.851003050804138184e-01,-5.453455448150634766e-01,-9.336069822311401367e-01,-5.805969238281250000e-02,1.807672626875514443e-01,1.849586444536699403e-02,3.755227724596577055e-03,1.000000000000000000e+00,-7.679282128810882568e-02,-6.999555509537458420e-03,-1.000000014901161194e-01,5.274764895439147949e-01,1.292388737201690674e-01,1.531645562499761581e-02,-1.000000014901161194e-01,3.858490288257598877e-01,2.000000029802322388e-01,2.000000029802322388e-01,1.000000014901161194e-01,4.007466733455657959e-01,2.000000029802322388e-01,4.022741317749023438e-02,8.808135986328125000e-03,3.866339027881622314e-01
1.840000000000000080e+00,9.737525582313537598e-01,-8.773134350776672363e-01,9.245126843452453613e-01,1.122773766517639160e+00,-1.400332689285278320e+00,-3.127341866493225098e-01,9.945544600486755371e-01,9.972675889730453491e-02,3.027140162885189056e-02,-9.847933799028396606e-02,9.943257570266723633e-01,-4.023028165102005005e-02,-3.411166369915008545e-02,3.703009337186813354e-02,9.987319707870483398e-01,-8.399780988693237305e-01,-3.090335726737976074e-01,-1.880242861807346344e-02,1.000000000000000000e+00,0.000000000000000000e+00,9.737525582313537598e-01,-8.773134350776672363e-01,9.245126843452453613e-01,1.122773766517639160e+00,-1.400332689285278320e+00,-3.127341866493225098e-01,1.000000000000000000e+00,9.805861115455627441e-01,-4.845359623432159424e-01,8.092986345291137695e-01,6.861519813537597656e-01,-1.094150543212890625e+00,-9.236568957567214966e-02,1.000000000000000000e+00,1.830676198005676270e+00,-2.429200261831283569e-01,8.416506052017211914e-01,-1.438128296285867691e-03,-1.033766150474548340e+00,-1.066430881619453430e-01,1.000000000000000000e+00,2.104028701782226562e+00,-2.406026571989059448e-01,8.838828206062316895e-01,-5.373100042343139648e-01,-9.611884951591491699e-01,-6.446243822574615479e-02,1.000000000000000000e+00,1.000000000000000000e+00,0.000000000000000000e+00,0.000000000000000000e+00,1.000000000000000000e+00,9.805861115455627441e-01,-4.845359623432159424e-01,8.092986345291137695e-01,6.861519813537597656e-01,-1.094150543212890625e+00,-9.236568957567214966e-02,9.944474697113037109e-01,1.034649685025215149e-01,1.921668089926242828e-02,-9.970241039991378784e-02,9.847561717033386230e-01,-1.425298899412155151e-01,-3.367059305310249329e-02,1.398225277662277222e-01,9.896039962768554688e-01,-7.633423805236816406e-02,-1.361894458532333374e-01,2.386041171848773956e-02,0.000000000000000000e+00,1.000000000000000000e+00,9.737525582313537598e-01,-8.773134350776672363e-01,9.245126843452453613e-01,1.122773766517639160e+00,-1.400332689285278320e+00,-3.127341866493225098e-01,1.000000000000000000e+00,9.805861115455627441e-01,-4.845359623432159424e-01,8.092986345291137695e-01,6.861519813537597656e-01,-1.094150543212890625e+00,-9.236568957567214966e-02,1.000000000000000000e+00,1.830676198005676270e+00,-2.429200261831283569e-01,8.416506052017211914e-01,-1.438128296285867691e-03,-1.033766150474548340e+00,-1.066430881619453430e-01,1.000000000000000000e+00,2.104028701782226562e+00,-2.406026571989059448e-01,8.838828206062316895e-01,-5.373100042343139648e-01,-9.611884951591491699e-01,-6.446243822574615479e-02,1.000000000000000000e+00,1.000000000000000000e+00,0.000000000000000000e+00,0.000000000000000000e+00,1.000000000000000000e+00,1.830676198005676270e+00,-2.429200261831283569e-01,8.416506052017211914e-01,-1.438128296285867691e-03,-1.033766150474548340e+00,-1.066430881619453430e-01,1.998839222539430527e-01,1.804667985460970403e-01,9.789901028466233002e-02,1.000000000000000000e+00,2.104028701782226562e+00,-2.406026571989059448e-01,8.838828206062316895e-01,-5.373100042343139648e-01,-9.611884951591491699e-01,-6.446243822574615479e-02,1.834486121596577146e-01,2.130665130449793665e-02,4.408448121865332636e-03,1.000000000000000000e+00,-8.512494713068008423e-02,-2.164688333868980408e-02,-1.000000014901161194e-01,5.223644375801086426e-01,1.234633326530456543e-01,1.086493209004402161e-02,-1.000000014901161194e-01,3.928044140338897705e-01,2.000000029802322388e-01,2.000000029802322388e-01,1.000000014901161194e-01,4.082047939300537109e-01,2.000000029802322388e-01,4.355359077453613281e-02,9.595870971679687500e-03,3.848245441913604736e-01
1.860000000000000098e+00,9.961932301521301270e-01,-9.053004980087280273e-01,9.186061024665832520e-01,1.120946407318115234e+00,-1.397468924522399902e+00,-2.733289897441864014e-01,9.946974515914916992e-01,9.968267381191253662e-02,2.530947700142860413e-02,-9.909602999687194824e-02,9.948012828826904297e-01,-2.346475236117839813e-02,-2.751692757010459900e-02,2.083225734531879425e-02,9.994043111801147461e-01,-7.803375720977783203e-01,-3.581888675689697266e-01,-2.216739393770694733e-02,1.000000000000000000e+00,0.000000000000000000e+00,9.961932301521301270e-01,-9.053004980087280273e-01,9.186061024665832520e-01,1.120946407318115234e+00,-1.397468924522399902e+00,-2.733289897441864014e-01,1.000000000000000000e+00,9.942937493324279785e-01,-5.065811872482299805e-01,8.073384761810302734e-01,6.843627095222473145e-01,-1.112107038497924805e+00,-1.047332510352134705e-01,1.000000000000000000e+00,1.830982089042663574e+00,-2.638330459594726562e-01,8.394141793251037598e-01,3.586450219154357910e-02,-1.060199260711669922e+00,-1.177600398659706116e-01,1.000000000000000000e+00,2.093358755111694336e+00,-2.600756287574768066e-01,8.825303912162780762e-01,-5.287917852401733398e-01,-9.888976812362670898e-01,-7.163059711456298828e-02,1.000000000000000000e+00,1.000000000000000000e+00,0.000000000000000000e+00,0.000000000000000000e+00,1.000000000000000000e+00,9.942937493324279785e-01,-5.065811872482299805e-01,8.073384761810302734e-01,6.843627095222473145e-01,-1.112107038497924805e+00,-1.047332510352134705e-01,9.945481419563293457e-01,1.029468625783920288e-01,1.661478541791439056e-02,-9.961797297000885010e-02,9.850599169731140137e-01,-1.404751986265182495e-01,-3.082803823053836823e-02,1.380542069673538208e-01,9.899448156356811523e-01,-1.073553264141082764e-01,-1.457402408123016357e-01,2.471400983631610870e-02,0.000000000000000000e+00,1.000000000000000000e+00,9.961932301521301270e-01,-9.053004980087280273e-01,9.186061024665832520e-01,1.120946407318115234e+00,-1.397468924522399902e+00,-2.733289897441864014e-01,1.000000000000000000e+00,9.942937493324279785e-01,-5.065811872482299805e-01,8.073384761810302734e-01,6.843627095222473145e-01,-1.112107038497924805e+00,-1.047332510352134705e-01,1.000000000000000000e+00,1.830982089042663574e+00,-2.638330459594726562e-01,8.394141793251037598e-01,3.586450219154357910e-02,-1.060199260711669922e+00,-1.177600398659706116e-01,1.000000000000000000e+00,2.093358755111694336e+00,-2.600756287574768066e-01,8.825303912162780762e-01,-5.287917852401733398e-01,-9.888976812362670898e-01,-7.163059711456298828e-02,1.000000000000000000e+00,1.000000000000000000e+00,0.000000000000000000e+00,0.000000000000000000e+00,1.000000000000000000e+00,1.830982089042663574e+00,-2.638330459594726562e-01,8.394141793251037598e-01,3.586450219154357910e-02,-1.060199260711669922e+00,-1.177600398659706116e-01,1.998433603284505422e-01,1.834347094004689094e-01,9.791315943770304009e-02,1.000000000000000000e+00,2.093358755111694336e+00,-2.600756287574768066e-01,8.825303912162780762e-01,-5.287917852401733398e-01,-9.888976812362670898e-01,-7.163059711456298828e-02,1.858052181075187104e-01,2.419755012719826404e-02,5.091723805600495423e-03,1.000000000000000000e+00,-9.219126403331756592e-02,-3.937502950429916382e-02,-1.000000014901161194e-01,5.111081004142761230e-01,1.174075528979301453e-01,4.417373333126306534e-03,-1.000000014901161194e-01,4.010800719261169434e-01,2.000000029802322388e-01,2.000000029802322388e-01,1.000000014901161194e-01,4.155732691287994385e-01,2.000000029802322388e-01,4.679179191589355469e-02,1.033902168273925781e-02,3.832311034202575684e-01
1.880000000000000115e+00,1.018587350845336914e+00,-9.331966042518615723e-01,9.135176539421081543e-01,1.117931962013244629e+00,-1.390873074531555176e+00,-2.309689223766326904e-01,9.948204755783081055e-01,9.981772303581237793e-02,1.920313015580177307e-02,-9.968936443328857422e-02,9.949901103973388672e-01,-7.531734183430671692e-03,-1.985872536897659302e-02,5.578375421464443207e-03,9.997872710227966309e-01,-7.422701120376586914e-01,-4.181166291236877441e-01,-2.564406022429466248e-02,1.000000000000000000e+00,0.000000000000000000e+00,1.018587350845336914e+00,-9.331966042518615723e-01,9.135176539421081543e-01,1.117931962013244629e+00,-1.390873074531555176e+00,-2.309689223766326904e-01,1.000000000000000000e+00,1.007961511611938477e+00,-5.289819240570068359e-01,8.051415085792541504e-01,6.821122169494628906e-01,-1.129660129547119141e+00,-1.157890930771827698e-01,1.000000000000000000e+00,1.832040309906005859e+00,-2.852760255336761475e-01,8.369747996330261230e-01,7.384784519672393799e-02,-1.086785554885864258e+00,-1.266671717166900635e-01,1.000000000000000000e+00,2.082863092422485352e+00,-2.801034748554229736e-01,8.810275197029113770e-01,-5.197849869728088379e-01,-1.016668200492858887e+00,-7.957381755113601685e-02,1.000000000000000000e+00,1.000000000000000000e+00,0.000000000000000000e+00,0.000000000000000000e+00,1.000000000000000000e+00,1.007961511611938477e+00,-5.289819240570068359e-01,8.051415085792541504e-01,6.821122169494628906e-01,-1.129660129547119141e+00,-1.157890930771827698e-01,9.946468472480773926e-01,1.024016588926315308e-01,1.383635215461254120e-02,-9.953777492046356201e-02,9.854472279548645020e-01,-1.377892643213272095e-01,-2.774484641849994659e-02,1.356744319200515747e-01,9.903648495674133301e-01,-1.374645680189132690e-01,-1.622049808502197266e-01,2.613316476345062256e-02,0.000000000000000000e+00,1.000000000000000000e+00,1.018587350845336914e+00,-9.331966042518615723e-01,9.135176539421081543e-01,1.117931962013244629e+00,-1.390873074531555176e+00,-2.309689223766326904e-01,1.000000000000000000e+00,1.007961511611938477e+00,-5.289819240570068359e-01,8.051415085792541504e-01,6.821122169494628906e-01,-1.129660129547119141e+00,-1.157890930771827698e-01,1.000000000000000000e+00,1.832040309906005859e+00,-2.852760255336761475e-01,8.369747996330261230e-01,7.384784519672393799e-02,-1.086785554885864258e+00,-1.266671717166900635e-01,1.000000000000000000e+00,2.082863092422485352e+00,-2.801034748554229736e-01,8.810275197029113770e-01,-5.197849869728088379e-01,-1.016668200492858887e+00,-7.957381755113601685e-02,1.000000000000000000e+00,1.000000000000000000e+00,0.000000000000000000e+00,0.000000000000000000e+00,1.000000000000000000e+00,1.832040309906005859e+00,-2.852760255336761475e-01,8.369747996330261230e-01,7.384784519672393799e-02,-1.086785554885864258e+00,-1.266671717166900635e-01,1.997956803310249330e-01,1.859858088850885327e-01,9.793388767110280946e-02,1.000000000000000000e+00,2.082863092422485352e+00,-2.801034748554229736e-01,8.810275197029113770e-01,-5.197849869728088379e-01,-1.016668200492858887e+00,-7.957381755113601685e-02,1.878754920384618499e-01,2.715124451288875029e-02,5.796886464403294692e-03,1.000000000000000000e+00,-9.853198379278182983e-02,-5.961209535598754883e-02,-1.000000014901161194e-01,4.957993030548095703e-01,1.108601242303848267e-01,-3.393133869394659996e-03,-1.000000014901161194e-01,4.094840884208679199e-01,2.000000029802322388e-01,2.000000029802322388e-01,9.369277954101562500e-02,4.222896397113800049e-01,2.000000029802322388e-01,4.986310005187988281e-02,1.100611686706542969e-02,3.820146620273590088e-01
1.900000000000000133e+00,1.040907740592956543e+00,-9.609278440475463867e-01,9.092879891395568848e-01,1.113372802734375000e+00,-1.380635142326354980e+00,-1.876965314149856567e-01,9.949048757553100586e-01,1.001429781317710876e-01,1.164344884455204010e-02,-1.002369597554206848e-01,9.949330687522888184e-01,7.788129616528749466e-03,-1.080452650785446167e-02,-8.915552869439125061e-03,9.999018311500549316e-01,-7.002764344215393066e-01,-4.995042681694030762e-01,-2.929834090173244476e-02,1.000000000000000000e+00,0.000000000000000000e+00,1.040907740592956543e+00,-9.609278440475463867e-01,9.092879891395568848e-01,1.113372802734375000e+00,-1.380635142326354980e+00,-1.876965314149856567e-01,1.000000000000000000e+00,1.021579980850219727e+00,-5.517299175262451172e-01,8.027397394180297852e-01,6.793571114540100098e-01,-1.146769046783447266e+00,-1.249525099992752075e-01,1.000000000000000000e+00,1.833864092826843262e+00,-3.072524666786193848e-01,8.343788385391235352e-01,1.124820783734321594e-01,-1.113571524620056152e+00,-1.331530660390853882e-01,1.000000000000000000e+00,2.072551965713500977e+00,-3.006868362426757812e-01,8.793590664863586426e-01,-5.102869272232055664e-01,-1.044445157051086426e+00,-8.825845271348953247e-02,1.000000000000000000e+00,1.000000000000000000e+00,0.000000000000000000e+00,0.000000000000000000e+00,1.000000000000000000e+00,1.021579980850219727e+00,-5.517299175262451172e-01,8.027397394180297852e-01,6.793571114540100098e-01,-1.146769046783447266e+00,-1.249525099992752075e-01,9.947454333305358887e-01,1.018214300274848938e-01,1.068590953946113586e-02,-9.947236627340316772e-02,9.859101772308349609e-01,-1.344864666461944580e-01,-2.422894909977912903e-02,1.327168345451354980e-01,9.908578991889953613e-01,-1.652214229106903076e-01,-1.904793828725814819e-01,2.823795005679130554e-02,0.000000000000000000e+00,1.000000000000000000e+00,1.040907740592956543e+00,-9.609278440475463867e-01,9.092879891395568848e-01,1.113372802734375000e+00,-1.380635142326354980e+00,-1.876965314149856567e-01,1.000000000000000000e+00,1.021579980850219727e+00,-5.517299175262451172e-01,8.027397394180297852e-01,6.793571114540100098e-01,-1.146769046783447266e+00,-1.249525099992752075e-01,1.000000000000000000e+00,1.833864092826843262e+00,-3.072524666786193848e-01,8.343788385391235352e-01,1.124820783734321594e-01,-1.113571524620056152e+00,-1.331530660390853882e-01,1.000000000000000000e+00,2.072551965713500977e+00,-3.006868362426757812e-01,8.793590664863586426e-01,-5.102869272232055664e-01,-1.044445157051086426e+00,-8.825845271348953247e-02,1.000000000000000000e+00,1.000000000000000000e+00,0.000000000000000000e+00,0.000000000000000000e+00,1.000000000000000000e+00,1.833864092826843262e+00,-3.072524666786193848e-01,8.343788385391235352e-01,1.124820783734321594e-01,-1.113571524620056152e+00,-1.331530660390853882e-01,1.997414833267779077e-01,1.881137153765510828e-01,9.777683349126883861e-02,1.000000000000000000e+00,2.072551965713500977e+00,-3.006868362426757812e-01,8.793590664863586426e-01,-5.102869272232055664e-01,-1.044445157051086426e+00,-8.825845271348953247e-02,1.896530419217148378e-01,3.014357385651011967e-02,6.512760428411853986e-03,1.000000000000000000e+00,-1.018019244074821472e-01,-8.434390276670455933e-02,-1.000000014901161194e-01,4.821453690528869629e-01,1.035805344581604004e-01,-1.319566275924444199e-02,-9.999979287385940552e-02,4.164727032184600830e-01,2.000000029802322388e-01,2.000000029802322388e-01,7.741189002990722656e-02,4.278512895107269287e-01,2.000000029802322388e-01,5.267596244812011719e-02,1.156210899353027344e-02,3.813191354274749756e-01
1.919999999999999929e+00,1.063120126724243164e+00,-9.884226918220520020e-01,9.059174656867980957e-01,1.106856107711791992e+00,-1.366934657096862793e+00,-1.454617381095886230e-01,9.949149489402770996e-01,1.006961390376091003e-01,2.155196387320756912e-03,-1.007191464304924011e-01,9.946658015251159668e-01,2.226406894624233246e-02,9.820553532335907221e-05,-2.236792258918285370e-02,9.997498989105224609e-01,-6.335625648498535156e-01,-6.045407056808471680e-01,-3.561855107545852661e-02,1.000000000000000000e+00,0.000000000000000000e+00,1.063120126724243164e+00,-9.884226918220520020e-01,9.059174656867980957e-01,1.106856107711791992e+00,-1.366934657096862793e+00,-1.454617381095886230e-01,1.000000000000000000e+00,1.035138249397277832e+00,-5.748155713081359863e-01,8.001746535301208496e-01,6.760034561157226562e-01,-1.163365840911865234e+00,-1.318244785070419312e-01,1.000000000000000000e+00,1.836465954780578613e+00,-3.297666907310485840e-01,8.316757082939147949e-01,1.516996473073959351e-01,-1.140592217445373535e+00,-1.371466368436813354e-01,1.000000000000000000e+00,2.062435388565063477e+00,-3.218255043029785156e-01,8.775108456611633301e-01,-5.002986192703247070e-01,-1.072184681892395020e+00,-9.760008752346038818e-02,1.000000000000000000e+00,1.000000000000000000e+00,0.000000000000000000e+00,0.000000000000000000e+00,1.000000000000000000e+00,1.035138249397277832e+00,-5.748155713081359863e-01,8.001746535301208496e-01,6.760034561157226562e-01,-1.163365840911865234e+00,-1.318244785070419312e-01,9.948425292968750000e-01,1.011960953474044800e-01,6.915746256709098816e-03,-9.943348169326782227e-02,9.864385724067687988e-01,-1.305832564830780029e-01,-2.003647387027740479e-02,1.292221248149871826e-01,9.914132952690124512e-01,-1.916546225547790527e-01,-2.309737503528594971e-01,3.122423775494098663e-02,0.000000000000000000e+00,1.000000000000000000e+00,1.063120126724243164e+00,-9.884226918220520020e-01,9.059174656867980957e-01,1.106856107711791992e+00,-1.366934657096862793e+00,-1.454617381095886230e-01,1.000000000000000000e+00,1.035138249397277832e+00,-5.748155713081359863e-01,8.001746535301208496e-01,6.760034561157226562e-01,-1.163365840911865234e+00,-1.318244785070419312e-01,1.000000000000000000e+00,1.836465954780578613e+00,-3.297666907310485840e-01,8.316757082939147949e-01,1.516996473073959351e-01,-1.140592217445373535e+00,-1.371466368436813354e-01,1.000000000000000000e+00,2.062435388565063477e+00,-3.218255043029785156e-01,8.775108456611633301e-01,-5.002986192703247070e-01,-1.072184681892395020e+00,-9.760008752346038818e-02,1.000000000000000000e+00,1.000000000000000000e+00,0.000000000000000000e+00,0.000000000000000000e+00,1.000000000000000000e+00,1.836465954780578613e+00,-3.297666907310485840e-01,8.316757082939147949e-01,1.516996473073959351e-01,-1.140592217445373535e+00,-1.371466368436813354e-01,1.996917452955754013e-01,1.898794051402918903e-01,9.682389913667213688e-02,1.000000000000000000e+00,2.062435388565063477e+00,-3.218255043029785156e-01,8.775108456611633301e-01,-5.002986192703247070e-01,-1.072184681892395020e+00,-9.760008752346038818e-02,1.911521867192679247e-01,3.314228633557125825e-02,7.224775178526793296e-03,1.000000000000000000e+00,-1.027673035860061646e-01,-1.127187758684158325e-01,-1.000000014901161194e-01,4.717171490192413330e-01,9.517967700958251953e-02,-2.557660639286041260e-02,-9.999999403953552246e-02,4.234384894371032715e-01,2.000000029802322388e-01,1.942675113677978516e-01,6.225776672363281250e-02,4.318846166133880615e-01,2.000000029802322388e-01,5.513429641723632812e-02,1.197171211242675781e-02,3.812416791915893555e-01
1.939999999999999947e+00,1.085181236267089844e+00,-1.015614748001098633e+00,9.033711552619934082e-01,1.097906827926635742e+00,-1.350107073783874512e+00,-1.056913062930107117e-01,9.947846531867980957e-01,1.015358641743659973e-01,-9.691180661320686340e-03,-1.011355146765708923e-01,9.942421913146972656e-01,3.541231527924537659e-02,1.323100179433822632e-02,-3.424750640988349915e-02,9.993258118629455566e-01,-5.447158813476562500e-01,-7.216852903366088867e-01,-4.431181773543357849e-02,1.000000000000000000e+00,0.000000000000000000e+00,1.085181236267089844e+00,-1.015614748001098633e+00,9.033711552619934082e-01,1.097906827926635742e+00,-1.350107073783874512e+00,-1.056913062930107117e-01,1.000000000000000000e+00,1.048622846603393555e+00,-5.982278585433959961e-01,7.974947094917297363e-01,6.719025373458862305e-01,-1.179354190826416016e+00,-1.361652314662933350e-01,1.000000000000000000e+00,1.839856386184692383e+00,-3.528237342834472656e-01,8.289146423339843750e-01,1.913764476776123047e-01,-1.167891502380371094e+00,-1.387393176555633545e-01,1.000000000000000000e+00,2.052522659301757812e+00,-3.435184061527252197e-01,8.754707574844360352e-01,-4.898260831832885742e-01,-1.099859714508056641e+00,-1.074635162949562073e-01,1.000000000000000000e+00,1.000000000000000000e+00,0.000000000000000000e+00,0.000000000000000000e+00,1.000000000000000000e+00,1.048622846603393555e+00,-5.982278585433959961e-01,7.974947094917297363e-01,6.719025373458862305e-01,-1.179354190826416016e+00,-1.361652314662933350e-01,9.949330687522888184e-01,1.005134284496307373e-01,2.286959206685423851e-03,-9.942509233951568604e-02,9.870282411575317383e-01,-1.260550022125244141e-01,-1.492751389741897583e-02,1.251889169216156006e-01,9.920206069946289062e-01,-2.200578302145004272e-01,-2.832765281200408936e-01,3.523690626025199890e-02,0.000000000000000000e+00,1.000000000000000000e+00,1.085181236267089844e+00,-1.015614748001098633e+00,9.033711552619934082e-01,1.097906827926635742e+00,-1.350107073783874512e+00,-1.056913062930107117e-01,1.000000000000000000e+00,1.048622846603393555e+00,-5.982278585433959961e-01,7.974947094917297363e-01,6.719025373458862305e-01,-1.179354190826416016e+00,-1.361652314662933350e-01,1.000000000000000000e+00,1.839856386184692383e+00,-3.528237342834472656e-01,8.289146423339843750e-01,1.913764476776123047e-01,-1.167891502380371094e+00,-1.387393176555633545e-01,1.000000000000000000e+00,2.052522659301757812e+00,-3.435184061527252197e-01,8.754707574844360352e-01,-4.898260831832885742e-01,-1.099859714508056641e+00,-1.074635162949562073e-01,1.000000000000000000e+00,1.000000000000000000e+00,0.000000000000000000e+00,0.000000000000000000e+00,1.000000000000000000e+00,1.839856386184692383e+00,-3.528237342834472656e-01,8.289146423339843750e-01,1.913764476776123047e-01,-1.167891502380371094e+00,-1.387393176555633545e-01,1.997479728985885328e-01,1.911985953479100608e-01,9.438963484198555076e-02,1.000000000000000000e+00,2.052522659301757812e+00,-3.435184061527252197e-01,8.754707574844360352e-01,-4.898260831832885742e-01,-1.099859714508056641e+00,-1.074635162949562073e-01,1.924172153084653669e-01,3.610600076510173118e-02,7.914890559966386574e-03,1.000000000000000000e+00,-1.045522019267082214e-01,-1.364387124776840210e-01,-1.000000014901161194e-01,4.586618840694427490e-01,8.608145266771316528e-02,-4.159808158874511719e-02,-9.999998658895492554e-02,4.307129383087158203e-01,2.000000029802322388e-01,1.755533218383789062e-01,4.857873916625976562e-02,4.342162609100341797e-01,2.000000029802322388e-01,5.676794052124023438e-02,1.212668418884277344e-02,3.818231523036956787e-01
1.959999999999999964e+00,1.107037782669067383e+00,-1.042445421218872070e+00,9.015905261039733887e-01,1.086038589477539062e+00,-1.330613613128662109e+00,-6.941389292478561401e-02,9.944267868995666504e-01,1.026785969734191895e-01,-2.393095381557941437e-02,-1.014748662710189819e-01,9.937266111373901367e-01,4.701582342386245728e-02,2.860834263265132904e-02,-4.432539641857147217e-02,9.986075758934020996e-01,-4.611395597457885742e-01,-8.182237148284912109e-01,-5.328578129410743713e-02,1.000000000000000000e+00,0.000000000000000000e+00,1.107037782669067383e+00,-1.042445421218872070e+00,9.015905261039733887e-01,1.086038589477539062e+00,-1.330613613128662109e+00,-6.941389292478561401e-02,1.000000000000000000e+00,1.062017202377319336e+00,-6.219536662101745605e-01,7.947521209716796875e-01,6.668526530265808105e-01,-1.194616079330444336e+00,-1.377752572298049927e-01,1.000000000000000000e+00,1.844042778015136719e+00,-3.764297664165496826e-01,8.261418342590332031e-01,2.312843948602676392e-01,-1.195540428161621094e+00,-1.381381601095199585e-01,1.000000000000000000e+00,2.042823553085327148e+00,-3.657641708850860596e-01,8.732299804687500000e-01,-4.788815379142761230e-01,-1.127462983131408691e+00,-1.176690831780433655e-01,1.000000000000000000e+00,1.000000000000000000e+00,0.000000000000000000e+00,0.000000000000000000e+00,1.000000000000000000e+00,1.062017202377319336e+00,-6.219536662101745605e-01,7.947521209716796875e-01,6.668526530265808105e-01,-1.194616079330444336e+00,-1.377752572298049927e-01,9.950056076049804688e-01,9.975959360599517822e-02,-3.443124471232295036e-03,-9.944337606430053711e-02,9.876818656921386719e-01,-1.208119690418243408e-01,-8.651441894471645355e-03,1.205509901046752930e-01,9.926694631576538086e-01,-2.525200843811035156e-01,-3.496506810188293457e-01,4.051432013511657715e-02,0.000000000000000000e+00,1.000000000000000000e+00,1.107037782669067383e+00,-1.042445421218872070e+00,9.015905261039733887e-01,1.086038589477539062e+00,-1.330613613128662109e+00,-6.941389292478561401e-02,1.000000000000000000e+00,1.062017202377319336e+00,-6.219536662101745605e-01,7.947521209716796875e-01,6.668526530265808105e-01,-1.194616079330444336e+00,-1.377752572298049927e-01,1.000000000000000000e+00,1.844042778015136719e+00,-3.764297664165496826e-01,8.261418342590332031e-01,2.312843948602676392e-01,-1.195540428161621094e+00,-1.381381601095199585e-01,1.000000000000000000e+00,2.042823553085327148e+00,-3.657641708850860596e-01,8.732299804687500000e-01,-4.788815379142761230e-01,-1.127462983131408691e+00,-1.176690831780433655e-01,1.000000000000000000e+00,1.000000000000000000e+00,0.000000000000000000e+00,0.000000000000000000e+00,1.000000000000000000e+00,1.844042778015136719e+00,-3.764297664165496826e-01,8.261418342590332031e-01,2.312843948602676392e-01,-1.195540428161621094e+00,-1.381381601095199585e-01,1.999716545456328709e-01,1.914638078980359648e-01,9.016155819314207454e-02,1.000000000000000000e+00,2.042823553085327148e+00,-3.657641708850860596e-01,8.732299804687500000e-01,-4.788815379142761230e-01,-1.127462983131408691e+00,-1.176690831780433655e-01,1.934985118750492394e-01,3.897774108305451790e-02,8.560608548676421070e-03,1.000000000000000000e+00,0.000000000000000000e+00,0.000000000000000000e+00,0.000000000000000000e+00,0.000000000000000000e+00,0.000000000000000000e+00,0.000000000000000000e+00,0.000000000000000000e+00,0.000000000000000000e+00,0.000000000000000000e+00,0.000000000000000000e+00,0.000000000000000000e+00,0.000000000000000000e+00,0.000000000000000000e+00,0.000000000000000000e+00,0.000000000000000000e+00,0.000000000000000000e+00
