time,agent0_obs0,agent0_obs1,agent0_obs2,agent0_obs3,agent0_obs4,agent0_obs5,agent0_obs6,agent0_obs7,agent0_obs8,agent0_obs9,agent0_obs10,agent0_obs11,agent0_obs12,agent0_obs13,agent0_obs14,agent0_obs15,agent0_obs16,agent0_obs17,agent0_obs18,agent0_obs19,agent0_obs20,agent0_obs21,agent0_obs22,agent0_obs23,agent0_obs24,agent0_obs25,agent0_obs26,agent0_obs27,agent0_obs28,agent0_obs29,agent0_obs30,agent0_obs31,agent0_obs32,agent0_obs33,agent0_obs34,agent0_obs35,agent0_obs36,agent0_obs37,agent0_obs38,agent0_obs39,agent0_obs40,agent0_obs41,agent0_obs42,agent0_obs43,agent0_obs44,agent0_obs45,agent0_obs46,agent0_obs47,agent0_obs48,agent0_obs49,agent0_obs50,agent0_obs51,agent1_obs0,agent1_obs1,agent1_obs2,agent1_obs3,agent1_obs4,agent1_obs5,agent1_obs6,agent1_obs7,agent1_obs8,agent1_obs9,agent1_obs10,agent1_obs11,agent1_obs12,agent1_obs13,agent1_obs14,agent1_obs15,agent1_obs16,agent1_obs17,agent1_obs18,agent1_obs19,agent1_obs20,agent1_obs21,agent1_obs22,agent1_obs23,agent1_obs24,agent1_obs25,agent1_obs26,agent1_obs27,agent1_obs28,agent1_obs29,agent1_obs30,agent1_obs31,agent1_obs32,agent1_obs33,agent1_obs34,agent1_obs35,agent1_obs36,agent1_obs37,agent1_obs38,agent1_obs39,agent1_obs40,agent1_obs41,agent1_obs42,agent1_obs43,agent1_obs44,agent1_obs45,agent1_obs46,agent1_obs47,agent1_obs48,agent1_obs49,agent1_obs50,agent1_obs51,red0_pos_x,red0_pos_y,red0_pos_z,red0_vel_x,red0_vel_y,red0_vel_z,red0_roll,red0_pitch,red0_yaw,red0_active,red1_pos_x,red1_pos_y,red1_pos_z,red1_vel_x,red1_vel_y,red1_vel_z,red1_roll,red1_pitch,red1_yaw,red1_active,blue0_cmd_roll,blue0_cmd_pitch,blue0_cmd_yaw,blue0_cmd_thrust,blue1_cmd_roll,blue1_cmd_pitch,blue1_cmd_yaw,blue1_cmd_thrust,red0_cmd_roll,red0_cmd_pitch,red0_cmd_yaw,red0_cmd_thrust,red1_cmd_roll,red1_cmd_pitch,red1_cmd_yaw,red1_cmd_thrust
0.000000000000000000e+00,6.242346763610839844e-02,-5.004751086235046387e-01,1.030106663703918457e+00,0.000000000000000000e+00,0.000000000000000000e+00,0.000000000000000000e+00,1.000000000000000000e+00,0.000000000000000000e+00,0.000000000000000000e+00,0.000000000000000000e+00,1.000000000000000000e+00,0.000000000000000000e+00,0.000000000000000000e+00,0.000000000000000000e+00,1.000000000000000000e+00,0.000000000000000000e+00,0.000000000000000000e+00,0.000000000000000000e+00,1.000000000000000000e+00,0.000000000000000000e+00,6.242346763610839844e-02,-5.004751086235046387e-01,1.030106663703918457e+00,0.000000000000000000e+00,0.000000000000000000e+00,0.000000000000000000e+00,1.000000000000000000e+00,7.725446671247482300e-02,4.656473398208618164e-01,1.091443300247192383e+00,0.000000000000000000e+00,0.000000000000000000e+00,0.000000000000000000e+00,1.000000000000000000e+00,3.145359516143798828e+00,-4.453097581863403320e-01,1.041619420051574707e+00,0.000000000000000000e+00,0.000000000000000000e+00,0.000000000000000000e+00,1.000000000000000000e+00,3.225368738174438477e+00,1.768130064010620117e-01,6.006150245666503906e-01,0.000000000000000000e+00,0.000000000000000000e+00,0.000000000000000000e+00,1.000000000000000000e+00,1.000000000000000000e+00,0.000000000000000000e+00,0.000000000000000000e+00,1.000000000000000000e+00,7.725446671247482300e-02,4.656473398208618164e-01,1.091443300247192383e+00,0.000000000000000000e+00,0.000000000000000000e+00,0.000000000000000000e+00,1.000000000000000000e+00,0.000000000000000000e+00,0.000000000000000000e+00,0.000000000000000000e+00,1.000000000000000000e+00,0.000000000000000000e+00,0.000000000000000000e+00,0.000000000000000000e+00,1.000000000000000000e+00,0.000000000000000000e+00,0.000000000000000000e+00,0.000000000000000000e+00,0.000000000000000000e+00,1.000000000000000000e+00,6.242346763610839844e-02,-5.004751086235046387e-01,1.030106663703918457e+00,0.000000000000000000e+00,0.000000000000000000e+00,0.000000000000000000e+00,1.000000000000000000e+00,7.725446671247482300e-02,4.656473398208618164e-01,1.091443300247192383e+00,0.000000000000000000e+00,0.000000000000000000e+00,0.000000000000000000e+00,1.000000000000000000e+00,3.145359516143798828e+00,-4.453097581863403320e-01,1.041619420051574707e+00,0.000000000000000000e+00,0.000000000000000000e+00,0.000000000000000000e+00,1.000000000000000000e+00,3.225368738174438477e+00,1.768130064010620117e-01,6.006150245666503906e-01,0.000000000000000000e+00,0.000000000000000000e+00,0.000000000000000000e+00,1.000000000000000000e+00,1.000000000000000000e+00,0.000000000000000000e+00,0.000000000000000000e+00,1.000000000000000000e+00,3.145359516143798828e+00,-4.453097581863403320e-01,1.041619420051574707e+00,0.000000000000000000e+00,0.000000000000000000e+00,0.000000000000000000e+00,0.000000000000000000e+00,0.000000000000000000e+00,0.000000000000000000e+00,1.000000000000000000e+00,3.225368738174438477e+00,1.768130064010620117e-01,6.006150245666503906e-01,0.000000000000000000e+00,0.000000000000000000e+00,0.000000000000000000e+00,0.000000000000000000e+00,0.000000000000000000e+00,0.000000000000000000e+00,1.000000000000000000e+00,-3.060561791062355042e-02,1.040138825774192810e-01,-1.000000014901161194e-01,4.758363664150238037e-01,1.999999880790710449e-01,1.309234648942947388e-01,-1.000000014901161194e-01,5.179181694984436035e-01,4.213571548461914062e-03,-2.000000029802322388e-01,-9.424686431884765625e-04,3.979449570178985596e-01,-2.047014236450195312e-02,-2.000000029802322388e-01,4.359483718872070312e-03,4.123010933399200439e-01
2.000000000000000042e-02,6.242361664772033691e-02,-5.004750490188598633e-01,1.030118823051452637e+00,6.067107824492268264e-05,2.459380448271986097e-05,2.316031605005264282e-03,9.999940395355224609e-01,3.033178625628352165e-03,1.646120101213455200e-03,-3.034248249605298042e-03,9.999951720237731934e-01,6.476436974480748177e-04,-1.644147792831063271e-03,-6.526345387101173401e-04,9.999983906745910645e-01,-1.049084365367889404e-01,2.796001136302947998e-01,-3.106287121772766113e-01,1.000000000000000000e+00,0.000000000000000000e+00,6.242361664772033691e-02,-5.004750490188598633e-01,1.030118823051452637e+00,6.067107824492268264e-05,2.459380448271986097e-05,2.316031605005264282e-03,1.000000000000000000e+00,7.725451141595840454e-02,4.656471610069274902e-01,1.091455459594726562e+00,1.966413219633977860e-05,-7.498673221562057734e-05,2.443534089252352715e-03,1.000000000000000000e+00,3.145359277725219727e+00,-4.453097581863403320e-01,1.041612863540649414e+00,-1.139430532930418849e-04,-2.362187387916492298e-06,-1.069556688889861107e-03,1.000000000000000000e+00,3.225368499755859375e+00,1.768130362033843994e-01,6.006123423576354980e-01,-1.125551934819668531e-04,1.147702005255268887e-05,-3.427468473091721535e-04,1.000000000000000000e+00,1.000000000000000000e+00,0.000000000000000000e+00,0.000000000000000000e+00,1.000000000000000000e+00,7.725451141595840454e-02,4.656471610069274902e-01,1.091455459594726562e+00,1.966413219633977860e-05,-7.498673221562057734e-05,2.443534089252352715e-03,9.999970793724060059e-01,2.345837187021970749e-03,5.819913349114358425e-04,-2.344627864658832550e-03,9.999951124191284180e-01,-2.070198766887187958e-03,-5.868448060937225819e-04,2.068828325718641281e-03,9.999977350234985352e-01,3.652292490005493164e-01,1.164658889174461365e-01,-2.565873265266418457e-01,0.000000000000000000e+00,1.000000000000000000e+00,6.242361664772033691e-02,-5.004750490188598633e-01,1.030118823051452637e+00,6.067107824492268264e-05,2.459380448271986097e-05,2.316031605005264282e-03,1.000000000000000000e+00,7.725451141595840454e-02,4.656471610069274902e-01,1.091455459594726562e+00,1.966413219633977860e-05,-7.498673221562057734e-05,2.443534089252352715e-03,1.000000000000000000e+00,3.145359277725219727e+00,-4.453097581863403320e-01,1.041612863540649414e+00,-1.139430532930418849e-04,-2.362187387916492298e-06,-1.069556688889861107e-03,1.000000000000000000e+00,3.225368499755859375e+00,1.768130362033843994e-01,6.006123423576354980e-01,-1.125551934819668531e-04,1.147702005255268887e-05,-3.427468473091721535e-04,1.000000000000000000e+00,1.000000000000000000e+00,0.000000000000000000e+00,0.000000000000000000e+00,1.000000000000000000e+00,3.145359277725219727e+00,-4.453097581863403320e-01,1.041612863540649414e+00,-1.139430532930418849e-04,-2.362187387916492298e-06,-1.069556688889861107e-03,6.587437841080940107e-05,-3.182488310873532456e-03,-3.080171844958161148e-05,1.000000000000000000e+00,3.225368499755859375e+00,1.768130362033843994e-01,6.006123423576354980e-01,-1.125551934819668531e-04,1.147702005255268887e-05,-3.427468473091721535e-04,-3.182609888623255797e-04,-3.126289458087239126e-03,1.435203425640695942e-04,1.000000000000000000e+00,-7.026842236518859863e-02,1.213352307677268982e-01,-1.000000014901161194e-01,5.117375850677490234e-01,1.999997347593307495e-01,1.330968439579010010e-01,-1.000000014901161194e-01,5.239523649215698242e-01,4.212856292724609375e-03,-2.000000029802322388e-01,-9.422302246093750000e-04,3.982350528240203857e-01,-2.046823501586914062e-02,-2.000000029802322388e-01,4.358768463134765625e-03,4.125825464725494385e-01
4.000000000000000083e-02,6.243148446083068848e-02,-5.004719495773315430e-01,1.030234694480895996e+00,1.175148063339293003e-03,4.412602866068482399e-04,1.164341997355222702e-02,9.998688101768493652e-01,1.096972171217203140e-02,1.191706769168376923e-02,-1.102340314537286758e-02,9.999293684959411621e-01,4.448337946087121964e-03,-1.186742819845676422e-02,-4.579120781272649765e-03,9.999191164970397949e-01,-3.165343999862670898e-01,7.914636135101318359e-01,-4.892497658729553223e-01,1.000000000000000000e+00,0.000000000000000000e+00,6.243148446083068848e-02,-5.004719495773315430e-01,1.030234694480895996e+00,1.175148063339293003e-03,4.412602866068482399e-04,1.164341997355222702e-02,1.000000000000000000e+00,7.725767046213150024e-02,4.656369388103485107e-01,1.091581463813781738e+00,5.240617902018129826e-04,-1.564062084071338177e-03,1.272756885737180710e-02,1.000000000000000000e+00,3.145344972610473633e+00,-4.453100562095642090e-01,1.041576623916625977e+00,-2.115849172696471214e-03,-4.352257383288815618e-05,-2.750857267528772354e-03,1.000000000000000000e+00,3.225354433059692383e+00,1.768144816160202026e-01,6.006076931953430176e-01,-2.107318723574280739e-03,2.131039072992280126e-04,9.464268077863380313e-05,1.000000000000000000e+00,1.000000000000000000e+00,0.000000000000000000e+00,0.000000000000000000e+00,1.000000000000000000e+00,7.725767046213150024e-02,4.656369388103485107e-01,1.091581463813781738e+00,5.240617902018129826e-04,-1.564062084071338177e-03,1.272756885737180710e-02,9.999337792396545410e-01,9.733706712722778320e-03,6.144733168184757233e-03,-9.632071480154991150e-03,9.998198151588439941e-01,-1.635856181383132935e-02,-6.302854977548122406e-03,1.629829034209251404e-02,9.998472929000854492e-01,1.155491471290588379e+00,5.299689173698425293e-01,-4.923304021358489990e-01,0.000000000000000000e+00,1.000000000000000000e+00,6.243148446083068848e-02,-5.004719495773315430e-01,1.030234694480895996e+00,1.175148063339293003e-03,4.412602866068482399e-04,1.164341997355222702e-02,1.000000000000000000e+00,7.725767046213150024e-02,4.656369388103485107e-01,1.091581463813781738e+00,5.240617902018129826e-04,-1.564062084071338177e-03,1.272756885737180710e-02,1.000000000000000000e+00,3.145344972610473633e+00,-4.453100562095642090e-01,1.041576623916625977e+00,-2.115849172696471214e-03,-4.352257383288815618e-05,-2.750857267528772354e-03,1.000000000000000000e+00,3.225354433059692383e+00,1.768144816160202026e-01,6.006076931953430176e-01,-2.107318723574280739e-03,2.131039072992280126e-04,9.464268077863380313e-05,1.000000000000000000e+00,1.000000000000000000e+00,0.000000000000000000e+00,0.000000000000000000e+00,1.000000000000000000e+00,3.145344972610473633e+00,-4.453100562095642090e-01,1.041576623916625977e+00,-2.115849172696471214e-03,-4.352257383288815618e-05,-2.750857267528772354e-03,4.608632581584104970e-04,-2.237352982961082759e-02,-9.968410926373090573e-05,1.000000000000000000e+00,3.225354433059692383e+00,1.768144816160202026e-01,6.006076931953430176e-01,-2.107318723574280739e-03,2.131039072992280126e-04,9.464268077863380313e-05,-2.233218797527278948e-03,-2.207948968302608783e-02,4.597150144647368887e-04,1.000000000000000000e+00,-1.313887536525726318e-01,1.408499330282211304e-01,-1.000000014901161194e-01,5.687029361724853516e-01,1.999999731779098511e-01,1.713049560785293579e-01,-1.000000014901161194e-01,5.446314215660095215e-01,4.199504852294921875e-03,-2.000000029802322388e-01,-9.367465972900390625e-04,3.999036252498626709e-01,-2.040696144104003906e-02,-2.000000029802322388e-01,4.334449768066406250e-03,4.141722023487091064e-01
5.999999999999999778e-02,6.248678267002105713e-02,-5.004509091377258301e-01,1.030623078346252441e+00,5.504399072378873825e-03,2.129347296431660652e-03,3.113542869687080383e-02,9.992801547050476074e-01,2.141214348375797272e-02,3.131605684757232666e-02,-2.182808704674243927e-02,9.996771812438964844e-01,1.300111319869756699e-02,-3.102756664156913757e-02,-1.367532368749380112e-02,9.994249343872070312e-01,-6.241071224212646484e-01,1.120055437088012695e+00,-5.743243098258972168e-01,1.000000000000000000e+00,0.000000000000000000e+00,6.248678267002105713e-02,-5.004509091377258301e-01,1.030623078346252441e+00,5.504399072378873825e-03,2.129347296431660652e-03,3.113542869687080383e-02,1.000000000000000000e+00,7.728619873523712158e-02,4.655609130859375000e-01,1.091997504234313965e+00,3.114041173830628395e-03,-7.714266888797283173e-03,3.235165774822235107e-02,1.000000000000000000e+00,3.145249843597412109e+00,-4.453120529651641846e-01,1.041500926017761230e+00,-9.110839106142520905e-03,-1.865386293502524495e-04,-5.207131151109933853e-03,1.000000000000000000e+00,3.225259304046630859e+00,1.768240779638290405e-01,6.006164550781250000e-01,-9.154104627668857574e-03,9.190848213620483875e-04,8.319094195030629635e-04,1.000000000000000000e+00,1.000000000000000000e+00,0.000000000000000000e+00,0.000000000000000000e+00,1.000000000000000000e+00,7.728619873523712158e-02,4.655609130859375000e-01,1.091997504234313965e+00,3.114041173830628395e-03,-7.714266888797283173e-03,3.235165774822235107e-02,9.995482563972473145e-01,2.158992737531661987e-02,2.090881019830703735e-02,-2.062115073204040527e-02,9.987519383430480957e-01,-4.549028351902961731e-02,-2.186484634876251221e-02,4.503856971859931946e-02,9.987459182739257812e-01,1.702572345733642578e+00,1.032520174980163574e+00,-6.553703546524047852e-01,0.000000000000000000e+00,1.000000000000000000e+00,6.248678267002105713e-02,-5.004509091377258301e-01,1.030623078346252441e+00,5.504399072378873825e-03,2.129347296431660652e-03,3.113542869687080383e-02,1.000000000000000000e+00,7.728619873523712158e-02,4.655609130859375000e-01,1.091997504234313965e+00,3.114041173830628395e-03,-7.714266888797283173e-03,3.235165774822235107e-02,1.000000000000000000e+00,3.145249843597412109e+00,-4.453120529651641846e-01,1.041500926017761230e+00,-9.110839106142520905e-03,-1.865386293502524495e-04,-5.207131151109933853e-03,1.000000000000000000e+00,3.225259304046630859e+00,1.768240779638290405e-01,6.006164550781250000e-01,-9.154104627668857574e-03,9.190848213620483875e-04,8.319094195030629635e-04,1.000000000000000000e+00,1.000000000000000000e+00,0.000000000000000000e+00,0.000000000000000000e+00,1.000000000000000000e+00,3.145249843597412109e+00,-4.453120529651641846e-01,1.041500926017761230e+00,-9.110839106142520905e-03,-1.865386293502524495e-04,-5.207131151109933853e-03,1.121988434003532743e-03,-5.444580066746351754e-02,-2.070350739915465042e-04,1.000000000000000000e+00,3.225259304046630859e+00,1.768240779638290405e-01,6.006164550781250000e-01,-9.154104627668857574e-03,9.190848213620483875e-04,8.319094195030629635e-04,-5.448496573754181907e-03,-5.410272803918458884e-02,9.570480656561066932e-04,1.000000000000000000e+00,-1.885095387697219849e-01,1.562790274620056152e-01,-1.000000014901161194e-01,5.865089893341064453e-01,2.000000029802322388e-01,1.781421005725860596e-01,-1.000000014901161194e-01,5.682607889175415039e-01,4.143238067626953125e-03,-2.000000029802322388e-01,-9.157657623291015625e-04,4.023829698562622070e-01,-2.016162872314453125e-02,-2.000000029802322388e-01,4.243612289428710938e-03,4.164528250694274902e-01
8.000000000000000167e-02,6.267257779836654663e-02,-5.003748536109924316e-01,1.031506180763244629e+00,1.497186999768018723e-02,6.497942376881837845e-03,6.208370253443717957e-02,9.979738593101501465e-01,3.242168948054313660e-02,5.474641174077987671e-02,-3.400737419724464417e-02,9.990212917327880859e-01,2.828512154519557953e-02,-5.377577990293502808e-02,-3.008959256112575531e-02,9.980996251106262207e-01,-1.018150568008422852e+00,1.135781884193420410e+00,-5.940361618995666504e-01,1.000000000000000000e+00,0.000000000000000000e+00,6.267257779836654663e-02,-5.003748536109924316e-01,1.031506180763244629e+00,1.497186999768018723e-02,6.497942376881837845e-03,6.208370253443717957e-02,1.000000000000000000e+00,7.740168273448944092e-02,4.652968049049377441e-01,1.092886567115783691e+00,9.994469583034515381e-03,-2.146388962864875793e-02,6.084680929780006409e-02,1.000000000000000000e+00,3.144958496093750000e+00,-4.453179836273193359e-01,1.041369676589965820e+00,-2.235898375511169434e-02,-4.568239965010434389e-04,-8.243473246693611145e-03,1.000000000000000000e+00,3.224965333938598633e+00,1.768535226583480835e-01,6.006401777267456055e-01,-2.263284660875797272e-02,2.260572742670774460e-03,1.724334782920777798e-03,1.000000000000000000e+00,1.000000000000000000e+00,0.000000000000000000e+00,0.000000000000000000e+00,1.000000000000000000e+00,7.740168273448944092e-02,4.652968049049377441e-01,1.092886567115783691e+00,9.994469583034515381e-03,-2.146388962864875793e-02,6.084680929780006409e-02,9.983910918235778809e-01,3.658467158675193787e-02,4.332327470183372498e-02,-3.301468119025230408e-02,9.962133169174194336e-01,-8.043180406093597412e-02,-4.610178992152214050e-02,7.887208461761474609e-02,9.958182573318481445e-01,1.623578786849975586e+00,1.264935255050659180e+00,-7.315654754638671875e-01,0.000000000000000000e+00,1.000000000000000000e+00,6.267257779836654663e-02,-5.003748536109924316e-01,1.031506180763244629e+00,1.497186999768018723e-02,6.497942376881837845e-03,6.208370253443717957e-02,1.000000000000000000e+00,7.740168273448944092e-02,4.652968049049377441e-01,1.092886567115783691e+00,9.994469583034515381e-03,-2.146388962864875793e-02,6.084680929780006409e-02,1.000000000000000000e+00,3.144958496093750000e+00,-4.453179836273193359e-01,1.041369676589965820e+00,-2.235898375511169434e-02,-4.568239965010434389e-04,-8.243473246693611145e-03,1.000000000000000000e+00,3.224965333938598633e+00,1.768535226583480835e-01,6.006401777267456055e-01,-2.263284660875797272e-02,2.260572742670774460e-03,1.724334782920777798e-03,1.000000000000000000e+00,1.000000000000000000e+00,0.000000000000000000e+00,0.000000000000000000e+00,1.000000000000000000e+00,3.144958496093750000e+00,-4.453179836273193359e-01,1.041369676589965820e+00,-2.235898375511169434e-02,-4.568239965010434389e-04,-8.243473246693611145e-03,1.773982480019443584e-03,-8.562005116152970885e-02,-3.418200072788752601e-04,1.000000000000000000e+00,3.224965333938598633e+00,1.768535226583480835e-01,6.006401777267456055e-01,-2.263284660875797272e-02,2.260572742670774460e-03,1.724334782920777798e-03,-8.623445686430400783e-03,-8.554566508743022268e-02,1.589351146630063258e-03,1.000000000000000000e+00,-1.999999582767486572e-01,1.555825918912887573e-01,-1.000000014901161194e-01,5.867891311645507812e-01,1.999999880790710449e-01,1.847236156463623047e-01,-1.000000014901161194e-01,5.835824608802795410e-01,3.985166549682617188e-03,-2.000000029802322388e-01,-8.652210235595703125e-04,4.044923484325408936e-01,-1.956105232238769531e-02,-2.000000029802322388e-01,4.044055938720703125e-03,4.181923866271972656e-01
1.000000000000000056e-01,6.310032308101654053e-02,-5.001733899116516113e-01,1.033100008964538574e+00,3.027917817234992981e-02,1.546227838844060898e-02,1.027725636959075928e-01,9.961580038070678711e-01,4.262352362275123596e-02,7.650207728147506714e-02,-4.657650366425514221e-02,9.976297020912170410e-01,5.065309256315231323e-02,-7.416173070669174194e-02,-5.402167886495590210e-02,9.957820177078247070e-01,-1.290288925170898438e+00,9.058032035827636719e-01,-5.767940878868103027e-01,1.000000000000000000e+00,0.000000000000000000e+00,6.310032308101654053e-02,-5.001733899116516113e-01,1.033100008964538574e+00,3.027917817234992981e-02,1.546227838844060898e-02,1.027725636959075928e-01,1.000000000000000000e+00,7.770511507987976074e-02,4.646826088428497314e-01,1.094421982765197754e+00,2.258495241403579712e-02,-4.342194274067878723e-02,9.776016324758529663e-02,1.000000000000000000e+00,3.144352436065673828e+00,-4.453303813934326172e-01,1.041180133819580078e+00,-4.078246653079986572e-02,-8.327267714776098728e-04,-1.087732240557670593e-02,1.000000000000000000e+00,3.224349975585937500e+00,1.769148856401443481e-01,6.006892323493957520e-01,-4.151279479265213013e-02,4.133208654820919037e-03,3.546517575159668922e-03,1.000000000000000000e+00,1.000000000000000000e+00,0.000000000000000000e+00,0.000000000000000000e+00,1.000000000000000000e+00,7.770511507987976074e-02,4.646826088428497314e-01,1.094421982765197754e+00,2.258495241403579712e-02,-4.342194274067878723e-02,9.776016324758529663e-02,9.963800311088562012e-01,5.304146185517311096e-02,6.643424183130264282e-02,-4.557276144623756409e-02,9.929648041725158691e-01,-1.092887818813323975e-01,-7.176370173692703247e-02,1.058655679225921631e-01,9.917875528335571289e-01,1.090105175971984863e+00,1.111808180809020996e+00,-7.599959969520568848e-01,0.000000000000000000e+00,1.000000000000000000e+00,6.310032308101654053e-02,-5.001733899116516113e-01,1.033100008964538574e+00,3.027917817234992981e-02,1.546227838844060898e-02,1.027725636959075928e-01,1.000000000000000000e+00,7.770511507987976074e-02,4.646826088428497314e-01,1.094421982765197754e+00,2.258495241403579712e-02,-4.342194274067878723e-02,9.776016324758529663e-02,1.000000000000000000e+00,3.144352436065673828e+00,-4.453303813934326172e-01,1.041180133819580078e+00,-4.078246653079986572e-02,-8.327267714776098728e-04,-1.087732240557670593e-02,1.000000000000000000e+00,3.224349975585937500e+00,1.769148856401443481e-01,6.006892323493957520e-01,-4.151279479265213013e-02,4.133208654820919037e-03,3.546517575159668922e-03,1.000000000000000000e+00,1.000000000000000000e+00,0.000000000000000000e+00,0.000000000000000000e+00,1.000000000000000000e+00,3.144352436065673828e+00,-4.453303813934326172e-01,1.041180133819580078e+00,-4.078246653079986572e-02,-8.327267714776098728e-04,-1.087732240557670593e-02,2.223810354668635716e-03,-1.068529175593950775e-01,-4.629557174899231889e-04,1.000000000000000000e+00,3.224349975585937500e+00,1.769148856401443481e-01,6.006892323493957520e-01,-4.151279479265213013e-02,4.133208654820919037e-03,3.546517575159668922e-03,-1.081872422086124427e-02,-1.071186400001353789e-01,2.159375339033432241e-03,1.000000000000000000e+00,-1.999995708465576172e-01,1.349810361862182617e-01,-1.000000014901161194e-01,5.686052441596984863e-01,1.999998539686203003e-01,1.924518197774887085e-01,-1.000000014901161194e-01,5.888990163803100586e-01,3.598690032958984375e-03,-2.000000029802322388e-01,-7.612705230712890625e-04,4.060060977935791016e-01,-1.838207244873046875e-02,-2.000000029802322388e-01,3.700733184814453125e-03,4.191622436046600342e-01
1.199999999999999956e-01,6.388266384601593018e-02,-4.997389614582061768e-01,1.035573124885559082e+00,5.072502046823501587e-02,3.053670190274715424e-02,1.500255614519119263e-01,9.943568706512451172e-01,5.157570168375968933e-02,9.270728379487991333e-02,-5.868273600935935974e-02,9.954066872596740723e-01,7.564432173967361450e-02,-8.838003128767013550e-02,-8.065775781869888306e-02,9.928159713745117188e-01,-1.231560945510864258e+00,5.543681383132934570e-01,-5.333095192909240723e-01,1.000000000000000000e+00,0.000000000000000000e+00,6.388266384601593018e-02,-4.997389614582061768e-01,1.035573124885559082e+00,5.072502046823501587e-02,3.053670190274715424e-02,1.500255614519119263e-01,1.000000000000000000e+00,7.831168919801712036e-02,4.635670185089111328e-01,1.096766591072082520e+00,4.071689024567604065e-02,-7.183238863945007324e-02,1.423335373401641846e-01,1.000000000000000000e+00,3.143346786499023438e+00,-4.453508853912353516e-01,1.040942788124084473e+00,-6.234371662139892578e-02,-1.270671375095844269e-03,-1.302804052829742432e-02,1.000000000000000000e+00,3.223323583602905273e+00,1.770169287919998169e-01,6.007831692695617676e-01,-6.370204687118530273e-02,6.322851870208978653e-03,6.230785977095365524e-03,1.000000000000000000e+00,1.000000000000000000e+00,0.000000000000000000e+00,0.000000000000000000e+00,1.000000000000000000e+00,7.831168919801712036e-02,4.635670185089111328e-01,1.096766591072082520e+00,4.071689024567604065e-02,-7.183238863945007324e-02,1.423335373401641846e-01,9.939876794815063477e-01,6.934079527854919434e-02,8.473676443099975586e-02,-5.827438831329345703e-02,9.902237057685852051e-01,-1.267322003841400146e-01,-9.269607067108154297e-02,1.210322678089141846e-01,9.883109927177429199e-01,5.440695285797119141e-01,7.913936972618103027e-01,-7.425739765167236328e-01,0.000000000000000000e+00,1.000000000000000000e+00,6.388266384601593018e-02,-4.997389614582061768e-01,1.035573124885559082e+00,5.072502046823501587e-02,3.053670190274715424e-02,1.500255614519119263e-01,1.000000000000000000e+00,7.831168919801712036e-02,4.635670185089111328e-01,1.096766591072082520e+00,4.071689024567604065e-02,-7.183238863945007324e-02,1.423335373401641846e-01,1.000000000000000000e+00,3.143346786499023438e+00,-4.453508853912353516e-01,1.040942788124084473e+00,-6.234371662139892578e-02,-1.270671375095844269e-03,-1.302804052829742432e-02,1.000000000000000000e+00,3.223323583602905273e+00,1.770169287919998169e-01,6.007831692695617676e-01,-6.370204687118530273e-02,6.322851870208978653e-03,6.230785977095365524e-03,1.000000000000000000e+00,1.000000000000000000e+00,0.000000000000000000e+00,0.000000000000000000e+00,1.000000000000000000e+00,3.143346786499023438e+00,-4.453508853912353516e-01,1.040942788124084473e+00,-6.234371662139892578e-02,-1.270671375095844269e-03,-1.302804052829742432e-02,2.447342284346719701e-03,-1.184605064211068370e-01,-5.490129433447310872e-04,1.000000000000000000e+00,3.223323583602905273e+00,1.770169287919998169e-01,6.007831692695617676e-01,-6.370204687118530273e-02,6.322851870208978653e-03,6.230785977095365524e-03,-1.193955441659301855e-02,-1.188356321168202445e-01,2.567336418616956994e-03,1.000000000000000000e+00,-1.999998688697814941e-01,1.226016059517860413e-01,-1.000000014901161194e-01,5.309256315231323242e-01,2.000000029802322388e-01,1.999994367361068726e-01,-1.000000014901161194e-01,5.624883770942687988e-01,2.767324447631835938e-03,-2.000000029802322388e-01,-5.667209625244140625e-04,4.073910117149353027e-01,-1.640510559082031250e-02,-1.958632469177246094e-01,3.192901611328125000e-03,4.198948442935943604e-01
1.400000000000000133e-01,6.510755419731140137e-02,-4.989475309848785400e-01,1.039018392562866211e+00,7.451520115137100220e-02,5.157832801342010498e-02,1.993439942598342896e-01,9.930114746093750000e-01,5.942601338028907776e-02,1.019644066691398621e-01,-6.936247646808624268e-02,9.928794503211975098e-01,9.684620797634124756e-02,-9.548317641019821167e-02,-1.032419055700302124e-01,9.900626540184020996e-01,-8.897135257720947266e-01,2.433894276618957520e-01,-4.622943103313446045e-01,1.000000000000000000e+00,0.000000000000000000e+00,6.510755419731140137e-02,-4.989475309848785400e-01,1.039018392562866211e+00,7.451520115137100220e-02,5.157832801342010498e-02,1.993439942598342896e-01,1.000000000000000000e+00,7.932147383689880371e-02,4.618450999259948730e-01,1.100053310394287109e+00,6.305360794067382812e-02,-1.039777100086212158e-01,1.916592270135879517e-01,1.000000000000000000e+00,3.141892910003662109e+00,-4.453804194927215576e-01,1.040666103363037109e+00,-8.561412990093231201e-02,-1.733184559270739555e-03,-1.470670476555824280e-02,1.000000000000000000e+00,3.221836328506469727e+00,1.771642118692398071e-01,6.009368300437927246e-01,-8.766732364892959595e-02,8.651991374790668488e-03,9.604016318917274475e-03,1.000000000000000000e+00,1.000000000000000000e+00,0.000000000000000000e+00,0.000000000000000000e+00,1.000000000000000000e+00,7.932147383689880371e-02,4.618450999259948730e-01,1.100053310394287109e+00,6.305360794067382812e-02,-1.039777100086212158e-01,1.916592270135879517e-01,9.916583299636840820e-01,8.424221724271774292e-02,9.755510836839675903e-02,-7.060679048299789429e-02,9.882374405860900879e-01,-1.356516629457473755e-01,-1.078352108597755432e-01,1.276320368051528931e-01,9.859420061111450195e-01,3.104057610034942627e-01,5.745480656623840332e-01,-6.719079017639160156e-01,0.000000000000000000e+00,1.000000000000000000e+00,6.510755419731140137e-02,-4.989475309848785400e-01,1.039018392562866211e+00,7.451520115137100220e-02,5.157832801342010498e-02,1.993439942598342896e-01,1.000000000000000000e+00,7.932147383689880371e-02,4.618450999259948730e-01,1.100053310394287109e+00,6.305360794067382812e-02,-1.039777100086212158e-01,1.916592270135879517e-01,1.000000000000000000e+00,3.141892910003662109e+00,-4.453804194927215576e-01,1.040666103363037109e+00,-8.561412990093231201e-02,-1.733184559270739555e-03,-1.470670476555824280e-02,1.000000000000000000e+00,3.221836328506469727e+00,1.771642118692398071e-01,6.009368300437927246e-01,-8.766732364892959595e-02,8.651991374790668488e-03,9.604016318917274475e-03,1.000000000000000000e+00,1.000000000000000000e+00,0.000000000000000000e+00,0.000000000000000000e+00,1.000000000000000000e+00,3.141892910003662109e+00,-4.453804194927215576e-01,1.040666103363037109e+00,-8.561412990093231201e-02,-1.733184559270739555e-03,-1.470670476555824280e-02,2.518897848126617958e-03,-1.260078570836435929e-01,-6.016117688164667040e-04,1.000000000000000000e+00,3.221836328506469727e+00,1.771642118692398071e-01,6.009368300437927246e-01,-8.766732364892959595e-02,8.651991374790668488e-03,9.604016318917274475e-03,-1.242335620951851884e-02,-1.261558864765046639e-01,2.838699355452242376e-03,1.000000000000000000e+00,-1.999999731779098511e-01,1.098348125815391541e-01,-1.000000014901161194e-01,4.706350862979888916e-01,2.000000029802322388e-01,1.999999880790710449e-01,-1.000000014901161194e-01,5.389373898506164551e-01,1.269578933715820312e-03,-1.986062526702880859e-01,-2.505779266357421875e-04,4.090724885463714600e-01,-1.351118087768554688e-02,-1.881191730499267578e-01,2.526998519897460938e-03,4.209089279174804688e-01
1.600000000000000033e-01,6.682220846414566040e-02,-4.976949989795684814e-01,1.043426513671875000e+00,9.945607930421829224e-02,7.661257684230804443e-02,2.446793466806411743e-01,9.921649098396301270e-01,6.628993898630142212e-02,1.058982461690902710e-01,-7.804427295923233032e-02,9.907498359680175781e-01,1.110125705599784851e-01,-9.755966067314147949e-02,-1.184075251221656799e-01,9.881607890129089355e-01,-5.571748614311218262e-01,6.677995622158050537e-02,-3.744265437126159668e-01,1.000000000000000000e+00,0.000000000000000000e+00,6.682220846414566040e-02,-4.976949989795684814e-01,1.043426513671875000e+00,9.945607930421829224e-02,7.661257684230804443e-02,2.446793466806411743e-01,1.000000000000000000e+00,8.080538362264633179e-02,4.594613909721374512e-01,1.104340791702270508e+00,8.826077729463577271e-02,-1.380645334720611572e-01,2.420538961887359619e-01,1.000000000000000000e+00,3.139961004257202148e+00,-4.454192519187927246e-01,1.040362238883972168e+00,-1.102954521775245667e-01,-2.197349444031715393e-03,-1.561583206057548523e-02,1.000000000000000000e+00,3.219857215881347656e+00,1.773586720228195190e-01,6.011655926704406738e-01,-1.130093708634376526e-01,1.103872526437044144e-02,1.384122762829065323e-02,1.000000000000000000e+00,1.000000000000000000e+00,0.000000000000000000e+00,0.000000000000000000e+00,1.000000000000000000e+00,8.080538362264633179e-02,4.594613909721374512e-01,1.104340791702270508e+00,8.826077729463577271e-02,-1.380645334720611572e-01,2.420538961887359619e-01,9.893965125083923340e-01,9.738799929618835449e-02,1.077517345547676086e-01,-8.152270317077636719e-02,9.863681793212890625e-01,-1.429411023855209351e-01,-1.202036067843437195e-01,1.326411813497543335e-01,9.838483929634094238e-01,3.826554715633392334e-01,5.294256806373596191e-01,-5.758865475654602051e-01,0.000000000000000000e+00,1.000000000000000000e+00,6.682220846414566040e-02,-4.976949989795684814e-01,1.043426513671875000e+00,9.945607930421829224e-02,7.661257684230804443e-02,2.446793466806411743e-01,1.000000000000000000e+00,8.080538362264633179e-02,4.594613909721374512e-01,1.104340791702270508e+00,8.826077729463577271e-02,-1.380645334720611572e-01,2.420538961887359619e-01,1.000000000000000000e+00,3.139961004257202148e+00,-4.454192519187927246e-01,1.040362238883972168e+00,-1.102954521775245667e-01,-2.197349444031715393e-03,-1.561583206057548523e-02,1.000000000000000000e+00,3.219857215881347656e+00,1.773586720228195190e-01,6.011655926704406738e-01,-1.130093708634376526e-01,1.103872526437044144e-02,1.384122762829065323e-02,1.000000000000000000e+00,1.000000000000000000e+00,0.000000000000000000e+00,0.000000000000000000e+00,1.000000000000000000e+00,3.139961004257202148e+00,-4.454192519187927246e-01,1.040362238883972168e+00,-1.102954521775245667e-01,-2.197349444031715393e-03,-1.561583206057548523e-02,2.485229522814645133e-03,-1.341141078542020804e-01,-6.214685088827793602e-04,1.000000000000000000e+00,3.219857215881347656e+00,1.773586720228195190e-01,6.011655926704406738e-01,-1.130093708634376526e-01,1.103872526437044144e-02,1.384122762829065323e-02,-1.267371292668700855e-02,-1.335446427536026714e-01,3.003795857325437281e-03,1.000000000000000000e+00,-1.999154388904571533e-01,9.651745855808258057e-02,-1.000000014901161194e-01,3.967797160148620605e-01,1.999994665384292603e-01,1.998241096735000610e-01,-1.000000014901161194e-01,5.237657427787780762e-01,-9.603500366210937500e-04,-1.904227733612060547e-01,1.816749572753906250e-04,4.110604226589202881e-01,-9.683847427368164062e-03,-1.795804500579833984e-01,1.729726791381835938e-03,4.223764240741729736e-01
1.799999999999999933e-01,6.903175264596939087e-02,-4.959250390529632568e-01,1.048650741577148438e+00,1.236755847930908203e-01,1.030815094709396362e-01,2.785758078098297119e-01,9.916305541992187500e-01,7.200879603624343872e-02,1.071614921092987061e-01,-8.485183864831924438e-02,9.890726804733276367e-01,1.205632910132408142e-01,-9.730887413024902344e-02,-1.286470890045166016e-01,9.869047403335571289e-01,-4.331949055194854736e-01,-4.839640576392412186e-03,-2.997699677944183350e-01,1.000000000000000000e+00,0.000000000000000000e+00,6.903175264596939087e-02,-4.959250390529632568e-01,1.048650741577148438e+00,1.236755847930908203e-01,1.030815094709396362e-01,2.785758078098297119e-01,1.000000000000000000e+00,8.281426876783370972e-02,4.563806056976318359e-01,1.109627842903137207e+00,1.157105267047882080e-01,-1.739190369844436646e-01,2.912017405033111572e-01,1.000000000000000000e+00,3.137521028518676758e+00,-4.454672932624816895e-01,1.040047407150268555e+00,-1.366373896598815918e-01,-2.640629652887582779e-03,-1.575853303074836731e-02,1.000000000000000000e+00,3.217358112335205078e+00,1.776011437177658081e-01,6.014865040779113770e-01,-1.398562937974929810e-01,1.344829332083463669e-02,1.887067221105098724e-02,1.000000000000000000e+00,1.000000000000000000e+00,0.000000000000000000e+00,0.000000000000000000e+00,1.000000000000000000e+00,8.281426876783370972e-02,4.563806056976318359e-01,1.109627842903137207e+00,1.157105267047882080e-01,-1.739190369844436646e-01,2.912017405033111572e-01,9.871332049369812012e-01,1.087673455476760864e-01,1.172082945704460144e-01,-9.033137559890747070e-02,9.841645359992980957e-01,-1.525136977434158325e-01,-1.319407522678375244e-01,1.399637311697006226e-01,9.813265800476074219e-01,4.936779439449310303e-01,5.106690526008605957e-01,-4.643898606300354004e-01,0.000000000000000000e+00,1.000000000000000000e+00,6.903175264596939087e-02,-4.959250390529632568e-01,1.048650741577148438e+00,1.236755847930908203e-01,1.030815094709396362e-01,2.785758078098297119e-01,1.000000000000000000e+00,8.281426876783370972e-02,4.563806056976318359e-01,1.109627842903137207e+00,1.157105267047882080e-01,-1.739190369844436646e-01,2.912017405033111572e-01,1.000000000000000000e+00,3.137521028518676758e+00,-4.454672932624816895e-01,1.040047407150268555e+00,-1.366373896598815918e-01,-2.640629652887582779e-03,-1.575853303074836731e-02,1.000000000000000000e+00,3.217358112335205078e+00,1.776011437177658081e-01,6.014865040779113770e-01,-1.398562937974929810e-01,1.344829332083463669e-02,1.887067221105098724e-02,1.000000000000000000e+00,1.000000000000000000e+00,0.000000000000000000e+00,0.000000000000000000e+00,1.000000000000000000e+00,3.137521028518676758e+00,-4.454672932624816895e-01,1.040047407150268555e+00,-1.366373896598815918e-01,-2.640629652887582779e-03,-1.575853303074836731e-02,2.298545958938765996e-03,-1.435639838574405136e-01,-6.024720107187051671e-04,1.000000000000000000e+00,3.217358112335205078e+00,1.776011437177658081e-01,6.014865040779113770e-01,-1.398562937974929810e-01,1.344829332083463669e-02,1.887067221105098724e-02,-1.273999995890416279e-02,-1.416267524968370939e-01,3.062145186731558659e-03,1.000000000000000000e+00,-1.999997347593307495e-01,8.542614430189132690e-02,-1.000000014901161194e-01,3.498391807079315186e-01,1.999998688697814941e-01,1.999954730272293091e-01,-1.000000014901161194e-01,5.081533789634704590e-01,-3.756523132324218750e-03,-1.818139553070068359e-01,6.792545318603515625e-04,4.129424393177032471e-01,-4.889965057373046875e-03,-1.702740192413330078e-01,8.285045623779296875e-04,4.242514669895172119e-01
2.000000000000000111e-01,7.171114534139633179e-02,-4.936251044273376465e-01,1.054411292076110840e+00,1.461950391530990601e-01,1.294791251420974731e-01,2.964625060558319092e-01,9.912801980972290039e-01,7.648048549890518188e-02,1.073052659630775452e-01,-9.016501158475875854e-02,9.875248670578002930e-01,1.290934383869171143e-01,-9.609348326921463013e-02,-1.376429498195648193e-01,9.858096241950988770e-01,-4.329420030117034912e-01,-5.125491321086883545e-02,-2.387838065624237061e-01,1.000000000000000000e+00,0.000000000000000000e+00,7.171114534139633179e-02,-4.936251044273376465e-01,1.054411292076110840e+00,1.461950391530990601e-01,1.294791251420974731e-01,2.964625060558319092e-01,1.000000000000000000e+00,8.538945764303207397e-02,4.525645971298217773e-01,1.115874528884887695e+00,1.449970304965972900e-01,-2.117936611175537109e-01,3.374886810779571533e-01,1.000000000000000000e+00,3.134538173675537109e+00,-4.455237090587615967e-01,1.039735674858093262e+00,-1.647300422191619873e-01,-3.023539669811725616e-03,-1.524493005126714706e-02,1.000000000000000000e+00,3.214308500289916992e+00,1.778916567564010620e-01,6.019141674041748047e-01,-1.681921929121017456e-01,1.582615450024604797e-02,2.458797208964824677e-02,1.000000000000000000e+00,1.000000000000000000e+00,0.000000000000000000e+00,0.000000000000000000e+00,1.000000000000000000e+00,8.538945764303207397e-02,4.525645971298217773e-01,1.115874528884887695e+00,1.449970304965972900e-01,-2.117936611175537109e-01,3.374886810779571533e-01,9.850227832794189453e-01,1.181168928742408752e-01,1.256123334169387817e-01,-9.692200273275375366e-02,9.818214774131774902e-01,-1.631951928138732910e-01,-1.426049917936325073e-01,1.485763788223266602e-01,9.785646796226501465e-01,4.760128855705261230e-01,4.432910978794097900e-01,-3.525703847408294678e-01,0.000000000000000000e+00,1.000000000000000000e+00,7.171114534139633179e-02,-4.936251044273376465e-01,1.054411292076110840e+00,1.461950391530990601e-01,1.294791251420974731e-01,2.964625060558319092e-01,1.000000000000000000e+00,8.538945764303207397e-02,4.525645971298217773e-01,1.115874528884887695e+00,1.449970304965972900e-01,-2.117936611175537109e-01,3.374886810779571533e-01,1.000000000000000000e+00,3.134538173675537109e+00,-4.455237090587615967e-01,1.039735674858093262e+00,-1.647300422191619873e-01,-3.023539669811725616e-03,-1.524493005126714706e-02,1.000000000000000000e+00,3.214308500289916992e+00,1.778916567564010620e-01,6.019141674041748047e-01,-1.681921929121017456e-01,1.582615450024604797e-02,2.458797208964824677e-02,1.000000000000000000e+00,1.000000000000000000e+00,0.000000000000000000e+00,0.000000000000000000e+00,1.000000000000000000e+00,3.134538173675537109e+00,-4.455237090587615967e-01,1.039735674858093262e+00,-1.647300422191619873e-01,-3.023539669811725616e-03,-1.524493005126714706e-02,1.838202364098371396e-03,-1.521860971412991592e-01,-5.271200559928235045e-04,1.000000000000000000e+00,3.214308500289916992e+00,1.778916567564010620e-01,6.019141674041748047e-01,-1.681921929121017456e-01,1.582615450024604797e-02,2.458797208964824677e-02,-1.238018165510729532e-02,-1.485818024989491448e-01,2.986814544018713720e-03,1.000000000000000000e+00,-1.999999582767486572e-01,7.507545500993728638e-02,-1.000000014901161194e-01,3.249809741973876953e-01,1.999998241662979126e-01,1.999998986721038818e-01,-1.000000014901161194e-01,4.858781397342681885e-01,-6.885766983032226562e-03,-1.729228496551513672e-01,1.184701919555664062e-03,4.142560362815856934e-01,9.107589721679687500e-04,-1.602861881256103516e-01,-1.454353332519531250e-04,4.264386892318725586e-01
2.200000000000000011e-01,7.482372224330902100e-02,-4.908008873462677002e-01,1.060383677482604980e+00,1.668051928281784058e-01,1.554704308509826660e-01,2.984867990016937256e-01,9.911046028137207031e-01,7.984820753335952759e-02,1.064711734652519226e-01,-9.423624724149703979e-02,9.859691262245178223e-01,1.377848386764526367e-01,-9.397540241479873657e-02,-1.465926170349121094e-01,9.847230315208435059e-01,-4.253493845462799072e-01,-1.103080138564109802e-01,-1.901307404041290283e-01,1.000000000000000000e+00,0.000000000000000000e+00,7.482372224330902100e-02,-4.908008873462677002e-01,1.060383677482604980e+00,1.668051928281784058e-01,1.554704308509826660e-01,2.984867990016937256e-01,1.000000000000000000e+00,8.856273442506790161e-02,4.479750096797943115e-01,1.123009324073791504e+00,1.755293011665344238e-01,-2.513140738010406494e-01,3.792252242565155029e-01,1.000000000000000000e+00,3.130980014801025391e+00,-4.455867707729339600e-01,1.039440631866455078e+00,-1.941966712474822998e-01,-3.283223602920770645e-03,-1.399887073785066605e-02,1.000000000000000000e+00,3.210681200027465820e+00,1.782286614179611206e-01,6.024629473686218262e-01,-1.976148337125778198e-01,1.806348375976085663e-02,3.107835352420806885e-02,1.000000000000000000e+00,1.000000000000000000e+00,0.000000000000000000e+00,0.000000000000000000e+00,1.000000000000000000e+00,8.856273442506790161e-02,4.479750096797943115e-01,1.123009324073791504e+00,1.755293011665344238e-01,-2.513140738010406494e-01,3.792252242565155029e-01,9.832226037979125977e-01,1.252582818269729614e-01,1.326045542955398560e-01,-1.015682965517044067e-01,9.797768592834472656e-01,-1.723991632461547852e-01,-1.515172868967056274e-01,1.560383141040802002e-01,9.760608673095703125e-01,3.607330620288848877e-01,3.683665990829467773e-01,-2.543569207191467285e-01,0.000000000000000000e+00,1.000000000000000000e+00,7.482372224330902100e-02,-4.908008873462677002e-01,1.060383677482604980e+00,1.668051928281784058e-01,1.554704308509826660e-01,2.984867990016937256e-01,1.000000000000000000e+00,8.856273442506790161e-02,4.479750096797943115e-01,1.123009324073791504e+00,1.755293011665344238e-01,-2.513140738010406494e-01,3.792252242565155029e-01,1.000000000000000000e+00,3.130980014801025391e+00,-4.455867707729339600e-01,1.039440631866455078e+00,-1.941966712474822998e-01,-3.283223602920770645e-03,-1.399887073785066605e-02,1.000000000000000000e+00,3.210681200027465820e+00,1.782286614179611206e-01,6.024629473686218262e-01,-1.976148337125778198e-01,1.806348375976085663e-02,3.107835352420806885e-02,1.000000000000000000e+00,1.000000000000000000e+00,0.000000000000000000e+00,0.000000000000000000e+00,1.000000000000000000e+00,3.130980014801025391e+00,-4.455867707729339600e-01,1.039440631866455078e+00,-1.941966712474822998e-01,-3.283223602920770645e-03,-1.399887073785066605e-02,9.950415514373860994e-04,-1.577150289849347242e-01,-3.801221535181810137e-04,1.000000000000000000e+00,3.210681200027465820e+00,1.782286614179611206e-01,6.024629473686218262e-01,-1.976148337125778198e-01,1.806348375976085663e-02,3.107835352420806885e-02,-1.130563860598990909e-02,-1.526107757771668627e-01,2.743917985647936764e-03,1.000000000000000000e+00,-1.999999880790710449e-01,6.381495296955108643e-02,-1.000000014901161194e-01,3.091048598289489746e-01,2.000000029802322388e-01,2.000000029802322388e-01,-1.000000014901161194e-01,4.581480324268341064e-01,-1.021552085876464844e-02,-1.639144420623779297e-01,1.667022705078125000e-03,4.148246049880981445e-01,7.661104202270507812e-03,-1.498413085937500000e-01,-1.143693923950195312e-03,4.288387596607208252e-01
2.399999999999999911e-01,7.833147048950195312e-02,-4.874604046344757080e-01,1.066269040107727051e+00,1.855336278676986694e-01,1.810672581195831299e-01,2.868069112300872803e-01,9.911197423934936523e-01,8.243374526500701904e-02,1.043378636240959167e-01,-9.725403785705566406e-02,9.844899773597717285e-01,1.460179984569549561e-01,-9.068276733160018921e-02,-1.548686027526855469e-01,9.837644100189208984e-01,-3.709973990917205811e-01,-1.793180406093597412e-01,-1.532886773347854614e-01,1.000000000000000000e+00,0.000000000000000000e+00,7.833147048950195312e-02,-4.874604046344757080e-01,1.066269040107727051e+00,1.855336278676986694e-01,1.810672581195831299e-01,2.868069112300872803e-01,1.000000000000000000e+00,9.235277771949768066e-02,4.425873160362243652e-01,1.130922436714172363e+00,2.066183537244796753e-01,-2.914806604385375977e-01,4.142980575561523438e-01,1.000000000000000000e+00,3.126825332641601562e+00,-4.456533491611480713e-01,1.039177417755126953e+00,-2.243357598781585693e-01,-3.341353964060544968e-03,-1.201625447720289230e-02,1.000000000000000000e+00,3.206459999084472656e+00,1.786080151796340942e-01,6.031494140625000000e-01,-2.274743020534515381e-01,2.000454068183898926e-02,3.845640644431114197e-02,1.000000000000000000e+00,1.000000000000000000e+00,0.000000000000000000e+00,0.000000000000000000e+00,1.000000000000000000e+00,9.235277771949768066e-02,4.425873160362243652e-01,1.130922436714172363e+00,2.066183537244796753e-01,-2.914806604385375977e-01,4.142980575561523438e-01,9.817412495613098145e-01,1.303639858961105347e-01,1.385263651609420776e-01,-1.046204864978790283e-01,9.782428145408630371e-01,-1.791528016328811646e-01,-1.588674932718276978e-01,1.613889783620834351e-01,9.740200042724609375e-01,2.551029622554779053e-01,3.120639920234680176e-01,-1.752131730318069458e-01,0.000000000000000000e+00,1.000000000000000000e+00,7.833147048950195312e-02,-4.874604046344757080e-01,1.066269040107727051e+00,1.855336278676986694e-01,1.810672581195831299e-01,2.868069112300872803e-01,1.000000000000000000e+00,9.235277771949768066e-02,4.425873160362243652e-01,1.130922436714172363e+00,2.066183537244796753e-01,-2.914806604385375977e-01,4.142980575561523438e-01,1.000000000000000000e+00,3.126825332641601562e+00,-4.456533491611480713e-01,1.039177417755126953e+00,-2.243357598781585693e-01,-3.341353964060544968e-03,-1.201625447720289230e-02,1.000000000000000000e+00,3.206459999084472656e+00,1.786080151796340942e-01,6.031494140625000000e-01,-2.274743020534515381e-01,2.000454068183898926e-02,3.845640644431114197e-02,1.000000000000000000e+00,1.000000000000000000e+00,0.000000000000000000e+00,0.000000000000000000e+00,1.000000000000000000e+00,3.126825332641601562e+00,-4.456533491611480713e-01,1.039177417755126953e+00,-2.243357598781585693e-01,-3.341353964060544968e-03,-1.201625447720289230e-02,-2.628815371826813321e-04,-1.596176596978589046e-01,-1.598042092302936709e-04,1.000000000000000000e+00,3.206459999084472656e+00,1.786080151796340942e-01,6.031494140625000000e-01,-2.274743020534515381e-01,2.000454068183898926e-02,3.845640644431114197e-02,-9.370557028405362976e-03,-1.533281541092901268e-01,2.328837913038186123e-03,1.000000000000000000e+00,-1.999998688697814941e-01,5.076709017157554626e-02,-1.000000014901161194e-01,3.012458384037017822e-01,2.000000029802322388e-01,2.000000029802322388e-01,-1.000000014901161194e-01,4.315197467803955078e-01,-1.370120048522949219e-02,-1.549696922302246094e-01,2.115011215209960938e-03,4.146927595138549805e-01,1.515889167785644531e-02,-1.392748355865478516e-01,-2.104520797729492188e-03,4.313025772571563721e-01
2.600000000000000089e-01,8.219724148511886597e-02,-4.836116135120391846e-01,1.071816086769104004e+00,2.024374306201934814e-01,2.062579691410064697e-01,2.639815807342529297e-01,9.913143515586853027e-01,8.455380052328109741e-02,1.007295027375221252e-01,-9.941629320383071899e-02,9.832006692886352539e-01,1.530777215957641602e-01,-8.609401434659957886e-02,-1.617622971534729004e-01,9.830670356750488281e-01,-2.970488071441650391e-01,-2.489665746688842773e-01,-1.277336031198501587e-01,1.000000000000000000e+00,0.000000000000000000e+00,8.219724148511886597e-02,-4.836116135120391846e-01,1.071816086769104004e+00,2.024374306201934814e-01,2.062579691410064697e-01,2.639815807342529297e-01,1.000000000000000000e+00,9.676522761583328247e-02,4.363979101181030273e-01,1.139463543891906738e+00,2.376867979764938354e-01,-3.313231468200683594e-01,4.409428238868713379e-01,1.000000000000000000e+00,3.122066736221313477e+00,-4.457187056541442871e-01,1.038959741592407227e+00,-2.544726133346557617e-01,-3.120707347989082336e-03,-9.391657076776027679e-03,1.000000000000000000e+00,3.201642751693725586e+00,1.790222674608230591e-01,6.039921045303344727e-01,-2.571624219417572021e-01,2.147677354514598846e-02,4.682497307658195496e-02,1.000000000000000000e+00,1.000000000000000000e+00,0.000000000000000000e+00,0.000000000000000000e+00,1.000000000000000000e+00,9.676522761583328247e-02,4.363979101181030273e-01,1.139463543891906738e+00,2.376867979764938354e-01,-3.313231468200683594e-01,4.409428238868713379e-01,9.805313348770141602e-01,1.338739544153213501e-01,1.436534225940704346e-01,-1.064121499657630920e-01,9.771022200584411621e-01,-1.842496097087860107e-01,-1.650302708148956299e-01,1.653760373592376709e-01,9.723250269889831543e-01,2.070755362510681152e-01,2.695831656455993652e-01,-1.130792200565338135e-01,0.000000000000000000e+00,1.000000000000000000e+00,8.219724148511886597e-02,-4.836116135120391846e-01,1.071816086769104004e+00,2.024374306201934814e-01,2.062579691410064697e-01,2.639815807342529297e-01,1.000000000000000000e+00,9.676522761583328247e-02,4.363979101181030273e-01,1.139463543891906738e+00,2.376867979764938354e-01,-3.313231468200683594e-01,4.409428238868713379e-01,1.000000000000000000e+00,3.122066736221313477e+00,-4.457187056541442871e-01,1.038959741592407227e+00,-2.544726133346557617e-01,-3.120707347989082336e-03,-9.391657076776027679e-03,1.000000000000000000e+00,3.201642751693725586e+00,1.790222674608230591e-01,6.039921045303344727e-01,-2.571624219417572021e-01,2.147677354514598846e-02,4.682497307658195496e-02,1.000000000000000000e+00,1.000000000000000000e+00,0.000000000000000000e+00,0.000000000000000000e+00,1.000000000000000000e+00,3.122066736221313477e+00,-4.457187056541442871e-01,1.038959741592407227e+00,-2.544726133346557617e-01,-3.120707347989082336e-03,-9.391657076776027679e-03,-1.885026579156972746e-03,-1.589099440959318432e-01,1.230699359513092502e-04,1.000000000000000000e+00,3.201642751693725586e+00,1.790222674608230591e-01,6.039921045303344727e-01,-2.571624219417572021e-01,2.147677354514598846e-02,4.682497307658195496e-02,-6.588734586779757332e-03,-1.515836287332665844e-01,1.768234475571570444e-03,1.000000000000000000e+00,-1.999942511320114136e-01,3.678372502326965332e-02,-1.000000014901161194e-01,2.983244061470031738e-01,1.999974846839904785e-01,1.999995559453964233e-01,-1.000000014901161194e-01,4.046540260314941406e-01,-1.734495162963867188e-02,-1.462323665618896484e-01,2.527713775634765625e-03,4.139706194400787354e-01,2.314639091491699219e-02,-1.289103031158447266e-01,-2.976179122924804688e-03,4.336320459842681885e-01
2.800000000000000266e-01,8.638519793748855591e-02,-4.792626798152923584e-01,1.076825380325317383e+00,2.175891399383544922e-01,2.310457378625869751e-01,2.325834482908248901e-01,9.916548728942871094e-01,8.642420917749404907e-02,9.566474705934524536e-02,-1.009226366877555847e-01,9.821228384971618652e-01,1.589010953903198242e-01,-8.022163063287734985e-02,-1.672297716140747070e-01,9.826489090919494629e-01,-2.364627718925476074e-01,-3.145160973072052002e-01,-1.117088273167610168e-01,1.000000000000000000e+00,0.000000000000000000e+00,8.638519793748855591e-02,-4.792626798152923584e-01,1.076825380325317383e+00,2.175891399383544922e-01,2.310457378625869751e-01,2.325834482908248901e-01,1.000000000000000000e+00,1.017955541610717773e-01,4.294191598892211914e-01,1.148453235626220703e+00,2.682939767837524414e-01,-3.702504634857177734e-01,4.580689966678619385e-01,1.000000000000000000e+00,3.116708755493164062e+00,-4.457767009735107422e-01,1.038799405097961426e+00,-2.841922342777252197e-01,-2.557611092925071716e-03,-6.247109733521938324e-03,1.000000000000000000e+00,3.196236133575439453e+00,1.794605404138565063e-01,6.050116419792175293e-01,-2.862883210182189941e-01,2.231623046100139618e-02,5.625867471098899841e-02,1.000000000000000000e+00,1.000000000000000000e+00,0.000000000000000000e+00,0.000000000000000000e+00,1.000000000000000000e+00,1.017955541610717773e-01,4.294191598892211914e-01,1.148453235626220703e+00,2.682939767837524414e-01,-3.702504634857177734e-01,4.580689966678619385e-01,9.795480966567993164e-01,1.362326741218566895e-01,1.480752080678939819e-01,-1.072387471795082092e-01,9.761644005775451660e-01,-1.886877119541168213e-01,-1.702511757612228394e-01,1.689492762088775635e-01,9.708093404769897461e-01,1.928202658891677856e-01,2.337151616811752319e-01,-6.572283059358596802e-02,0.000000000000000000e+00,1.000000000000000000e+00,8.638519793748855591e-02,-4.792626798152923584e-01,1.076825380325317383e+00,2.175891399383544922e-01,2.310457378625869751e-01,2.325834482908248901e-01,1.000000000000000000e+00,1.017955541610717773e-01,4.294191598892211914e-01,1.148453235626220703e+00,2.682939767837524414e-01,-3.702504634857177734e-01,4.580689966678619385e-01,1.000000000000000000e+00,3.116708755493164062e+00,-4.457767009735107422e-01,1.038799405097961426e+00,-2.841922342777252197e-01,-2.557611092925071716e-03,-6.247109733521938324e-03,1.000000000000000000e+00,3.196236133575439453e+00,1.794605404138565063e-01,6.050116419792175293e-01,-2.862883210182189941e-01,2.231623046100139618e-02,5.625867471098899841e-02,1.000000000000000000e+00,1.000000000000000000e+00,0.000000000000000000e+00,0.000000000000000000e+00,1.000000000000000000e+00,3.116708755493164062e+00,-4.457767009735107422e-01,1.038799405097961426e+00,-2.841922342777252197e-01,-2.557611092925071716e-03,-6.247109733521938324e-03,-3.793368618816447824e-03,-1.570142424275930981e-01,4.577183448907036403e-04,1.000000000000000000e+00,3.196236133575439453e+00,1.794605404138565063e-01,6.050116419792175293e-01,-2.862883210182189941e-01,2.231623046100139618e-02,5.625867471098899841e-02,-3.052594141291966462e-03,-1.485438970438628381e-01,1.090792890040138095e-03,1.000000000000000000e+00,-1.998310983180999756e-01,2.387838438153266907e-02,-1.000000014901161194e-01,3.011032640933990479e-01,2.000000029802322388e-01,2.000000029802322388e-01,-1.000000014901161194e-01,3.822312057018280029e-01,-2.118492126464843750e-02,-1.377651691436767578e-01,2.909660339355468750e-03,4.127630591392517090e-01,3.140425682067871094e-02,-1.189777851104736328e-01,-3.728866577148437500e-03,4.356188476085662842e-01
2.999999999999999889e-01,9.086100012063980103e-02,-4.744210839271545410e-01,1.081147432327270508e+00,2.310708612203598022e-01,2.555248737335205078e-01,1.950379014015197754e-01,9.920952320098876953e-01,8.816059678792953491e-02,8.930147439241409302e-02,-1.019426956772804260e-01,9.812008738517761230e-01,1.638674139976501465e-01,-7.317603379487991333e-02,-1.716757118701934814e-01,9.824320673942565918e-01,-1.986789405345916748e-01,-3.691614866256713867e-01,-1.019803956151008606e-01,1.000000000000000000e+00,0.000000000000000000e+00,9.086100012063980103e-02,-4.744210839271545410e-01,1.081147432327270508e+00,2.310708612203598022e-01,2.555248737335205078e-01,1.950379014015197754e-01,1.000000000000000000e+00,1.074313968420028687e-01,4.216724932193756104e-01,1.157695651054382324e+00,2.981222569942474365e-01,-4.079756438732147217e-01,4.652400314807891846e-01,1.000000000000000000e+00,3.110761642456054688e+00,-4.458199441432952881e-01,1.038705587387084961e+00,-3.133184611797332764e-01,-1.602801843546330929e-03,-2.740147057920694351e-03,1.000000000000000000e+00,3.190253257751464844e+00,1.799087971448898315e-01,6.062296628952026367e-01,-3.146615028381347656e-01,2.237533777952194214e-02,6.677465140819549561e-02,1.000000000000000000e+00,1.000000000000000000e+00,0.000000000000000000e+00,0.000000000000000000e+00,1.000000000000000000e+00,1.074313968420028687e-01,4.216724932193756104e-01,1.157695651054382324e+00,2.981222569942474365e-01,-4.079756438732147217e-01,4.652400314807891846e-01,9.787573814392089844e-01,1.377561539411544800e-01,1.518467962741851807e-01,-1.073624044656753540e-01,9.753444790840148926e-01,-1.928124725818634033e-01,-1.746640205383300781e-01,1.724139750003814697e-01,9.694153666496276855e-01,1.787431985139846802e-01,2.010990977287292480e-01,-3.089389950037002563e-02,0.000000000000000000e+00,1.000000000000000000e+00,9.086100012063980103e-02,-4.744210839271545410e-01,1.081147432327270508e+00,2.310708612203598022e-01,2.555248737335205078e-01,1.950379014015197754e-01,1.000000000000000000e+00,1.074313968420028687e-01,4.216724932193756104e-01,1.157695651054382324e+00,2.981222569942474365e-01,-4.079756438732147217e-01,4.652400314807891846e-01,1.000000000000000000e+00,3.110761642456054688e+00,-4.458199441432952881e-01,1.038705587387084961e+00,-3.133184611797332764e-01,-1.602801843546330929e-03,-2.740147057920694351e-03,1.000000000000000000e+00,3.190253257751464844e+00,1.799087971448898315e-01,6.062296628952026367e-01,-3.146615028381347656e-01,2.237533777952194214e-02,6.677465140819549561e-02,1.000000000000000000e+00,1.000000000000000000e+00,0.000000000000000000e+00,0.000000000000000000e+00,1.000000000000000000e+00,3.110761642456054688e+00,-4.458199441432952881e-01,1.038705587387084961e+00,-3.133184611797332764e-01,-1.602801843546330929e-03,-2.740147057920694351e-03,-5.936976844047209788e-03,-1.547322326890410160e-01,8.368035014390661636e-04,1.000000000000000000e+00,3.190253257751464844e+00,1.799087971448898315e-01,6.062296628952026367e-01,-3.146615028381347656e-01,2.237533777952194214e-02,6.677465140819549561e-02,1.150545188182195951e-03,-1.449238346531618316e-01,3.205926729565505341e-04,1.000000000000000000e+00,-1.996922492980957031e-01,1.458695810288190842e-02,-1.000000014901161194e-01,3.107141256332397461e-01,1.999984681606292725e-01,1.999999731779098511e-01,-1.000000014901161194e-01,3.618519604206085205e-01,-2.529001235961914062e-02,-1.295683383941650391e-01,3.268241882324218750e-03,4.111574292182922363e-01,3.978300094604492188e-02,-1.096086502075195312e-01,-4.354000091552734375e-03,4.370924532413482666e-01
3.200000000000000067e-01,9.559219330549240112e-02,-4.690911471843719482e-01,1.084680914878845215e+00,2.429932206869125366e-01,2.799200117588043213e-01,1.537794768810272217e-01,9.925782680511474609e-01,8.980568498373031616e-02,8.199726790189743042e-02,-1.026074662804603577e-01,9.803758859634399414e-01,1.683300733566284180e-01,-6.527114659547805786e-02,-1.754942834377288818e-01,9.823144674301147461e-01,-1.749232411384582520e-01,-3.989148139953613281e-01,-9.430810064077377319e-02,1.000000000000000000e+00,0.000000000000000000e+00,9.559219330549240112e-02,-4.690911471843719482e-01,1.084680914878845215e+00,2.429932206869125366e-01,2.799200117588043213e-01,1.537794768810272217e-01,1.000000000000000000e+00,1.136553138494491577e-01,4.131831228733062744e-01,1.166993141174316406e+00,3.269799053668975830e-01,-4.443625807762145996e-01,4.626346528530120850e-01,1.000000000000000000e+00,3.104238271713256836e+00,-4.458402693271636963e-01,1.038683533668518066e+00,-3.417552709579467773e-01,-2.137190167559310794e-04,9.092761902138590813e-04,1.000000000000000000e+00,3.183710575103759766e+00,1.803502142429351807e-01,6.076674461364746094e-01,-3.421726822853088379e-01,2.152043394744396210e-02,7.832383364439010620e-02,1.000000000000000000e+00,1.000000000000000000e+00,0.000000000000000000e+00,0.000000000000000000e+00,1.000000000000000000e+00,1.136553138494491577e-01,4.131831228733062744e-01,1.166993141174316406e+00,3.269799053668975830e-01,-4.443625807762145996e-01,4.626346528530120850e-01,9.781290888786315918e-01,1.386468261480331421e-01,1.550506651401519775e-01,-1.070046946406364441e-01,9.746477007865905762e-01,-1.964996606111526489e-01,-1.783638000488281250e-01,1.756108850240707397e-01,9.681670069694519043e-01,1.543793380260467529e-01,1.715772449970245361e-01,-6.368776783347129822e-03,0.000000000000000000e+00,1.000000000000000000e+00,9.559219330549240112e-02,-4.690911471843719482e-01,1.084680914878845215e+00,2.429932206869125366e-01,2.799200117588043213e-01,1.537794768810272217e-01,1.000000000000000000e+00,1.136553138494491577e-01,4.131831228733062744e-01,1.166993141174316406e+00,3.269799053668975830e-01,-4.443625807762145996e-01,4.626346528530120850e-01,1.000000000000000000e+00,3.104238271713256836e+00,-4.458402693271636963e-01,1.038683533668518066e+00,-3.417552709579467773e-01,-2.137190167559310794e-04,9.092761902138590813e-04,1.000000000000000000e+00,3.183710575103759766e+00,1.803502142429351807e-01,6.076674461364746094e-01,-3.421726822853088379e-01,2.152043394744396210e-02,7.832383364439010620e-02,1.000000000000000000e+00,1.000000000000000000e+00,0.000000000000000000e+00,0.000000000000000000e+00,1.000000000000000000e+00,3.104238271713256836e+00,-4.458402693271636963e-01,1.038683533668518066e+00,-3.417552709579467773e-01,-2.137190167559310794e-04,9.092761902138590813e-04,-8.317315826023337008e-03,-1.520885747645146502e-01,1.250332544898502887e-03,1.000000000000000000e+00,3.183710575103759766e+00,1.803502142429351807e-01,6.076674461364746094e-01,-3.421726822853088379e-01,2.152043394744396210e-02,7.832383364439010620e-02,5.952573495791610089e-03,-1.408434298981979804e-01,-5.150597751208208300e-04,1.000000000000000000e+00,-1.948376595973968506e-01,6.334593985229730606e-03,-1.000000014901161194e-01,3.232133090496063232e-01,1.972567737102508545e-01,1.999999731779098511e-01,-1.000000014901161194e-01,3.434526920318603516e-01,-2.975034713745117188e-02,-1.216211318969726562e-01,3.610372543334960938e-03,4.092421829700469971e-01,4.819822311401367188e-02,-1.008665561676025391e-01,-4.857063293457031250e-03,4.379510283470153809e-01
3.400000000000000244e-01,1.005488187074661255e-01,-4.632719159126281738e-01,1.087373018264770508e+00,2.534984648227691650e-01,3.045181632041931152e-01,1.111209467053413391e-01,9.930396080017089844e-01,9.137026220560073853e-02,7.432387024164199829e-02,-1.030346527695655823e-01,9.796368479728698730e-01,1.723244637250900269e-01,-5.706506222486495972e-02,-1.787829250097274780e-01,9.822323918342590332e-01,-1.408383399248123169e-01,-4.004824161529541016e-01,-8.704861253499984741e-02,1.000000000000000000e+00,0.000000000000000000e+00,1.005488187074661255e-01,-4.632719159126281738e-01,1.087373018264770508e+00,2.534984648227691650e-01,3.045181632041931152e-01,1.111209467053413391e-01,1.000000000000000000e+00,1.204467490315437317e-01,4.039788246154785156e-01,1.176153421401977539e+00,3.547534942626953125e-01,-4.793053269386291504e-01,4.506849944591522217e-01,1.000000000000000000e+00,3.097152948379516602e+00,-4.458285272121429443e-01,1.038734436035156250e+00,-3.693734109401702881e-01,1.654520398005843163e-03,4.493765998631715775e-03,1.000000000000000000e+00,3.176626682281494141e+00,1.807654052972793579e-01,6.093448400497436523e-01,-3.686978816986083984e-01,1.963054575026035309e-02,9.081023186445236206e-02,1.000000000000000000e+00,1.000000000000000000e+00,0.000000000000000000e+00,0.000000000000000000e+00,1.000000000000000000e+00,1.204467490315437317e-01,4.039788246154785156e-01,1.176153421401977539e+00,3.547534942626953125e-01,-4.793053269386291504e-01,4.506849944591522217e-01,9.776339530944824219e-01,1.390505880117416382e-01,1.577875316143035889e-01,-1.063403785228729248e-01,9.740995764732360840e-01,-1.995541155338287354e-01,-1.814488768577575684e-01,1.783116757869720459e-01,9.670994281768798828e-01,1.182749941945075989e-01,1.459926515817642212e-01,1.005088258534669876e-02,0.000000000000000000e+00,1.000000000000000000e+00,1.005488187074661255e-01,-4.632719159126281738e-01,1.087373018264770508e+00,2.534984648227691650e-01,3.045181632041931152e-01,1.111209467053413391e-01,1.000000000000000000e+00,1.204467490315437317e-01,4.039788246154785156e-01,1.176153421401977539e+00,3.547534942626953125e-01,-4.793053269386291504e-01,4.506849944591522217e-01,1.000000000000000000e+00,3.097152948379516602e+00,-4.458285272121429443e-01,1.038734436035156250e+00,-3.693734109401702881e-01,1.654520398005843163e-03,4.493765998631715775e-03,1.000000000000000000e+00,3.176626682281494141e+00,1.807654052972793579e-01,6.093448400497436523e-01,-3.686978816986083984e-01,1.963054575026035309e-02,9.081023186445236206e-02,1.000000000000000000e+00,1.000000000000000000e+00,0.000000000000000000e+00,0.000000000000000000e+00,1.000000000000000000e+00,3.097152948379516602e+00,-4.458285272121429443e-01,1.038734436035156250e+00,-3.693734109401702881e-01,1.654520398005843163e-03,4.493765998631715775e-03,-1.096093374306714684e-02,-1.487520389626182382e-01,1.683236484342464853e-03,1.000000000000000000e+00,3.176626682281494141e+00,1.807654052972793579e-01,6.093448400497436523e-01,-3.686978816986083984e-01,1.963054575026035309e-02,9.081023186445236206e-02,1.128904204180469079e-02,-1.361397052061039670e-01,-1.385295031771822949e-03,1.000000000000000000e+00,-1.851303726434707642e-01,-6.686811102554202080e-04,-1.000000014901161194e-01,3.372324705123901367e-01,1.845579445362091064e-01,2.000000029802322388e-01,-1.000000014901161194e-01,3.275830447673797607e-01,-3.465056419372558594e-02,-1.139194965362548828e-01,3.940343856811523438e-03,4.071055650711059570e-01,5.660057067871093750e-02,-9.279417991638183594e-02,-5.250215530395507812e-03,4.381423294544219971e-01
3.599999999999999867e-01,1.057038679718971252e-01,-4.569572508335113525e-01,1.089213609695434570e+00,2.627329528331756592e-01,3.295311927795410156e-01,6.894062459468841553e-02,9.934418201446533203e-01,9.287013858556747437e-02,6.669702380895614624e-02,-1.033003404736518860e-01,9.790680408477783203e-01,1.753704845905303955e-01,-4.901424050331115723e-02,-1.811102032661437988e-01,9.822406172752380371e-01,-7.360820472240447998e-02,-3.862121999263763428e-01,-7.875665277242660522e-02,1.000000000000000000e+00,0.000000000000000000e+00,1.057038679718971252e-01,-4.569572508335113525e-01,1.089213609695434570e+00,2.627329528331756592e-01,3.295311927795410156e-01,6.894062459468841553e-02,1.000000000000000000e+00,1.277835220098495483e-01,3.940893709659576416e-01,1.184995055198669434e+00,3.814008533954620361e-01,-5.127128362655639648e-01,4.300168752670288086e-01,1.000000000000000000e+00,3.089524030685424805e+00,-4.457747936248779297e-01,1.038854837417602539e+00,-3.959903120994567871e-01,4.050489980727434158e-03,7.821299135684967041e-03,1.000000000000000000e+00,3.169022083282470703e+00,1.811326891183853149e-01,6.112794280052185059e-01,-3.940765261650085449e-01,1.659893058240413666e-02,1.040956154465675354e-01,1.000000000000000000e+00,1.000000000000000000e+00,0.000000000000000000e+00,0.000000000000000000e+00,1.000000000000000000e+00,1.277835220098495483e-01,3.940893709659576416e-01,1.184995055198669434e+00,3.814008533954620361e-01,-5.127128362655639648e-01,4.300168752670288086e-01,9.772436618804931641e-01,1.390387266874313354e-01,1.601972579956054688e-01,-1.054974794387817383e-01,9.737707972526550293e-01,-2.015958279371261597e-01,-1.840250194072723389e-01,1.801078170537948608e-01,9.662795066833496094e-01,4.510670900344848633e-02,1.247071176767349243e-01,2.049652859568595886e-02,0.000000000000000000e+00,1.000000000000000000e+00,1.057038679718971252e-01,-4.569572508335113525e-01,1.089213609695434570e+00,2.627329528331756592e-01,3.295311927795410156e-01,6.894062459468841553e-02,1.000000000000000000e+00,1.277835220098495483e-01,3.940893709659576416e-01,1.184995055198669434e+00,3.814008533954620361e-01,-5.127128362655639648e-01,4.300168752670288086e-01,1.000000000000000000e+00,3.089524030685424805e+00,-4.457747936248779297e-01,1.038854837417602539e+00,-3.959903120994567871e-01,4.050489980727434158e-03,7.821299135684967041e-03,1.000000000000000000e+00,3.169022083282470703e+00,1.811326891183853149e-01,6.112794280052185059e-01,-3.940765261650085449e-01,1.659893058240413666e-02,1.040956154465675354e-01,1.000000000000000000e+00,1.000000000000000000e+00,0.000000000000000000e+00,0.000000000000000000e+00,1.000000000000000000e+00,3.089524030685424805e+00,-4.457747936248779297e-01,1.038854837417602539e+00,-3.959903120994567871e-01,4.050489980727434158e-03,7.821299135684967041e-03,-1.389098984805670761e-02,-1.445591836615827130e-01,2.125171766460394636e-03,1.000000000000000000e+00,3.169022083282470703e+00,1.811326891183853149e-01,6.112794280052185059e-01,-3.940765261650085449e-01,1.659893058240413666e-02,1.040956154465675354e-01,1.708859399032507803e-02,-1.307300148511572058e-01,-2.256396124485294391e-03,1.000000000000000000e+00,-1.693816632032394409e-01,-6.255175452679395676e-03,-1.000000014901161194e-01,3.529986739158630371e-01,1.640471667051315308e-01,1.999909430742263794e-01,-1.000000014901161194e-01,3.165930211544036865e-01,-4.003930091857910156e-02,-1.064805984497070312e-01,4.257678985595703125e-03,4.048262834548950195e-01,6.496810913085937500e-02,-8.542656898498535156e-02,-5.551099777221679688e-03,4.376507997512817383e-01
3.800000000000000044e-01,1.110330969095230103e-01,-4.501379728317260742e-01,1.090225934982299805e+00,2.708180248737335205e-01,3.550185561180114746e-01,2.872504666447639465e-02,9.937770962715148926e-01,9.432587027549743652e-02,5.924534052610397339e-02,-1.034398376941680908e-01,9.788144826889038086e-01,1.766994744539260864e-01,-4.132285714149475098e-02,-1.817281991243362427e-01,9.824802875518798828e-01,3.627206757664680481e-02,-3.670182526111602783e-01,-7.017262279987335205e-02,1.000000000000000000e+00,0.000000000000000000e+00,1.110330969095230103e-01,-4.501379728317260742e-01,1.090225934982299805e+00,2.708180248737335205e-01,3.550185561180114746e-01,2.872504666447639465e-02,1.000000000000000000e+00,1.356434226036071777e-01,3.835464119911193848e-01,1.193351268768310547e+00,4.069756269454956055e-01,-5.444674491882324219e-01,4.015594422817230225e-01,1.000000000000000000e+00,3.081373453140258789e+00,-4.456679821014404297e-01,1.039038181304931641e+00,-4.214293360710144043e-01,7.026120088994503021e-03,1.071900222450494766e-02,1.000000000000000000e+00,3.160921812057495117e+00,1.814283877611160278e-01,6.134856939315795898e-01,-4.181484580039978027e-01,1.233638916164636612e-02,1.179961115121841431e-01,1.000000000000000000e+00,1.000000000000000000e+00,0.000000000000000000e+00,0.000000000000000000e+00,1.000000000000000000e+00,1.356434226036071777e-01,3.835464119911193848e-01,1.193351268768310547e+00,4.069756269454956055e-01,-5.444674491882324219e-01,4.015594422817230225e-01,9.769335389137268066e-01,1.385452896356582642e-01,1.624997854232788086e-01,-1.045679152011871338e-01,9.738601446151733398e-01,-2.016484439373016357e-01,-1.861895024776458740e-01,1.800048649311065674e-01,9.658839702606201172e-01,-8.922347426414489746e-02,1.068074703216552734e-01,2.652679756283760071e-02,0.000000000000000000e+00,1.000000000000000000e+00,1.110330969095230103e-01,-4.501379728317260742e-01,1.090225934982299805e+00,2.708180248737335205e-01,3.550185561180114746e-01,2.872504666447639465e-02,1.000000000000000000e+00,1.356434226036071777e-01,3.835464119911193848e-01,1.193351268768310547e+00,4.069756269454956055e-01,-5.444674491882324219e-01,4.015594422817230225e-01,1.000000000000000000e+00,3.081373453140258789e+00,-4.456679821014404297e-01,1.039038181304931641e+00,-4.214293360710144043e-01,7.026120088994503021e-03,1.071900222450494766e-02,1.000000000000000000e+00,3.160921812057495117e+00,1.814283877611160278e-01,6.134856939315795898e-01,-4.181484580039978027e-01,1.233638916164636612e-02,1.179961115121841431e-01,1.000000000000000000e+00,1.000000000000000000e+00,0.000000000000000000e+00,0.000000000000000000e+00,1.000000000000000000e+00,3.081373453140258789e+00,-4.456679821014404297e-01,1.039038181304931641e+00,-4.214293360710144043e-01,7.026120088994503021e-03,1.071900222450494766e-02,-1.713387017026807638e-02,-1.396819421841255515e-01,2.570350708806261840e-03,1.000000000000000000e+00,3.160921812057495117e+00,1.814283877611160278e-01,6.134856939315795898e-01,-4.181484580039978027e-01,1.233638916164636612e-02,1.179961115121841431e-01,2.327093150010261374e-02,-1.247640117594281950e-01,-3.096321871293149577e-03,1.000000000000000000e+00,-1.517084091901779175e-01,-1.256930548697710037e-02,-1.000000014901161194e-01,3.693705797195434570e-01,1.400350332260131836e-01,1.999993026256561279e-01,-1.000000014901161194e-01,3.106200695037841797e-01,-4.591417312622070312e-02,-9.932446479797363281e-02,4.556179046630859375e-03,4.024785459041595459e-01,7.329654693603515625e-02,-7.878255844116210938e-02,-5.778789520263671875e-03,4.364961683750152588e-01
4.000000000000000222e-01,1.165143176913261414e-01,-4.428054392337799072e-01,1.090461015701293945e+00,2.778326570987701416e-01,3.808656036853790283e-01,-8.286251686513423920e-03,9.940492510795593262e-01,9.575942158699035645e-02,5.192636325955390930e-02,-1.034809499979019165e-01,9.790199398994445801e-01,1.755326688289642334e-01,-3.402804210782051086e-02,-1.798614859580993652e-01,9.831032752990722656e-01,1.761029213666915894e-01,-3.504548966884613037e-01,-6.218269467353820801e-02,1.000000000000000000e+00,0.000000000000000000e+00,1.165143176913261414e-01,-4.428054392337799072e-01,1.090461015701293945e+00,2.778326570987701416e-01,3.808656036853790283e-01,-8.286251686513423920e-03,1.000000000000000000e+00,1.440062522888183594e-01,3.723845779895782471e-01,1.201077461242675781e+00,4.316394329071044922e-01,-5.743758082389831543e-01,3.666061162948608398e-01,1.000000000000000000e+00,3.072725296020507812e+00,-4.454960227012634277e-01,1.039274692535400391e+00,-4.455738663673400879e-01,1.063650660216808319e-02,1.304285135120153427e-02,1.000000000000000000e+00,3.152352571487426758e+00,1.816272437572479248e-01,6.159737706184387207e-01,-4.408012330532073975e-01,6.774117704480886459e-03,1.322876513004302979e-01,1.000000000000000000e+00,1.000000000000000000e+00,0.000000000000000000e+00,0.000000000000000000e+00,1.000000000000000000e+00,1.440062522888183594e-01,3.723845779895782471e-01,1.201077461242675781e+00,4.316394329071044922e-01,-5.743758082389831543e-01,3.666061162948608398e-01,9.766851663589477539e-01,1.374530494213104248e-01,1.649026423692703247e-01,-1.036221981048583984e-01,9.745830893516540527e-01,-1.986212134361267090e-01,-1.880124062299728394e-01,1.769028007984161377e-01,9.661039710044860840e-01,-2.650260031223297119e-01,9.101040661334991455e-02,2.926235273480415344e-02,0.000000000000000000e+00,1.000000000000000000e+00,1.165143176913261414e-01,-4.428054392337799072e-01,1.090461015701293945e+00,2.778326570987701416e-01,3.808656036853790283e-01,-8.286251686513423920e-03,1.000000000000000000e+00,1.440062522888183594e-01,3.723845779895782471e-01,1.201077461242675781e+00,4.316394329071044922e-01,-5.743758082389831543e-01,3.666061162948608398e-01,1.000000000000000000e+00,3.072725296020507812e+00,-4.454960227012634277e-01,1.039274692535400391e+00,-4.455738663673400879e-01,1.063650660216808319e-02,1.304285135120153427e-02,1.000000000000000000e+00,3.152352571487426758e+00,1.816272437572479248e-01,6.159737706184387207e-01,-4.408012330532073975e-01,6.774117704480886459e-03,1.322876513004302979e-01,1.000000000000000000e+00,1.000000000000000000e+00,0.000000000000000000e+00,0.000000000000000000e+00,1.000000000000000000e+00,3.072725296020507812e+00,-4.454960227012634277e-01,1.039274692535400391e+00,-4.455738663673400879e-01,1.063650660216808319e-02,1.304285135120153427e-02,-2.071077614737736050e-02,-1.344177569263094174e-01,3.016468547303403566e-03,1.000000000000000000e+00,3.152352571487426758e+00,1.816272437572479248e-01,6.159737706184387207e-01,-4.408012330532073975e-01,6.774117704480886459e-03,1.322876513004302979e-01,2.975731158811336513e-02,-1.185414993851958698e-01,-3.881254467150220197e-03,1.000000000000000000e+00,-1.265949010848999023e-01,-1.399667467921972275e-02,-1.000000014901161194e-01,3.878752887248992920e-01,1.093327328562736511e-01,1.999994069337844849e-01,-1.000000014901161194e-01,3.175992965698242188e-01,-5.221581459045410156e-02,-9.245371818542480469e-02,4.825115203857421875e-03,4.001438021659851074e-01,8.158135414123535156e-02,-7.284903526306152344e-02,-5.950927734375000000e-03,4.347340166568756104e-01
4.199999999999999845e-01,1.221264526247978210e-01,-4.349545240402221680e-01,1.089993000030517578e+00,2.838081419467926025e-01,4.068154096603393555e-01,-4.097441211342811584e-02,9.942691922187805176e-01,9.713664650917053223e-02,4.464646056294441223e-02,-1.034174263477325439e-01,9.797466993331909180e-01,1.714683175086975098e-01,-2.708636038005352020e-02,-1.751028895378112793e-01,9.841775298118591309e-01,3.296051323413848877e-01,-3.305275142192840576e-01,-5.180151388049125671e-02,1.000000000000000000e+00,0.000000000000000000e+00,1.221264526247978210e-01,-4.349545240402221680e-01,1.089993000030517578e+00,2.838081419467926025e-01,4.068154096603393555e-01,-4.097441211342811584e-02,1.000000000000000000e+00,1.528562605381011963e-01,3.606425225734710693e-01,1.208059787750244141e+00,4.557037651538848877e-01,-6.022902727127075195e-01,3.271288871765136719e-01,1.000000000000000000e+00,3.063606262207031250e+00,-4.452457427978515625e-01,1.039551377296447754e+00,-4.683685600757598877e-01,1.493871305137872696e-02,1.467770989984273911e-02,1.000000000000000000e+00,3.143343687057495117e+00,1.817027777433395386e-01,6.187493205070495605e-01,-4.619874656200408936e-01,-1.368431112496182323e-04,1.467131227254867554e-01,1.000000000000000000e+00,1.000000000000000000e+00,0.000000000000000000e+00,0.000000000000000000e+00,1.000000000000000000e+00,1.528562605381011963e-01,3.606425225734710693e-01,1.208059787750244141e+00,4.557037651538848877e-01,-6.022902727127075195e-01,3.271288871765136719e-01,9.764854311943054199e-01,1.357135921716690063e-01,1.675054728984832764e-01,-1.027119606733322144e-01,9.760058522224426270e-01,-1.919969022274017334e-01,-1.895429193973541260e-01,1.702773571014404297e-01,9.669948816299438477e-01,-4.533832371234893799e-01,7.693634927272796631e-02,2.974207513034343719e-02,0.000000000000000000e+00,1.000000000000000000e+00,1.221264526247978210e-01,-4.349545240402221680e-01,1.089993000030517578e+00,2.838081419467926025e-01,4.068154096603393555e-01,-4.097441211342811584e-02,1.000000000000000000e+00,1.528562605381011963e-01,3.606425225734710693e-01,1.208059787750244141e+00,4.557037651538848877e-01,-6.022902727127075195e-01,3.271288871765136719e-01,1.000000000000000000e+00,3.063606262207031250e+00,-4.452457427978515625e-01,1.039551377296447754e+00,-4.683685600757598877e-01,1.493871305137872696e-02,1.467770989984273911e-02,1.000000000000000000e+00,3.143343687057495117e+00,1.817027777433395386e-01,6.187493205070495605e-01,-4.619874656200408936e-01,-1.368431112496182323e-04,1.467131227254867554e-01,1.000000000000000000e+00,1.000000000000000000e+00,0.000000000000000000e+00,0.000000000000000000e+00,1.000000000000000000e+00,3.063606262207031250e+00,-4.452457427978515625e-01,1.039551377296447754e+00,-4.683685600757598877e-01,1.493871305137872696e-02,1.467770989984273911e-02,-2.463865463281830759e-02,-1.289642144978473404e-01,3.460929272247652982e-03,1.000000000000000000e+00,3.143343687057495117e+00,1.817027777433395386e-01,6.187493205070495605e-01,-4.619874656200408936e-01,-1.368431112496182323e-04,1.467131227254867554e-01,3.648975248380774417e-02,-1.123384228063031287e-01,-4.594939833551820590e-03,1.000000000000000000e+00,-1.003789901733398438e-01,-1.697469688951969147e-02,-1.000000014901161194e-01,3.992468714714050293e-01,7.614158838987350464e-02,1.999993920326232910e-01,-1.000000014901161194e-01,3.276965916156768799e-01,-5.882620811462402344e-02,-8.585357666015625000e-02,5.049943923950195312e-03,3.979213237762451172e-01,8.982944488525390625e-02,-6.756520271301269531e-02,-6.081104278564453125e-03,4.324831366539001465e-01
4.400000000000000022e-01,1.278487145900726318e-01,-4.265865385532379150e-01,1.088916063308715820e+00,2.887373566627502441e-01,4.324479699134826660e-01,-6.863943487405776978e-02,9.944384694099426270e-01,9.839757531881332397e-02,3.755325824022293091e-02,-1.032710596919059753e-01,9.809920191764831543e-01,1.642862409353256226e-01,-2.067407593131065369e-02,-1.672507077455520630e-01,9.856976866722106934e-01,4.856162965297698975e-01,-3.001973628997802734e-01,-4.122452065348625183e-02,1.000000000000000000e+00,0.000000000000000000e+00,1.278487145900726318e-01,-4.265865385532379150e-01,1.088916063308715820e+00,2.887373566627502441e-01,4.324479699134826660e-01,-6.863943487405776978e-02,1.000000000000000000e+00,1.621851772069931030e-01,3.483606278896331787e-01,1.214229345321655273e+00,4.795754551887512207e-01,-6.281223893165588379e-01,2.855109274387359619e-01,1.000000000000000000e+00,3.054044008255004883e+00,-4.449027478694915771e-01,1.039854049682617188e+00,-4.897916316986083984e-01,1.999122835695743561e-02,1.554246246814727783e-02,1.000000000000000000e+00,3.133924007415771484e+00,1.816276907920837402e-01,6.218127012252807617e-01,-4.817090630531311035e-01,-8.430042304098606110e-03,1.609929949045181274e-01,1.000000000000000000e+00,1.000000000000000000e+00,0.000000000000000000e+00,0.000000000000000000e+00,1.000000000000000000e+00,1.621851772069931030e-01,3.483606278896331787e-01,1.214229345321655273e+00,4.795754551887512207e-01,-6.281223893165588379e-01,2.855109274387359619e-01,9.763239026069641113e-01,1.333257704973220825e-01,1.703409552574157715e-01,-1.018690913915634155e-01,9.780701994895935059e-01,-1.816634833812713623e-01,-1.908258199691772461e-01,1.600099205970764160e-01,9.684950113296508789e-01,-6.374865770339965820e-01,6.482499092817306519e-02,2.887083962559700012e-02,0.000000000000000000e+00,1.000000000000000000e+00,1.278487145900726318e-01,-4.265865385532379150e-01,1.088916063308715820e+00,2.887373566627502441e-01,4.324479699134826660e-01,-6.863943487405776978e-02,1.000000000000000000e+00,1.621851772069931030e-01,3.483606278896331787e-01,1.214229345321655273e+00,4.795754551887512207e-01,-6.281223893165588379e-01,2.855109274387359619e-01,1.000000000000000000e+00,3.054044008255004883e+00,-4.449027478694915771e-01,1.039854049682617188e+00,-4.897916316986083984e-01,1.999122835695743561e-02,1.554246246814727783e-02,1.000000000000000000e+00,3.133924007415771484e+00,1.816276907920837402e-01,6.218127012252807617e-01,-4.817090630531311035e-01,-8.430042304098606110e-03,1.609929949045181274e-01,1.000000000000000000e+00,1.000000000000000000e+00,0.000000000000000000e+00,0.000000000000000000e+00,1.000000000000000000e+00,3.054044008255004883e+00,-4.449027478694915771e-01,1.039854049682617188e+00,-4.897916316986083984e-01,1.999122835695743561e-02,1.554246246814727783e-02,-2.892848358087886373e-02,-1.233797561411775767e-01,3.897732797737030186e-03,1.000000000000000000e+00,3.133924007415771484e+00,1.816276907920837402e-01,6.218127012252807617e-01,-4.817090630531311035e-01,-8.430042304098606110e-03,1.609929949045181274e-01,4.343810019157226532e-02,-1.063025038625788898e-01,-5.227872083707101741e-03,1.000000000000000000e+00,-7.306903600692749023e-02,-1.468062400817871094e-02,-1.000000014901161194e-01,4.085841774940490723e-01,4.121213778853416443e-02,1.999979019165039062e-01,-1.000000014901161194e-01,3.380524814128875732e-01,-6.556510925292968750e-02,-7.950949668884277344e-02,5.214929580688476562e-03,3.959072232246398926e-01,9.803342819213867188e-02,-6.283521652221679688e-02,-6.175518035888671875e-03,4.299082159996032715e-01
4.600000000000000200e-01,1.336600631475448608e-01,-4.177130162715911865e-01,1.087332129478454590e+00,2.926120460033416748e-01,4.571840465068817139e-01,-9.115550667047500610e-02,9.945611953735351562e-01,9.947916120290756226e-02,3.085528500378131866e-02,-1.030694618821144104e-01,9.826707243919372559e-01,1.540620028972625732e-01,-1.499462593346834183e-02,-1.564043164253234863e-01,9.875793457031250000e-01,6.268607378005981445e-01,-2.561522722244262695e-01,-2.905666269361972809e-02,1.000000000000000000e+00,0.000000000000000000e+00,1.336600631475448608e-01,-4.177130162715911865e-01,1.087332129478454590e+00,2.926120460033416748e-01,4.571840465068817139e-01,-9.115550667047500610e-02,1.000000000000000000e+00,1.719924062490463257e-01,3.355821967124938965e-01,1.219562053680419922e+00,5.035996437072753906e-01,-6.516832113265991211e-01,2.436667233705520630e-01,1.000000000000000000e+00,3.044065475463867188e+00,-4.444515407085418701e-01,1.040166974067687988e+00,-5.098332762718200684e-01,2.585245482623577118e-02,1.559682190418243408e-02,1.000000000000000000e+00,3.124122858047485352e+00,1.813741326332092285e-01,6.251581311225891113e-01,-4.999905228614807129e-01,-1.812738366425037384e-02,1.748373210430145264e-01,1.000000000000000000e+00,1.000000000000000000e+00,0.000000000000000000e+00,0.000000000000000000e+00,1.000000000000000000e+00,1.719924062490463257e-01,3.355821967124938965e-01,1.219562053680419922e+00,5.035996437072753906e-01,-6.516832113265991211e-01,2.436667233705520630e-01,9.761920571327209473e-01,1.303196251392364502e-01,1.733947694301605225e-01,-1.011010557413101196e-01,9.806189537048339844e-01,-1.678242832422256470e-01,-1.919049918651580811e-01,1.462983340024948120e-01,9.704479575157165527e-01,-8.035752773284912109e-01,5.475216358900070190e-02,2.759838663041591644e-02,0.000000000000000000e+00,1.000000000000000000e+00,1.336600631475448608e-01,-4.177130162715911865e-01,1.087332129478454590e+00,2.926120460033416748e-01,4.571840465068817139e-01,-9.115550667047500610e-02,1.000000000000000000e+00,1.719924062490463257e-01,3.355821967124938965e-01,1.219562053680419922e+00,5.035996437072753906e-01,-6.516832113265991211e-01,2.436667233705520630e-01,1.000000000000000000e+00,3.044065475463867188e+00,-4.444515407085418701e-01,1.040166974067687988e+00,-5.098332762718200684e-01,2.585245482623577118e-02,1.559682190418243408e-02,1.000000000000000000e+00,3.124122858047485352e+00,1.813741326332092285e-01,6.251581311225891113e-01,-4.999905228614807129e-01,-1.812738366425037384e-02,1.748373210430145264e-01,1.000000000000000000e+00,1.000000000000000000e+00,0.000000000000000000e+00,0.000000000000000000e+00,1.000000000000000000e+00,3.044065475463867188e+00,-4.444515407085418701e-01,1.040166974067687988e+00,-5.098332762718200684e-01,2.585245482623577118e-02,1.559682190418243408e-02,-3.357378547410452829e-02,-1.176677826261227633e-01,4.318444662069282486e-03,1.000000000000000000e+00,3.124122858047485352e+00,1.813741326332092285e-01,6.251581311225891113e-01,-4.999905228614807129e-01,-1.812738366425037384e-02,1.748373210430145264e-01,5.057733723835168560e-02,-1.004621466451076639e-01,-5.779546381107465020e-03,1.000000000000000000e+00,-4.580895975232124329e-02,-1.134351082146167755e-02,-1.000000014901161194e-01,4.196296334266662598e-01,7.477614562958478928e-03,1.999880522489547729e-01,-1.000000014901161194e-01,3.498163223266601562e-01,-7.219934463500976562e-02,-7.341647148132324219e-02,5.305051803588867188e-03,3.941718935966491699e-01,1.061136722564697266e-01,-5.857443809509277344e-02,-6.235361099243164062e-03,4.271500706672668457e-01
4.799999999999999822e-01,1.395396590232849121e-01,-4.083572030067443848e-01,1.085344552993774414e+00,2.954751849174499512e-01,4.804337620735168457e-01,-1.084557771682739258e-01,9.946429729461669922e-01,1.003190279006958008e-01,2.492829225957393646e-02,-1.028468459844589233e-01,9.846317172050476074e-01,1.411485522985458374e-01,-1.038530189543962479e-02,-1.429562121629714966e-01,9.896745085716247559e-01,7.421718239784240723e-01,-1.943803131580352783e-01,-1.675479114055633545e-02,1.000000000000000000e+00,0.000000000000000000e+00,1.395396590232849121e-01,-4.083572030067443848e-01,1.085344552993774414e+00,2.954751849174499512e-01,4.804337620735168457e-01,-1.084557771682739258e-01,1.000000000000000000e+00,1.822835206985473633e-01,3.223549425601959229e-01,1.224066257476806641e+00,5.280486941337585449e-01,-6.727018952369689941e-01,2.030249089002609253e-01,1.000000000000000000e+00,3.033698558807373047e+00,-4.438754618167877197e-01,1.040473461151123047e+00,-5.284912586212158203e-01,3.257674351334571838e-02,1.484101731330156326e-02,1.000000000000000000e+00,3.113969087600708008e+00,1.809138953685760498e-01,6.287746429443359375e-01,-5.168626308441162109e-01,-2.923845313489437103e-02,1.879796534776687622e-01,1.000000000000000000e+00,1.000000000000000000e+00,0.000000000000000000e+00,0.000000000000000000e+00,1.000000000000000000e+00,1.822835206985473633e-01,3.223549425601959229e-01,1.224066257476806641e+00,5.280486941337585449e-01,-6.727018952369689941e-01,2.030249089002609253e-01,9.760848879814147949e-01,1.267541646957397461e-01,1.766117811203002930e-01,-1.004089862108230591e-01,9.834393858909606934e-01,-1.508809328079223633e-01,-1.928117573261260986e-01,1.295391917228698730e-01,9.726475477218627930e-01,-9.432495236396789551e-01,4.571711272001266479e-02,2.583206444978713989e-02,0.000000000000000000e+00,1.000000000000000000e+00,1.395396590232849121e-01,-4.083572030067443848e-01,1.085344552993774414e+00,2.954751849174499512e-01,4.804337620735168457e-01,-1.084557771682739258e-01,1.000000000000000000e+00,1.822835206985473633e-01,3.223549425601959229e-01,1.224066257476806641e+00,5.280486941337585449e-01,-6.727018952369689941e-01,2.030249089002609253e-01,1.000000000000000000e+00,3.033698558807373047e+00,-4.438754618167877197e-01,1.040473461151123047e+00,-5.284912586212158203e-01,3.257674351334571838e-02,1.484101731330156326e-02,1.000000000000000000e+00,3.113969087600708008e+00,1.809138953685760498e-01,6.287746429443359375e-01,-5.168626308441162109e-01,-2.923845313489437103e-02,1.879796534776687622e-01,1.000000000000000000e+00,1.000000000000000000e+00,0.000000000000000000e+00,0.000000000000000000e+00,1.000000000000000000e+00,3.033698558807373047e+00,-4.438754618167877197e-01,1.040473461151123047e+00,-5.284912586212158203e-01,3.257674351334571838e-02,1.484101731330156326e-02,-3.853849061332104142e-02,-1.118519645887090519e-01,4.713365747314651744e-03,1.000000000000000000e+00,3.113969087600708008e+00,1.809138953685760498e-01,6.287746429443359375e-01,-5.168626308441162109e-01,-2.923845313489437103e-02,1.879796534776687622e-01,5.786580849706236818e-02,-9.480300843488409512e-02,-6.251331452591993992e-03,1.000000000000000000e+00,-1.330719422549009323e-02,3.417982370592653751e-04,-1.000000014901161194e-01,4.269926846027374268e-01,-2.182600460946559906e-02,2.000000029802322388e-01,-1.000000014901161194e-01,3.616064190864562988e-01,-7.847547531127929688e-02,-6.757736206054687500e-02,5.310058593750000000e-03,3.927778899669647217e-01,1.139214038848876953e-01,-5.471014976501464844e-02,-6.256580352783203125e-03,4.243230521678924561e-01
5.000000000000000000e-01,1.454682350158691406e-01,-3.985539376735687256e-01,1.083057880401611328e+00,2.974485456943511963e-01,5.016347765922546387e-01,-1.205844804644584656e-01,9.946938753128051758e-01,1.008775457739830017e-01,2.019884251058101654e-02,-1.026259735226631165e-01,9.867126345634460449e-01,1.259609758853912354e-01,-7.223819382488727570e-03,-1.273655295372009277e-01,9.918296337127685547e-01,8.430606722831726074e-01,-1.071834862232208252e-01,-3.476071404293179512e-03,1.000000000000000000e+00,0.000000000000000000e+00,1.454682350158691406e-01,-3.985539376735687256e-01,1.083057880401611328e+00,2.974485456943511963e-01,5.016347765922546387e-01,-1.205844804644584656e-01,1.000000000000000000e+00,1.930690854787826538e-01,3.087324500083923340e-01,1.227777123451232910e+00,5.531396865844726562e-01,-6.908749341964721680e-01,1.646738350391387939e-01,1.000000000000000000e+00,3.022971153259277344e+00,-4.431567490100860596e-01,1.040757656097412109e+00,-5.457754731178283691e-01,4.020875692367553711e-02,1.331238448619842529e-02,1.000000000000000000e+00,3.103490114212036133e+00,1.802187561988830566e-01,6.326459050178527832e-01,-5.323634147644042969e-01,-4.175980389118194580e-02,2.002013474702835083e-01,1.000000000000000000e+00,1.000000000000000000e+00,0.000000000000000000e+00,0.000000000000000000e+00,1.000000000000000000e+00,1.930690854787826538e-01,3.087324500083923340e-01,1.227777123451232910e+00,5.531396865844726562e-01,-6.908749341964721680e-01,1.646738350391387939e-01,9.759961366653442383e-01,1.227349191904067993e-01,1.799103319644927979e-01,-9.980027377605438232e-02,9.862878322601318359e-01,-1.314392685890197754e-01,-1.935755610466003418e-01,1.103291139006614685e-01,9.748620986938476562e-01,-1.043094635009765625e+00,3.857163712382316589e-02,2.338779717683792114e-02,0.000000000000000000e+00,1.000000000000000000e+00,1.454682350158691406e-01,-3.985539376735687256e-01,1.083057880401611328e+00,2.974485456943511963e-01,5.016347765922546387e-01,-1.205844804644584656e-01,1.000000000000000000e+00,1.930690854787826538e-01,3.087324500083923340e-01,1.227777123451232910e+00,5.531396865844726562e-01,-6.908749341964721680e-01,1.646738350391387939e-01,1.000000000000000000e+00,3.022971153259277344e+00,-4.431567490100860596e-01,1.040757656097412109e+00,-5.457754731178283691e-01,4.020875692367553711e-02,1.331238448619842529e-02,1.000000000000000000e+00,3.103490114212036133e+00,1.802187561988830566e-01,6.326459050178527832e-01,-5.323634147644042969e-01,-4.175980389118194580e-02,2.002013474702835083e-01,1.000000000000000000e+00,1.000000000000000000e+00,0.000000000000000000e+00,0.000000000000000000e+00,1.000000000000000000e+00,3.022971153259277344e+00,-4.431567490100860596e-01,1.040757656097412109e+00,-5.457754731178283691e-01,4.020875692367553711e-02,1.331238448619842529e-02,-4.375261004759009587e-02,-1.059874982514374953e-01,5.072377950089936721e-03,1.000000000000000000e+00,3.103490114212036133e+00,1.802187561988830566e-01,6.326459050178527832e-01,-5.323634147644042969e-01,-4.175980389118194580e-02,2.002013474702835083e-01,6.525562518083613539e-02,-8.933932789739063018e-02,-6.645379235609750329e-03,1.000000000000000000e+00,1.378369331359863281e-02,1.274571102112531662e-02,-1.000000014901161194e-01,4.340469837188720703e-01,-5.204316973686218262e-02,1.999993026256561279e-01,-1.000000014901161194e-01,3.704299330711364746e-01,-8.414387702941894531e-02,-6.199955940246582031e-02,5.225896835327148438e-03,3.917703032493591309e-01,1.212570667266845703e-01,-5.117487907409667969e-02,-6.233215332031250000e-03,4.215258657932281494e-01
5.200000000000000178e-01,1.514298468828201294e-01,-3.883492052555084229e-01,1.080573439598083496e+00,2.987600862979888916e-01,5.202233791351318359e-01,-1.277953088283538818e-01,9.947199821472167969e-01,1.011633202433586121e-01,1.726562343537807465e-02,-1.024454757571220398e-01,9.887931942939758301e-01,1.085951924324035645e-01,-6.086281966418027878e-03,-1.097905933856964111e-01,9.939361214637756348e-01,9.343740344047546387e-01,6.939475890249013901e-03,8.028866723179817200e-03,1.000000000000000000e+00,0.000000000000000000e+00,1.514298468828201294e-01,-3.883492052555084229e-01,1.080573439598083496e+00,2.987600862979888916e-01,5.202233791351318359e-01,-1.277953088283538818e-01,1.000000000000000000e+00,2.043633460998535156e-01,2.947743833065032959e-01,1.230746746063232422e+00,5.790125131607055664e-01,-7.058995962142944336e-01,1.292736381292343140e-01,1.000000000000000000e+00,3.011909961700439453e+00,-4.422770440578460693e-01,1.041004776954650879e+00,-5.617101192474365234e-01,4.877794161438941956e-02,1.108166109770536423e-02,1.000000000000000000e+00,3.092713117599487305e+00,1.792605817317962646e-01,6.367521882057189941e-01,-5.465434193611145020e-01,-5.567577481269836426e-02,2.113381773233413696e-01,1.000000000000000000e+00,1.000000000000000000e+00,0.000000000000000000e+00,0.000000000000000000e+00,1.000000000000000000e+00,2.043633460998535156e-01,2.947743833065032959e-01,1.230746746063232422e+00,5.790125131607055664e-01,-7.058995962142944336e-01,1.292736381292343140e-01,9.759181141853332520e-01,1.184120923280715942e-01,1.832006722688674927e-01,-9.927596151828765869e-02,9.889228343963623047e-01,-1.103446707129478455e-01,-1.942374557256698608e-01,8.949994295835494995e-02,9.768631458282470703e-01,-1.102269649505615234e+00,3.356852754950523376e-02,2.040919475257396698e-02,0.000000000000000000e+00,1.000000000000000000e+00,1.514298468828201294e-01,-3.883492052555084229e-01,1.080573439598083496e+00,2.987600862979888916e-01,5.202233791351318359e-01,-1.277953088283538818e-01,1.000000000000000000e+00,2.043633460998535156e-01,2.947743833065032959e-01,1.230746746063232422e+00,5.790125131607055664e-01,-7.058995962142944336e-01,1.292736381292343140e-01,1.000000000000000000e+00,3.011909961700439453e+00,-4.422770440578460693e-01,1.041004776954650879e+00,-5.617101192474365234e-01,4.877794161438941956e-02,1.108166109770536423e-02,1.000000000000000000e+00,3.092713117599487305e+00,1.792605817317962646e-01,6.367521882057189941e-01,-5.465434193611145020e-01,-5.567577481269836426e-02,2.113381773233413696e-01,1.000000000000000000e+00,1.000000000000000000e+00,0.000000000000000000e+00,0.000000000000000000e+00,1.000000000000000000e+00,3.011909961700439453e+00,-4.422770440578460693e-01,1.041004776954650879e+00,-5.617101192474365234e-01,4.877794161438941956e-02,1.108166109770536423e-02,-4.911558208722027058e-02,-1.001350802843326004e-01,5.385037875194141621e-03,1.000000000000000000e+00,3.092713117599487305e+00,1.792605817317962646e-01,6.367521882057189941e-01,-5.465434193611145020e-01,-5.567577481269836426e-02,2.113381773233413696e-01,7.269139186877392189e-02,-8.410998380374934413e-02,-6.965222470747489680e-03,1.000000000000000000e+00,4.035068675875663757e-02,2.399555221199989319e-02,-9.999990463256835938e-02,4.428451061248779297e-01,-7.986242324113845825e-02,1.998350769281387329e-01,-1.000000014901161194e-01,3.768003880977630615e-01,-8.897352218627929688e-02,-5.669856071472167969e-02,5.055189132690429688e-03,3.911650180816650391e-01,1.278941631317138672e-01,-4.791092872619628906e-02,-6.158590316772460938e-03,4.188323915004730225e-01
5.400000000000000355e-01,1.574142277240753174e-01,-3.778001964092254639e-01,1.077987551689147949e+00,2.997634410858154297e-01,5.356599092483520508e-01,-1.302595883607864380e-01,9.947248101234436035e-01,1.012469828128814697e-01,1.648475416004657745e-02,-1.023211330175399780e-01,9.907310009002685547e-01,8.934550732374191284e-02,-7.285992614924907684e-03,-9.056092053651809692e-02,9.958643317222595215e-01,1.001850247383117676e+00,1.200323030352592468e-01,1.611900888383388519e-02,1.000000000000000000e+00,0.000000000000000000e+00,1.574142277240753174e-01,-3.778001964092254639e-01,1.077987551689147949e+00,2.997634410858154297e-01,5.356599092483520508e-01,-1.302595883607864380e-01,1.000000000000000000e+00,2.161825746297836304e-01,2.805460393428802490e-01,1.233036875724792480e+00,6.057225465774536133e-01,-7.175097465515136719e-01,9.704194217920303345e-02,1.000000000000000000e+00,3.000541925430297852e+00,-4.412174522876739502e-01,1.041201949119567871e+00,-5.763315558433532715e-01,5.829409882426261902e-02,8.248110301792621613e-03,1.000000000000000000e+00,3.081664085388183594e+00,1.780117452144622803e-01,6.410704255104064941e-01,-5.594665408134460449e-01,-7.095729559659957886e-02,2.212782949209213257e-01,1.000000000000000000e+00,1.000000000000000000e+00,0.000000000000000000e+00,0.000000000000000000e+00,1.000000000000000000e+00,2.161825746297836304e-01,2.805460393428802490e-01,1.233036875724792480e+00,6.057225465774536133e-01,-7.175097465515136719e-01,9.704194217920303345e-02,9.758453965187072754e-01,1.139074563980102539e-01,1.864162683486938477e-01,-9.883674979209899902e-02,9.911817312240600586e-01,-8.826270699501037598e-02,-1.948261559009552002e-01,6.770597398281097412e-02,9.784982800483703613e-01,-1.136079430580139160e+00,2.924276143312454224e-02,1.720933988690376282e-02,0.000000000000000000e+00,1.000000000000000000e+00,1.574142277240753174e-01,-3.778001964092254639e-01,1.077987551689147949e+00,2.997634410858154297e-01,5.356599092483520508e-01,-1.302595883607864380e-01,1.000000000000000000e+00,2.161825746297836304e-01,2.805460393428802490e-01,1.233036875724792480e+00,6.057225465774536133e-01,-7.175097465515136719e-01,9.704194217920303345e-02,1.000000000000000000e+00,3.000541925430297852e+00,-4.412174522876739502e-01,1.041201949119567871e+00,-5.763315558433532715e-01,5.829409882426261902e-02,8.248110301792621613e-03,1.000000000000000000e+00,3.081664085388183594e+00,1.780117452144622803e-01,6.410704255104064941e-01,-5.594665408134460449e-01,-7.095729559659957886e-02,2.212782949209213257e-01,1.000000000000000000e+00,1.000000000000000000e+00,0.000000000000000000e+00,0.000000000000000000e+00,1.000000000000000000e+00,3.000541925430297852e+00,-4.412174522876739502e-01,1.041201949119567871e+00,-5.763315558433532715e-01,5.829409882426261902e-02,8.248110301792621613e-03,-5.450395803220008800e-02,-9.434006573740560953e-02,5.640667824372246064e-03,1.000000000000000000e+00,3.081664085388183594e+00,1.780117452144622803e-01,6.410704255104064941e-01,-5.594665408134460449e-01,-7.095729559659957886e-02,2.212782949209213257e-01,8.009721066373795550e-02,-7.914447989733242039e-02,-7.214140527106720213e-03,1.000000000000000000e+00,6.492247432470321655e-02,3.361107409000396729e-02,-9.999991953372955322e-02,4.503680467605590820e-01,-1.023696660995483398e-01,1.956360936164855957e-01,-1.000000014901161194e-01,3.817840218544006348e-01,-9.276604652404785156e-02,-5.168795585632324219e-02,4.806518554687500000e-03,3.909677267074584961e-01,1.336045265197753906e-01,-4.487490653991699219e-02,-6.029367446899414062e-03,4.162857830524444580e-01
5.600000000000000533e-01,1.634188592433929443e-01,-3.669743537902832031e-01,1.075394272804260254e+00,3.008541166782379150e-01,5.474786758422851562e-01,-1.281230896711349487e-01,9.947077035903930664e-01,1.012294664978981018e-01,1.759015396237373352e-02,-1.022090241312980652e-01,9.923830032348632812e-01,6.877131760120391846e-02,-1.049448363482952118e-02,-7.020522654056549072e-02,9.974774718284606934e-01,1.040530085563659668e+00,2.003501355648040771e-01,2.031426876783370972e-02,1.000000000000000000e+00,0.000000000000000000e+00,1.634188592433929443e-01,-3.669743537902832031e-01,1.075394272804260254e+00,3.008541166782379150e-01,5.474786758422851562e-01,-1.281230896711349487e-01,1.000000000000000000e+00,2.285435646772384644e-01,2.661179602146148682e-01,1.234710454940795898e+00,6.332688927650451660e-01,-7.254862785339355469e-01,6.793178617954254150e-02,1.000000000000000000e+00,2.988893032073974609e+00,-4.399590790271759033e-01,1.041337609291076660e+00,-5.896830558776855469e-01,6.874450296163558960e-02,4.934076685458421707e-03,1.000000000000000000e+00,3.070367097854614258e+00,1.764453351497650146e-01,6.455762982368469238e-01,-5.712038874626159668e-01,-8.755832165479660034e-02,2.299569994211196899e-01,1.000000000000000000e+00,1.000000000000000000e+00,0.000000000000000000e+00,0.000000000000000000e+00,1.000000000000000000e+00,2.285435646772384644e-01,2.661179602146148682e-01,1.234710454940795898e+00,6.332688927650451660e-01,-7.254862785339355469e-01,6.793178617954254150e-02,9.757891297340393066e-01,1.093073338270187378e-01,1.894405931234359741e-01,-9.848842024803161621e-02,9.929710626602172852e-01,-6.564111262559890747e-02,-1.952840536832809448e-01,4.539417102932929993e-02,9.796957373619079590e-01,-1.146790146827697754e+00,1.464773993939161301e-02,1.368320174515247345e-02,0.000000000000000000e+00,1.000000000000000000e+00,1.634188592433929443e-01,-3.669743537902832031e-01,1.075394272804260254e+00,3.008541166782379150e-01,5.474786758422851562e-01,-1.281230896711349487e-01,1.000000000000000000e+00,2.285435646772384644e-01,2.661179602146148682e-01,1.234710454940795898e+00,6.332688927650451660e-01,-7.254862785339355469e-01,6.793178617954254150e-02,1.000000000000000000e+00,2.988893032073974609e+00,-4.399590790271759033e-01,1.041337609291076660e+00,-5.896830558776855469e-01,6.874450296163558960e-02,4.934076685458421707e-03,1.000000000000000000e+00,3.070367097854614258e+00,1.764453351497650146e-01,6.455762982368469238e-01,-5.712038874626159668e-01,-8.755832165479660034e-02,2.299569994211196899e-01,1.000000000000000000e+00,1.000000000000000000e+00,0.000000000000000000e+00,0.000000000000000000e+00,1.000000000000000000e+00,2.988893032073974609e+00,-4.399590790271759033e-01,1.041337609291076660e+00,-5.896830558776855469e-01,6.874450296163558960e-02,4.934076685458421707e-03,-5.977967881355387980e-02,-8.863226726944994915e-02,5.829165385762200696e-03,1.000000000000000000e+00,3.070367097854614258e+00,1.764453351497650146e-01,6.455762982368469238e-01,-5.712038874626159668e-01,-8.755832165479660034e-02,2.299569994211196899e-01,8.736987199766046985e-02,-7.444711811698434545e-02,-7.393583579055895694e-03,1.000000000000000000e+00,8.744995296001434326e-02,4.137966409325599670e-02,-9.999992698431015015e-02,4.552876353263854980e-01,-1.213739737868309021e-01,1.816753000020980835e-01,-1.000000014901161194e-01,3.871328234672546387e-01,-9.537124633789062500e-02,-4.698514938354492188e-02,4.492998123168945312e-03,3.911722898483276367e-01,1.381783485412597656e-01,-4.203629493713378906e-02,-5.843877792358398438e-03,4.139072000980377197e-01
5.799999999999999600e-01,1.694485247135162354e-01,-3.559474050998687744e-01,1.072882652282714844e+00,3.023448884487152100e-01,5.553157925605773926e-01,-1.217248663306236267e-01,9.946675896644592285e-01,1.012083292007446289e-01,1.983669400215148926e-02,-1.020518541336059570e-01,9.936434030532836914e-01,4.752236232161521912e-02,-1.490094047039747238e-02,-4.929332062602043152e-02,9.986732602119445801e-01,1.052631497383117676e+00,2.354255765676498413e-01,2.088455669581890106e-02,1.000000000000000000e+00,0.000000000000000000e+00,1.694485247135162354e-01,-3.559474050998687744e-01,1.072882652282714844e+00,3.023448884487152100e-01,5.553157925605773926e-01,-1.217248663306236267e-01,1.000000000000000000e+00,2.414626628160476685e-01,2.515642344951629639e-01,1.235829114913940430e+00,6.615930199623107910e-01,-7.296775579452514648e-01,4.182380437850952148e-02,1.000000000000000000e+00,2.976987838745117188e+00,-4.384835064411163330e-01,1.041404008865356445e+00,-6.018115282058715820e-01,8.009229600429534912e-02,1.279542106203734875e-03,1.000000000000000000e+00,3.058845758438110352e+00,1.745354831218719482e-01,6.502441167831420898e-01,-5.818272233009338379e-01,-1.054117083549499512e-01,2.373500615358352661e-01,1.000000000000000000e+00,1.000000000000000000e+00,0.000000000000000000e+00,0.000000000000000000e+00,1.000000000000000000e+00,2.414626628160476685e-01,2.515642344951629639e-01,1.235829114913940430e+00,6.615930199623107910e-01,-7.296775579452514648e-01,4.182380437850952148e-02,9.758341908454895020e-01,1.047391146421432495e-01,1.917743384838104248e-01,-9.826938807964324951e-02,9.942318201065063477e-01,-4.296885430812835693e-02,-1.951686441898345947e-01,2.308493107557296753e-02,9.804980158805847168e-01,-1.128051638603210449e+00,-4.142336547374725342e-02,8.237530477344989777e-03,0.000000000000000000e+00,1.000000000000000000e+00,1.694485247135162354e-01,-3.559474050998687744e-01,1.072882652282714844e+00,3.023448884487152100e-01,5.553157925605773926e-01,-1.217248663306236267e-01,1.000000000000000000e+00,2.414626628160476685e-01,2.515642344951629639e-01,1.235829114913940430e+00,6.615930199623107910e-01,-7.296775579452514648e-01,4.182380437850952148e-02,1.000000000000000000e+00,2.976987838745117188e+00,-4.384835064411163330e-01,1.041404008865356445e+00,-6.018115282058715820e-01,8.009229600429534912e-02,1.279542106203734875e-03,1.000000000000000000e+00,3.058845758438110352e+00,1.745354831218719482e-01,6.502441167831420898e-01,-5.818272233009338379e-01,-1.054117083549499512e-01,2.373500615358352661e-01,1.000000000000000000e+00,1.000000000000000000e+00,0.000000000000000000e+00,0.000000000000000000e+00,1.000000000000000000e+00,2.976987838745117188e+00,-4.384835064411163330e-01,1.041404008865356445e+00,-6.018115282058715820e-01,8.009229600429534912e-02,1.279542106203734875e-03,-6.479780653600814011e-02,-8.303607827257097895e-02,5.942363898782609954e-03,1.000000000000000000e+00,3.058845758438110352e+00,1.745354831218719482e-01,6.502441167831420898e-01,-5.818272233009338379e-01,-1.054117083549499512e-01,2.373500615358352661e-01,9.438309859183996453e-02,-7.000484374401505505e-02,-7.503387867687713597e-03,1.000000000000000000e+00,1.058183908462524414e-01,4.548793286085128784e-02,-1.000000014901161194e-01,4.583464860916137695e-01,-1.350699216127395630e-01,1.687463670969009399e-01,-1.000000014901161194e-01,3.946322500705718994e-01,-9.669828414916992188e-02,-4.260706901550292969e-02,4.131555557250976562e-03,3.917475938796997070e-01,1.414322853088378906e-01,-3.937125205993652344e-02,-5.604267120361328125e-03,4.117091596126556396e-01
5.999999999999999778e-01,1.755129098892211914e-01,-3.448014259338378906e-01,1.070533752441406250e+00,3.043943345546722412e-01,5.589352846145629883e-01,-1.115899607539176941e-01,9.946083426475524902e-01,1.012531518936157227e-01,2.240566536784172058e-02,-1.018278449773788452e-01,9.944571256637573242e-01,2.619469352066516876e-02,-1.962917670607566833e-02,-2.833498083055019379e-02,9.994057416915893555e-01,1.040111422538757324e+00,2.303852140903472900e-01,1.882677525281906128e-02,1.000000000000000000e+00,0.000000000000000000e+00,1.755129098892211914e-01,-3.448014259338378906e-01,1.070533752441406250e+00,3.043943345546722412e-01,5.589352846145629883e-01,-1.115899607539176941e-01,1.000000000000000000e+00,2.549541294574737549e-01,2.369612008333206177e-01,1.236452698707580566e+00,6.905204057693481445e-01,-7.300263643264770508e-01,1.873614080250263214e-02,1.000000000000000000e+00,2.964850902557373047e+00,-4.367733001708984375e-01,1.041394948959350586e+00,-6.127660870552062988e-01,9.227594733238220215e-02,-2.565515460446476936e-03,1.000000000000000000e+00,3.047121286392211914e+00,1.722579300403594971e-01,6.550482511520385742e-01,-5.914061069488525391e-01,-1.244264915585517883e-01,2.434664815664291382e-01,1.000000000000000000e+00,1.000000000000000000e+00,0.000000000000000000e+00,0.000000000000000000e+00,1.000000000000000000e+00,2.549541294574737549e-01,2.369612008333206177e-01,1.236452698707580566e+00,6.905204057693481445e-01,-7.300263643264770508e-01,1.873614080250263214e-02,9.761708974838256836e-01,1.003899872303009033e-01,1.923860907554626465e-01,-9.822539985179901123e-02,9.949472546577453613e-01,-2.078094892203807831e-02,-1.935001909732818604e-01,1.388555974699556828e-03,9.810993671417236328e-01,-1.075926184654235840e+00,-1.445141732692718506e-01,7.749393116682767868e-04,0.000000000000000000e+00,1.000000000000000000e+00,1.755129098892211914e-01,-3.448014259338378906e-01,1.070533752441406250e+00,3.043943345546722412e-01,5.589352846145629883e-01,-1.115899607539176941e-01,1.000000000000000000e+00,2.549541294574737549e-01,2.369612008333206177e-01,1.236452698707580566e+00,6.905204057693481445e-01,-7.300263643264770508e-01,1.873614080250263214e-02,1.000000000000000000e+00,2.964850902557373047e+00,-4.367733001708984375e-01,1.041394948959350586e+00,-6.127660870552062988e-01,9.227594733238220215e-02,-2.565515460446476936e-03,1.000000000000000000e+00,3.047121286392211914e+00,1.722579300403594971e-01,6.550482511520385742e-01,-5.914061069488525391e-01,-1.244264915585517883e-01,2.434664815664291382e-01,1.000000000000000000e+00,1.000000000000000000e+00,0.000000000000000000e+00,0.000000000000000000e+00,1.000000000000000000e+00,2.964850902557373047e+00,-4.367733001708984375e-01,1.041394948959350586e+00,-6.127660870552062988e-01,9.227594733238220215e-02,-2.565515460446476936e-03,-6.941529073125778104e-02,-7.757871415957628969e-02,5.975806400907987537e-03,1.000000000000000000e+00,3.047121286392211914e+00,1.722579300403594971e-01,6.550482511520385742e-01,-5.914061069488525391e-01,-1.244264915585517883e-01,2.434664815664291382e-01,1.009972777108106290e-01,-6.580170751909397708e-02,-7.543018189022324127e-03,1.000000000000000000e+00,1.201535388827323914e-01,4.646937176585197449e-02,-1.000000014901161194e-01,4.587250351905822754e-01,-1.412310600280761719e-01,1.502298563718795776e-01,-1.000000014901161194e-01,4.006452262401580811e-01,-9.671521186828613281e-02,-3.857111930847167969e-02,3.741264343261718750e-03,3.926408588886260986e-01,1.432101726531982422e-01,-3.685307502746582031e-02,-5.312919616699218750e-03,4.097123146057128906e-01
6.199999999999999956e-01,1.816234290599822998e-01,-3.336218297481536865e-01,1.068416237831115723e+00,3.070049583911895752e-01,5.582451820373535156e-01,-9.838580340147018433e-02,9.945411086082458496e-01,1.013917252421379089e-01,2.464963868260383606e-02,-1.015529260039329529e-01,9.948155879974365234e-01,5.375164095312356949e-03,-2.397684752941131592e-02,-7.849064655601978302e-03,9.996816515922546387e-01,1.001170754432678223e+00,1.973758935928344727e-01,1.543248631060123444e-02,1.000000000000000000e+00,0.000000000000000000e+00,1.816234290599822998e-01,-3.336218297481536865e-01,1.068416237831115723e+00,3.070049583911895752e-01,5.582451820373535156e-01,-9.838580340147018433e-02,1.000000000000000000e+00,2.690271437168121338e-01,2.223855555057525635e-01,1.236642241477966309e+00,7.197026610374450684e-01,-7.265759706497192383e-01,-1.256592571735382080e-03,1.000000000000000000e+00,2.952505350112915039e+00,-4.348125159740447998e-01,1.041308522224426270e+00,-6.225982904434204102e-01,1.052099317312240601e-01,-6.451152265071868896e-03,1.000000000000000000e+00,3.035214424133300781e+00,1.695904880762100220e-01,6.599634289741516113e-01,-6.000065207481384277e-01,-1.444871872663497925e-01,2.483431845903396606e-01,1.000000000000000000e+00,1.000000000000000000e+00,0.000000000000000000e+00,0.000000000000000000e+00,1.000000000000000000e+00,2.690271437168121338e-01,2.223855555057525635e-01,1.236642241477966309e+00,7.197026610374450684e-01,-7.265759706497192383e-01,-1.256592571735382080e-03,9.769259691238403320e-01,9.649157524108886719e-02,1.905389726161956787e-01,-9.834308922290802002e-02,9.951525926589965820e-01,2.628058136906474829e-04,-1.895899772644042969e-01,-1.899493113160133362e-02,9.816796183586120605e-01,-9.837238788604736328e-01,-2.688389122486114502e-01,-9.402823634445667267e-03,0.000000000000000000e+00,1.000000000000000000e+00,1.816234290599822998e-01,-3.336218297481536865e-01,1.068416237831115723e+00,3.070049583911895752e-01,5.582451820373535156e-01,-9.838580340147018433e-02,1.000000000000000000e+00,2.690271437168121338e-01,2.223855555057525635e-01,1.236642241477966309e+00,7.197026610374450684e-01,-7.265759706497192383e-01,-1.256592571735382080e-03,1.000000000000000000e+00,2.952505350112915039e+00,-4.348125159740447998e-01,1.041308522224426270e+00,-6.225982904434204102e-01,1.052099317312240601e-01,-6.451152265071868896e-03,1.000000000000000000e+00,3.035214424133300781e+00,1.695904880762100220e-01,6.599634289741516113e-01,-6.000065207481384277e-01,-1.444871872663497925e-01,2.483431845903396606e-01,1.000000000000000000e+00,1.000000000000000000e+00,0.000000000000000000e+00,0.000000000000000000e+00,1.000000000000000000e+00,2.952505350112915039e+00,-4.348125159740447998e-01,1.041308522224426270e+00,-6.225982904434204102e-01,1.052099317312240601e-01,-6.451152265071868896e-03,-7.350077209564237490e-02,-7.229115154321164027e-02,5.930056564364925842e-03,1.000000000000000000e+00,3.035214424133300781e+00,1.695904880762100220e-01,6.599634289741516113e-01,-6.000065207481384277e-01,-1.444871872663497925e-01,2.483431845903396606e-01,1.070685391640289197e-01,-6.182578464155219500e-02,-7.512588808160504394e-03,1.000000000000000000e+00,1.300914287567138672e-01,4.424657300114631653e-02,-1.000000014901161194e-01,4.568230509757995605e-01,-1.406933069229125977e-01,1.343676000833511353e-01,-1.000000014901161194e-01,4.058129489421844482e-01,-9.544682502746582031e-02,-3.489136695861816406e-02,3.339767456054687500e-03,3.937847316265106201e-01,1.433873176574707031e-01,-3.445839881896972656e-02,-4.974126815795898438e-03,4.079388678073883057e-01
6.400000000000000133e-01,1.877904385328292847e-01,-3.224944472312927246e-01,1.066584706306457520e+00,3.100602924823760986e-01,5.533154010772705078e-01,-8.290809392929077148e-02,9.944797754287719727e-01,1.016108840703964233e-01,2.618023194372653961e-02,-1.012614667415618896e-01,9.947565197944641113e-01,-1.434672158211469650e-02,-2.750073559582233429e-02,1.161647494882345200e-02,9.995543956756591797e-01,9.350673556327819824e-01,1.484162509441375732e-01,1.207838021218776703e-02,1.000000000000000000e+00,0.000000000000000000e+00,1.877904385328292847e-01,-3.224944472312927246e-01,1.066584706306457520e+00,3.100602924823760986e-01,5.533154010772705078e-01,-8.290809392929077148e-02,1.000000000000000000e+00,2.836825251579284668e-01,2.079119384288787842e-01,1.236459612846374512e+00,7.486552000045776367e-01,-7.195052504539489746e-01,-1.818955875933170319e-02,1.000000000000000000e+00,2.939972877502441406e+00,-4.325870573520660400e-01,1.041145086288452148e+00,-6.313616037368774414e-01,1.187866106629371643e-01,-1.023874897509813309e-02,1.000000000000000000e+00,3.023143768310546875e+00,1.665133982896804810e-01,6.649653911590576172e-01,-6.076920032501220703e-01,-1.654544919729232788e-01,2.520417273044586182e-01,1.000000000000000000e+00,1.000000000000000000e+00,0.000000000000000000e+00,0.000000000000000000e+00,1.000000000000000000e+00,2.836825251579284668e-01,2.079119384288787842e-01,1.236459612846374512e+00,7.486552000045776367e-01,-7.195052504539489746e-01,-1.818955875933170319e-02,9.781111478805541992e-01,9.328785538673400879e-02,1.860005110502243042e-01,-9.856779873371124268e-02,9.949428439140319824e-01,1.932353340089321136e-02,-1.832572072744369507e-01,-3.723422065377235413e-02,9.823597073554992676e-01,-8.479036688804626465e-01,-3.823392093181610107e-01,-2.029220387339591980e-02,0.000000000000000000e+00,1.000000000000000000e+00,1.877904385328292847e-01,-3.224944472312927246e-01,1.066584706306457520e+00,3.100602924823760986e-01,5.533154010772705078e-01,-8.290809392929077148e-02,1.000000000000000000e+00,2.836825251579284668e-01,2.079119384288787842e-01,1.236459612846374512e+00,7.486552000045776367e-01,-7.195052504539489746e-01,-1.818955875933170319e-02,1.000000000000000000e+00,2.939972877502441406e+00,-4.325870573520660400e-01,1.041145086288452148e+00,-6.313616037368774414e-01,1.187866106629371643e-01,-1.023874897509813309e-02,1.000000000000000000e+00,3.023143768310546875e+00,1.665133982896804810e-01,6.649653911590576172e-01,-6.076920032501220703e-01,-1.654544919729232788e-01,2.520417273044586182e-01,1.000000000000000000e+00,1.000000000000000000e+00,0.000000000000000000e+00,0.000000000000000000e+00,1.000000000000000000e+00,2.939972877502441406e+00,-4.325870573520660400e-01,1.041145086288452148e+00,-6.313616037368774414e-01,1.187866106629371643e-01,-1.023874897509813309e-02,-7.694062958208003344e-02,-6.720228964483898615e-02,5.809196318738669984e-03,1.000000000000000000e+00,3.023143768310546875e+00,1.665133982896804810e-01,6.649653911590576172e-01,-6.076920032501220703e-01,-1.654544919729232788e-01,2.520417273044586182e-01,1.124539014998710285e-01,-5.806725913337107414e-02,-7.413079482413230392e-03,1.000000000000000000e+00,1.370227336883544922e-01,3.938705101609230042e-02,-1.000000014901161194e-01,4.532560408115386963e-01,-1.351314336061477661e-01,1.204262375831604004e-01,-1.000000014901161194e-01,4.095990657806396484e-01,-9.297180175781250000e-02,-3.157544136047363281e-02,2.943515777587890625e-03,3.951016366481781006e-01,1.418964862823486328e-01,-3.217530250549316406e-02,-4.595518112182617188e-03,4.063985943794250488e-01
6.600000000000000311e-01,1.940212249755859375e-01,-3.115021884441375732e-01,1.065077066421508789e+00,3.133736550807952881e-01,5.443856716156005859e-01,-6.599493324756622314e-02,9.944370388984680176e-01,1.018669828772544861e-01,2.680235169827938080e-02,-1.009849235415458679e-01,9.943593740463256836e-01,-3.243131563067436218e-02,-2.995484508574008942e-02,2.954426594078540802e-02,9.991146922111511230e-01,8.472429513931274414e-01,9.058977663516998291e-02,9.852676652371883392e-03,1.000000000000000000e+00,0.000000000000000000e+00,1.940212249755859375e-01,-3.115021884441375732e-01,1.065077066421508789e+00,3.133736550807952881e-01,5.443856716156005859e-01,-6.599493324756622314e-02,1.000000000000000000e+00,2.989111244678497314e-01,1.936098486185073853e-01,1.235964894294738770e+00,7.768709659576416016e-01,-7.091694474220275879e-01,-3.218527883291244507e-02,1.000000000000000000e+00,2.927274227142333984e+00,-4.300852119922637939e-01,1.040907859802246094e+00,-6.391103863716125488e-01,1.328789144754409790e-01,-1.380567066371440887e-02,1.000000000000000000e+00,3.010926723480224609e+00,1.630099713802337646e-01,6.700314283370971680e-01,-6.145224571228027344e-01,-1.871665269136428833e-01,2.546451687812805176e-01,1.000000000000000000e+00,1.000000000000000000e+00,0.000000000000000000e+00,0.000000000000000000e+00,1.000000000000000000e+00,2.989111244678497314e-01,1.936098486185073853e-01,1.235964894294738770e+00,7.768709659576416016e-01,-7.091694474220275879e-01,-3.218527883291244507e-02,9.795916080474853516e-01,9.095109254121780396e-02,1.792436391115188599e-01,-9.883605688810348511e-02,9.944688081741333008e-01,3.554354608058929443e-02,-1.750194877386093140e-01,-5.253389477729797363e-02,9.831625223159790039e-01,-6.789081692695617676e-01,-4.529769420623779297e-01,-3.028018400073051453e-02,0.000000000000000000e+00,1.000000000000000000e+00,1.940212249755859375e-01,-3.115021884441375732e-01,1.065077066421508789e+00,3.133736550807952881e-01,5.443856716156005859e-01,-6.599493324756622314e-02,1.000000000000000000e+00,2.989111244678497314e-01,1.936098486185073853e-01,1.235964894294738770e+00,7.768709659576416016e-01,-7.091694474220275879e-01,-3.218527883291244507e-02,1.000000000000000000e+00,2.927274227142333984e+00,-4.300852119922637939e-01,1.040907859802246094e+00,-6.391103863716125488e-01,1.328789144754409790e-01,-1.380567066371440887e-02,1.000000000000000000e+00,3.010926723480224609e+00,1.630099713802337646e-01,6.700314283370971680e-01,-6.145224571228027344e-01,-1.871665269136428833e-01,2.546451687812805176e-01,1.000000000000000000e+00,1.000000000000000000e+00,0.000000000000000000e+00,0.000000000000000000e+00,1.000000000000000000e+00,2.927274227142333984e+00,-4.300852119922637939e-01,1.040907859802246094e+00,-6.391103863716125488e-01,1.328789144754409790e-01,-1.380567066371440887e-02,-7.964161308485387392e-02,-6.233180801008142424e-02,5.618120206775524539e-03,1.000000000000000000e+00,3.010926723480224609e+00,1.630099713802337646e-01,6.700314283370971680e-01,-6.145224571228027344e-01,-1.871665269136428833e-01,2.546451687812805176e-01,1.170151307640663052e-01,-5.451461309209948425e-02,-7.246250368298075284e-03,1.000000000000000000e+00,1.391467750072479248e-01,3.533983603119850159e-02,-1.000000014901161194e-01,4.480419754981994629e-01,-1.234367713332176208e-01,1.062253639101982117e-01,-1.000000014901161194e-01,4.125331938266754150e-01,-8.941578865051269531e-02,-2.862620353698730469e-02,2.566099166870117188e-03,3.965134620666503906e-01,1.387536525726318359e-01,-3.000020980834960938e-02,-4.188776016235351562e-03,4.050935506820678711e-01
6.800000000000000488e-01,2.003189623355865479e-01,-3.007217347621917725e-01,1.063914537429809570e+00,3.167231678962707520e-01,5.318433046340942383e-01,-4.847337678074836731e-02,9.944213628768920898e-01,1.021093651652336121e-01,2.645440585911273956e-02,-1.007479801774024963e-01,9.937289953231811523e-01,-4.850212112069129944e-02,-3.124103136360645294e-02,4.556631669402122498e-02,9.984726905822753906e-01,7.438804507255554199e-01,3.465726599097251892e-02,8.635023608803749084e-03,1.000000000000000000e+00,0.000000000000000000e+00,2.003189623355865479e-01,-3.007217347621917725e-01,1.063914537429809570e+00,3.167231678962707520e-01,5.318433046340942383e-01,-4.847337678074836731e-02,1.000000000000000000e+00,3.146943449974060059e-01,1.795401275157928467e-01,1.235215425491333008e+00,8.039454817771911621e-01,-6.960924863815307617e-01,-4.345149919390678406e-02,1.000000000000000000e+00,2.914429664611816406e+00,-4.272980093955993652e-01,1.040601849555969238e+00,-6.458992362022399902e-01,1.473436802625656128e-01,-1.704642735421657562e-02,1.000000000000000000e+00,2.998580694198608398e+00,1.590669602155685425e-01,6.751403212547302246e-01,-6.205544471740722656e-01,-2.094408869743347168e-01,2.562541961669921875e-01,1.000000000000000000e+00,1.000000000000000000e+00,0.000000000000000000e+00,0.000000000000000000e+00,1.000000000000000000e+00,3.146943449974060059e-01,1.795401275157928467e-01,1.235215425491333008e+00,8.039454817771911621e-01,-6.960924863815307617e-01,-4.345149919390678406e-02,9.811683893203735352e-01,8.953458070755004883e-02,1.711499094963073730e-01,-9.912540018558502197e-02,9.939010739326477051e-01,4.832135513424873352e-02,-1.657796204090118408e-01,-6.437668204307556152e-02,9.840593934059143066e-01,-4.923337101936340332e-01,-4.803477227687835693e-01,-3.857506439089775085e-02,0.000000000000000000e+00,1.000000000000000000e+00,2.003189623355865479e-01,-3.007217347621917725e-01,1.063914537429809570e+00,3.167231678962707520e-01,5.318433046340942383e-01,-4.847337678074836731e-02,1.000000000000000000e+00,3.146943449974060059e-01,1.795401275157928467e-01,1.235215425491333008e+00,8.039454817771911621e-01,-6.960924863815307617e-01,-4.345149919390678406e-02,1.000000000000000000e+00,2.914429664611816406e+00,-4.272980093955993652e-01,1.040601849555969238e+00,-6.458992362022399902e-01,1.473436802625656128e-01,-1.704642735421657562e-02,1.000000000000000000e+00,2.998580694198608398e+00,1.590669602155685425e-01,6.751403212547302246e-01,-6.205544471740722656e-01,-2.094408869743347168e-01,2.562541961669921875e-01,1.000000000000000000e+00,1.000000000000000000e+00,0.000000000000000000e+00,0.000000000000000000e+00,1.000000000000000000e+00,2.914429664611816406e+00,-4.272980093955993652e-01,1.040601849555969238e+00,-6.458992362022399902e-01,1.473436802625656128e-01,-1.704642735421657562e-02,-8.153135369321505566e-02,-5.769815831456703847e-02,5.363268813739510699e-03,1.000000000000000000e+00,2.998580694198608398e+00,1.590669602155685425e-01,6.751403212547302246e-01,-6.205544471740722656e-01,-2.094408869743347168e-01,2.562541961669921875e-01,1.206253368910693569e-01,-5.115434659994311239e-02,-7.014944164421943462e-03,1.000000000000000000e+00,1.376591026782989502e-01,2.743169665336608887e-02,-1.000000014901161194e-01,4.423728585243225098e-01,-1.068321391940116882e-01,8.989014476537704468e-02,-1.000000014901161194e-01,4.140653610229492188e-01,-8.493614196777343750e-02,-2.603840827941894531e-02,2.216577529907226562e-03,3.979470133781433105e-01,1.340696811676025391e-01,-2.793669700622558594e-02,-3.767490386962890625e-03,4.040210247039794922e-01
7.000000000000000666e-01,2.066824138164520264e-01,-2.902210950851440430e-01,1.063101887702941895e+00,3.198935985565185547e-01,5.161855816841125488e-01,-3.113207966089248657e-02,9.944345951080322266e-01,1.022823527455329895e-01,2.526387386023998260e-02,-1.005508527159690857e-01,9.929813146591186523e-01,-6.227167695760726929e-02,-3.145584464073181152e-02,5.938480049371719360e-02,9.977394938468933105e-01,6.262887120246887207e-01,-1.782508566975593567e-02,9.890969842672348022e-03,1.000000000000000000e+00,0.000000000000000000e+00,2.066824138164520264e-01,-2.902210950851440430e-01,1.063101887702941895e+00,3.198935985565185547e-01,5.161855816841125488e-01,-3.113207966089248657e-02,1.000000000000000000e+00,3.310067653656005859e-01,1.657519638538360596e-01,1.234263300895690918e+00,8.296105265617370605e-01,-6.809191107749938965e-01,-5.226381123065948486e-02,1.000000000000000000e+00,2.901457071304321289e+00,-4.242192208766937256e-01,1.040234684944152832e+00,-6.517838835716247559e-01,1.620256751775741577e-01,-1.987097784876823425e-02,1.000000000000000000e+00,2.986120462417602539e+00,1.546748280525207520e-01,6.802732944488525391e-01,-6.258402466773986816e-01,-2.320776879787445068e-01,2.569832503795623779e-01,1.000000000000000000e+00,1.000000000000000000e+00,0.000000000000000000e+00,0.000000000000000000e+00,1.000000000000000000e+00,3.310067653656005859e-01,1.657519638538360596e-01,1.234263300895690918e+00,8.296105265617370605e-01,-6.809191107749938965e-01,-5.226381123065948486e-02,9.827148318290710449e-01,8.900243788957595825e-02,1.623277813196182251e-01,-9.944244474172592163e-02,9.933893680572509766e-01,5.734998360276222229e-02,-1.561503857374191284e-01,-7.250094413757324219e-02,9.850689768791198730e-01,-2.986897230148315430e-01,-4.950817823410034180e-01,-4.512795060873031616e-02,0.000000000000000000e+00,1.000000000000000000e+00,2.066824138164520264e-01,-2.902210950851440430e-01,1.063101887702941895e+00,3.198935985565185547e-01,5.161855816841125488e-01,-3.113207966089248657e-02,1.000000000000000000e+00,3.310067653656005859e-01,1.657519638538360596e-01,1.234263300895690918e+00,8.296105265617370605e-01,-6.809191107749938965e-01,-5.226381123065948486e-02,1.000000000000000000e+00,2.901457071304321289e+00,-4.242192208766937256e-01,1.040234684944152832e+00,-6.517838835716247559e-01,1.620256751775741577e-01,-1.987097784876823425e-02,1.000000000000000000e+00,2.986120462417602539e+00,1.546748280525207520e-01,6.802732944488525391e-01,-6.258402466773986816e-01,-2.320776879787445068e-01,2.569832503795623779e-01,1.000000000000000000e+00,1.000000000000000000e+00,0.000000000000000000e+00,0.000000000000000000e+00,1.000000000000000000e+00,2.901457071304321289e+00,-4.242192208766937256e-01,1.040234684944152832e+00,-6.517838835716247559e-01,1.620256751775741577e-01,-1.987097784876823425e-02,-8.256533507968151497e-02,-5.332288555774455929e-02,5.054239588650893955e-03,1.000000000000000000e+00,2.986120462417602539e+00,1.546748280525207520e-01,6.802732944488525391e-01,-6.258402466773986816e-01,-2.320776879787445068e-01,2.569832503795623779e-01,1.231793915384873372e-01,-4.797346449154127335e-02,-6.723640042152055629e-03,1.000000000000000000e+00,1.339383572340011597e-01,1.630485057830810547e-02,-1.000000014901161194e-01,4.376245141029357910e-01,-8.969461917877197266e-02,7.476399838924407959e-02,-1.000000014901161194e-01,4.150623381137847900e-01,-7.970738410949707031e-02,-2.380180358886718750e-02,1.900911331176757812e-03,3.993362188339233398e-01,1.280367374420166016e-01,-2.599263191223144531e-02,-3.345966339111328125e-03,4.031749665737152100e-01
7.199999999999999734e-01,2.131062597036361694e-01,-2.800574898719787598e-01,1.062629938125610352e+00,3.226942121982574463e-01,4.979897737503051758e-01,-1.461673155426979065e-02,9.944808483123779297e-01,1.023216396570205688e-01,2.320684492588043213e-02,-1.003745496273040771e-01,9.922302365303039551e-01,-7.351555675268173218e-02,-3.054875880479812622e-02,7.078041881322860718e-02,9.970242381095886230e-01,5.034994482994079590e-01,-8.147179335355758667e-02,1.402041036635637283e-02,1.000000000000000000e+00,0.000000000000000000e+00,2.131062597036361694e-01,-2.800574898719787598e-01,1.062629938125610352e+00,3.226942121982574463e-01,4.979897737503051758e-01,-1.461673155426979065e-02,1.000000000000000000e+00,3.478182256221771240e-01,1.522809267044067383e-01,1.233154535293579102e+00,8.536548614501953125e-01,-6.643600463867187500e-01,-5.892804265022277832e-02,1.000000000000000000e+00,2.888374328613281250e+00,-4.208460450172424316e-01,1.039815425872802734e+00,-6.568222641944885254e-01,1.767629832029342651e-01,-2.220760099589824677e-02,1.000000000000000000e+00,2.973561286926269531e+00,1.498282849788665771e-01,6.854138374328613281e-01,-6.304283738136291504e-01,-2.548649311065673828e-01,2.569561302661895752e-01,1.000000000000000000e+00,1.000000000000000000e+00,0.000000000000000000e+00,0.000000000000000000e+00,1.000000000000000000e+00,3.478182256221771240e-01,1.522809267044067383e-01,1.233154535293579102e+00,8.536548614501953125e-01,-6.643600463867187500e-01,-5.892804265022277832e-02,9.842237830162048340e-01,8.925580233335494995e-02,1.527642160654067993e-01,-9.977351874113082886e-02,9.930381774902343750e-01,6.261312961578369141e-02,-1.461121290922164917e-01,-7.686714828014373779e-02,9.862771630287170410e-01,-1.136229708790779114e-01,-5.221611261367797852e-01,-4.919259995222091675e-02,0.000000000000000000e+00,1.000000000000000000e+00,2.131062597036361694e-01,-2.800574898719787598e-01,1.062629938125610352e+00,3.226942121982574463e-01,4.979897737503051758e-01,-1.461673155426979065e-02,1.000000000000000000e+00,3.478182256221771240e-01,1.522809267044067383e-01,1.233154535293579102e+00,8.536548614501953125e-01,-6.643600463867187500e-01,-5.892804265022277832e-02,1.000000000000000000e+00,2.888374328613281250e+00,-4.208460450172424316e-01,1.039815425872802734e+00,-6.568222641944885254e-01,1.767629832029342651e-01,-2.220760099589824677e-02,1.000000000000000000e+00,2.973561286926269531e+00,1.498282849788665771e-01,6.854138374328613281e-01,-6.304283738136291504e-01,-2.548649311065673828e-01,2.569561302661895752e-01,1.000000000000000000e+00,1.000000000000000000e+00,0.000000000000000000e+00,0.000000000000000000e+00,1.000000000000000000e+00,2.888374328613281250e+00,-4.208460450172424316e-01,1.039815425872802734e+00,-6.568222641944885254e-01,1.767629832029342651e-01,-2.220760099589824677e-02,-8.273477078053761979e-02,-4.922635208078007807e-02,4.702913156115547111e-03,1.000000000000000000e+00,2.973561286926269531e+00,1.498282849788665771e-01,6.854138374328613281e-01,-6.304283738136291504e-01,-2.548649311065673828e-01,2.569561302661895752e-01,1.246063603637756756e-01,-4.496204245716639569e-02,-6.378908379302862530e-03,1.000000000000000000e+00,1.278655230998992920e-01,1.979159191250801086e-03,-1.000000014901161194e-01,4.329663217067718506e-01,-6.797271966934204102e-02,5.823291465640068054e-02,-1.000000014901161194e-01,4.149389863014221191e-01,-7.390904426574707031e-02,-2.190017700195312500e-02,1.621484756469726562e-03,4.006299972534179688e-01,1.209018230438232422e-01,-2.417778968811035156e-02,-2.937078475952148438e-03,4.025465846061706543e-01
7.399999999999999911e-01,2.195812463760375977e-01,-2.702760994434356689e-01,1.062477111816406250e+00,3.249080181121826172e-01,4.778657257556915283e-01,6.221141666173934937e-04,9.945670366287231445e-01,1.021684110164642334e-01,1.995055377483367920e-02,-1.002108901739120483e-01,9.915642738342285156e-01,-8.220780640840530396e-02,-2.818129584193229675e-02,7.976191490888595581e-02,9.964154958724975586e-01,3.856505453586578369e-01,-1.659693568944931030e-01,2.093659155070781708e-02,1.000000000000000000e+00,0.000000000000000000e+00,2.195812463760375977e-01,-2.702760994434356689e-01,1.062477111816406250e+00,3.249080181121826172e-01,4.778657257556915283e-01,6.221141666173934937e-04,1.000000000000000000e+00,3.650942742824554443e-01,1.391482949256896973e-01,1.231929659843444824e+00,8.758406043052673340e-01,-6.471216678619384766e-01,-6.374759227037429810e-02,1.000000000000000000e+00,2.875198602676391602e+00,-4.171787798404693604e-01,1.039354085922241211e+00,-6.610737442970275879e-01,1.913934051990509033e-01,-2.400551177561283112e-02,1.000000000000000000e+00,2.960916519165039062e+00,1.445262134075164795e-01,6.905480027198791504e-01,-6.343643665313720703e-01,-2.775852978229522705e-01,2.563019990921020508e-01,1.000000000000000000e+00,1.000000000000000000e+00,0.000000000000000000e+00,0.000000000000000000e+00,1.000000000000000000e+00,3.650942742824554443e-01,1.391482949256896973e-01,1.231929659843444824e+00,8.758406043052673340e-01,-6.471216678619384766e-01,-6.374759227037429810e-02,9.857265949249267578e-01,9.013010561466217041e-02,1.421966403722763062e-01,-1.000798046588897705e-01,9.928911924362182617e-01,6.443148851394653320e-02,-1.353785544633865356e-01,-7.774282991886138916e-02,9.877393245697021484e-01,5.470450967550277710e-02,-5.647318959236145020e-01,-5.046721920371055603e-02,0.000000000000000000e+00,1.000000000000000000e+00,2.195812463760375977e-01,-2.702760994434356689e-01,1.062477111816406250e+00,3.249080181121826172e-01,4.778657257556915283e-01,6.221141666173934937e-04,1.000000000000000000e+00,3.650942742824554443e-01,1.391482949256896973e-01,1.231929659843444824e+00,8.758406043052673340e-01,-6.471216678619384766e-01,-6.374759227037429810e-02,1.000000000000000000e+00,2.875198602676391602e+00,-4.171787798404693604e-01,1.039354085922241211e+00,-6.610737442970275879e-01,1.913934051990509033e-01,-2.400551177561283112e-02,1.000000000000000000e+00,2.960916519165039062e+00,1.445262134075164795e-01,6.905480027198791504e-01,-6.343643665313720703e-01,-2.775852978229522705e-01,2.563019990921020508e-01,1.000000000000000000e+00,1.000000000000000000e+00,0.000000000000000000e+00,0.000000000000000000e+00,1.000000000000000000e+00,2.875198602676391602e+00,-4.171787798404693604e-01,1.039354085922241211e+00,-6.610737442970275879e-01,1.913934051990509033e-01,-2.400551177561283112e-02,-8.206583867012032241e-02,-4.542260785162000047e-02,4.322045283647060754e-03,1.000000000000000000e+00,2.960916519165039062e+00,1.445262134075164795e-01,6.905480027198791504e-01,-6.343643665313720703e-01,-2.775852978229522705e-01,2.563019990921020508e-01,1.248781625693663883e-01,-4.211369930315522758e-02,-5.989367927331665231e-03,1.000000000000000000e+00,1.270220875740051270e-01,-1.111570186913013458e-02,-1.000000014901161194e-01,4.269720017910003662e-01,-4.815382882952690125e-02,3.849869221448898315e-02,-1.000000014901161194e-01,4.171561598777770996e-01,-6.770682334899902344e-02,-2.031302452087402344e-02,1.377344131469726562e-03,4.017953276634216309e-01,1.129322052001953125e-01,-2.250194549560546875e-02,-2.551794052124023438e-03,4.021237492561340332e-01
7.600000000000000089e-01,2.260931730270385742e-01,-2.609101831912994385e-01,1.062614798545837402e+00,3.262476623058319092e-01,4.564078152179718018e-01,1.420341432094573975e-02,9.946902990341186523e-01,1.017925962805747986e-01,1.515512540936470032e-02,-1.000684872269630432e-01,9.910301566123962402e-01,-8.857574313879013062e-02,-2.403553947806358337e-02,8.658886700868606567e-02,9.959542155265808105e-01,2.967184185981750488e-01,-2.536192834377288818e-01,2.881139330565929413e-02,1.000000000000000000e+00,0.000000000000000000e+00,2.260931730270385742e-01,-2.609101831912994385e-01,1.062614798545837402e+00,3.262476623058319092e-01,4.564078152179718018e-01,1.420341432094573975e-02,1.000000000000000000e+00,3.827953636646270752e-01,1.263617426156997681e-01,1.230623722076416016e+00,8.959006667137145996e-01,-6.298499107360839844e-01,-6.690155714750289917e-02,1.000000000000000000e+00,2.861944198608398438e+00,-4.132210314273834229e-01,1.038861989974975586e+00,-6.645984649658203125e-01,2.057605683803558350e-01,-2.523543685674667358e-02,1.000000000000000000e+00,2.948198795318603516e+00,1.387719064950942993e-01,6.956644654273986816e-01,-6.376916170120239258e-01,-3.000243306159973145e-01,2.551512718200683594e-01,1.000000000000000000e+00,1.000000000000000000e+00,0.000000000000000000e+00,0.000000000000000000e+00,1.000000000000000000e+00,3.827953636646270752e-01,1.263617426156997681e-01,1.230623722076416016e+00,8.959006667137145996e-01,-6.298499107360839844e-01,-6.690155714750289917e-02,9.872397184371948242e-01,9.145788848400115967e-02,1.303584277629852295e-01,-1.003278493881225586e-01,9.929471015930175781e-01,6.317041069269180298e-02,-1.236615777015686035e-01,-7.544291764497756958e-02,9.894525408744812012e-01,2.026294767856597900e-01,-6.215115785598754883e-01,-4.984291642904281616e-02,0.000000000000000000e+00,1.000000000000000000e+00,2.260931730270385742e-01,-2.609101831912994385e-01,1.062614798545837402e+00,3.262476623058319092e-01,4.564078152179718018e-01,1.420341432094573975e-02,1.000000000000000000e+00,3.827953636646270752e-01,1.263617426156997681e-01,1.230623722076416016e+00,8.959006667137145996e-01,-6.298499107360839844e-01,-6.690155714750289917e-02,1.000000000000000000e+00,2.861944198608398438e+00,-4.132210314273834229e-01,1.038861989974975586e+00,-6.645984649658203125e-01,2.057605683803558350e-01,-2.523543685674667358e-02,1.000000000000000000e+00,2.948198795318603516e+00,1.387719064950942993e-01,6.956644654273986816e-01,-6.376916170120239258e-01,-3.000243306159973145e-01,2.551512718200683594e-01,1.000000000000000000e+00,1.000000000000000000e+00,0.000000000000000000e+00,0.000000000000000000e+00,1.000000000000000000e+00,2.861944198608398438e+00,-4.132210314273834229e-01,1.038861989974975586e+00,-6.645984649658203125e-01,2.057605683803558350e-01,-2.523543685674667358e-02,-8.061165839450284976e-02,-4.191762456513026258e-02,3.924159349675153396e-03,1.000000000000000000e+00,2.948198795318603516e+00,1.387719064950942993e-01,6.956644654273986816e-01,-6.376916170120239258e-01,-3.000243306159973145e-01,2.551512718200683594e-01,1.240117247890092367e-01,-3.942464987668614640e-02,-5.565234188219081446e-03,1.000000000000000000e+00,1.358442008495330811e-01,-2.082980051636695862e-02,-1.000000014901161194e-01,4.243776798248291016e-01,-3.926610946655273438e-02,1.915675774216651917e-02,-1.000000014901161194e-01,4.217493832111358643e-01,-6.124472618103027344e-02,-1.901793479919433594e-02,1.166105270385742188e-03,4.028052091598510742e-01,1.043894290924072266e-01,-2.096676826477050781e-02,-2.196550369262695312e-03,4.019030034542083740e-01
7.800000000000000266e-01,2.326217442750930786e-01,-2.519818246364593506e-01,1.063007712364196777e+00,3.264108896255493164e-01,4.340735673904418945e-01,2.598461136221885681e-02,9.948245882987976074e-01,1.012116372585296631e-01,8.966132998466491699e-03,-9.993655979633331299e-02,9.905825853347778320e-01,-9.358975291252136230e-02,-1.835406571626663208e-02,9.220933914184570312e-02,9.955705404281616211e-01,2.789728045463562012e-01,-3.103919625282287598e-01,3.608391061425209045e-02,1.000000000000000000e+00,0.000000000000000000e+00,2.326217442750930786e-01,-2.519818246364593506e-01,1.063007712364196777e+00,3.264108896255493164e-01,4.340735673904418945e-01,2.598461136221885681e-02,1.000000000000000000e+00,4.008764624595642090e-01,1.139167547225952148e-01,1.229269981384277344e+00,9.135591387748718262e-01,-6.130945086479187012e-01,-6.830482184886932373e-02,1.000000000000000000e+00,2.848625421524047852e+00,-4.089794456958770752e-01,1.038350462913513184e+00,-6.674563288688659668e-01,2.197181731462478638e-01,-2.588875032961368561e-02,1.000000000000000000e+00,2.935419559478759766e+00,1.325728595256805420e-01,7.007542252540588379e-01,-6.404517292976379395e-01,-3.219776153564453125e-01,2.536311447620391846e-01,1.000000000000000000e+00,1.000000000000000000e+00,0.000000000000000000e+00,0.000000000000000000e+00,1.000000000000000000e+00,4.008764624595642090e-01,1.139167547225952148e-01,1.229269981384277344e+00,9.135591387748718262e-01,-6.130945086479187012e-01,-6.830482184886932373e-02,9.887550473213195801e-01,9.305332601070404053e-02,1.170668229460716248e-01,-1.005121022462844849e-01,9.931551814079284668e-01,5.949990078806877136e-02,-1.107288524508476257e-01,-7.059745490550994873e-02,9.913401007652282715e-01,2.952234148979187012e-01,-6.837494969367980957e-01,-4.863056540489196777e-02,0.000000000000000000e+00,1.000000000000000000e+00,2.326217442750930786e-01,-2.519818246364593506e-01,1.063007712364196777e+00,3.264108896255493164e-01,4.340735673904418945e-01,2.598461136221885681e-02,1.000000000000000000e+00,4.008764624595642090e-01,1.139167547225952148e-01,1.229269981384277344e+00,9.135591387748718262e-01,-6.130945086479187012e-01,-6.830482184886932373e-02,1.000000000000000000e+00,2.848625421524047852e+00,-4.089794456958770752e-01,1.038350462913513184e+00,-6.674563288688659668e-01,2.197181731462478638e-01,-2.588875032961368561e-02,1.000000000000000000e+00,2.935419559478759766e+00,1.325728595256805420e-01,7.007542252540588379e-01,-6.404517292976379395e-01,-3.219776153564453125e-01,2.536311447620391846e-01,1.000000000000000000e+00,1.000000000000000000e+00,0.000000000000000000e+00,0.000000000000000000e+00,1.000000000000000000e+00,2.848625421524047852e+00,-4.089794456958770752e-01,1.038350462913513184e+00,-6.674563288688659668e-01,2.197181731462478638e-01,-2.588875032961368561e-02,-7.844165901524710605e-02,-3.871085161297149746e-02,3.520855790026464205e-03,1.000000000000000000e+00,2.935419559478759766e+00,1.325728595256805420e-01,7.007542252540588379e-01,-6.404517292976379395e-01,-3.219776153564453125e-01,2.536311447620391846e-01,1.220639311674865946e-01,-3.689257049434080393e-02,-5.117984089178621854e-03,1.000000000000000000e+00,1.463948190212249756e-01,-2.509941160678863525e-02,-1.000000014901161194e-01,4.156156182289123535e-01,-3.127375990152359009e-02,2.835846040397882462e-03,-1.000000014901161194e-01,4.265968501567840576e-01,-5.462646484375000000e-02,-1.799273490905761719e-02,9.837150573730468750e-04,4.036499261856079102e-01,9.551119804382324219e-02,-1.955437660217285156e-02,-1.873254776000976562e-03,4.019068479537963867e-01
8.000000000000000444e-01,2.391413450241088867e-01,-2.435064762830734253e-01,1.063619017601013184e+00,3.251908719539642334e-01,4.110465049743652344e-01,3.570838272571563721e-02,9.949371814727783203e-01,1.004779934883117676e-01,2.071748953312635422e-03,-9.978243708610534668e-02,9.900876879692077637e-01,-9.884259849786758423e-02,-1.198271941393613815e-02,9.813544899225234985e-02,9.951009750366210938e-01,3.276550173759460449e-01,-3.139956593513488770e-01,4.030376672744750977e-02,1.000000000000000000e+00,0.000000000000000000e+00,2.391413450241088867e-01,-2.435064762830734253e-01,1.063619017601013184e+00,3.251908719539642334e-01,4.110465049743652344e-01,3.570838272571563721e-02,1.000000000000000000e+00,4.192871153354644775e-01,1.017994210124015808e-01,1.227905154228210449e+00,9.285411834716796875e-01,-5.972068905830383301e-01,-6.777441501617431641e-02,1.000000000000000000e+00,2.835255146026611328e+00,-4.044633507728576660e-01,1.037831187248229980e+00,-6.697063446044921875e-01,2.331327646970748901e-01,-2.597567625343799591e-02,1.000000000000000000e+00,2.922589302062988281e+00,1.259405612945556641e-01,7.058112025260925293e-01,-6.426846385002136230e-01,-3.432569801807403564e-01,2.518643438816070557e-01,1.000000000000000000e+00,1.000000000000000000e+00,0.000000000000000000e+00,0.000000000000000000e+00,1.000000000000000000e+00,4.192871153354644775e-01,1.017994210124015808e-01,1.227905154228210449e+00,9.285411834716796875e-01,-5.972068905830383301e-01,-6.777441501617431641e-02,9.902158975601196289e-01,9.467049688100814819e-02,1.025185063481330872e-01,-1.006498262286186218e-01,9.934114813804626465e-01,5.480282008647918701e-02,-9.665483981370925903e-02,-6.458508968353271484e-02,9.932203888893127441e-01,3.120501041412353516e-01,-7.288539409637451172e-01,-4.579557105898857117e-02,0.000000000000000000e+00,1.000000000000000000e+00,2.391413450241088867e-01,-2.435064762830734253e-01,1.063619017601013184e+00,3.251908719539642334e-01,4.110465049743652344e-01,3.570838272571563721e-02,1.000000000000000000e+00,4.192871153354644775e-01,1.017994210124015808e-01,1.227905154228210449e+00,9.285411834716796875e-01,-5.972068905830383301e-01,-6.777441501617431641e-02,1.000000000000000000e+00,2.835255146026611328e+00,-4.044633507728576660e-01,1.037831187248229980e+00,-6.697063446044921875e-01,2.331327646970748901e-01,-2.597567625343799591e-02,1.000000000000000000e+00,2.922589302062988281e+00,1.259405612945556641e-01,7.058112025260925293e-01,-6.426846385002136230e-01,-3.432569801807403564e-01,2.518643438816070557e-01,1.000000000000000000e+00,1.000000000000000000e+00,0.000000000000000000e+00,0.000000000000000000e+00,1.000000000000000000e+00,2.835255146026611328e+00,-4.044633507728576660e-01,1.037831187248229980e+00,-6.697063446044921875e-01,2.331327646970748901e-01,-2.597567625343799591e-02,-7.563286023078939768e-02,-3.579796448062366743e-02,3.122405503829236983e-03,1.000000000000000000e+00,2.922589302062988281e+00,1.259405612945556641e-01,7.058112025260925293e-01,-6.426846385002136230e-01,-3.432569801807403564e-01,2.518643438816070557e-01,1.191218421180808562e-01,-3.451555223685986995e-02,-4.658924445994049035e-03,1.000000000000000000e+00,1.599128693342208862e-01,-2.383663132786750793e-02,-1.000000014901161194e-01,4.038759469985961914e-01,-2.455995231866836548e-02,-7.080242969095706940e-03,-1.000000014901161194e-01,4.300527274608612061e-01,-4.790306091308593750e-02,-1.721858978271484375e-02,8.254051208496093750e-04,4.043090343475341797e-01,8.648514747619628906e-02,-1.823973655700683594e-02,-1.581430435180664062e-03,4.021639525890350342e-01
8.200000000000000622e-01,2.456237822771072388e-01,-2.354981601238250732e-01,1.064400672912597656e+00,3.225698769092559814e-01,3.872734010219573975e-01,4.257376119494438171e-02,9.950110912322998047e-01,9.966289252042770386e-02,-4.522909410297870636e-03,-9.958342462778091431e-02,9.894367456436157227e-01,-1.053485199809074402e-01,-6.024205125868320465e-03,1.052733436226844788e-01,9.944251775741577148e-01,3.971318006515502930e-01,-2.644314765930175781e-01,3.990229964256286621e-02,1.000000000000000000e+00,0.000000000000000000e+00,2.456237822771072388e-01,-2.354981601238250732e-01,1.064400672912597656e+00,3.225698769092559814e-01,3.872734010219573975e-01,4.257376119494438171e-02,1.000000000000000000e+00,4.379716515541076660e-01,8.999121934175491333e-02,1.226569175720214844e+00,9.406380057334899902e-01,-5.822728872299194336e-01,-6.523560732603073120e-02,1.000000000000000000e+00,2.821844577789306641e+00,-3.996847569942474365e-01,1.037315130233764648e+00,-6.714062094688415527e-01,2.458850145339965820e-01,-2.552324533462524414e-02,1.000000000000000000e+00,2.909719228744506836e+00,1.188899725675582886e-01,7.108315229415893555e-01,-6.444296836853027344e-01,-3.636949360370635986e-01,2.499711066484451294e-01,1.000000000000000000e+00,1.000000000000000000e+00,0.000000000000000000e+00,0.000000000000000000e+00,1.000000000000000000e+00,4.379716515541076660e-01,8.999121934175491333e-02,1.226569175720214844e+00,9.406380057334899902e-01,-5.822728872299194336e-01,-6.523560732603073120e-02,9.915252923965454102e-01,9.611212462186813354e-02,8.740971982479095459e-02,-1.007506325840950012e-01,9.936400055885314941e-01,5.029130354523658752e-02,-8.202017843723297119e-02,-5.867167189717292786e-02,9.949023723602294922e-01,2.847988903522491455e-01,-7.293473482131958008e-01,-4.110610857605934143e-02,0.000000000000000000e+00,1.000000000000000000e+00,2.456237822771072388e-01,-2.354981601238250732e-01,1.064400672912597656e+00,3.225698769092559814e-01,3.872734010219573975e-01,4.257376119494438171e-02,1.000000000000000000e+00,4.379716515541076660e-01,8.999121934175491333e-02,1.226569175720214844e+00,9.406380057334899902e-01,-5.822728872299194336e-01,-6.523560732603073120e-02,1.000000000000000000e+00,2.821844577789306641e+00,-3.996847569942474365e-01,1.037315130233764648e+00,-6.714062094688415527e-01,2.458850145339965820e-01,-2.552324533462524414e-02,1.000000000000000000e+00,2.909719228744506836e+00,1.188899725675582886e-01,7.108315229415893555e-01,-6.444296836853027344e-01,-3.636949360370635986e-01,2.499711066484451294e-01,1.000000000000000000e+00,1.000000000000000000e+00,0.000000000000000000e+00,0.000000000000000000e+00,1.000000000000000000e+00,2.821844577789306641e+00,-3.996847569942474365e-01,1.037315130233764648e+00,-6.714062094688415527e-01,2.458850145339965820e-01,-2.552324533462524414e-02,-7.226316467773627461e-02,-3.317293592167791516e-02,2.737439532541664777e-03,1.000000000000000000e+00,2.909719228744506836e+00,1.188899725675582886e-01,7.108315229415893555e-01,-6.444296836853027344e-01,-3.636949360370635986e-01,2.499711066484451294e-01,1.152926861264690628e-01,-3.228957654010211620e-02,-4.197973490762015036e-03,1.000000000000000000e+00,1.760545223951339722e-01,-1.917801797389984131e-02,-1.000000014901161194e-01,4.009639620780944824e-01,-1.927374303340911865e-02,-1.358043868094682693e-02,-1.000000014901161194e-01,4.312317967414855957e-01,-4.109096527099609375e-02,-1.668190956115722656e-02,6.859302520751953125e-04,4.047188162803649902e-01,7.743167877197265625e-02,-1.700353622436523438e-02,-1.319169998168945312e-03,4.026847481727600098e-01
8.399999999999999689e-01,2.520425021648406982e-01,-2.279735058546066284e-01,1.065290570259094238e+00,3.187422752380371094e-01,3.625338375568389893e-01,4.633136838674545288e-02,9.950529932975769043e-01,9.884877502918243408e-02,-9.934178553521633148e-03,-9.933710098266601562e-02,9.885794520378112793e-01,-1.133271977305412292e-01,-1.381529495120048523e-03,1.137533858418464661e-01,9.935081601142883301e-01,4.617751538753509521e-01,-1.832513064146041870e-01,3.483648598194122314e-02,1.000000000000000000e+00,0.000000000000000000e+00,2.520425021648406982e-01,-2.279735058546066284e-01,1.065290570259094238e+00,3.187422752380371094e-01,3.625338375568389893e-01,4.633136838674545288e-02,1.000000000000000000e+00,4.568715989589691162e-01,7.847361266613006592e-02,1.225301146507263184e+00,9.497967958450317383e-01,-5.682189464569091797e-01,-6.085079535841941833e-02,1.000000000000000000e+00,2.808404445648193359e+00,-3.946578800678253174e-01,1.036812424659729004e+00,-6.726123690605163574e-01,2.578696310520172119e-01,-2.457618899643421173e-02,1.000000000000000000e+00,2.896817922592163086e+00,1.114392653107643127e-01,7.158136963844299316e-01,-6.457237005233764648e-01,-3.831474483013153076e-01,2.480712682008743286e-01,1.000000000000000000e+00,1.000000000000000000e+00,0.000000000000000000e+00,0.000000000000000000e+00,1.000000000000000000e+00,4.568715989589691162e-01,7.847361266613006592e-02,1.225301146507263184e+00,9.497967958450317383e-01,-5.682189464569091797e-01,-6.085079535841941833e-02,9.925863742828369141e-01,9.730827063322067261e-02,7.282552868127822876e-02,-1.008308008313179016e-01,9.938229918479919434e-01,4.635854065418243408e-02,-6.786461919546127319e-02,-5.335790663957595825e-02,9.962667822837829590e-01,2.538068890571594238e-01,-6.751468181610107422e-01,-3.514686599373817444e-02,0.000000000000000000e+00,1.000000000000000000e+00,2.520425021648406982e-01,-2.279735058546066284e-01,1.065290570259094238e+00,3.187422752380371094e-01,3.625338375568389893e-01,4.633136838674545288e-02,1.000000000000000000e+00,4.568715989589691162e-01,7.847361266613006592e-02,1.225301146507263184e+00,9.497967958450317383e-01,-5.682189464569091797e-01,-6.085079535841941833e-02,1.000000000000000000e+00,2.808404445648193359e+00,-3.946578800678253174e-01,1.036812424659729004e+00,-6.726123690605163574e-01,2.578696310520172119e-01,-2.457618899643421173e-02,1.000000000000000000e+00,2.896817922592163086e+00,1.114392653107643127e-01,7.158136963844299316e-01,-6.457237005233764648e-01,-3.831474483013153076e-01,2.480712682008743286e-01,1.000000000000000000e+00,1.000000000000000000e+00,0.000000000000000000e+00,0.000000000000000000e+00,1.000000000000000000e+00,2.808404445648193359e+00,-3.946578800678253174e-01,1.036812424659729004e+00,-6.726123690605163574e-01,2.578696310520172119e-01,-2.457618899643421173e-02,-6.840485660211395591e-02,-3.082887090092722993e-02,2.372679602383589992e-03,1.000000000000000000e+00,2.896817922592163086e+00,1.114392653107643127e-01,7.158136963844299316e-01,-6.457237005233764648e-01,-3.831474483013153076e-01,2.480712682008743286e-01,1.106944852880975272e-01,-3.020615740405085958e-02,-3.743495552576567298e-03,1.000000000000000000e+00,1.987498849630355835e-01,-6.502475123852491379e-03,-1.000000014901161194e-01,4.068045318126678467e-01,-1.537353452295064926e-02,-1.586332917213439941e-02,-1.000000014901161194e-01,4.298787713050842285e-01,-3.417539596557617188e-02,-1.636910438537597656e-02,5.595684051513671875e-04,4.048607945442199707e-01,6.843614578247070312e-02,-1.584267616271972656e-02,-1.085758209228515625e-03,4.034475684165954590e-01
8.599999999999999867e-01,2.583760619163513184e-01,-2.209547907114028931e-01,1.066233634948730469e+00,3.140231668949127197e-01,3.364790678024291992e-01,4.788486659526824951e-02,9.950782656669616699e-01,9.814511984586715698e-02,-1.367629319429397583e-02,-9.908273071050643921e-02,9.874768853187561035e-01,-1.227693185210227966e-01,1.455813413485884666e-03,1.235201433300971985e-01,9.923411011695861816e-01,5.342153310775756836e-01,-8.026975393295288086e-02,2.287397719919681549e-02,1.000000000000000000e+00,0.000000000000000000e+00,2.583760619163513184e-01,-2.209547907114028931e-01,1.066233634948730469e+00,3.140231668949127197e-01,3.364790678024291992e-01,4.788486659526824951e-02,1.000000000000000000e+00,4.759293198585510254e-01,6.722979992628097534e-02,1.224134683609008789e+00,9.561705589294433594e-01,-5.549648404121398926e-01,-5.501314252614974976e-02,1.000000000000000000e+00,2.794944524765014648e+00,-3.893989026546478271e-01,1.036332726478576660e+00,-6.733796000480651855e-01,2.689940929412841797e-01,-2.319766022264957428e-02,1.000000000000000000e+00,2.883894920349121094e+00,1.036092862486839294e-01,7.207586765289306641e-01,-6.466012597084045410e-01,-4.014938771724700928e-01,2.462820112705230713e-01,1.000000000000000000e+00,1.000000000000000000e+00,0.000000000000000000e+00,0.000000000000000000e+00,1.000000000000000000e+00,4.759293198585510254e-01,6.722979992628097534e-02,1.224134683609008789e+00,9.561705589294433594e-01,-5.549648404121398926e-01,-5.501314252614974976e-02,9.933659434318542480e-01,9.827169030904769897e-02,5.972375348210334778e-02,-1.009031161665916443e-01,9.939768910408020020e-01,4.276223853230476379e-02,-5.516171082854270935e-02,-4.850486293435096741e-02,9.972986578941345215e-01,2.385302335023880005e-01,-5.826349854469299316e-01,-2.850526571273803711e-02,0.000000000000000000e+00,1.000000000000000000e+00,2.583760619163513184e-01,-2.209547907114028931e-01,1.066233634948730469e+00,3.140231668949127197e-01,3.364790678024291992e-01,4.788486659526824951e-02,1.000000000000000000e+00,4.759293198585510254e-01,6.722979992628097534e-02,1.224134683609008789e+00,9.561705589294433594e-01,-5.549648404121398926e-01,-5.501314252614974976e-02,1.000000000000000000e+00,2.794944524765014648e+00,-3.893989026546478271e-01,1.036332726478576660e+00,-6.733796000480651855e-01,2.689940929412841797e-01,-2.319766022264957428e-02,1.000000000000000000e+00,2.883894920349121094e+00,1.036092862486839294e-01,7.207586765289306641e-01,-6.466012597084045410e-01,-4.014938771724700928e-01,2.462820112705230713e-01,1.000000000000000000e+00,1.000000000000000000e+00,0.000000000000000000e+00,0.000000000000000000e+00,1.000000000000000000e+00,2.794944524765014648e+00,-3.893989026546478271e-01,1.036332726478576660e+00,-6.733796000480651855e-01,2.689940929412841797e-01,-2.319766022264957428e-02,-6.411981106624631277e-02,-2.875829625635040188e-02,2.032814176924309379e-03,1.000000000000000000e+00,2.883894920349121094e+00,1.036092862486839294e-01,7.207586765289306641e-01,-6.466012597084045410e-01,-4.014938771724700928e-01,2.462820112705230713e-01,1.054450343472290441e-01,-2.825374802902613780e-02,-3.302311477376203286e-03,1.000000000000000000e+00,1.999999135732650757e-01,1.704041473567485809e-02,-1.000000014901161194e-01,4.179979264736175537e-01,-1.283997297286987305e-02,-1.557080727070569992e-02,-1.000000014901161194e-01,4.263837039470672607e-01,-2.711224555969238281e-02,-1.626205444335937500e-02,4.410743713378906250e-04,4.048114418983459473e-01,5.958890914916992188e-02,-1.476812362670898438e-02,-8.809566497802734375e-04,4.044011831283569336e-01
8.800000000000000044e-01,2.646099328994750977e-01,-2.144722938537597656e-01,1.067198395729064941e+00,3.087897300720214844e-01,3.086618781089782715e-01,4.866438731551170349e-02,9.950951337814331055e-01,9.775447100400924683e-02,-1.515465229749679565e-02,-9.890440851449966431e-02,9.860770106315612793e-01,-1.336788386106491089e-01,1.875949790701270103e-03,1.345220357179641724e-01,9.909088015556335449e-01,5.631730556488037109e-01,6.605291366577148438e-02,-8.811861334834247828e-05,1.000000000000000000e+00,0.000000000000000000e+00,2.646099328994750977e-01,-2.144722938537597656e-01,1.067198395729064941e+00,3.087897300720214844e-01,3.086618781089782715e-01,4.866438731551170349e-02,1.000000000000000000e+00,4.950916469097137451e-01,5.624401196837425232e-02,1.223094105720520020e+00,9.600750803947448730e-01,-5.425003170967102051e-01,-4.827993735671043396e-02,1.000000000000000000e+00,2.781472682952880859e+00,-3.839257359504699707e-01,1.035884022712707520e+00,-6.737612485885620117e-01,2.791770994663238525e-01,-2.146324515342712402e-02,1.000000000000000000e+00,2.870957612991333008e+00,9.542308002710342407e-02,7.256697416305541992e-01,-6.470937728881835938e-01,-4.186350405216217041e-01,2.447131127119064331e-01,1.000000000000000000e+00,1.000000000000000000e+00,0.000000000000000000e+00,0.000000000000000000e+00,1.000000000000000000e+00,4.950916469097137451e-01,5.624401196837425232e-02,1.223094105720520020e+00,9.600750803947448730e-01,-5.425003170967102051e-01,-4.827993735671043396e-02,9.938957691192626953e-01,9.903208166360855103e-02,4.862083494663238525e-02,-1.009695455431938171e-01,9.941189885139465332e-01,3.915048763155937195e-02,-4.445773363113403320e-02,-4.382072761654853821e-02,9.980497956275939941e-01,2.336915582418441772e-01,-4.774663150310516357e-01,-2.177825570106506348e-02,0.000000000000000000e+00,1.000000000000000000e+00,2.646099328994750977e-01,-2.144722938537597656e-01,1.067198395729064941e+00,3.087897300720214844e-01,3.086618781089782715e-01,4.866438731551170349e-02,1.000000000000000000e+00,4.950916469097137451e-01,5.624401196837425232e-02,1.223094105720520020e+00,9.600750803947448730e-01,-5.425003170967102051e-01,-4.827993735671043396e-02,1.000000000000000000e+00,2.781472682952880859e+00,-3.839257359504699707e-01,1.035884022712707520e+00,-6.737612485885620117e-01,2.791770994663238525e-01,-2.146324515342712402e-02,1.000000000000000000e+00,2.870957612991333008e+00,9.542308002710342407e-02,7.256697416305541992e-01,-6.470937728881835938e-01,-4.186350405216217041e-01,2.447131127119064331e-01,1.000000000000000000e+00,1.000000000000000000e+00,0.000000000000000000e+00,0.000000000000000000e+00,1.000000000000000000e+00,2.781472682952880859e+00,-3.839257359504699707e-01,1.035884022712707520e+00,-6.737612485885620117e-01,2.791770994663238525e-01,-2.146324515342712402e-02,-5.945628298401789413e-02,-2.695312747012068577e-02,1.720725676796770742e-03,1.000000000000000000e+00,2.870957612991333008e+00,9.542308002710342407e-02,7.256697416305541992e-01,-6.470937728881835938e-01,-4.186350405216217041e-01,2.447131127119064331e-01,9.965475159558867535e-02,-2.642132659717311149e-02,-2.880004729878787861e-03,1.000000000000000000e+00,2.000000029802322388e-01,4.409026727080345154e-02,-1.000000014901161194e-01,4.302104711532592773e-01,-1.052903383970260620e-02,-1.290450245141983032e-02,-1.000000014901161194e-01,4.221964180469512939e-01,-1.983141899108886719e-02,-1.634192466735839844e-02,3.240108489990234375e-04,4.046922624111175537e-01,5.099987983703613281e-02,-1.380324363708496094e-02,-7.045269012451171875e-04,4.054730534553527832e-01
9.000000000000000222e-01,2.707382142543792725e-01,-2.085647732019424438e-01,1.068181514739990234e+00,3.035741746425628662e-01,2.787365615367889404e-01,4.998242482542991638e-02,9.951094388961791992e-01,9.788665920495986938e-02,-1.325079146772623062e-02,-9.877320379018783569e-02,9.845432639122009277e-01,-1.446325778961181641e-01,-1.111621852032840252e-03,1.452340483665466309e-01,9.893967509269714355e-01,4.989299178123474121e-01,2.565146088600158691e-01,-2.924422360956668854e-02,1.000000000000000000e+00,0.000000000000000000e+00,2.707382142543792725e-01,-2.085647732019424438e-01,1.068181514739990234e+00,3.035741746425628662e-01,2.787365615367889404e-01,4.998242482542991638e-02,1.000000000000000000e+00,5.143127441406250000e-01,4.550014063715934753e-02,1.222191810607910156e+00,9.619024991989135742e-01,-5.308620929718017578e-01,-4.125525057315826416e-02,1.000000000000000000e+00,2.767997264862060547e+00,-3.782579600811004639e-01,1.035472512245178223e+00,-6.738095283508300781e-01,2.883467972278594971e-01,-1.944951899349689484e-02,1.000000000000000000e+00,2.858014345169067383e+00,8.690550923347473145e-02,7.305521965026855469e-01,-6.472297310829162598e-01,-4.344905316829681396e-01,2.434607446193695068e-01,1.000000000000000000e+00,1.000000000000000000e+00,0.000000000000000000e+00,0.000000000000000000e+00,1.000000000000000000e+00,5.143127441406250000e-01,4.550014063715934753e-02,1.222191810607910156e+00,9.619024991989135742e-01,-5.308620929718017578e-01,-4.125525057315826416e-02,9.942405223846435547e-01,9.960173815488815308e-02,3.956491127610206604e-02,-1.010131761431694031e-01,9.942538738250732422e-01,3.543476387858390808e-02,-3.580820187926292419e-02,-3.922725096344947815e-02,9.985885024070739746e-01,2.257946878671646118e-01,-3.799628615379333496e-01,-1.453562639653682709e-02,0.000000000000000000e+00,1.000000000000000000e+00,2.707382142543792725e-01,-2.085647732019424438e-01,1.068181514739990234e+00,3.035741746425628662e-01,2.787365615367889404e-01,4.998242482542991638e-02,1.000000000000000000e+00,5.143127441406250000e-01,4.550014063715934753e-02,1.222191810607910156e+00,9.619024991989135742e-01,-5.308620929718017578e-01,-4.125525057315826416e-02,1.000000000000000000e+00,2.767997264862060547e+00,-3.782579600811004639e-01,1.035472512245178223e+00,-6.738095283508300781e-01,2.883467972278594971e-01,-1.944951899349689484e-02,1.000000000000000000e+00,2.858014345169067383e+00,8.690550923347473145e-02,7.305521965026855469e-01,-6.472297310829162598e-01,-4.344905316829681396e-01,2.434607446193695068e-01,1.000000000000000000e+00,1.000000000000000000e+00,0.000000000000000000e+00,0.000000000000000000e+00,1.000000000000000000e+00,2.767997264862060547e+00,-3.782579600811004639e-01,1.035472512245178223e+00,-6.738095283508300781e-01,2.883467972278594971e-01,-1.944951899349689484e-02,-5.444675335285223405e-02,-2.540413258131302143e-02,1.437570087053540585e-03,1.000000000000000000e+00,2.858014345169067383e+00,8.690550923347473145e-02,7.305521965026855469e-01,-6.472297310829162598e-01,-4.344905316829681396e-01,2.434607446193695068e-01,9.342649993554771881e-02,-2.470188427275332721e-02,-2.481175177923039543e-03,1.000000000000000000e+00,1.999972462654113770e-01,5.960425734519958496e-02,-1.000000014901161194e-01,4.397932589054107666e-01,-8.261281996965408325e-03,-8.853429928421974182e-03,-1.000000014901161194e-01,4.178216457366943359e-01,-1.227664947509765625e-02,-1.658892631530761719e-02,2.036094665527343750e-04,4.046194851398468018e-01,4.277968406677246094e-02,-1.297307014465332031e-02,-5.552768707275390625e-04,4.065822064876556396e-01
9.200000000000000400e-01,2.767676413059234619e-01,-2.032750993967056274e-01,1.069203376770019531e+00,2.991133332252502441e-01,2.466929256916046143e-01,5.280405282974243164e-02,9.950968623161315918e-01,9.862513840198516846e-02,-7.447066251188516617e-03,-9.859146177768707275e-02,9.831185340881347656e-01,-1.541355550289154053e-01,-7.880290970206260681e-03,1.541140079498291016e-01,9.880216717720031738e-01,3.852950632572174072e-01,4.206930398941040039e-01,-5.537770316004753113e-02,1.000000000000000000e+00,0.000000000000000000e+00,2.767676413059234619e-01,-2.032750993967056274e-01,1.069203376770019531e+00,2.991133332252502441e-01,2.466929256916046143e-01,5.280405282974243164e-02,1.000000000000000000e+00,5.335545539855957031e-01,3.498139977455139160e-02,1.221428394317626953e+00,9.620414376258850098e-01,-5.200730562210083008e-01,-3.452267497777938843e-02,1.000000000000000000e+00,2.754522800445556641e+00,-3.724163770675659180e-01,1.035103321075439453e+00,-6.735747456550598145e-01,2.964381873607635498e-01,-1.722203567624092102e-02,1.000000000000000000e+00,2.845071315765380859e+00,7.808287441730499268e-02,7.354130148887634277e-01,-6.470360159873962402e-01,-4.489970803260803223e-01,2.426020056009292603e-01,1.000000000000000000e+00,1.000000000000000000e+00,0.000000000000000000e+00,0.000000000000000000e+00,1.000000000000000000e+00,5.335545539855957031e-01,3.498139977455139160e-02,1.221428394317626953e+00,9.620414376258850098e-01,-5.200730562210083008e-01,-3.452267497777938843e-02,9.944627285003662109e-01,9.999115020036697388e-02,3.233605995774269104e-02,-1.010155901312828064e-01,9.943774938583374023e-01,3.176921606063842773e-02,-2.897760830819606781e-02,-3.485974669456481934e-02,9.989720582962036133e-01,2.097094506025314331e-01,-2.967886030673980713e-01,-8.549550548195838928e-03,0.000000000000000000e+00,1.000000000000000000e+00,2.767676413059234619e-01,-2.032750993967056274e-01,1.069203376770019531e+00,2.991133332252502441e-01,2.466929256916046143e-01,5.280405282974243164e-02,1.000000000000000000e+00,5.335545539855957031e-01,3.498139977455139160e-02,1.221428394317626953e+00,9.620414376258850098e-01,-5.200730562210083008e-01,-3.452267497777938843e-02,1.000000000000000000e+00,2.754522800445556641e+00,-3.724163770675659180e-01,1.035103321075439453e+00,-6.735747456550598145e-01,2.964381873607635498e-01,-1.722203567624092102e-02,1.000000000000000000e+00,2.845071315765380859e+00,7.808287441730499268e-02,7.354130148887634277e-01,-6.470360159873962402e-01,-4.489970803260803223e-01,2.426020056009292603e-01,1.000000000000000000e+00,1.000000000000000000e+00,0.000000000000000000e+00,0.000000000000000000e+00,1.000000000000000000e+00,2.754522800445556641e+00,-3.724163770675659180e-01,1.035103321075439453e+00,-6.735747456550598145e-01,2.964381873607635498e-01,-1.722203567624092102e-02,-4.910737332240343311e-02,-2.410033122216348467e-02,1.181950825791210774e-03,1.000000000000000000e+00,2.845071315765380859e+00,7.808287441730499268e-02,7.354130148887634277e-01,-6.470360159873962402e-01,-4.489970803260803223e-01,2.426020056009292603e-01,8.686102634066475425e-02,-2.309415605148545936e-02,-2.109724569818484385e-03,1.000000000000000000e+00,1.999839246273040771e-01,8.121923357248306274e-02,-1.000000014901161194e-01,4.423483908176422119e-01,-6.320976652204990387e-03,-5.476897116750478745e-03,-1.000000014901161194e-01,4.137104749679565430e-01,-4.441499710083007812e-03,-1.697993278503417969e-02,7.534027099609375000e-05,4.046861827373504639e-01,3.501486778259277344e-02,-1.230430603027343750e-02,-4.310607910156250000e-04,4.076458811759948730e-01
9.400000000000000577e-01,2.827201187610626221e-01,-1.986433118581771851e-01,1.070297956466674805e+00,2.961250245571136475e-01,2.128338366746902466e-01,5.738017335534095764e-02,9.949899911880493164e-01,9.996876865625381470e-02,1.180568593554198742e-03,-9.846403449773788452e-02,9.819225072860717773e-01,-1.616579592227935791e-01,-1.731997169554233551e-02,1.607317924499511719e-01,9.868462681770324707e-01,2.820082008838653564e-01,5.133830904960632324e-01,-8.251724392175674438e-02,1.000000000000000000e+00,0.000000000000000000e+00,2.827201187610626221e-01,-1.986433118581771851e-01,1.070297956466674805e+00,2.961250245571136475e-01,2.128338366746902466e-01,5.738017335534095764e-02,1.000000000000000000e+00,5.527865886688232422e-01,2.467091567814350128e-02,1.220793485641479492e+00,9.608414173126220703e-01,-5.101123452186584473e-01,-2.855079434812068939e-02,1.000000000000000000e+00,2.741055250167846680e+00,-3.664231002330780029e-01,1.034780263900756836e+00,-6.731057167053222656e-01,3.033905625343322754e-01,-1.482480578124523163e-02,1.000000000000000000e+00,2.832134485244750977e+00,6.898260116577148438e-02,7.402604818344116211e-01,-6.465388536453247070e-01,-4.621083140373229980e-01,2.421909123659133911e-01,1.000000000000000000e+00,1.000000000000000000e+00,0.000000000000000000e+00,0.000000000000000000e+00,1.000000000000000000e+00,5.527865886688232422e-01,2.467091567814350128e-02,1.220793485641479492e+00,9.608414173126220703e-01,-5.101123452186584473e-01,-2.855079434812068939e-02,9.946064352989196777e-01,1.002345681190490723e-01,2.666848152875900269e-02,-1.009814143180847168e-01,9.944855570793151855e-01,2.830820716917514801e-02,-2.368395775556564331e-02,-3.084854222834110260e-02,9.992434978485107422e-01,1.903045922517776489e-01,-2.278148829936981201e-01,-3.854270093142986298e-03,0.000000000000000000e+00,1.000000000000000000e+00,2.827201187610626221e-01,-1.986433118581771851e-01,1.070297956466674805e+00,2.961250245571136475e-01,2.128338366746902466e-01,5.738017335534095764e-02,1.000000000000000000e+00,5.527865886688232422e-01,2.467091567814350128e-02,1.220793485641479492e+00,9.608414173126220703e-01,-5.101123452186584473e-01,-2.855079434812068939e-02,1.000000000000000000e+00,2.741055250167846680e+00,-3.664231002330780029e-01,1.034780263900756836e+00,-6.731057167053222656e-01,3.033905625343322754e-01,-1.482480578124523163e-02,1.000000000000000000e+00,2.832134485244750977e+00,6.898260116577148438e-02,7.402604818344116211e-01,-6.465388536453247070e-01,-4.621083140373229980e-01,2.421909123659133911e-01,1.000000000000000000e+00,1.000000000000000000e+00,0.000000000000000000e+00,0.000000000000000000e+00,1.000000000000000000e+00,2.741055250167846680e+00,-3.664231002330780029e-01,1.034780263900756836e+00,-6.731057167053222656e-01,3.033905625343322754e-01,-1.482480578124523163e-02,-4.344217397312254147e-02,-2.302910498974375386e-02,9.507168221045102230e-04,1.000000000000000000e+00,2.832134485244750977e+00,6.898260116577148438e-02,7.402604818344116211e-01,-6.465388536453247070e-01,-4.621083140373229980e-01,2.421909123659133911e-01,8.006182080153524672e-02,-2.160145989936834710e-02,-1.769176445323428215e-03,1.000000000000000000e+00,1.999999880790710449e-01,9.715179353952407837e-02,-1.000000014901161194e-01,4.438051283359527588e-01,-4.290592856705188751e-03,-2.409921959042549133e-03,-1.000000014901161194e-01,4.102678596973419189e-01,3.648519515991210938e-03,-1.749300956726074219e-02,-6.389617919921875000e-05,4.049299061298370361e-01,2.775740623474121094e-02,-1.181697845458984375e-02,-3.280639648437500000e-04,4.085928201675415039e-01
9.599999999999999645e-01,2.886297702789306641e-01,-1.947020888328552246e-01,1.071498274803161621e+00,2.950766980648040771e-01,1.775534898042678833e-01,6.349631398916244507e-02,9.947338700294494629e-01,1.018694937229156494e-01,1.127833966165781021e-02,-9.855300188064575195e-02,9.809094667434692383e-01,-1.676426529884338379e-01,-2.814070135354995728e-02,1.656483113765716553e-01,9.857833385467529297e-01,2.227248698472976685e-01,5.491551160812377930e-01,-1.053873896598815918e-01,1.000000000000000000e+00,0.000000000000000000e+00,2.886297702789306641e-01,-1.947020888328552246e-01,1.071498274803161621e+00,2.950766980648040771e-01,1.775534898042678833e-01,6.349631398916244507e-02,1.000000000000000000e+00,5.719847083091735840e-01,1.455255411565303802e-02,1.220268726348876953e+00,9.586039781570434570e-01,-5.009291172027587891e-01,-2.363180555403232574e-02,1.000000000000000000e+00,2.727598905563354492e+00,-3.603014349937438965e-01,1.034506440162658691e+00,-6.724486947059631348e-01,3.091456592082977295e-01,-1.227687392383813858e-02,1.000000000000000000e+00,2.819210052490234375e+00,5.963288992643356323e-02,7.451040744781494141e-01,-6.457642912864685059e-01,-4.737958908081054688e-01,2.422562986612319946e-01,1.000000000000000000e+00,1.000000000000000000e+00,0.000000000000000000e+00,0.000000000000000000e+00,1.000000000000000000e+00,5.719847083091735840e-01,1.455255411565303802e-02,1.220268726348876953e+00,9.586039781570434570e-01,-5.009291172027587891e-01,-2.363180555403232574e-02,9.947009086608886719e-01,1.003666222095489502e-01,2.228674106299877167e-02,-1.009163707494735718e-01,9.945785999298095703e-01,2.508682198822498322e-02,-1.964803598821163177e-02,-2.720298059284687042e-02,9.994368553161621094e-01,1.739576756954193115e-01,-1.721494793891906738e-01,-3.638013731688261032e-04,0.000000000000000000e+00,1.000000000000000000e+00,2.886297702789306641e-01,-1.947020888328552246e-01,1.071498274803161621e+00,2.950766980648040771e-01,1.775534898042678833e-01,6.349631398916244507e-02,1.000000000000000000e+00,5.719847083091735840e-01,1.455255411565303802e-02,1.220268726348876953e+00,9.586039781570434570e-01,-5.009291172027587891e-01,-2.363180555403232574e-02,1.000000000000000000e+00,2.727598905563354492e+00,-3.603014349937438965e-01,1.034506440162658691e+00,-6.724486947059631348e-01,3.091456592082977295e-01,-1.227687392383813858e-02,1.000000000000000000e+00,2.819210052490234375e+00,5.963288992643356323e-02,7.451040744781494141e-01,-6.457642912864685059e-01,-4.737958908081054688e-01,2.422562986612319946e-01,1.000000000000000000e+00,1.000000000000000000e+00,0.000000000000000000e+00,0.000000000000000000e+00,1.000000000000000000e+00,2.727598905563354492e+00,-3.603014349937438965e-01,1.034506440162658691e+00,-6.724486947059631348e-01,3.091456592082977295e-01,-1.227687392383813858e-02,-3.745217040785547846e-02,-2.217663129468649963e-02,7.397846533842775130e-04,1.000000000000000000e+00,2.819210052490234375e+00,5.963288992643356323e-02,7.451040744781494141e-01,-6.457642912864685059e-01,-4.737958908081054688e-01,2.422562986612319946e-01,7.313453645875322984e-02,-2.023038048546887957e-02,-1.461933214634510148e-03,1.000000000000000000e+00,1.999999731779098511e-01,1.070807725191116333e-01,-1.000000014901161194e-01,4.437792301177978516e-01,-1.764137297868728638e-03,2.411578316241502762e-04,-1.000000014901161194e-01,4.076147079467773438e-01,1.197886466979980469e-02,-1.810836791992187500e-02,-2.169609069824218750e-04,4.053495228290557861e-01,2.103114128112792969e-02,-1.152110099792480469e-02,-2.422332763671875000e-04,4.093726277351379395e-01
9.799999999999999822e-01,2.945376038551330566e-01,-1.914770752191543579e-01,1.072832584381103516e+00,2.961800694465637207e-01,1.411340683698654175e-01,7.084695249795913696e-02,9.943193793296813965e-01,1.041924506425857544e-01,2.174981310963630676e-02,-9.890712797641754150e-02,9.799664616584777832e-01,-1.728676110506057739e-01,-3.932558745145797729e-02,1.697344034910202026e-01,9.847049713134765625e-01,2.022399604320526123e-01,5.409688949584960938e-01,-1.204291209578514099e-01,1.000000000000000000e+00,0.000000000000000000e+00,2.945376038551330566e-01,-1.914770752191543579e-01,1.072832584381103516e+00,2.961800694465637207e-01,1.411340683698654175e-01,7.084695249795913696e-02,1.000000000000000000e+00,5.911306738853454590e-01,4.611257929354906082e-03,1.219832062721252441e+00,9.555779099464416504e-01,-4.924706816673278809e-01,-1.988040469586849213e-02,1.000000000000000000e+00,2.714156866073608398e+00,-3.540759086608886719e-01,1.034284830093383789e+00,-6.716476678848266602e-01,3.136472702026367188e-01,-9.575859643518924713e-03,1.000000000000000000e+00,2.806303739547729492e+00,5.006233230233192444e-02,7.499533891677856445e-01,-6.447395086288452148e-01,-4.840495586395263672e-01,2.428016364574432373e-01,1.000000000000000000e+00,1.000000000000000000e+00,0.000000000000000000e+00,0.000000000000000000e+00,1.000000000000000000e+00,5.911306738853454590e-01,4.611257929354906082e-03,1.219832062721252441e+00,9.555779099464416504e-01,-4.924706816673278809e-01,-1.988040469586849213e-02,9.947650432586669922e-01,1.004194170236587524e-01,1.893435791134834290e-02,-1.008281260728836060e-01,9.946599602699279785e-01,2.203024365007877350e-02,-1.662098243832588196e-02,-2.382403053343296051e-02,9.995780587196350098e-01,1.645278930664062500e-01,-1.278044134378433228e-01,2.075587864965200424e-03,0.000000000000000000e+00,1.000000000000000000e+00,2.945376038551330566e-01,-1.914770752191543579e-01,1.072832584381103516e+00,2.961800694465637207e-01,1.411340683698654175e-01,7.084695249795913696e-02,1.000000000000000000e+00,5.911306738853454590e-01,4.611257929354906082e-03,1.219832062721252441e+00,9.555779099464416504e-01,-4.924706816673278809e-01,-1.988040469586849213e-02,1.000000000000000000e+00,2.714156866073608398e+00,-3.540759086608886719e-01,1.034284830093383789e+00,-6.716476678848266602e-01,3.136472702026367188e-01,-9.575859643518924713e-03,1.000000000000000000e+00,2.806303739547729492e+00,5.006233230233192444e-02,7.499533891677856445e-01,-6.447395086288452148e-01,-4.840495586395263672e-01,2.428016364574432373e-01,1.000000000000000000e+00,1.000000000000000000e+00,0.000000000000000000e+00,0.000000000000000000e+00,1.000000000000000000e+00,2.714156866073608398e+00,-3.540759086608886719e-01,1.034284830093383789e+00,-6.716476678848266602e-01,3.136472702026367188e-01,-9.575859643518924713e-03,-3.114339710208127027e-02,-2.152787617306239909e-02,5.446132704567032551e-04,1.000000000000000000e+00,2.806303739547729492e+00,5.006233230233192444e-02,7.499533891677856445e-01,-6.447395086288452148e-01,-4.840495586395263672e-01,2.428016364574432373e-01,6.618055293466905409e-02,-1.899040668963869471e-02,-1.189177889245718323e-03,1.000000000000000000e+00,1.999999880790710449e-01,1.154306903481483459e-01,-1.000000014901161194e-01,4.409794509410858154e-01,1.566081307828426361e-03,2.460839226841926575e-03,-1.000000014901161194e-01,4.057153463363647461e-01,2.057313919067382812e-02,-1.880764961242675781e-02,-3.869533538818359375e-04,4.059334993362426758e-01,1.484489440917968750e-02,-1.141476631164550781e-02,-1.695156097412109375e-04,4.099592566490173340e-01
1.000000000000000000e+00,3.004870712757110596e-01,-1.889893710613250732e-01,1.074321866035461426e+00,2.994343638420104980e-01,1.037511900067329407e-01,7.896560430526733398e-02,9.937741756439208984e-01,1.067811772227287292e-01,3.179315477609634399e-02,-9.950739890336990356e-02,9.790210127830505371e-01,-1.778096556663513184e-01,-5.011288821697235107e-02,1.735389828681945801e-01,9.835512638092041016e-01,1.950062811374664307e-01,5.062046647071838379e-01,-1.279215365648269653e-01,1.000000000000000000e+00,0.000000000000000000e+00,3.004870712757110596e-01,-1.889893710613250732e-01,1.074321866035461426e+00,2.994343638420104980e-01,1.037511900067329407e-01,7.896560430526733398e-02,1.000000000000000000e+00,6.102104783058166504e-01,-5.167117808014154434e-03,1.219459891319274902e+00,9.519619345664978027e-01,-4.847024381160736084e-01,-1.727739535272121429e-02,1.000000000000000000e+00,2.700732231140136719e+00,-3.477720022201538086e-01,1.034118890762329102e+00,-6.707433462142944336e-01,3.168414831161499023e-01,-6.703895516693592072e-03,1.000000000000000000e+00,2.793420076370239258e+00,4.029956087470054626e-02,7.548178434371948242e-01,-6.434931159019470215e-01,-4.928766489028930664e-01,2.438067942857742310e-01,1.000000000000000000e+00,1.000000000000000000e+00,0.000000000000000000e+00,0.000000000000000000e+00,1.000000000000000000e+00,6.102104783058166504e-01,-5.167117808014154434e-03,1.219459891319274902e+00,9.519619345664978027e-01,-4.847024381160736084e-01,-1.727739535272121429e-02,9.948101639747619629e-01,1.004198566079139709e-01,1.638850383460521698e-02,-1.007251814007759094e-01,9.947326779365539551e-01,1.900855638086795807e-02,-1.439334452152252197e-02,-2.056063897907733917e-02,9.996849894523620605e-01,1.631703227758407593e-01,-9.293138235807418823e-02,3.641710616648197174e-03,0.000000000000000000e+00,1.000000000000000000e+00,3.004870712757110596e-01,-1.889893710613250732e-01,1.074321866035461426e+00,2.994343638420104980e-01,1.037511900067329407e-01,7.896560430526733398e-02,1.000000000000000000e+00,6.102104783058166504e-01,-5.167117808014154434e-03,1.219459891319274902e+00,9.519619345664978027e-01,-4.847024381160736084e-01,-1.727739535272121429e-02,1.000000000000000000e+00,2.700732231140136719e+00,-3.477720022201538086e-01,1.034118890762329102e+00,-6.707433462142944336e-01,3.168414831161499023e-01,-6.703895516693592072e-03,1.000000000000000000e+00,2.793420076370239258e+00,4.029956087470054626e-02,7.548178434371948242e-01,-6.434931159019470215e-01,-4.928766489028930664e-01,2.438067942857742310e-01,1.000000000000000000e+00,1.000000000000000000e+00,0.000000000000000000e+00,0.000000000000000000e+00,1.000000000000000000e+00,2.700732231140136719e+00,-3.477720022201538086e-01,1.034118890762329102e+00,-6.707433462142944336e-01,3.168414831161499023e-01,-6.703895516693592072e-03,-2.452747615718748470e-02,-2.106704925410296525e-02,3.605626023003415809e-04,1.000000000000000000e+00,2.793420076370239258e+00,4.029956087470054626e-02,7.548178434371948242e-01,-6.434931159019470215e-01,-4.928766489028930664e-01,2.438067942857742310e-01,5.928897452338337259e-02,-1.789236868748189657e-02,-9.509161251247191804e-04,1.000000000000000000e+00,1.999998837709426880e-01,1.224885806441307068e-01,-1.000000014901161194e-01,4.357412755489349365e-01,6.202288437634706497e-03,3.966466523706912994e-03,-1.000000014901161194e-01,4.047494828701019287e-01,2.948021888732910156e-02,-1.957440376281738281e-02,-5.772113800048828125e-04,4.066546559333801270e-01,9.203672409057617188e-03,-1.148819923400878906e-02,-1.056194305419921875e-04,4.103466570377349854e-01
1.020000000000000018e+00,3.065199255943298340e-01,-1.872568130493164062e-01,1.075975775718688965e+00,3.046936690807342529e-01,6.556741893291473389e-02,8.719716221094131470e-02,9.931401610374450684e-01,1.094760373234748840e-01,4.108321294188499451e-02,-1.002671048045158386e-01,9.780819416046142578e-01,-1.824894547462463379e-01,-6.016096845269203186e-02,1.771183013916015625e-01,9.823492169380187988e-01,1.797134876251220703e-01,4.672966301441192627e-01,-1.275835037231445312e-01,1.000000000000000000e+00,0.000000000000000000e+00,3.065199255943298340e-01,-1.872568130493164062e-01,1.075975775718688965e+00,3.046936690807342529e-01,6.556741893291473389e-02,8.719716221094131470e-02,1.000000000000000000e+00,6.292139291763305664e-01,-1.479625701904296875e-02,1.219130277633666992e+00,9.479104280471801758e-01,-4.776161313056945801e-01,-1.569913327693939209e-02,1.000000000000000000e+00,2.687325954437255859e+00,-3.414163589477539062e-01,1.034012317657470703e+00,-6.697734594345092773e-01,3.186768591403961182e-01,-3.634047228842973709e-03,1.000000000000000000e+00,2.780562877655029297e+00,3.037292696535587311e-02,7.597061395645141602e-01,-6.420552730560302734e-01,-5.002999305725097656e-01,2.452319115400314331e-01,1.000000000000000000e+00,1.000000000000000000e+00,0.000000000000000000e+00,0.000000000000000000e+00,1.000000000000000000e+00,6.292139291763305664e-01,-1.479625701904296875e-02,1.219130277633666992e+00,9.479104280471801758e-01,-4.776161313056945801e-01,-1.569913327693939209e-02,9.948433041572570801e-01,1.003892794251441956e-01,1.445250865072011948e-02,-1.006154194474220276e-01,9.947987794876098633e-01,1.587537117302417755e-02,-1.278361957520246506e-02,-1.724765263497829437e-02,9.997695684432983398e-01,1.705530583858489990e-01,-6.698739528656005859e-02,4.508196376264095306e-03,0.000000000000000000e+00,1.000000000000000000e+00,3.065199255943298340e-01,-1.872568130493164062e-01,1.075975775718688965e+00,3.046936690807342529e-01,6.556741893291473389e-02,8.719716221094131470e-02,1.000000000000000000e+00,6.292139291763305664e-01,-1.479625701904296875e-02,1.219130277633666992e+00,9.479104280471801758e-01,-4.776161313056945801e-01,-1.569913327693939209e-02,1.000000000000000000e+00,2.687325954437255859e+00,-3.414163589477539062e-01,1.034012317657470703e+00,-6.697734594345092773e-01,3.186768591403961182e-01,-3.634047228842973709e-03,1.000000000000000000e+00,2.780562877655029297e+00,3.037292696535587311e-02,7.597061395645141602e-01,-6.420552730560302734e-01,-5.002999305725097656e-01,2.452319115400314331e-01,1.000000000000000000e+00,1.000000000000000000e+00,0.000000000000000000e+00,0.000000000000000000e+00,1.000000000000000000e+00,2.687325954437255859e+00,-3.414163589477539062e-01,1.034012317657470703e+00,-6.697734594345092773e-01,3.186768591403961182e-01,-3.634047228842973709e-03,-1.761479256290884171e-02,-2.077816375801688764e-02,1.830824136223024173e-04,1.000000000000000000e+00,2.780562877655029297e+00,3.037292696535587311e-02,7.597061395645141602e-01,-6.420552730560302734e-01,-5.002999305725097656e-01,2.452319115400314331e-01,5.253241103997342842e-02,-1.694580754715890869e-02,-7.459139504735583237e-04,1.000000000000000000e+00,2.000000029802322388e-01,1.285272985696792603e-01,-1.000000014901161194e-01,4.213483333587646484e-01,1.211958564817905426e-02,5.001985002309083939e-03,-1.000000014901161194e-01,4.042411446571350098e-01,3.874492645263671875e-02,-2.039361000061035156e-02,-7.905960083007812500e-04,4.074649810791015625e-01,4.116296768188476562e-03,-1.172232627868652344e-02,-4.816055297851562500e-05,4.105460643768310547e-01
1.040000000000000036e+00,3.126744627952575684e-01,-1.862931251525878906e-01,1.077787160873413086e+00,3.117406368255615234e-01,2.688941918313503265e-02,9.431187063455581665e-02,9.924520850181579590e-01,1.121055707335472107e-01,4.971082881093025208e-02,-1.010338142514228821e-01,9.772126674652099609e-01,-1.866749823093414307e-01,-6.950535625219345093e-02,1.802434921264648438e-01,9.811632037162780762e-01,1.506019383668899536e-01,4.388170242309570312e-01,-1.199132353067398071e-01,1.000000000000000000e+00,0.000000000000000000e+00,3.126744627952575684e-01,-1.862931251525878906e-01,1.077787160873413086e+00,3.117406368255615234e-01,2.688941918313503265e-02,9.431187063455581665e-02,1.000000000000000000e+00,6.481332778930664062e-01,-2.428993955254554749e-02,1.218824148178100586e+00,9.435361027717590332e-01,-4.712336659431457520e-01,-1.496388576924800873e-02,1.000000000000000000e+00,2.673939466476440430e+00,-3.350366353988647461e-01,1.033968925476074219e+00,-6.687721014022827148e-01,3.191029429435729980e-01,-3.368621109984815121e-04,1.000000000000000000e+00,2.767735958099365234e+00,2.031020820140838623e-02,7.646263241767883301e-01,-6.404573917388916016e-01,-5.063551068305969238e-01,2.470224499702453613e-01,1.000000000000000000e+00,1.000000000000000000e+00,0.000000000000000000e+00,0.000000000000000000e+00,1.000000000000000000e+00,6.481332778930664062e-01,-2.428993955254554749e-02,1.218824148178100586e+00,9.435361027717590332e-01,-4.712336659431457520e-01,-1.496388576924800873e-02,9.948688149452209473e-01,1.003439649939537048e-01,1.293323561549186707e-02,-1.005050316452980042e-01,9.948584437370300293e-01,1.246982347220182419e-02,-1.161546632647514343e-02,-1.370569225400686264e-02,9.998386502265930176e-01,1.869349032640457153e-01,-4.936311393976211548e-02,4.845533985644578934e-03,0.000000000000000000e+00,1.000000000000000000e+00,3.126744627952575684e-01,-1.862931251525878906e-01,1.077787160873413086e+00,3.117406368255615234e-01,2.688941918313503265e-02,9.431187063455581665e-02,1.000000000000000000e+00,6.481332778930664062e-01,-2.428993955254554749e-02,1.218824148178100586e+00,9.435361027717590332e-01,-4.712336659431457520e-01,-1.496388576924800873e-02,1.000000000000000000e+00,2.673939466476440430e+00,-3.350366353988647461e-01,1.033968925476074219e+00,-6.687721014022827148e-01,3.191029429435729980e-01,-3.368621109984815121e-04,1.000000000000000000e+00,2.767735958099365234e+00,2.031020820140838623e-02,7.646263241767883301e-01,-6.404573917388916016e-01,-5.063551068305969238e-01,2.470224499702453613e-01,1.000000000000000000e+00,1.000000000000000000e+00,0.000000000000000000e+00,0.000000000000000000e+00,1.000000000000000000e+00,2.673939466476440430e+00,-3.350366353988647461e-01,1.033968925476074219e+00,-6.687721014022827148e-01,3.191029429435729980e-01,-3.368621109984815121e-04,-1.040631733250078211e-02,-2.064527723207509879e-02,7.674073127386139836e-06,1.000000000000000000e+00,2.767735958099365234e+00,2.031020820140838623e-02,7.646263241767883301e-01,-6.404573917388916016e-01,-5.063551068305969238e-01,2.470224499702453613e-01,4.596871755148519006e-02,-1.615639860610373901e-02,-5.717252037930609099e-04,1.000000000000000000e+00,1.999697387218475342e-01,1.349346637725830078e-01,-1.000000014901161194e-01,4.048793613910675049e-01,1.878475025296211243e-02,5.306701641529798508e-03,-1.000000014901161194e-01,4.046449959278106689e-01,4.836940765380859375e-02,-2.125048637390136719e-02,-1.028537750244140625e-03,4.082589447498321533e-01,-4.007816314697265625e-04,-1.209473609924316406e-02,4.768371582031250000e-06,4.105796217918395996e-01
1.060000000000000053e+00,3.189843595027923584e-01,-1.861041486263275146e-01,1.079718351364135742e+00,3.203436136245727539e-01,-1.182887330651283264e-02,9.864790737628936768e-02,9.917250275611877441e-01,1.145634129643440247e-01,5.793909355998039246e-02,-1.016877368092536926e-01,9.764628410339355469e-01,-1.902108788490295410e-01,-7.836657017469406128e-02,1.827451586723327637e-01,9.800322055816650391e-01,1.199266538023948669e-01,4.218846261501312256e-01,-1.110818386077880859e-01,1.000000000000000000e+00,0.000000000000000000e+00,3.189843595027923584e-01,-1.861041486263275146e-01,1.079718351364135742e+00,3.203436136245727539e-01,-1.182887330651283264e-02,9.864790737628936768e-02,1.000000000000000000e+00,6.669628024101257324e-01,-3.366268053650856018e-02,1.218526721000671387e+00,9.389127492904663086e-01,-4.656088948249816895e-01,-1.485295966267585754e-02,1.000000000000000000e+00,2.660573244094848633e+00,-3.286614120006561279e-01,1.033993959426879883e+00,-6.677700877189636230e-01,3.180677592754364014e-01,3.210795111954212189e-03,1.000000000000000000e+00,2.754941940307617188e+00,1.013836823403835297e-02,7.695851922035217285e-01,-6.387315392494201660e-01,-5.110884308815002441e-01,2.491145581007003784e-01,1.000000000000000000e+00,1.000000000000000000e+00,0.000000000000000000e+00,0.000000000000000000e+00,1.000000000000000000e+00,6.669628024101257324e-01,-3.366268053650856018e-02,1.218526721000671387e+00,9.389127492904663086e-01,-4.656088948249816895e-01,-1.485295966267585754e-02,9.948893785476684570e-01,1.002954542636871338e-01,1.165985874831676483e-02,-1.003988534212112427e-01,9.949096441268920898e-01,8.647472597658634186e-03,-1.073320396244525909e-02,-9.773914702236652374e-03,9.998946189880371094e-01,2.094319164752960205e-01,-3.903508931398391724e-02,4.812700673937797546e-03,0.000000000000000000e+00,1.000000000000000000e+00,3.189843595027923584e-01,-1.861041486263275146e-01,1.079718351364135742e+00,3.203436136245727539e-01,-1.182887330651283264e-02,9.864790737628936768e-02,1.000000000000000000e+00,6.669628024101257324e-01,-3.366268053650856018e-02,1.218526721000671387e+00,9.389127492904663086e-01,-4.656088948249816895e-01,-1.485295966267585754e-02,1.000000000000000000e+00,2.660573244094848633e+00,-3.286614120006561279e-01,1.033993959426879883e+00,-6.677700877189636230e-01,3.180677592754364014e-01,3.210795111954212189e-03,1.000000000000000000e+00,2.754941940307617188e+00,1.013836823403835297e-02,7.695851922035217285e-01,-6.387315392494201660e-01,-5.110884308815002441e-01,2.491145581007003784e-01,1.000000000000000000e+00,1.000000000000000000e+00,0.000000000000000000e+00,0.000000000000000000e+00,1.000000000000000000e+00,2.660573244094848633e+00,-3.286614120006561279e-01,1.033993959426879883e+00,-6.677700877189636230e-01,3.180677592754364014e-01,3.210795111954212189e-03,-2.891977982251699251e-03,-2.065295516370291296e-02,-1.699605416086869686e-04,1.000000000000000000e+00,2.754941940307617188e+00,1.013836823403835297e-02,7.695851922035217285e-01,-6.387315392494201660e-01,-5.110884308815002441e-01,2.491145581007003784e-01,3.964651391011587978e-02,-1.552460902147845268e-02,-4.250517650949518778e-04,1.000000000000000000e+00,2.000000029802322388e-01,1.413084417581558228e-01,-1.000000014901161194e-01,3.907856047153472900e-01,2.534939162433147430e-02,5.415936000645160675e-03,-1.000000014901161194e-01,4.061932563781738281e-01,5.830645561218261719e-02,-2.213549613952636719e-02,-1.291990280151367188e-03,4.088767468929290771e-01,-4.320383071899414062e-03,-1.257824897766113281e-02,5.435943603515625000e-05,4.104775190353393555e-01
1.080000000000000071e+00,3.254788517951965332e-01,-1.866869032382965088e-01,1.081701517105102539e+00,3.303076624870300293e-01,-5.019720643758773804e-02,9.899164736270904541e-02,9.909606575965881348e-01,1.168307140469551086e-01,6.593779474496841431e-02,-1.021913364529609680e-01,9.758246541023254395e-01,-1.931926757097244263e-01,-8.691454678773880005e-02,1.847080439329147339e-01,9.789428114891052246e-01,9.817994385957717896e-02,4.099357724189758301e-01,-1.021236851811408997e-01,1.000000000000000000e+00,0.000000000000000000e+00,3.254788517951965332e-01,-1.866869032382965088e-01,1.081701517105102539e+00,3.303076624870300293e-01,-5.019720643758773804e-02,9.899164736270904541e-02,1.000000000000000000e+00,6.856979727745056152e-01,-4.293029382824897766e-02,1.218227863311767578e+00,9.340822100639343262e-01,-4.608176648616790771e-01,-1.508142892271280289e-02,1.000000000000000000e+00,2.647226572036743164e+00,-3.223204314708709717e-01,1.034092068672180176e+00,-6.667947769165039062e-01,3.155164122581481934e-01,7.012929301708936691e-03,1.000000000000000000e+00,2.742183446884155273e+00,-1.166516958619467914e-04,7.745881080627441406e-01,-6.369088292121887207e-01,-5.145568847656250000e-01,2.514400482177734375e-01,1.000000000000000000e+00,1.000000000000000000e+00,0.000000000000000000e+00,0.000000000000000000e+00,1.000000000000000000e+00,6.856979727745056152e-01,-4.293029382824897766e-02,1.218227863311767578e+00,9.340822100639343262e-01,-4.608176648616790771e-01,-1.508142892271280289e-02,9.949070811271667480e-01,1.002498716115951538e-01,1.049533393234014511e-02,-1.002999246120452881e-01,9.949479103088378906e-01,4.355772864073514938e-03,-1.000564265996217728e-02,-5.386270117014646530e-03,9.999356269836425781e-01,2.312395274639129639e-01,-3.377020731568336487e-02,4.642365500330924988e-03,0.000000000000000000e+00,1.000000000000000000e+00,3.254788517951965332e-01,-1.866869032382965088e-01,1.081701517105102539e+00,3.303076624870300293e-01,-5.019720643758773804e-02,9.899164736270904541e-02,1.000000000000000000e+00,6.856979727745056152e-01,-4.293029382824897766e-02,1.218227863311767578e+00,9.340822100639343262e-01,-4.608176648616790771e-01,-1.508142892271280289e-02,1.000000000000000000e+00,2.647226572036743164e+00,-3.223204314708709717e-01,1.034092068672180176e+00,-6.667947769165039062e-01,3.155164122581481934e-01,7.012929301708936691e-03,1.000000000000000000e+00,2.742183446884155273e+00,-1.166516958619467914e-04,7.745881080627441406e-01,-6.369088292121887207e-01,-5.145568847656250000e-01,2.514400482177734375e-01,1.000000000000000000e+00,1.000000000000000000e+00,0.000000000000000000e+00,0.000000000000000000e+00,1.000000000000000000e+00,2.647226572036743164e+00,-3.223204314708709717e-01,1.034092068672180176e+00,-6.667947769165039062e-01,3.155164122581481934e-01,7.012929301708936691e-03,4.941869518422984872e-03,-2.078598425511768433e-02,-3.539322962516889236e-04,1.000000000000000000e+00,2.742183446884155273e+00,-1.166516958619467914e-04,7.745881080627441406e-01,-6.369088292121887207e-01,-5.145568847656250000e-01,2.514400482177734375e-01,3.361068991104525228e-02,-1.504613470023286048e-02,-3.021699441200301206e-04,1.000000000000000000e+00,2.000000029802322388e-01,1.474329531192779541e-01,-1.000000014901161194e-01,3.804498314857482910e-01,3.159199282526969910e-02,2.249411074444651604e-03,-1.000000014901161194e-01,4.071882665157318115e-01,6.850314140319824219e-02,-2.303767204284667969e-02,-1.580476760864257812e-03,4.091808795928955078e-01,-7.606029510498046875e-03,-1.314067840576171875e-02,9.989738464355468750e-05,4.102814197540283203e-01
1.100000000000000089e+00,3.321836888790130615e-01,-1.880321204662322998e-01,1.083651781082153320e+00,3.414837718009948730e-01,-8.800002932548522949e-02,9.487650543451309204e-02,9.901635050773620605e-01,1.189139410853385925e-01,7.372790575027465820e-02,-1.025446131825447083e-01,9.752654433250427246e-01,-1.958109885454177856e-01,-9.518893063068389893e-02,1.863244920969009399e-01,9.778662323951721191e-01,8.508928120136260986e-02,3.970417380332946777e-01,-9.351372718811035156e-02,1.000000000000000000e+00,0.000000000000000000e+00,3.321836888790130615e-01,-1.880321204662322998e-01,1.083651781082153320e+00,3.414837718009948730e-01,-8.800002932548522949e-02,9.487650543451309204e-02,1.000000000000000000e+00,7.043346762657165527e-01,-5.211017280817031860e-02,1.217923283576965332e+00,9.290620088577270508e-01,-4.569368064403533936e-01,-1.541593018919229507e-02,1.000000000000000000e+00,2.633899211883544922e+00,-3.160445690155029297e-01,1.034268260002136230e+00,-6.658696532249450684e-01,3.113918304443359375e-01,1.104248315095901489e-02,1.000000000000000000e+00,2.729462146759033203e+00,-1.043013669550418854e-02,7.796391248703002930e-01,-6.350191831588745117e-01,-5.168268084526062012e-01,2.539311051368713379e-01,1.000000000000000000e+00,1.000000000000000000e+00,0.000000000000000000e+00,0.000000000000000000e+00,1.000000000000000000e+00,7.043346762657165527e-01,-5.211017280817031860e-02,1.217923283576965332e+00,9.290620088577270508e-01,-4.569368064403533936e-01,-1.541593018919229507e-02,9.949229359626770020e-01,1.002070382237434387e-01,9.326614439487457275e-03,-1.002083793282508850e-01,9.949665069580078125e-01,-3.238024073652923107e-04,-9.312115609645843506e-03,-6.124465144239366055e-04,9.999564886093139648e-01,2.468443214893341064e-01,-3.899545595049858093e-02,4.557287320494651794e-03,0.000000000000000000e+00,1.000000000000000000e+00,3.321836888790130615e-01,-1.880321204662322998e-01,1.083651781082153320e+00,3.414837718009948730e-01,-8.800002932548522949e-02,9.487650543451309204e-02,1.000000000000000000e+00,7.043346762657165527e-01,-5.211017280817031860e-02,1.217923283576965332e+00,9.290620088577270508e-01,-4.569368064403533936e-01,-1.541593018919229507e-02,1.000000000000000000e+00,2.633899211883544922e+00,-3.160445690155029297e-01,1.034268260002136230e+00,-6.658696532249450684e-01,3.113918304443359375e-01,1.104248315095901489e-02,1.000000000000000000e+00,2.729462146759033203e+00,-1.043013669550418854e-02,7.796391248703002930e-01,-6.350191831588745117e-01,-5.168268084526062012e-01,2.539311051368713379e-01,1.000000000000000000e+00,1.000000000000000000e+00,0.000000000000000000e+00,0.000000000000000000e+00,1.000000000000000000e+00,2.633899211883544922e+00,-3.160445690155029297e-01,1.034268260002136230e+00,-6.658696532249450684e-01,3.113918304443359375e-01,1.104248315095901489e-02,1.310120487261906552e-02,-2.102945227039798581e-02,-5.479735525619582048e-04,1.000000000000000000e+00,2.729462146759033203e+00,-1.043013669550418854e-02,7.796391248703002930e-01,-6.350191831588745117e-01,-5.168268084526062012e-01,2.539311051368713379e-01,2.790603647405610899e-02,-1.471288241098944738e-02,-1.991974438830378807e-04,1.000000000000000000e+00,2.000000029802322388e-01,1.536028385162353516e-01,-1.000000014901161194e-01,3.732007443904876709e-01,3.853175789117813110e-02,-8.537948015145957470e-04,-1.000000014901161194e-01,4.075664877891540527e-01,7.893133163452148438e-02,-2.394509315490722656e-02,-1.893758773803710938e-03,4.090918898582458496e-01,-1.022076606750488281e-02,-1.375174522399902344e-02,1.406669616699218750e-04,4.100278913974761963e-01
1.120000000000000107e+00,3.391221463680267334e-01,-1.901277154684066772e-01,1.085480332374572754e+00,3.537554740905761719e-01,-1.251723170280456543e-01,8.640991151332855225e-02,9.893416762351989746e-01,1.208291500806808472e-01,8.126184344291687012e-02,-1.027701944112777710e-01,9.747621417045593262e-01,-1.981845796108245850e-01,-1.031574308872222900e-01,1.877209544181823730e-01,9.767904281616210938e-01,7.531232386827468872e-02,3.825803101062774658e-01,-8.576270192861557007e-02,1.000000000000000000e+00,0.000000000000000000e+00,3.391221463680267334e-01,-1.901277154684066772e-01,1.085480332374572754e+00,3.537554740905761719e-01,-1.251723170280456543e-01,8.640991151332855225e-02,1.000000000000000000e+00,7.228692173957824707e-01,-6.122104078531265259e-02,1.217611789703369141e+00,9.238322973251342773e-01,-4.540207087993621826e-01,-1.575390622019767761e-02,1.000000000000000000e+00,2.620589733123779297e+00,-3.098657429218292236e-01,1.034526348114013672e+00,-6.650147438049316406e-01,3.056382834911346436e-01,1.523562241345643997e-02,1.000000000000000000e+00,2.716779232025146484e+00,-2.077878266572952271e-02,7.847409844398498535e-01,-6.330907940864562988e-01,-5.179743170738220215e-01,2.565242350101470947e-01,1.000000000000000000e+00,1.000000000000000000e+00,0.000000000000000000e+00,0.000000000000000000e+00,1.000000000000000000e+00,7.228692173957824707e-01,-6.122104078531265259e-02,1.217611789703369141e+00,9.238322973251342773e-01,-4.540207087993621826e-01,-1.575390622019767761e-02,9.949398040771484375e-01,1.001638472080230713e-01,7.894098758697509766e-03,-1.001244336366653442e-01,9.949612617492675781e-01,-5.240023601800203323e-03,-8.379181846976280212e-03,4.423114936798810959e-03,9.999552369117736816e-01,2.578815221786499023e-01,-5.792773514986038208e-02,4.222968127578496933e-03,0.000000000000000000e+00,1.000000000000000000e+00,3.391221463680267334e-01,-1.901277154684066772e-01,1.085480332374572754e+00,3.537554740905761719e-01,-1.251723170280456543e-01,8.640991151332855225e-02,1.000000000000000000e+00,7.228692173957824707e-01,-6.122104078531265259e-02,1.217611789703369141e+00,9.238322973251342773e-01,-4.540207087993621826e-01,-1.575390622019767761e-02,1.000000000000000000e+00,2.620589733123779297e+00,-3.098657429218292236e-01,1.034526348114013672e+00,-6.650147438049316406e-01,3.056382834911346436e-01,1.523562241345643997e-02,1.000000000000000000e+00,2.716779232025146484e+00,-2.077878266572952271e-02,7.847409844398498535e-01,-6.330907940864562988e-01,-5.179743170738220215e-01,2.565242350101470947e-01,1.000000000000000000e+00,1.000000000000000000e+00,0.000000000000000000e+00,0.000000000000000000e+00,1.000000000000000000e+00,2.620589733123779297e+00,-3.098657429218292236e-01,1.034526348114013672e+00,-6.650147438049316406e-01,3.056382834911346436e-01,1.523562241345643997e-02,2.157827455375756209e-02,-2.136900189949453299e-02,-7.555198876535371144e-04,1.000000000000000000e+00,2.716779232025146484e+00,-2.077878266572952271e-02,7.847409844398498535e-01,-6.330907940864562988e-01,-5.179743170738220215e-01,2.565242350101470947e-01,2.257839375742622806e-02,-1.451351040343840104e-02,-1.123654350345861669e-04,1.000000000000000000e+00,2.000000029802322388e-01,1.590443402528762817e-01,-1.000000014901161194e-01,3.695519864559173584e-01,4.595990478992462158e-02,-4.748919047415256500e-03,-1.000000014901161194e-01,4.075455665588378906e-01,8.959031105041503906e-02,-2.484488487243652344e-02,-2.231597900390625000e-03,4.085824787616729736e-01,-1.213622093200683594e-02,-1.439213752746582031e-02,1.747608184814453125e-04,4.097345769405364990e-01
1.140000000000000124e+00,3.463151752948760986e-01,-1.929612457752227783e-01,1.087103486061096191e+00,3.670383393764495850e-01,-1.617473959922790527e-01,7.408800721168518066e-02,9.885023236274719238e-01,1.225890219211578369e-01,8.851717412471771240e-02,-1.028891652822494507e-01,9.743091464042663574e-01,-2.003388255834579468e-01,-1.108024269342422485e-01,1.889279037714004517e-01,9.757198691368103027e-01,6.536708027124404907e-02,3.671186864376068115e-01,-7.854849845170974731e-02,1.000000000000000000e+00,0.000000000000000000e+00,3.463151752948760986e-01,-1.929612457752227783e-01,1.087103486061096191e+00,3.670383393764495850e-01,-1.617473959922790527e-01,7.408800721168518066e-02,1.000000000000000000e+00,7.412968873977661133e-01,-7.028251886367797852e-02,1.217293858528137207e+00,9.183236360549926758e-01,-4.521010518074035645e-01,-1.607155613601207733e-02,1.000000000000000000e+00,2.607296228408813477e+00,-3.038171231746673584e-01,1.034869432449340820e+00,-6.642459630966186523e-01,2.982050180435180664e-01,1.949270814657211304e-02,1.000000000000000000e+00,2.704134941101074219e+00,-3.114089928567409515e-02,7.898951768875122070e-01,-6.311486363410949707e-01,-5.180855393409729004e-01,2.591628432273864746e-01,1.000000000000000000e+00,1.000000000000000000e+00,0.000000000000000000e+00,0.000000000000000000e+00,1.000000000000000000e+00,7.412968873977661133e-01,-7.028251886367797852e-02,1.217293858528137207e+00,9.183236360549926758e-01,-4.521010518074035645e-01,-1.607155613601207733e-02,9.949574470520019531e-01,1.001181975007057190e-01,5.998957902193069458e-03,-1.000529751181602478e-01,9.949284791946411133e-01,-1.033236645162105560e-02,-7.002991624176502228e-03,9.680051356554031372e-03,9.999286532402038574e-01,2.698989808559417725e-01,-8.259546011686325073e-02,4.029307980090379715e-03,0.000000000000000000e+00,1.000000000000000000e+00,3.463151752948760986e-01,-1.929612457752227783e-01,1.087103486061096191e+00,3.670383393764495850e-01,-1.617473959922790527e-01,7.408800721168518066e-02,1.000000000000000000e+00,7.412968873977661133e-01,-7.028251886367797852e-02,1.217293858528137207e+00,9.183236360549926758e-01,-4.521010518074035645e-01,-1.607155613601207733e-02,1.000000000000000000e+00,2.607296228408813477e+00,-3.038171231746673584e-01,1.034869432449340820e+00,-6.642459630966186523e-01,2.982050180435180664e-01,1.949270814657211304e-02,1.000000000000000000e+00,2.704134941101074219e+00,-3.114089928567409515e-02,7.898951768875122070e-01,-6.311486363410949707e-01,-5.180855393409729004e-01,2.591628432273864746e-01,1.000000000000000000e+00,1.000000000000000000e+00,0.000000000000000000e+00,0.000000000000000000e+00,1.000000000000000000e+00,2.607296228408813477e+00,-3.038171231746673584e-01,1.034869432449340820e+00,-6.642459630966186523e-01,2.982050180435180664e-01,1.949270814657211304e-02,3.035568430656196068e-02,-2.179111468014394148e-02,-9.793128856613562971e-04,1.000000000000000000e+00,2.704134941101074219e+00,-3.114089928567409515e-02,7.898951768875122070e-01,-6.311486363410949707e-01,-5.180855393409729004e-01,2.591628432273864746e-01,1.767335323028909264e-02,-1.443433893885814889e-02,-3.850957170933172469e-05,1.000000000000000000e+00,2.000000029802322388e-01,1.640156060457229614e-01,-1.000000014901161194e-01,3.691737949848175049e-01,5.408342555165290833e-02,-9.086330421268939972e-03,-1.000000014901161194e-01,4.071970582008361816e-01,1.004996299743652344e-01,-2.571940422058105469e-02,-2.593278884887695312e-03,4.076677560806274414e-01,-1.333498954772949219e-02,-1.505160331726074219e-02,2.007484436035156250e-04,4.094059467315673828e-01
1.159999999999999920e+00,3.537826240062713623e-01,-1.965216100215911865e-01,1.088450908660888672e+00,3.812851905822753906e-01,-1.978243887424468994e-01,5.869298800826072693e-02,9.876537919044494629e-01,1.242001950740814209e-01,9.546939283609390259e-02,-1.029204577207565308e-01,9.739084243774414062e-01,-2.022619694471359253e-01,-1.180994138121604919e-01,1.899390369653701782e-01,9.746670722961425781e-01,5.516859889030456543e-02,3.500374257564544678e-01,-7.184302061796188354e-02,1.000000000000000000e+00,0.000000000000000000e+00,3.537826240062713623e-01,-1.965216100215911865e-01,1.088450908660888672e+00,3.812851905822753906e-01,-1.978243887424468994e-01,5.869298800826072693e-02,1.000000000000000000e+00,7.596111297607421875e-01,-7.931477576494216919e-02,1.216969490051269531e+00,9.124407172203063965e-01,-4.512078166007995605e-01,-1.639917492866516113e-02,1.000000000000000000e+00,2.594017505645751953e+00,-2.979325652122497559e-01,1.035296797752380371e+00,-6.635764837265014648e-01,2.890484631061553955e-01,2.368387021124362946e-02,1.000000000000000000e+00,2.691529512405395508e+00,-4.149660840630531311e-02,7.951022386550903320e-01,-6.292151212692260742e-01,-5.172556042671203613e-01,2.617965638637542725e-01,1.000000000000000000e+00,1.000000000000000000e+00,0.000000000000000000e+00,0.000000000000000000e+00,1.000000000000000000e+00,7.596111297607421875e-01,-7.931477576494216919e-02,1.216969490051269531e+00,9.124407172203063965e-01,-4.512078166007995605e-01,-1.639917492866516113e-02,9.949748516082763672e-01,1.000606492161750793e-01,3.589521395042538643e-03,-9.999311715364456177e-02,9.948649406433105469e-01,-1.565423421561717987e-02,-5.137462168931961060e-03,1.521664299070835114e-02,9.998710155487060547e-01,2.868025004863739014e-01,-1.057885065674781799e-01,4.312832839787006378e-03,0.000000000000000000e+00,1.000000000000000000e+00,3.537826240062713623e-01,-1.965216100215911865e-01,1.088450908660888672e+00,3.812851905822753906e-01,-1.978243887424468994e-01,5.869298800826072693e-02,1.000000000000000000e+00,7.596111297607421875e-01,-7.931477576494216919e-02,1.216969490051269531e+00,9.124407172203063965e-01,-4.512078166007995605e-01,-1.639917492866516113e-02,1.000000000000000000e+00,2.594017505645751953e+00,-2.979325652122497559e-01,1.035296797752380371e+00,-6.635764837265014648e-01,2.890484631061553955e-01,2.368387021124362946e-02,1.000000000000000000e+00,2.691529512405395508e+00,-4.149660840630531311e-02,7.951022386550903320e-01,-6.292151212692260742e-01,-5.172556042671203613e-01,2.617965638637542725e-01,1.000000000000000000e+00,1.000000000000000000e+00,0.000000000000000000e+00,0.000000000000000000e+00,1.000000000000000000e+00,2.594017505645751953e+00,-2.979325652122497559e-01,1.035296797752380371e+00,-6.635764837265014648e-01,2.890484631061553955e-01,2.368387021124362946e-02,3.941616422215323684e-02,-2.228232305776600697e-02,-1.221433651861392189e-03,1.000000000000000000e+00,2.691529512405395508e+00,-4.149660840630531311e-02,7.951022386550903320e-01,-6.292151212692260742e-01,-5.172556042671203613e-01,2.617965638637542725e-01,1.323433006415505354e-02,-1.446084385069967837e-02,2.441822488401593216e-05,1.000000000000000000e+00,2.000000029802322388e-01,1.686460375785827637e-01,-1.000000014901161194e-01,3.710267841815948486e-01,6.254012882709503174e-02,-1.328083034604787827e-02,-1.000000014901161194e-01,4.061705470085144043e-01,1.116924285888671875e-01,-2.654743194580078125e-02,-2.977132797241210938e-03,4.064007103443145752e-01,-1.380324363708496094e-02,-1.572442054748535156e-02,2.169609069824218750e-04,4.090375006198883057e-01
1.179999999999999938e+00,3.615435063838958740e-01,-2.008000016212463379e-01,1.089469432830810547e+00,3.964758515357971191e-01,-2.335337847471237183e-01,4.112910851836204529e-02,9.868051409721374512e-01,1.256709396839141846e-01,1.020905077457427979e-01,-1.028834581375122070e-01,9.735586643218994141e-01,-2.039573490619659424e-01,-1.250226050615310669e-01,1.907627284526824951e-01,9.736421704292297363e-01,4.607239738106727600e-02,3.319872021675109863e-01,-6.569208949804306030e-02,1.000000000000000000e+00,0.000000000000000000e+00,3.615435063838958740e-01,-2.008000016212463379e-01,1.089469432830810547e+00,3.964758515357971191e-01,-2.335337847471237183e-01,4.112910851836204529e-02,1.000000000000000000e+00,7.778035402297973633e-01,-8.833872526884078979e-02,1.216637969017028809e+00,9.060899615287780762e-01,-4.513861238956451416e-01,-1.681892946362495422e-02,1.000000000000000000e+00,2.580751419067382812e+00,-2.922469377517700195e-01,1.035806775093078613e+00,-6.630154848098754883e-01,2.781324088573455811e-01,2.765860408544540405e-02,1.000000000000000000e+00,2.678962469100952148e+00,-5.182800814509391785e-02,8.003615140914916992e-01,-6.273096799850463867e-01,-5.155881047248840332e-01,2.643786072731018066e-01,1.000000000000000000e+00,1.000000000000000000e+00,0.000000000000000000e+00,0.000000000000000000e+00,1.000000000000000000e+00,7.778035402297973633e-01,-8.833872526884078979e-02,1.216637969017028809e+00,9.060899615287780762e-01,-4.513861238956451416e-01,-1.681892946362495422e-02,9.949892759323120117e-01,9.997892379760742188e-02,7.268797489814460278e-04,-9.994082152843475342e-02,9.947650432586669922e-01,-2.131413854658603668e-02,-2.854039194062352180e-03,2.113469503819942474e-02,9.997725486755371094e-01,3.080488145351409912e-01,-1.232931688427925110e-01,5.028001032769680023e-03,0.000000000000000000e+00,1.000000000000000000e+00,3.615435063838958740e-01,-2.008000016212463379e-01,1.089469432830810547e+00,3.964758515357971191e-01,-2.335337847471237183e-01,4.112910851836204529e-02,1.000000000000000000e+00,7.778035402297973633e-01,-8.833872526884078979e-02,1.216637969017028809e+00,9.060899615287780762e-01,-4.513861238956451416e-01,-1.681892946362495422e-02,1.000000000000000000e+00,2.580751419067382812e+00,-2.922469377517700195e-01,1.035806775093078613e+00,-6.630154848098754883e-01,2.781324088573455811e-01,2.765860408544540405e-02,1.000000000000000000e+00,2.678962469100952148e+00,-5.182800814509391785e-02,8.003615140914916992e-01,-6.273096799850463867e-01,-5.155881047248840332e-01,2.643786072731018066e-01,1.000000000000000000e+00,1.000000000000000000e+00,0.000000000000000000e+00,0.000000000000000000e+00,1.000000000000000000e+00,2.580751419067382812e+00,-2.922469377517700195e-01,1.035806775093078613e+00,-6.630154848098754883e-01,2.781324088573455811e-01,2.765860408544540405e-02,4.875078282580377897e-02,-2.282838547925436501e-02,-1.483276009954976465e-03,1.000000000000000000e+00,2.678962469100952148e+00,-5.182800814509391785e-02,8.003615140914916992e-01,-6.273096799850463867e-01,-5.155881047248840332e-01,2.643786072731018066e-01,9.301265181197865273e-03,-1.457958750861698682e-02,7.731902033581306705e-05,1.000000000000000000e+00,2.000000029802322388e-01,1.730281561613082886e-01,-1.000000014901161194e-01,3.742203116416931152e-01,7.090482860803604126e-02,-1.731322333216667175e-02,-1.000000014901161194e-01,4.046689271926879883e-01,1.232044696807861328e-01,-2.730298042297363281e-02,-3.380537033081054688e-03,4.048586487770080566e-01,-1.352477073669433594e-02,-1.641201972961425781e-02,2.219676971435546875e-04,4.086172878742218018e-01
1.199999999999999956e+00,3.696165680885314941e-01,-2.057902365922927856e-01,1.090123772621154785e+00,4.126044809818267822e-01,-2.690100073814392090e-01,2.227232046425342560e-02,9.859632849693298340e-01,1.270134150981903076e-01,1.083711385726928711e-01,-1.027938425540924072e-01,9.732534289360046387e-01,-2.054541409015655518e-01,-1.315679997205734253e-01,1.914303302764892578e-01,9.726482033729553223e-01,3.886381536722183228e-02,3.143840432167053223e-01,-6.015390902757644653e-02,1.000000000000000000e+00,0.000000000000000000e+00,3.696165680885314941e-01,-2.057902365922927856e-01,1.090123772621154785e+00,4.126044809818267822e-01,-2.690100073814392090e-01,2.227232046425342560e-02,1.000000000000000000e+00,7.958642244338989258e-01,-9.737631678581237793e-02,1.216296315193176270e+00,8.991971015930175781e-01,-4.526966512203216553e-01,-1.746506989002227783e-02,1.000000000000000000e+00,2.567495346069335938e+00,-2.867956757545471191e-01,1.036393046379089355e+00,-6.625691056251525879e-01,2.654260098934173584e-01,3.125792741775512695e-02,1.000000000000000000e+00,2.666433095932006836e+00,-6.211932003498077393e-02,8.056716918945312500e-01,-6.254487633705139160e-01,-5.131938457489013672e-01,2.668653726577758789e-01,1.000000000000000000e+00,1.000000000000000000e+00,0.000000000000000000e+00,0.000000000000000000e+00,1.000000000000000000e+00,7.958642244338989258e-01,-9.737631678581237793e-02,1.216296315193176270e+00,8.991971015930175781e-01,-4.526966512203216553e-01,-1.746506989002227783e-02,9.949984550476074219e-01,9.986060112714767456e-02,-2.468617632985115051e-03,-9.989071637392044067e-02,9.946220517158508301e-01,-2.736841700971126556e-02,-2.776848268695175648e-04,2.747812308371067047e-02,9.996224641799926758e-01,3.282735645771026611e-01,-1.346158236265182495e-01,6.143534090369939804e-03,0.000000000000000000e+00,1.000000000000000000e+00,3.696165680885314941e-01,-2.057902365922927856e-01,1.090123772621154785e+00,4.126044809818267822e-01,-2.690100073814392090e-01,2.227232046425342560e-02,1.000000000000000000e+00,7.958642244338989258e-01,-9.737631678581237793e-02,1.216296315193176270e+00,8.991971015930175781e-01,-4.526966512203216553e-01,-1.746506989002227783e-02,1.000000000000000000e+00,2.567495346069335938e+00,-2.867956757545471191e-01,1.036393046379089355e+00,-6.625691056251525879e-01,2.654260098934173584e-01,3.125792741775512695e-02,1.000000000000000000e+00,2.666433095932006836e+00,-6.211932003498077393e-02,8.056716918945312500e-01,-6.254487633705139160e-01,-5.131938457489013672e-01,2.668653726577758789e-01,1.000000000000000000e+00,1.000000000000000000e+00,0.000000000000000000e+00,0.000000000000000000e+00,1.000000000000000000e+00,2.567495346069335938e+00,-2.867956757545471191e-01,1.036393046379089355e+00,-6.625691056251525879e-01,2.654260098934173584e-01,3.125792741775512695e-02,5.836113003134502791e-02,-2.341359555022748395e-02,-1.765577639176334201e-03,1.000000000000000000e+00,2.666433095932006836e+00,-6.211932003498077393e-02,8.056716918945312500e-01,-6.254487633705139160e-01,-5.131938457489013672e-01,2.668653726577758789e-01,5.907515013120668949e-03,-1.477775157562377650e-02,1.202929025186771222e-04,1.000000000000000000e+00,2.000000029802322388e-01,1.774318367242813110e-01,-1.000000014901161194e-01,3.786257207393646240e-01,7.865827530622482300e-02,-2.052475512027740479e-02,-1.000000014901161194e-01,4.026911556720733643e-01,1.350636482238769531e-01,-2.795529365539550781e-02,-3.798246383666992188e-03,4.031285643577575684e-01,-1.248002052307128906e-02,-1.712059974670410156e-02,2.136230468750000000e-04,4.081252515316009521e-01
1.219999999999999973e+00,3.780207037925720215e-01,-2.114888578653335571e-01,1.090394973754882812e+00,4.296753704547882080e-01,-3.043816387653350830e-01,2.912802156060934067e-03,9.851308465003967285e-01,1.282424926757812500e-01,1.143293082714080811e-01,-1.026623845100402832e-01,9.729844331741333008e-01,-2.067892104387283325e-01,-1.377598047256469727e-01,1.919770985841751099e-01,9.716826081275939941e-01,3.314893320202827454e-02,2.987265884876251221e-01,-5.540987476706504822e-02,1.000000000000000000e+00,0.000000000000000000e+00,3.780207037925720215e-01,-2.114888578653335571e-01,1.090394973754882812e+00,4.296753704547882080e-01,-3.043816387653350830e-01,2.912802156060934067e-03,1.000000000000000000e+00,8.137817978858947754e-01,-1.064507439732551575e-01,1.215938687324523926e+00,8.917142152786254883e-01,-4.551967382431030273e-01,-1.850202493369579315e-02,1.000000000000000000e+00,2.554246902465820312e+00,-2.816148996353149414e-01,1.037046790122985840e+00,-6.622399091720581055e-01,2.509016692638397217e-01,3.432666882872581482e-02,1.000000000000000000e+00,2.653939962387084961e+00,-7.235706597566604614e-02,8.110305070877075195e-01,-6.236465573310852051e-01,-5.101892948150634766e-01,2.692156732082366943e-01,1.000000000000000000e+00,1.000000000000000000e+00,0.000000000000000000e+00,0.000000000000000000e+00,1.000000000000000000e+00,8.137817978858947754e-01,-1.064507439732551575e-01,1.215938687324523926e+00,8.917142152786254883e-01,-4.551967382431030273e-01,-1.850202493369579315e-02,9.950006604194641113e-01,9.969604760408401489e-02,-5.872115492820739746e-03,-9.983815997838973999e-02,9.944311976432800293e-01,-3.374981507658958435e-02,2.474691951647400856e-03,3.416734561324119568e-02,9.994131326675415039e-01,3.411988019943237305e-01,-1.400038301944732666e-01,7.407244294881820679e-03,0.000000000000000000e+00,1.000000000000000000e+00,3.780207037925720215e-01,-2.114888578653335571e-01,1.090394973754882812e+00,4.296753704547882080e-01,-3.043816387653350830e-01,2.912802156060934067e-03,1.000000000000000000e+00,8.137817978858947754e-01,-1.064507439732551575e-01,1.215938687324523926e+00,8.917142152786254883e-01,-4.551967382431030273e-01,-1.850202493369579315e-02,1.000000000000000000e+00,2.554246902465820312e+00,-2.816148996353149414e-01,1.037046790122985840e+00,-6.622399091720581055e-01,2.509016692638397217e-01,3.432666882872581482e-02,1.000000000000000000e+00,2.653939962387084961e+00,-7.235706597566604614e-02,8.110305070877075195e-01,-6.236465573310852051e-01,-5.101892948150634766e-01,2.692156732082366943e-01,1.000000000000000000e+00,1.000000000000000000e+00,0.000000000000000000e+00,0.000000000000000000e+00,1.000000000000000000e+00,2.554246902465820312e+00,-2.816148996353149414e-01,1.037046790122985840e+00,-6.622399091720581055e-01,2.509016692638397217e-01,3.432666882872581482e-02,6.825627596829245136e-02,-2.402052697107115442e-02,-2.068465882426630265e-03,1.000000000000000000e+00,2.653939962387084961e+00,-7.235706597566604614e-02,8.110305070877075195e-01,-6.236465573310852051e-01,-5.101892948150634766e-01,2.692156732082366943e-01,3.080536149877972484e-03,-1.504566544684604601e-02,1.537941131880861401e-04,1.000000000000000000e+00,2.000000029802322388e-01,1.824471503496170044e-01,-1.000000014901161194e-01,3.839894235134124756e-01,8.513053506612777710e-02,-2.292090468108654022e-02,-1.000000014901161194e-01,4.001236557960510254e-01,1.472849845886230469e-01,-2.847075462341308594e-02,-4.223346710205078125e-03,4.013001620769500732e-01,-1.065254211425781250e-02,-1.785969734191894531e-02,1.902580261230468750e-04,4.075375795364379883e-01
1.239999999999999991e+00,3.867748677730560303e-01,-2.178948074579238892e-01,1.090279817581176758e+00,4.476988911628723145e-01,-3.397595286369323730e-01,-1.629255525767803192e-02,9.843053221702575684e-01,1.293786764144897461e-01,1.200176030397415161e-01,-1.024984195828437805e-01,9.727452397346496582e-01,-2.079923748970031738e-01,-1.436563283205032349e-01,1.924263834953308105e-01,9.707394242286682129e-01,2.842100709676742554e-02,2.871103584766387939e-01,-5.178576335310935974e-02,1.000000000000000000e+00,0.000000000000000000e+00,3.867748677730560303e-01,-2.178948074579238892e-01,1.090279817581176758e+00,4.476988911628723145e-01,-3.397595286369323730e-01,-1.629255525767803192e-02,1.000000000000000000e+00,8.315442204475402832e-01,-1.155861318111419678e-01,1.215555310249328613e+00,8.836214542388916016e-01,-4.589158296585083008e-01,-2.012158744037151337e-02,1.000000000000000000e+00,2.541004180908203125e+00,-2.767411172389984131e-01,1.037756323814392090e+00,-6.620270013809204102e-01,2.345335930585861206e-01,3.672429546713829041e-02,1.000000000000000000e+00,2.641482591629028320e+00,-8.253011107444763184e-02,8.164346814155578613e-01,-6.219151616096496582e-01,-5.066950917243957520e-01,2.713891267776489258e-01,1.000000000000000000e+00,1.000000000000000000e+00,0.000000000000000000e+00,0.000000000000000000e+00,1.000000000000000000e+00,8.315442204475402832e-01,-1.155861318111419678e-01,1.215555310249328613e+00,8.836214542388916016e-01,-4.589158296585083008e-01,-2.012158744037151337e-02,9.949953556060791016e-01,9.948477894067764282e-02,-9.336810559034347534e-03,-9.978262335062026978e-02,9.941935539245605469e-01,-4.028367623686790466e-02,5.274984054267406464e-03,4.101372137665748596e-02,9.991447329521179199e-01,3.425309658050537109e-01,-1.385124623775482178e-01,8.464719168841838837e-03,0.000000000000000000e+00,1.000000000000000000e+00,3.867748677730560303e-01,-2.178948074579238892e-01,1.090279817581176758e+00,4.476988911628723145e-01,-3.397595286369323730e-01,-1.629255525767803192e-02,1.000000000000000000e+00,8.315442204475402832e-01,-1.155861318111419678e-01,1.215555310249328613e+00,8.836214542388916016e-01,-4.589158296585083008e-01,-2.012158744037151337e-02,1.000000000000000000e+00,2.541004180908203125e+00,-2.767411172389984131e-01,1.037756323814392090e+00,-6.620270013809204102e-01,2.345335930585861206e-01,3.672429546713829041e-02,1.000000000000000000e+00,2.641482591629028320e+00,-8.253011107444763184e-02,8.164346814155578613e-01,-6.219151616096496582e-01,-5.066950917243957520e-01,2.713891267776489258e-01,1.000000000000000000e+00,1.000000000000000000e+00,0.000000000000000000e+00,0.000000000000000000e+00,1.000000000000000000e+00,2.541004180908203125e+00,-2.767411172389984131e-01,1.037756323814392090e+00,-6.620270013809204102e-01,2.345335930585861206e-01,3.672429546713829041e-02,7.844848923961739162e-02,-2.462979312711466306e-02,-2.391420718238161658e-03,1.000000000000000000e+00,2.641482591629028320e+00,-8.253011107444763184e-02,8.164346814155578613e-01,-6.219151616096496582e-01,-5.066950917243957520e-01,2.713891267776489258e-01,8.468918475244928672e-04,-1.537735349119806472e-02,1.777368612933941431e-04,1.000000000000000000e+00,1.999999880790710449e-01,1.873519122600555420e-01,-1.000000014901161194e-01,3.892887532711029053e-01,9.051246941089630127e-02,-2.511682547628879547e-02,-1.000000014901161194e-01,3.973960280418395996e-01,1.598670482635498047e-01,-2.881455421447753906e-02,-4.645347595214843750e-03,3.994591534137725830e-01,-8.038520812988281250e-03,-1.864385604858398438e-02,1.499652862548828125e-04,4.068262577056884766e-01
1.260000000000000009e+00,3.958981633186340332e-01,-2.250089943408966064e-01,1.089785456657409668e+00,4.666894078254699707e-01,-3.752261698246002197e-01,-3.485899418592453003e-02,9.834763407707214355e-01,1.304439008235931396e-01,1.255341321229934692e-01,-1.023031473159790039e-01,9.725304841995239258e-01,-2.090900689363479614e-01,-1.493602842092514038e-01,1.927925795316696167e-01,9.698054790496826172e-01,2.434692531824111938e-02,2.809438705444335938e-01,-4.911924898624420166e-02,1.000000000000000000e+00,0.000000000000000000e+00,3.958981633186340332e-01,-2.250089943408966064e-01,1.089785456657409668e+00,4.666894078254699707e-01,-3.752261698246002197e-01,-3.485899418592453003e-02,1.000000000000000000e+00,8.491393923759460449e-01,-1.248068064451217651e-01,1.215132713317871094e+00,8.749309778213500977e-01,-4.638398587703704834e-01,-2.251268923282623291e-02,1.000000000000000000e+00,2.527764797210693359e+00,-2.722114920616149902e-01,1.038506627082824707e+00,-6.619259119033813477e-01,2.162961661815643311e-01,3.833254054188728333e-02,1.000000000000000000e+00,2.629059076309204102e+00,-9.262978285551071167e-02,8.218804597854614258e-01,-6.202656030654907227e-01,-5.028369426727294922e-01,2.733426392078399658e-01,1.000000000000000000e+00,1.000000000000000000e+00,0.000000000000000000e+00,0.000000000000000000e+00,1.000000000000000000e+00,8.491393923759460449e-01,-1.248068064451217651e-01,1.215132713317871094e+00,8.749309778213500977e-01,-4.638398587703704834e-01,-2.251268923282623291e-02,9.949831366539001465e-01,9.923311322927474976e-02,-1.271309517323970795e-02,-9.972400218248367310e-02,9.939166903495788574e-01,-4.674349352717399597e-02,7.997253909707069397e-03,4.777678474783897400e-02,9.988261461257934570e-01,3.324066400527954102e-01,-1.323653906583786011e-01,9.188102558255195618e-03,0.000000000000000000e+00,1.000000000000000000e+00,3.958981633186340332e-01,-2.250089943408966064e-01,1.089785456657409668e+00,4.666894078254699707e-01,-3.752261698246002197e-01,-3.485899418592453003e-02,1.000000000000000000e+00,8.491393923759460449e-01,-1.248068064451217651e-01,1.215132713317871094e+00,8.749309778213500977e-01,-4.638398587703704834e-01,-2.251268923282623291e-02,1.000000000000000000e+00,2.527764797210693359e+00,-2.722114920616149902e-01,1.038506627082824707e+00,-6.619259119033813477e-01,2.162961661815643311e-01,3.833254054188728333e-02,1.000000000000000000e+00,2.629059076309204102e+00,-9.262978285551071167e-02,8.218804597854614258e-01,-6.202656030654907227e-01,-5.028369426727294922e-01,2.733426392078399658e-01,1.000000000000000000e+00,1.000000000000000000e+00,0.000000000000000000e+00,0.000000000000000000e+00,1.000000000000000000e+00,2.527764797210693359e+00,-2.722114920616149902e-01,1.038506627082824707e+00,-6.619259119033813477e-01,2.162961661815643311e-01,3.833254054188728333e-02,8.894918218887815087e-02,-2.521967357074683669e-02,-2.733078419011880644e-03,1.000000000000000000e+00,2.629059076309204102e+00,-9.262978285551071167e-02,8.218804597854614258e-01,-6.202656030654907227e-01,-5.028369426727294922e-01,2.733426392078399658e-01,-7.657159626367455270e-04,-1.576917542309685949e-02,1.916241925230309853e-04,1.000000000000000000e+00,1.999999433755874634e-01,1.921067237854003906e-01,-1.000000014901161194e-01,3.936603367328643799e-01,9.460999816656112671e-02,-2.723155729472637177e-02,-1.000000014901161194e-01,3.952593505382537842e-01,1.727912425994873047e-01,-2.895021438598632812e-02,-5.051851272583007812e-03,3.976797461509704590e-01,-4.653930664062500000e-03,-1.948690414428710938e-02,9.059906005859375000e-05,4.059648811817169189e-01
1.280000000000000027e+00,4.054100811481475830e-01,-2.328337132930755615e-01,1.088927984237670898e+00,4.866665303707122803e-01,-4.108351171016693115e-01,-5.246684327721595764e-02,9.826333522796630859e-01,1.314554661512374878e-01,1.309622824192047119e-01,-1.020762026309967041e-01,9.723361730575561523e-01,-2.101018428802490234e-01,-1.549583971500396729e-01,1.930849552154541016e-01,9.688684344291687012e-01,2.076133526861667633e-02,2.772301435470581055e-01,-4.718424379825592041e-02,1.000000000000000000e+00,0.000000000000000000e+00,4.054100811481475830e-01,-2.328337132930755615e-01,1.088927984237670898e+00,4.866665303707122803e-01,-4.108351171016693115e-01,-5.246684327721595764e-02,1.000000000000000000e+00,8.665556907653808594e-01,-1.341364383697509766e-01,1.214654445648193359e+00,8.656783699989318848e-01,-4.699129462242126465e-01,-2.578947693109512329e-02,1.000000000000000000e+00,2.514525413513183594e+00,-2.680636644363403320e-01,1.039281249046325684e+00,-6.619281768798828125e-01,1.961633414030075073e-01,3.906087577342987061e-02,1.000000000000000000e+00,2.616667985916137695e+00,-1.026499643921852112e-01,8.273629546165466309e-01,-6.187080144882202148e-01,-4.987445771694183350e-01,2.750279903411865234e-01,1.000000000000000000e+00,1.000000000000000000e+00,0.000000000000000000e+00,0.000000000000000000e+00,1.000000000000000000e+00,8.665556907653808594e-01,-1.341364383697509766e-01,1.214654445648193359e+00,8.656783699989318848e-01,-4.699129462242126465e-01,-2.578947693109512329e-02,9.949647784233093262e-01,9.895133972167968750e-02,-1.593043841421604156e-02,-9.966436028480529785e-02,9.936120510101318359e-01,-5.293579399585723877e-02,1.059060636907815933e-02,5.425694584846496582e-02,9.984708428382873535e-01,3.140866458415985107e-01,-1.261459589004516602e-01,9.640211239457130432e-03,0.000000000000000000e+00,1.000000000000000000e+00,4.054100811481475830e-01,-2.328337132930755615e-01,1.088927984237670898e+00,4.866665303707122803e-01,-4.108351171016693115e-01,-5.246684327721595764e-02,1.000000000000000000e+00,8.665556907653808594e-01,-1.341364383697509766e-01,1.214654445648193359e+00,8.656783699989318848e-01,-4.699129462242126465e-01,-2.578947693109512329e-02,1.000000000000000000e+00,2.514525413513183594e+00,-2.680636644363403320e-01,1.039281249046325684e+00,-6.619281768798828125e-01,1.961633414030075073e-01,3.906087577342987061e-02,1.000000000000000000e+00,2.616667985916137695e+00,-1.026499643921852112e-01,8.273629546165466309e-01,-6.187080144882202148e-01,-4.987445771694183350e-01,2.750279903411865234e-01,1.000000000000000000e+00,1.000000000000000000e+00,0.000000000000000000e+00,0.000000000000000000e+00,1.000000000000000000e+00,2.514525413513183594e+00,-2.680636644363403320e-01,1.039281249046325684e+00,-6.619281768798828125e-01,1.961633414030075073e-01,3.906087577342987061e-02,9.976629817824500535e-02,-2.576629874071678650e-02,-3.090818084506154195e-03,1.000000000000000000e+00,2.616667985916137695e+00,-1.026499643921852112e-01,8.273629546165466309e-01,-6.187080144882202148e-01,-4.987445771694183350e-01,2.750279903411865234e-01,-1.731398308390980382e-03,-1.621943950059812067e-02,1.946173565768225498e-04,1.000000000000000000e+00,1.999999880790710449e-01,1.962246298789978027e-01,-1.000000014901161194e-01,3.963643312454223633e-01,9.702483564615249634e-02,-2.907953970134258270e-02,-1.000000014901161194e-01,3.948034644126892090e-01,1.860225200653076172e-01,-2.884364128112792969e-02,-5.427598953247070312e-03,3.960225582122802734e-01,-5.338191986083984375e-04,-2.039694786071777344e-02,1.096725463867187500e-05,4.049405157566070557e-01
1.300000000000000044e+00,4.153305292129516602e-01,-2.413720488548278809e-01,1.087728261947631836e+00,5.076385736465454102e-01,-4.466023445129394531e-01,-6.898981332778930664e-02,9.817758202552795410e-01,1.324235051870346069e-01,1.363099664449691772e-01,-1.018259450793266296e-01,9.721598029136657715e-01,-2.110378295183181763e-01,-1.604614406824111938e-01,1.933119446039199829e-01,9.679270386695861816e-01,1.762655936181545258e-02,2.713157832622528076e-01,-4.546995088458061218e-02,1.000000000000000000e+00,0.000000000000000000e+00,4.153305292129516602e-01,-2.413720488548278809e-01,1.087728261947631836e+00,5.076385736465454102e-01,-4.466023445129394531e-01,-6.898981332778930664e-02,1.000000000000000000e+00,8.837820887565612793e-01,-1.435972899198532104e-01,1.214102745056152344e+00,8.559029102325439453e-01,-4.770547151565551758e-01,-2.989312075078487396e-02,1.000000000000000000e+00,2.501286029815673828e+00,-2.643356919288635254e-01,1.040062308311462402e+00,-6.620214581489562988e-01,1.741081774234771729e-01,3.884799778461456299e-02,1.000000000000000000e+00,2.604307174682617188e+00,-1.125871762633323669e-01,8.328763842582702637e-01,-6.172523498535156250e-01,-4.945510327816009521e-01,2.763905227184295654e-01,1.000000000000000000e+00,1.000000000000000000e+00,0.000000000000000000e+00,0.000000000000000000e+00,1.000000000000000000e+00,8.837820887565612793e-01,-1.435972899198532104e-01,1.214102745056152344e+00,8.559029102325439453e-01,-4.770547151565551758e-01,-2.989312075078487396e-02,9.949408769607543945e-01,9.865057468414306641e-02,-1.899441890418529510e-02,-9.960804879665374756e-02,9.932931661605834961e-01,-5.871117487549781799e-02,1.307513471692800522e-02,6.030614301562309265e-02,9.980943202972412109e-01,2.885910272598266602e-01,-1.214505210518836975e-01,9.802969172596931458e-03,0.000000000000000000e+00,1.000000000000000000e+00,4.153305292129516602e-01,-2.413720488548278809e-01,1.087728261947631836e+00,5.076385736465454102e-01,-4.466023445129394531e-01,-6.898981332778930664e-02,1.000000000000000000e+00,8.837820887565612793e-01,-1.435972899198532104e-01,1.214102745056152344e+00,8.559029102325439453e-01,-4.770547151565551758e-01,-2.989312075078487396e-02,1.000000000000000000e+00,2.501286029815673828e+00,-2.643356919288635254e-01,1.040062308311462402e+00,-6.620214581489562988e-01,1.741081774234771729e-01,3.884799778461456299e-02,1.000000000000000000e+00,2.604307174682617188e+00,-1.125871762633323669e-01,8.328763842582702637e-01,-6.172523498535156250e-01,-4.945510327816009521e-01,2.763905227184295654e-01,1.000000000000000000e+00,1.000000000000000000e+00,0.000000000000000000e+00,0.000000000000000000e+00,1.000000000000000000e+00,2.501286029815673828e+00,-2.643356919288635254e-01,1.040062308311462402e+00,-6.620214581489562988e-01,1.741081774234771729e-01,3.884799778461456299e-02,1.109034075092607263e-01,-2.624433838863771129e-02,-3.460714514465147718e-03,1.000000000000000000e+00,2.604307174682617188e+00,-1.125871762633323669e-01,8.328763842582702637e-01,-6.172523498535156250e-01,-4.945510327816009521e-01,2.763905227184295654e-01,-2.030763987480208813e-03,-1.672846989728160594e-02,1.856317832004935123e-04,1.000000000000000000e+00,1.999999582767486572e-01,1.993143111467361450e-01,-1.000000014901161194e-01,3.975937664508819580e-01,9.876263886690139771e-02,-3.112689591944217682e-02,-1.000000014901161194e-01,3.948098719120025635e-01,1.995129585266113281e-01,-2.846455574035644531e-02,-5.754709243774414062e-03,3.945267200469970703e-01,4.273653030395507812e-03,-2.136492729187011719e-02,-9.131431579589843750e-05,4.037699401378631592e-01
1.320000000000000062e+00,4.256791770458221436e-01,-2.506270408630371094e-01,1.086207628250122070e+00,5.295839905738830566e-01,-4.825058579444885254e-01,-8.447924256324768066e-02,9.809173345565795898e-01,1.333470493555068970e-01,1.414919197559356689e-01,-1.015696451067924500e-01,9.719995260238647461e-01,-2.118979096412658691e-01,-1.657860279083251953e-01,1.934830248355865479e-01,9.669950604438781738e-01,1.494646165519952774e-02,2.587696313858032227e-01,-4.336032643914222717e-02,1.000000000000000000e+00,0.000000000000000000e+00,4.256791770458221436e-01,-2.506270408630371094e-01,1.086207628250122070e+00,5.295839905738830566e-01,-4.825058579444885254e-01,-8.447924256324768066e-02,1.000000000000000000e+00,9.008085727691650391e-01,-1.532098948955535889e-01,1.213463068008422852e+00,8.456380367279052734e-01,-4.851669967174530029e-01,-3.463955596089363098e-02,1.000000000000000000e+00,2.488044023513793945e+00,-2.610663473606109619e-01,1.040830492973327637e+00,-6.621893048286437988e-01,1.501027792692184448e-01,3.766048327088356018e-02,1.000000000000000000e+00,2.591974258422851562e+00,-1.224405840039253235e-01,8.384137749671936035e-01,-6.159080862998962402e-01,-4.903911352157592773e-01,2.773713767528533936e-01,1.000000000000000000e+00,1.000000000000000000e+00,0.000000000000000000e+00,0.000000000000000000e+00,1.000000000000000000e+00,9.008085727691650391e-01,-1.532098948955535889e-01,1.213463068008422852e+00,8.456380367279052734e-01,-4.851669967174530029e-01,-3.463955596089363098e-02,9.949114322662353516e-01,9.834107011556625366e-02,-2.191963791847229004e-02,-9.955833107233047485e-02,9.929756522178649902e-01,-6.393466889858245850e-02,1.547826174646615982e-02,6.579160690307617188e-02,9.977133870124816895e-01,2.580596506595611572e-01,-1.181700751185417175e-01,9.849010966718196869e-03,0.000000000000000000e+00,1.000000000000000000e+00,4.256791770458221436e-01,-2.506270408630371094e-01,1.086207628250122070e+00,5.295839905738830566e-01,-4.825058579444885254e-01,-8.447924256324768066e-02,1.000000000000000000e+00,9.008085727691650391e-01,-1.532098948955535889e-01,1.213463068008422852e+00,8.456380367279052734e-01,-4.851669967174530029e-01,-3.463955596089363098e-02,1.000000000000000000e+00,2.488044023513793945e+00,-2.610663473606109619e-01,1.040830492973327637e+00,-6.621893048286437988e-01,1.501027792692184448e-01,3.766048327088356018e-02,1.000000000000000000e+00,2.591974258422851562e+00,-1.224405840039253235e-01,8.384137749671936035e-01,-6.159080862998962402e-01,-4.903911352157592773e-01,2.773713767528533936e-01,1.000000000000000000e+00,1.000000000000000000e+00,0.000000000000000000e+00,0.000000000000000000e+00,1.000000000000000000e+00,2.488044023513793945e+00,-2.610663473606109619e-01,1.040830492973327637e+00,-6.621893048286437988e-01,1.501027792692184448e-01,3.766048327088356018e-02,1.223584387705136250e-01,-2.662717339639297798e-02,-3.837166542215761367e-03,1.000000000000000000e+00,2.591974258422851562e+00,-1.224405840039253235e-01,8.384137749671936035e-01,-6.159080862998962402e-01,-4.903911352157592773e-01,2.773713767528533936e-01,-1.654025071116542499e-03,-1.729781606435665253e-02,1.633990686036280397e-04,1.000000000000000000e+00,1.999999880790710449e-01,1.999158114194869995e-01,-1.000000014901161194e-01,3.958766460418701172e-01,9.943086653947830200e-02,-3.323094546794891357e-02,-1.000000014901161194e-01,3.949819803237915039e-01,2.000000029802322388e-01,-2.778673171997070312e-02,-6.014823913574218750e-03,3.932076990604400635e-01,9.707450866699218750e-03,-2.236795425415039062e-02,-2.171993255615234375e-04,4.024927914142608643e-01
1.340000000000000080e+00,4.364750981330871582e-01,-2.606008946895599365e-01,1.084385037422180176e+00,5.524281859397888184e-01,-5.184798836708068848e-01,-9.917825460433959961e-02,9.800891280174255371e-01,1.342063546180725098e-01,1.463356465101242065e-01,-1.013250127434730530e-01,9.718557000160217285e-01,-2.126731872558593750e-01,-1.707592159509658813e-01,1.936112046241760254e-01,9.661036133766174316e-01,1.270004827529191971e-02,2.342626601457595825e-01,-3.951678052544593811e-02,1.000000000000000000e+00,0.000000000000000000e+00,4.364750981330871582e-01,-2.606008946895599365e-01,1.084385037422180176e+00,5.524281859397888184e-01,-5.184798836708068848e-01,-9.917825460433959961e-02,1.000000000000000000e+00,9.176256656646728516e-01,-1.629926562309265137e-01,1.212723851203918457e+00,8.349112272262573242e-01,-4.941352605819702148e-01,-3.985067456960678101e-02,1.000000000000000000e+00,2.474798202514648438e+00,-2.582948505878448486e-01,1.041565895080566406e+00,-6.624104976654052734e-01,1.241282895207405090e-01,3.548357635736465454e-02,1.000000000000000000e+00,2.579667806625366211e+00,-1.322120875120162964e-01,8.439668416976928711e-01,-6.146850585937500000e-01,-4.863988459110260010e-01,2.779121100902557373e-01,1.000000000000000000e+00,1.000000000000000000e+00,0.000000000000000000e+00,0.000000000000000000e+00,1.000000000000000000e+00,9.176256656646728516e-01,-1.629926562309265137e-01,1.212723851203918457e+00,8.349112272262573242e-01,-4.941352605819702148e-01,-3.985067456960678101e-02,9.948761463165283203e-01,9.803021699190139771e-02,-2.472908608615398407e-02,-9.951668232679367065e-02,9.926727414131164551e-01,-6.853670626878738403e-02,1.782922260463237762e-02,7.064648717641830444e-02,9.973420500755310059e-01,2.256253957748413086e-01,-1.162843555212020874e-01,9.829747490584850311e-03,0.000000000000000000e+00,1.000000000000000000e+00,4.364750981330871582e-01,-2.606008946895599365e-01,1.084385037422180176e+00,5.524281859397888184e-01,-5.184798836708068848e-01,-9.917825460433959961e-02,1.000000000000000000e+00,9.176256656646728516e-01,-1.629926562309265137e-01,1.212723851203918457e+00,8.349112272262573242e-01,-4.941352605819702148e-01,-3.985067456960678101e-02,1.000000000000000000e+00,2.474798202514648438e+00,-2.582948505878448486e-01,1.041565895080566406e+00,-6.624104976654052734e-01,1.241282895207405090e-01,3.548357635736465454e-02,1.000000000000000000e+00,2.579667806625366211e+00,-1.322120875120162964e-01,8.439668416976928711e-01,-6.146850585937500000e-01,-4.863988459110260010e-01,2.779121100902557373e-01,1.000000000000000000e+00,1.000000000000000000e+00,0.000000000000000000e+00,0.000000000000000000e+00,1.000000000000000000e+00,2.474798202514648438e+00,-2.582948505878448486e-01,1.041565895080566406e+00,-6.624104976654052734e-01,1.241282895207405090e-01,3.548357635736465454e-02,1.338814665922544722e-01,-2.688734538611092795e-02,-4.213536450883861861e-03,1.000000000000000000e+00,2.579667806625366211e+00,-1.322120875120162964e-01,8.439668416976928711e-01,-6.146850585937500000e-01,-4.863988459110260010e-01,2.779121100902557373e-01,-6.016051623958919379e-04,-1.792783294150401829e-02,1.265121458024235583e-04,1.000000000000000000e+00,1.999999731779098511e-01,1.995939016342163086e-01,-1.000000014901161194e-01,3.893901407718658447e-01,9.855961799621582031e-02,-3.500710800290107727e-02,-1.000000014901161194e-01,3.948870003223419189e-01,2.000000029802322388e-01,-2.679133415222167969e-02,-6.187915802001953125e-03,3.920429050922393799e-01,1.569247245788574219e-02,-2.338099479675292969e-02,-3.669261932373046875e-04,4.011499881744384766e-01
1.360000000000000098e+00,4.477348327636718750e-01,-2.712939381599426270e-01,1.082271575927734375e+00,5.760011672973632812e-01,-5.543832778930664062e-01,-1.136472374200820923e-01,9.793423414230346680e-01,1.349664181470870972e-01,1.505746841430664062e-01,-1.011157184839248657e-01,9.717306494712829590e-01,-2.133432328701019287e-01,-1.751121878623962402e-01,1.937105953693389893e-01,9.653041362762451172e-01,1.067066751420497894e-02,1.959885805845260620e-01,-3.374208509922027588e-02,1.000000000000000000e+00,0.000000000000000000e+00,4.477348327636718750e-01,-2.712939381599426270e-01,1.082271575927734375e+00,5.760011672973632812e-01,-5.543832778930664062e-01,-1.136472374200820923e-01,1.000000000000000000e+00,9.342240095138549805e-01,-1.729615926742553711e-01,1.211877226829528809e+00,8.237457275390625000e-01,-5.038360953330993652e-01,-4.539775848388671875e-02,1.000000000000000000e+00,2.461547613143920898e+00,-2.560599148273468018e-01,1.042248845100402832e+00,-6.626595854759216309e-01,9.629559516906738281e-02,3.233886137604713440e-02,1.000000000000000000e+00,2.567384243011474609e+00,-1.419062167406082153e-01,8.495263457298278809e-01,-6.135925054550170898e-01,-4.827051460742950439e-01,2.779597342014312744e-01,1.000000000000000000e+00,1.000000000000000000e+00,0.000000000000000000e+00,0.000000000000000000e+00,1.000000000000000000e+00,9.342240095138549805e-01,-1.729615926742553711e-01,1.211877226829528809e+00,8.237457275390625000e-01,-5.038360953330993652e-01,-4.539775848388671875e-02,9.948351979255676270e-01,9.772556275129318237e-02,-2.743548527359962463e-02,-9.948470443487167358e-02,9.923961758613586426e-01,-7.247586548328399658e-02,2.014412358403205872e-02,7.483094930648803711e-02,9.969927668571472168e-01,1.901133060455322266e-01,-1.140892952680587769e-01,9.633590467274188995e-03,0.000000000000000000e+00,1.000000000000000000e+00,4.477348327636718750e-01,-2.712939381599426270e-01,1.082271575927734375e+00,5.760011672973632812e-01,-5.543832778930664062e-01,-1.136472374200820923e-01,1.000000000000000000e+00,9.342240095138549805e-01,-1.729615926742553711e-01,1.211877226829528809e+00,8.237457275390625000e-01,-5.038360953330993652e-01,-4.539775848388671875e-02,1.000000000000000000e+00,2.461547613143920898e+00,-2.560599148273468018e-01,1.042248845100402832e+00,-6.626595854759216309e-01,9.629559516906738281e-02,3.233886137604713440e-02,1.000000000000000000e+00,2.567384243011474609e+00,-1.419062167406082153e-01,8.495263457298278809e-01,-6.135925054550170898e-01,-4.827051460742950439e-01,2.779597342014312744e-01,1.000000000000000000e+00,1.000000000000000000e+00,0.000000000000000000e+00,0.000000000000000000e+00,1.000000000000000000e+00,2.461547613143920898e+00,-2.560599148273468018e-01,1.042248845100402832e+00,-6.626595854759216309e-01,9.629559516906738281e-02,3.233886137604713440e-02,1.443165618214390378e-01,-2.699812213425478724e-02,-4.580666858579704459e-03,1.000000000000000000e+00,2.567384243011474609e+00,-1.419062167406082153e-01,8.495263457298278809e-01,-6.135925054550170898e-01,-4.827051460742950439e-01,2.779597342014312744e-01,1.116396757852041073e-03,-1.861520985632991732e-02,7.352752692341027550e-05,1.000000000000000000e+00,2.000000029802322388e-01,1.946990191936492920e-01,-1.000000014901161194e-01,3.819429576396942139e-01,9.703905880451202393e-02,-3.673819079995155334e-02,-1.000000014901161194e-01,3.947735428810119629e-01,2.000000029802322388e-01,-2.546739578247070312e-02,-6.257057189941406250e-03,3.909221291542053223e-01,2.214431762695312500e-02,-2.438139915466308594e-02,-5.400180816650390625e-04,3.997752070426940918e-01
1.380000000000000115e+00,4.594706892967224121e-01,-2.827029228210449219e-01,1.079864859580993652e+00,6.000365018844604492e-01,-5.900154113769531250e-01,-1.286803036928176880e-01,9.787366390228271484e-01,1.355657130479812622e-01,1.539372056722640991e-01,-1.009408831596374512e-01,9.716293811798095703e-01,-2.138864696025848389e-01,-1.785655766725540161e-01,1.937999427318572998e-01,9.646533131599426270e-01,9.191242977976799011e-03,1.415450572967529297e-01,-2.374849840998649597e-02,1.000000000000000000e+00,0.000000000000000000e+00,4.594706892967224121e-01,-2.827029228210449219e-01,1.079864859580993652e+00,6.000365018844604492e-01,-5.900154113769531250e-01,-1.286803036928176880e-01,1.000000000000000000e+00,9.505954384803771973e-01,-1.831301450729370117e-01,1.210917472839355469e+00,8.121660351753234863e-01,-5.141347050666809082e-01,-5.120099335908889771e-02,1.000000000000000000e+00,2.448292255401611328e+00,-2.543961405754089355e-01,1.042860865592956543e+00,-6.629065275192260742e-01,6.692670285701751709e-02,2.830756828188896179e-02,1.000000000000000000e+00,2.555121421813964844e+00,-1.515300869941711426e-01,8.550820946693420410e-01,-6.126386523246765137e-01,-4.794359803199768066e-01,2.774698734283447266e-01,1.000000000000000000e+00,1.000000000000000000e+00,0.000000000000000000e+00,0.000000000000000000e+00,1.000000000000000000e+00,9.505954384803771973e-01,-1.831301450729370117e-01,1.210917472839355469e+00,8.121660351753234863e-01,-5.141347050666809082e-01,-5.120099335908889771e-02,9.947892427444458008e-01,9.743623435497283936e-02,-3.001018799841403961e-02,-9.946174919605255127e-02,9.921591281890869141e-01,-7.568176090717315674e-02,2.240073494613170624e-02,7.827226817607879639e-02,9.966803789138793945e-01,1.512831747531890869e-01,-1.103368327021598816e-01,9.325657971203327179e-03,0.000000000000000000e+00,1.000000000000000000e+00,4.594706892967224121e-01,-2.827029228210449219e-01,1.079864859580993652e+00,6.000365018844604492e-01,-5.900154113769531250e-01,-1.286803036928176880e-01,1.000000000000000000e+00,9.505954384803771973e-01,-1.831301450729370117e-01,1.210917472839355469e+00,8.121660351753234863e-01,-5.141347050666809082e-01,-5.120099335908889771e-02,1.000000000000000000e+00,2.448292255401611328e+00,-2.543961405754089355e-01,1.042860865592956543e+00,-6.629065275192260742e-01,6.692670285701751709e-02,2.830756828188896179e-02,1.000000000000000000e+00,2.555121421813964844e+00,-1.515300869941711426e-01,8.550820946693420410e-01,-6.126386523246765137e-01,-4.794359803199768066e-01,2.774698734283447266e-01,1.000000000000000000e+00,1.000000000000000000e+00,0.000000000000000000e+00,0.000000000000000000e+00,1.000000000000000000e+00,2.448292255401611328e+00,-2.543961405754089355e-01,1.042860865592956543e+00,-6.629065275192260742e-01,6.692670285701751709e-02,2.830756828188896179e-02,1.528117484564076589e-01,-2.693131716955443622e-02,-4.924862923597089770e-03,1.000000000000000000e+00,2.555121421813964844e+00,-1.515300869941711426e-01,8.550820946693420410e-01,-6.126386523246765137e-01,-4.794359803199768066e-01,2.774698734283447266e-01,3.480388671681952303e-03,-1.935228191275517595e-02,3.082016156543505511e-06,1.000000000000000000e+00,2.000000029802322388e-01,1.810954213142395020e-01,-1.000000014901161194e-01,3.742111623287200928e-01,9.477099776268005371e-02,-3.819767385721206665e-02,-1.000000014901161194e-01,3.940713107585906982e-01,2.000000029802322388e-01,-2.381205558776855469e-02,-6.207704544067382812e-03,3.896903097629547119e-01,2.896642684936523438e-02,-2.535176277160644531e-02,-7.345676422119140625e-04,3.983936011791229248e-01
1.400000000000000133e+00,4.716890752315521240e-01,-2.948206365108489990e-01,1.077147126197814941e+00,6.242100000381469727e-01,-6.251833438873291016e-01,-1.449969261884689331e-01,9.783704876899719238e-01,1.358831226825714111e-01,1.559718698263168335e-01,-1.007789000868797302e-01,9.715621471405029297e-01,-2.142681479454040527e-01,-1.806517690420150757e-01,1.939149200916290283e-01,9.642417430877685547e-01,8.215051144361495972e-03,5.162154138088226318e-02,-5.436577368527650833e-03,1.000000000000000000e+00,0.000000000000000000e+00,4.716890752315521240e-01,-2.948206365108489990e-01,1.077147126197814941e+00,6.242100000381469727e-01,-6.251833438873291016e-01,-1.449969261884689331e-01,1.000000000000000000e+00,9.667317271232604980e-01,-1.935089528560638428e-01,1.209839582443237305e+00,8.002039790153503418e-01,-5.248830914497375488e-01,-5.723333731293678284e-02,1.000000000000000000e+00,2.435032367706298828e+00,-2.533306181430816650e-01,1.043384671211242676e+00,-6.631151437759399414e-01,3.641696274280548096e-02,2.346014976501464844e-02,1.000000000000000000e+00,2.542876243591308594e+00,-1.610933095216751099e-01,8.606228828430175781e-01,-6.118299365043640137e-01,-4.767102301120758057e-01,2.764080166816711426e-01,1.000000000000000000e+00,1.000000000000000000e+00,0.000000000000000000e+00,0.000000000000000000e+00,1.000000000000000000e+00,9.667317271232604980e-01,-1.935089528560638428e-01,1.209839582443237305e+00,8.002039790153503418e-01,-5.248830914497375488e-01,-5.723333731293678284e-02,9.947396516799926758e-01,9.717052429914474487e-02,-3.242040425539016724e-02,-9.944615513086318970e-02,9.919719696044921875e-01,-7.811731100082397461e-02,2.456942759454250336e-02,8.093047142028808594e-02,9.964169859886169434e-01,1.120180413126945496e-01,-1.052027493715286255e-01,8.864027447998523712e-03,0.000000000000000000e+00,1.000000000000000000e+00,4.716890752315521240e-01,-2.948206365108489990e-01,1.077147126197814941e+00,6.242100000381469727e-01,-6.251833438873291016e-01,-1.449969261884689331e-01,1.000000000000000000e+00,9.667317271232604980e-01,-1.935089528560638428e-01,1.209839582443237305e+00,8.002039790153503418e-01,-5.248830914497375488e-01,-5.723333731293678284e-02,1.000000000000000000e+00,2.435032367706298828e+00,-2.533306181430816650e-01,1.043384671211242676e+00,-6.631151437759399414e-01,3.641696274280548096e-02,2.346014976501464844e-02,1.000000000000000000e+00,2.542876243591308594e+00,-1.610933095216751099e-01,8.606228828430175781e-01,-6.118299365043640137e-01,-4.767102301120758057e-01,2.764080166816711426e-01,1.000000000000000000e+00,1.000000000000000000e+00,0.000000000000000000e+00,0.000000000000000000e+00,1.000000000000000000e+00,2.435032367706298828e+00,-2.533306181430816650e-01,1.043384671211242676e+00,-6.631151437759399414e-01,3.641696274280548096e-02,2.346014976501464844e-02,1.595107364108228898e-01,-2.666196225952166543e-02,-5.232444775029931883e-03,1.000000000000000000e+00,2.542876243591308594e+00,-1.610933095216751099e-01,8.606228828430175781e-01,-6.118299365043640137e-01,-4.767102301120758057e-01,2.764080166816711426e-01,6.461030100650855257e-03,-2.012840028333751086e-02,-8.596179014874099147e-05,1.000000000000000000e+00,1.999932229518890381e-01,1.608583927154541016e-01,-1.000000014901161194e-01,3.649086356163024902e-01,9.425609558820724487e-02,-3.913241997361183167e-02,-1.000000014901161194e-01,3.926546275615692139e-01,2.000000029802322388e-01,-2.182126045227050781e-02,-6.025791168212890625e-03,3.882234394550323486e-01,3.605222702026367188e-02,-2.627873420715332031e-02,-9.477138519287109375e-04,3.970202803611755371e-01
1.419999999999999929e+00,4.843891859054565430e-01,-3.076362311840057373e-01,1.074087142944335938e+00,6.480964422225952148e-01,-6.597070097923278809e-01,-1.631887853145599365e-01,9.784126877784729004e-01,1.357526481151580811e-01,1.558195650577545166e-01,-1.006535738706588745e-01,9.715441465377807617e-01,-2.144079953432083130e-01,-1.804920434951782227e-01,1.940957158803939819e-01,9.642351269721984863e-01,7.542538456618785858e-03,-8.738899976015090942e-02,2.150695957243442535e-02,1.000000000000000000e+00,0.000000000000000000e+00,4.843891859054565430e-01,-3.076362311840057373e-01,1.074087142944335938e+00,6.480964422225952148e-01,-6.597070097923278809e-01,-1.631887853145599365e-01,1.000000000000000000e+00,9.826256036758422852e-01,-2.041056305170059204e-01,1.208638668060302734e+00,7.878991365432739258e-01,-5.359273552894592285e-01,-6.355092674493789673e-02,1.000000000000000000e+00,2.421768665313720703e+00,-2.528831660747528076e-01,1.043804645538330078e+00,-6.632447838783264160e-01,5.074060987681150436e-03,1.783619448542594910e-02,1.000000000000000000e+00,2.530646085739135742e+00,-1.706077009439468384e-01,8.661371469497680664e-01,-6.111703515052795410e-01,-4.746378958225250244e-01,2.747493386268615723e-01,1.000000000000000000e+00,1.000000000000000000e+00,0.000000000000000000e+00,0.000000000000000000e+00,1.000000000000000000e+00,9.826256036758422852e-01,-2.041056305170059204e-01,1.208638668060302734e+00,7.878991365432739258e-01,-5.359273552894592285e-01,-6.355092674493789673e-02,9.946878552436828613e-01,9.693409502506256104e-02,-3.464129194617271423e-02,-9.943673014640808105e-02,9.918355941772460938e-01,-7.984181493520736694e-02,2.661906741559505463e-02,8.286229521036148071e-02,9.962055087089538574e-01,8.172715455293655396e-02,-9.805904328823089600e-02,8.206808939576148987e-03,0.000000000000000000e+00,1.000000000000000000e+00,4.843891859054565430e-01,-3.076362311840057373e-01,1.074087142944335938e+00,6.480964422225952148e-01,-6.597070097923278809e-01,-1.631887853145599365e-01,1.000000000000000000e+00,9.826256036758422852e-01,-2.041056305170059204e-01,1.208638668060302734e+00,7.878991365432739258e-01,-5.359273552894592285e-01,-6.355092674493789673e-02,1.000000000000000000e+00,2.421768665313720703e+00,-2.528831660747528076e-01,1.043804645538330078e+00,-6.632447838783264160e-01,5.074060987681150436e-03,1.783619448542594910e-02,1.000000000000000000e+00,2.530646085739135742e+00,-1.706077009439468384e-01,8.661371469497680664e-01,-6.111703515052795410e-01,-4.746378958225250244e-01,2.747493386268615723e-01,1.000000000000000000e+00,1.000000000000000000e+00,0.000000000000000000e+00,0.000000000000000000e+00,1.000000000000000000e+00,2.421768665313720703e+00,-2.528831660747528076e-01,1.043804645538330078e+00,-6.632447838783264160e-01,5.074060987681150436e-03,1.783619448542594910e-02,1.650685103775490492e-01,-2.617199357963939654e-02,-5.489715409669707058e-03,1.000000000000000000e+00,2.530646085739135742e+00,-1.706077009439468384e-01,8.661371469497680664e-01,-6.111703515052795410e-01,-4.746378958225250244e-01,2.747493386268615723e-01,1.001885442683617643e-02,-2.093199699113656997e-02,-1.943530742014622226e-04,1.000000000000000000e+00,1.999819278717041016e-01,1.320110410451889038e-01,-1.000000014901161194e-01,3.576680123805999756e-01,9.478449076414108276e-02,-4.007482528686523438e-02,-1.000000014901161194e-01,3.915338516235351562e-01,2.000000029802322388e-01,-1.949000358581542969e-02,-5.693912506103515625e-03,3.864262104034423828e-01,4.328942298889160156e-02,-2.715945243835449219e-02,-1.176357269287109375e-03,3.956541121006011963e-01
1.439999999999999947e+00,4.975604414939880371e-01,-3.211353719234466553e-01,1.070643424987792969e+00,6.711475849151611328e-01,-6.934365630149841309e-01,-1.836135387420654297e-01,9.790326356887817383e-01,1.349949985742568970e-01,1.525496989488601685e-01,-1.005908474326133728e-01,9.715931415557861328e-01,-2.142153680324554443e-01,-1.771342307329177856e-01,1.943787336349487305e-01,9.648007154464721680e-01,7.052558474242687225e-03,-2.709173858165740967e-01,5.808794125914573669e-02,1.000000000000000000e+00,0.000000000000000000e+00,4.975604414939880371e-01,-3.211353719234466553e-01,1.070643424987792969e+00,6.711475849151611328e-01,-6.934365630149841309e-01,-1.836135387420654297e-01,1.000000000000000000e+00,9.982706308364868164e-01,-2.149249315261840820e-01,1.207308292388916016e+00,7.752954959869384766e-01,-5.471441745758056641e-01,-7.022120058536529541e-02,1.000000000000000000e+00,2.408503055572509766e+00,-2.530685961246490479e-01,1.044104814529418945e+00,-6.632510423660278320e-01,-2.691272646188735962e-02,1.142746210098266602e-02,1.000000000000000000e+00,2.518427610397338867e+00,-1.800872832536697388e-01,8.716127276420593262e-01,-6.106619238853454590e-01,-4.733185172080993652e-01,2.724766731262207031e-01,1.000000000000000000e+00,1.000000000000000000e+00,0.000000000000000000e+00,0.000000000000000000e+00,1.000000000000000000e+00,9.982706308364868164e-01,-2.149249315261840820e-01,1.207308292388916016e+00,7.752954959869384766e-01,-5.471441745758056641e-01,-7.022120058536529541e-02,9.946360588073730469e-01,9.672320634126663208e-02,-3.665997087955474854e-02,-9.943111985921859741e-02,9.917313456535339355e-01,-8.113300800323486328e-02,2.850939333438873291e-02,8.434294164180755615e-02,9.960289597511291504e-01,6.899689137935638428e-02,-8.957094699144363403e-02,7.512587122619152069e-03,0.000000000000000000e+00,1.000000000000000000e+00,4.975604414939880371e-01,-3.211353719234466553e-01,1.070643424987792969e+00,6.711475849151611328e-01,-6.934365630149841309e-01,-1.836135387420654297e-01,1.000000000000000000e+00,9.982706308364868164e-01,-2.149249315261840820e-01,1.207308292388916016e+00,7.752954959869384766e-01,-5.471441745758056641e-01,-7.022120058536529541e-02,1.000000000000000000e+00,2.408503055572509766e+00,-2.530685961246490479e-01,1.044104814529418945e+00,-6.632510423660278320e-01,-2.691272646188735962e-02,1.142746210098266602e-02,1.000000000000000000e+00,2.518427610397338867e+00,-1.800872832536697388e-01,8.716127276420593262e-01,-6.106619238853454590e-01,-4.733185172080993652e-01,2.724766731262207031e-01,1.000000000000000000e+00,1.000000000000000000e+00,0.000000000000000000e+00,0.000000000000000000e+00,1.000000000000000000e+00,2.408503055572509766e+00,-2.530685961246490479e-01,1.044104814529418945e+00,-6.632510423660278320e-01,-2.691272646188735962e-02,1.142746210098266602e-02,1.699795638452294977e-01,-2.544711200529770068e-02,-5.682260955776133327e-03,1.000000000000000000e+00,2.518427610397338867e+00,-1.800872832536697388e-01,8.716127276420593262e-01,-6.106619238853454590e-01,-4.733185172080993652e-01,2.724766731262207031e-01,1.410413835101334210e-02,-2.175191996767122937e-02,-3.223502468090791440e-04,1.000000000000000000e+00,2.000000029802322388e-01,1.089057922363281250e-01,-1.000000014901161194e-01,3.636254072189331055e-01,9.881456941366195679e-02,-4.260450229048728943e-02,-1.000000014901161194e-01,3.908886909484863281e-01,2.000000029802322388e-01,-1.681041717529296875e-02,-5.189180374145507812e-03,3.842319846153259277e-01,5.057787895202636719e-02,-2.799296379089355469e-02,-1.416921615600585938e-03,3.942889273166656494e-01
1.459999999999999964e+00,5.111812949180603027e-01,-3.353020250797271729e-01,1.066774368286132812e+00,6.928450465202331543e-01,-7.264302968978881836e-01,-2.056175619363784790e-01,9.802915453910827637e-01,1.335282176733016968e-01,1.455978453159332275e-01,-1.006298810243606567e-01,9.717166423797607422e-01,-2.136362344026565552e-01,-1.700063049793243408e-01,1.947742849588394165e-01,9.660025238990783691e-01,6.690548267215490341e-03,-4.490041732788085938e-01,9.292076528072357178e-02,1.000000000000000000e+00,0.000000000000000000e+00,5.111812949180603027e-01,-3.353020250797271729e-01,1.066774368286132812e+00,6.928450465202331543e-01,-7.264302968978881836e-01,-2.056175619363784790e-01,1.000000000000000000e+00,1.013661026954650879e+00,-2.259696274995803833e-01,1.205841183662414551e+00,7.624329328536987305e-01,-5.584793090820312500e-01,-7.725302129983901978e-02,1.000000000000000000e+00,2.395238876342773438e+00,-2.538986504077911377e-01,1.044269800186157227e+00,-6.630861759185791016e-01,-5.941231921315193176e-02,4.182696808129549026e-03,1.000000000000000000e+00,2.506217718124389648e+00,-1.895478963851928711e-01,8.770372271537780762e-01,-6.103048920631408691e-01,-4.728389084339141846e-01,2.695777714252471924e-01,1.000000000000000000e+00,1.000000000000000000e+00,0.000000000000000000e+00,0.000000000000000000e+00,1.000000000000000000e+00,1.013661026954650879e+00,-2.259696274995803833e-01,1.205841183662414551e+00,7.624329328536987305e-01,-5.584793090820312500e-01,-7.725302129983901978e-02,9.945847988128662109e-01,9.652158617973327637e-02,-3.853470459580421448e-02,-9.942626953125000000e-02,9.916296601295471191e-01,-8.237224817276000977e-02,3.026145324110984802e-02,8.575753867626190186e-02,9.958564639091491699e-01,7.865308970212936401e-02,-8.658344298601150513e-02,7.362927775830030441e-03,0.000000000000000000e+00,1.000000000000000000e+00,5.111812949180603027e-01,-3.353020250797271729e-01,1.066774368286132812e+00,6.928450465202331543e-01,-7.264302968978881836e-01,-2.056175619363784790e-01,1.000000000000000000e+00,1.013661026954650879e+00,-2.259696274995803833e-01,1.205841183662414551e+00,7.624329328536987305e-01,-5.584793090820312500e-01,-7.725302129983901978e-02,1.000000000000000000e+00,2.395238876342773438e+00,-2.538986504077911377e-01,1.044269800186157227e+00,-6.630861759185791016e-01,-5.941231921315193176e-02,4.182696808129549026e-03,1.000000000000000000e+00,2.506217718124389648e+00,-1.895478963851928711e-01,8.770372271537780762e-01,-6.103048920631408691e-01,-4.728389084339141846e-01,2.695777714252471924e-01,1.000000000000000000e+00,1.000000000000000000e+00,0.000000000000000000e+00,0.000000000000000000e+00,1.000000000000000000e+00,2.395238876342773438e+00,-2.538986504077911377e-01,1.044269800186157227e+00,-6.630861759185791016e-01,-5.941231921315193176e-02,4.182696808129549026e-03,1.743690829378805318e-01,-2.447361605392162076e-02,-5.794448570505067453e-03,1.000000000000000000e+00,2.506217718124389648e+00,-1.895478963851928711e-01,8.770372271537780762e-01,-6.103048920631408691e-01,-4.728389084339141846e-01,2.695777714252471924e-01,1.865778525282233563e-02,-2.257851151159262493e-02,-4.696668067457384493e-04,1.000000000000000000e+00,1.999999582767486572e-01,9.476795792579650879e-02,-1.000000014901161194e-01,3.812527954578399658e-01,1.054128333926200867e-01,-4.474602639675140381e-02,-1.000000014901161194e-01,3.901139199733734131e-01,2.000000029802322388e-01,-1.376008987426757812e-02,-4.482269287109375000e-03,3.817302882671356201e-01,5.784797668457031250e-02,-2.877354621887207031e-02,-1.666069030761718750e-03,3.929266035556793213e-01
1.479999999999999982e+00,5.252212285995483398e-01,-3.501241505146026611e-01,1.062463760375976562e+00,7.128591537475585938e-01,-7.590116858482360840e-01,-2.273675501346588135e-01,9.819828867912292480e-01,1.314803510904312134e-01,1.357305496931076050e-01,-1.007231026887893677e-01,9.719002842903137207e-01,-2.127555757761001587e-01,-1.598897129297256470e-01,1.952511221170425415e-01,9.676324129104614258e-01,6.592062767595052719e-03,-5.505037307739257812e-01,1.170812621712684631e-01,1.000000000000000000e+00,0.000000000000000000e+00,5.252212285995483398e-01,-3.501241505146026611e-01,1.062463760375976562e+00,7.128591537475585938e-01,-7.590116858482360840e-01,-2.273675501346588135e-01,1.000000000000000000e+00,1.028792262077331543e+00,-2.372422218322753906e-01,1.204230308532714844e+00,7.493251562118530273e-01,-5.699604749679565430e-01,-8.463221043348312378e-02,1.000000000000000000e+00,2.381980180740356445e+00,-2.553823590278625488e-01,1.044281601905822754e+00,-6.626998186111450195e-01,-9.229449182748794556e-02,-3.972486127167940140e-03,1.000000000000000000e+00,2.494013786315917969e+00,-1.990070343017578125e-01,8.823981285095214844e-01,-6.100974082946777344e-01,-4.732721447944641113e-01,2.660434842109680176e-01,1.000000000000000000e+00,1.000000000000000000e+00,0.000000000000000000e+00,0.000000000000000000e+00,1.000000000000000000e+00,1.028792262077331543e+00,-2.372422218322753906e-01,1.204230308532714844e+00,7.493251562118530273e-01,-5.699604749679565430e-01,-8.463221043348312378e-02,9.945294260978698730e-01,9.630011767148971558e-02,-4.046804830431938171e-02,-9.942472726106643677e-02,9.914916753768920898e-01,-8.401828259229660034e-02,3.203276172280311584e-02,8.758217841386795044e-02,9.956421852111816406e-01,1.121744588017463684e-01,-9.142544120550155640e-02,7.624097168445587158e-03,0.000000000000000000e+00,1.000000000000000000e+00,5.252212285995483398e-01,-3.501241505146026611e-01,1.062463760375976562e+00,7.128591537475585938e-01,-7.590116858482360840e-01,-2.273675501346588135e-01,1.000000000000000000e+00,1.028792262077331543e+00,-2.372422218322753906e-01,1.204230308532714844e+00,7.493251562118530273e-01,-5.699604749679565430e-01,-8.463221043348312378e-02,1.000000000000000000e+00,2.381980180740356445e+00,-2.553823590278625488e-01,1.044281601905822754e+00,-6.626998186111450195e-01,-9.229449182748794556e-02,-3.972486127167940140e-03,1.000000000000000000e+00,2.494013786315917969e+00,-1.990070343017578125e-01,8.823981285095214844e-01,-6.100974082946777344e-01,-4.732721447944641113e-01,2.660434842109680176e-01,1.000000000000000000e+00,1.000000000000000000e+00,0.000000000000000000e+00,0.000000000000000000e+00,1.000000000000000000e+00,2.381980180740356445e+00,-2.553823590278625488e-01,1.044281601905822754e+00,-6.626998186111450195e-01,-9.229449182748794556e-02,-3.972486127167940140e-03,1.781756573381286790e-01,-2.323703433166457444e-02,-5.808981714491165405e-03,1.000000000000000000e+00,2.494013786315917969e+00,-1.990070343017578125e-01,8.823981285095214844e-01,-6.100974082946777344e-01,-4.732721447944641113e-01,2.660434842109680176e-01,2.361438613986060336e-02,-2.340369709371614704e-02,-6.354766229434097996e-04,1.000000000000000000e+00,0.000000000000000000e+00,0.000000000000000000e+00,0.000000000000000000e+00,0.000000000000000000e+00,0.000000000000000000e+00,0.000000000000000000e+00,0.000000000000000000e+00,0.000000000000000000e+00,0.000000000000000000e+00,0.000000000000000000e+00,0.000000000000000000e+00,0.000000000000000000e+00,0.000000000000000000e+00,0.000000000000000000e+00,0.000000000000000000e+00,0.000000000000000000e+00
