time,agent0_obs0,agent0_obs1,agent0_obs2,agent0_obs3,agent0_obs4,agent0_obs5,agent0_obs6,agent0_obs7,agent0_obs8,agent0_obs9,agent0_obs10,agent0_obs11,agent0_obs12,agent0_obs13,agent0_obs14,agent0_obs15,agent0_obs16,agent0_obs17,agent0_obs18,agent0_obs19,agent0_obs20,agent0_obs21,agent0_obs22,agent0_obs23,agent0_obs24,agent0_obs25,agent0_obs26,agent0_obs27,agent0_obs28,agent0_obs29,agent0_obs30,agent0_obs31,agent0_obs32,agent0_obs33,agent0_obs34,agent0_obs35,agent0_obs36,agent0_obs37,agent0_obs38,agent0_obs39,agent0_obs40,agent0_obs41,agent0_obs42,agent0_obs43,agent0_obs44,agent0_obs45,agent0_obs46,agent0_obs47,agent0_obs48,agent0_obs49,agent0_obs50,agent0_obs51,agent1_obs0,agent1_obs1,agent1_obs2,agent1_obs3,agent1_obs4,agent1_obs5,agent1_obs6,agent1_obs7,agent1_obs8,agent1_obs9,agent1_obs10,agent1_obs11,agent1_obs12,agent1_obs13,agent1_obs14,agent1_obs15,agent1_obs16,agent1_obs17,agent1_obs18,agent1_obs19,agent1_obs20,agent1_obs21,agent1_obs22,agent1_obs23,agent1_obs24,agent1_obs25,agent1_obs26,agent1_obs27,agent1_obs28,agent1_obs29,agent1_obs30,agent1_obs31,agent1_obs32,agent1_obs33,agent1_obs34,agent1_obs35,agent1_obs36,agent1_obs37,agent1_obs38,agent1_obs39,agent1_obs40,agent1_obs41,agent1_obs42,agent1_obs43,agent1_obs44,agent1_obs45,agent1_obs46,agent1_obs47,agent1_obs48,agent1_obs49,agent1_obs50,agent1_obs51,red0_pos_x,red0_pos_y,red0_pos_z,red0_vel_x,red0_vel_y,red0_vel_z,red0_roll,red0_pitch,red0_yaw,red0_active,red1_pos_x,red1_pos_y,red1_pos_z,red1_vel_x,red1_vel_y,red1_vel_z,red1_roll,red1_pitch,red1_yaw,red1_active,blue0_cmd_roll,blue0_cmd_pitch,blue0_cmd_yaw,blue0_cmd_thrust,blue1_cmd_roll,blue1_cmd_pitch,blue1_cmd_yaw,blue1_cmd_thrust,red0_cmd_roll,red0_cmd_pitch,red0_cmd_yaw,red0_cmd_thrust,red1_cmd_roll,red1_cmd_pitch,red1_cmd_yaw,red1_cmd_thrust
0.000000000000000000e+00,2.046704292297363281e-03,-4.112384021282196045e-01,1.081093430519104004e+00,0.000000000000000000e+00,0.000000000000000000e+00,0.000000000000000000e+00,1.000000000000000000e+00,0.000000000000000000e+00,0.000000000000000000e+00,0.000000000000000000e+00,1.000000000000000000e+00,0.000000000000000000e+00,0.000000000000000000e+00,0.000000000000000000e+00,1.000000000000000000e+00,0.000000000000000000e+00,0.000000000000000000e+00,0.000000000000000000e+00,1.000000000000000000e+00,0.000000000000000000e+00,2.046704292297363281e-03,-4.112384021282196045e-01,1.081093430519104004e+00,0.000000000000000000e+00,0.000000000000000000e+00,0.000000000000000000e+00,1.000000000000000000e+00,-6.107909604907035828e-02,4.323912262916564941e-01,9.023007750511169434e-01,0.000000000000000000e+00,0.000000000000000000e+00,0.000000000000000000e+00,1.000000000000000000e+00,3.361636638641357422e+00,-1.397341489791870117e-01,1.055652499198913574e+00,0.000000000000000000e+00,0.000000000000000000e+00,0.000000000000000000e+00,1.000000000000000000e+00,2.587123870849609375e+00,6.452906131744384766e-01,7.058707475662231445e-01,0.000000000000000000e+00,0.000000000000000000e+00,0.000000000000000000e+00,1.000000000000000000e+00,1.000000000000000000e+00,0.000000000000000000e+00,0.000000000000000000e+00,1.000000000000000000e+00,-6.107909604907035828e-02,4.323912262916564941e-01,9.023007750511169434e-01,0.000000000000000000e+00,0.000000000000000000e+00,0.000000000000000000e+00,1.000000000000000000e+00,0.000000000000000000e+00,0.000000000000000000e+00,0.000000000000000000e+00,1.000000000000000000e+00,0.000000000000000000e+00,0.000000000000000000e+00,0.000000000000000000e+00,1.000000000000000000e+00,0.000000000000000000e+00,0.000000000000000000e+00,0.000000000000000000e+00,0.000000000000000000e+00,1.000000000000000000e+00,2.046704292297363281e-03,-4.112384021282196045e-01,1.081093430519104004e+00,0.000000000000000000e+00,0.000000000000000000e+00,0.000000000000000000e+00,1.000000000000000000e+00,-6.107909604907035828e-02,4.323912262916564941e-01,9.023007750511169434e-01,0.000000000000000000e+00,0.000000000000000000e+00,0.000000000000000000e+00,1.000000000000000000e+00,3.361636638641357422e+00,-1.397341489791870117e-01,1.055652499198913574e+00,0.000000000000000000e+00,0.000000000000000000e+00,0.000000000000000000e+00,1.000000000000000000e+00,2.587123870849609375e+00,6.452906131744384766e-01,7.058707475662231445e-01,0.000000000000000000e+00,0.000000000000000000e+00,0.000000000000000000e+00,1.000000000000000000e+00,1.000000000000000000e+00,0.000000000000000000e+00,0.000000000000000000e+00,1.000000000000000000e+00,3.361636638641357422e+00,-1.397341489791870117e-01,1.055652499198913574e+00,0.000000000000000000e+00,0.000000000000000000e+00,0.000000000000000000e+00,0.000000000000000000e+00,0.000000000000000000e+00,0.000000000000000000e+00,1.000000000000000000e+00,2.587123870849609375e+00,6.452906131744384766e-01,7.058707475662231445e-01,0.000000000000000000e+00,0.000000000000000000e+00,0.000000000000000000e+00,0.000000000000000000e+00,0.000000000000000000e+00,0.000000000000000000e+00,1.000000000000000000e+00,8.567247539758682251e-03,1.328585594892501831e-01,-1.000000014901161194e-01,4.923753440380096436e-01,1.999999880790710449e-01,1.999813467264175415e-01,-1.000000014901161194e-01,5.069184303283691406e-01,1.891446113586425781e-02,-2.000000029802322388e-01,-4.207372665405273438e-03,3.989755511283874512e-01,1.847004890441894531e-02,-2.000000029802322388e-01,-4.040002822875976562e-03,4.050217270851135254e-01
2.000000000000000042e-02,2.046874025836586952e-03,-4.112384021282196045e-01,1.081109046936035156e+00,6.941145693417638540e-05,6.335526904877042398e-06,2.981050172820687294e-03,9.999938011169433594e-01,2.962596714496612549e-03,1.888375962153077126e-03,-2.962861210107803345e-03,9.999955892562866211e-01,1.371814287267625332e-04,-1.887961290776729584e-03,-1.427755923941731453e-04,9.999982118606567383e-01,-1.452809013426303864e-02,3.252886831760406494e-01,-3.061663210391998291e-01,1.000000000000000000e+00,0.000000000000000000e+00,2.046874025836586952e-03,-4.112384021282196045e-01,1.081109046936035156e+00,6.941145693417638540e-05,6.335526904877042398e-06,2.981050172820687294e-03,1.000000000000000000e+00,-6.107896938920021057e-02,4.323910772800445557e-01,9.023061990737915039e-01,5.238410085439682007e-05,-6.593587022507563233e-05,1.240855082869529724e-03,1.000000000000000000e+00,3.361636400222778320e+00,-1.397341638803482056e-01,1.055646181106567383e+00,-1.138454172178171575e-04,-1.060286831489065662e-05,-1.017975388094782829e-03,1.000000000000000000e+00,2.587123632431030273e+00,6.452906131744384766e-01,7.058660387992858887e-01,-1.132683391915634274e-04,-1.035594596032751724e-05,-7.111525046639144421e-04,1.000000000000000000e+00,1.000000000000000000e+00,0.000000000000000000e+00,0.000000000000000000e+00,1.000000000000000000e+00,-6.107896938920021057e-02,4.323910772800445557e-01,9.023061990737915039e-01,5.238410085439682007e-05,-6.593587022507563233e-05,1.240855082869529724e-03,9.999965429306030273e-01,2.222807845100760460e-03,1.478466321714222431e-03,-2.220074879005551338e-03,9.999959468841552734e-01,-1.847537234425544739e-03,-1.482566935010254383e-03,1.844248268753290176e-03,9.999973177909851074e-01,3.286555707454681396e-01,2.677558660507202148e-01,-2.503486871719360352e-01,0.000000000000000000e+00,1.000000000000000000e+00,2.046874025836586952e-03,-4.112384021282196045e-01,1.081109046936035156e+00,6.941145693417638540e-05,6.335526904877042398e-06,2.981050172820687294e-03,1.000000000000000000e+00,-6.107896938920021057e-02,4.323910772800445557e-01,9.023061990737915039e-01,5.238410085439682007e-05,-6.593587022507563233e-05,1.240855082869529724e-03,1.000000000000000000e+00,3.361636400222778320e+00,-1.397341638803482056e-01,1.055646181106567383e+00,-1.138454172178171575e-04,-1.060286831489065662e-05,-1.017975388094782829e-03,1.000000000000000000e+00,2.587123632431030273e+00,6.452906131744384766e-01,7.058660387992858887e-01,-1.132683391915634274e-04,-1.035594596032751724e-05,-7.111525046639144421e-04,1.000000000000000000e+00,1.000000000000000000e+00,0.000000000000000000e+00,0.000000000000000000e+00,1.000000000000000000e+00,3.361636400222778320e+00,-1.397341638803482056e-01,1.055646181106567383e+00,-1.138454172178171575e-04,-1.060286831489065662e-05,-1.017975388094782829e-03,2.955680993103685359e-04,-3.178447316608545847e-03,-1.375677090272653456e-04,1.000000000000000000e+00,2.587123632431030273e+00,6.452906131744384766e-01,7.058660387992858887e-01,-1.132683391915634274e-04,-1.035594596032751724e-05,-7.111525046639144421e-04,2.879932799328133175e-04,-3.154946718286755214e-03,-1.324873913257137840e-04,1.000000000000000000e+00,-6.535764783620834351e-03,1.406943798065185547e-01,-1.000000014901161194e-01,5.180557370185852051e-01,2.000000029802322388e-01,1.999968737363815308e-01,-1.000000014901161194e-01,5.189567804336547852e-01,1.891160011291503906e-02,-2.000000029802322388e-01,-4.206180572509765625e-03,3.992664813995361328e-01,1.846837997436523438e-02,-2.000000029802322388e-01,-4.039287567138671875e-03,4.053084254264831543e-01
4.000000000000000083e-02,2.056026598438620567e-03,-4.112379252910614014e-01,1.081252217292785645e+00,1.373009290546178818e-03,4.897003600490279496e-05,1.393262203782796860e-02,9.998444914817810059e-01,1.093130838125944138e-02,1.384400203824043274e-02,-1.093493867665529251e-02,9.999402761459350586e-01,1.866094971774145961e-04,-1.384113356471061707e-02,-3.379637782927602530e-04,9.999042153358459473e-01,5.875332746654748917e-03,9.194830656051635742e-01,-4.958356320858001709e-01,1.000000000000000000e+00,0.000000000000000000e+00,2.056026598438620567e-03,-4.112379252910614014e-01,1.081252217292785645e+00,1.373009290546178818e-03,4.897003600490279496e-05,1.393262203782796860e-02,1.000000000000000000e+00,-6.107162684202194214e-02,4.323820173740386963e-01,9.023855924606323242e-01,1.142981229349970818e-03,-1.401748857460916042e-03,8.964693173766136169e-03,1.000000000000000000e+00,3.361622095108032227e+00,-1.397354900836944580e-01,1.055612206459045410e+00,-2.115316689014434814e-03,-1.954738254426047206e-04,-2.547094365581870079e-03,1.000000000000000000e+00,2.587109327316284180e+00,6.452893018722534180e-01,7.058454751968383789e-01,-2.111978596076369286e-03,-1.915425382321700454e-04,-1.344343065284192562e-03,1.000000000000000000e+00,1.000000000000000000e+00,0.000000000000000000e+00,0.000000000000000000e+00,1.000000000000000000e+00,-6.107162684202194214e-02,4.323820173740386963e-01,9.023855924606323242e-01,1.142981229349970818e-03,-1.401748857460916042e-03,8.964693173766136169e-03,9.998763799667358398e-01,9.631100110709667206e-03,1.243630331009626389e-02,-9.443449787795543671e-03,9.998421072959899902e-01,-1.506044808775186539e-02,-1.257938612252473831e-02,1.494114380329847336e-02,9.998093247413635254e-01,1.091642975807189941e+00,9.374411702156066895e-01,-5.007912516593933105e-01,0.000000000000000000e+00,1.000000000000000000e+00,2.056026598438620567e-03,-4.112379252910614014e-01,1.081252217292785645e+00,1.373009290546178818e-03,4.897003600490279496e-05,1.393262203782796860e-02,1.000000000000000000e+00,-6.107162684202194214e-02,4.323820173740386963e-01,9.023855924606323242e-01,1.142981229349970818e-03,-1.401748857460916042e-03,8.964693173766136169e-03,1.000000000000000000e+00,3.361622095108032227e+00,-1.397354900836944580e-01,1.055612206459045410e+00,-2.115316689014434814e-03,-1.954738254426047206e-04,-2.547094365581870079e-03,1.000000000000000000e+00,2.587109327316284180e+00,6.452893018722534180e-01,7.058454751968383789e-01,-2.111978596076369286e-03,-1.915425382321700454e-04,-1.344343065284192562e-03,1.000000000000000000e+00,1.000000000000000000e+00,0.000000000000000000e+00,0.000000000000000000e+00,1.000000000000000000e+00,3.361622095108032227e+00,-1.397354900836944580e-01,1.055612206459045410e+00,-2.115316689014434814e-03,-1.954738254426047206e-04,-2.547094365581870079e-03,2.068330179034781093e-03,-2.235268387310673788e-02,-4.447923087543189389e-04,1.000000000000000000e+00,2.587109327316284180e+00,6.452893018722534180e-01,7.058454751968383789e-01,-2.111978596076369286e-03,-1.915425382321700454e-04,-1.344343065284192562e-03,2.017867465655067034e-03,-2.223139591152367700e-02,-4.266367175510900377e-04,1.000000000000000000e+00,-1.345432549715042114e-02,1.546499431133270264e-01,-1.000000014901161194e-01,5.593400001525878906e-01,1.999999582767486572e-01,1.910793930292129517e-01,-1.000000014901161194e-01,5.551093220710754395e-01,1.885795593261718750e-02,-2.000000029802322388e-01,-4.183292388916015625e-03,4.009397625923156738e-01,1.842212677001953125e-02,-2.000000029802322388e-01,-4.019021987915039062e-03,4.069431126117706299e-01
5.999999999999999778e-02,2.120553283020853996e-03,-4.112368226051330566e-01,1.081699252128601074e+00,6.401019170880317688e-03,3.628935155575163662e-05,3.461952134966850281e-02,9.991147518157958984e-01,2.192132920026779175e-02,3.590647503733634949e-02,-2.191894128918647766e-02,9.997597336769104004e-01,-4.601829568855464458e-04,-3.590793535113334656e-02,-3.272563917562365532e-04,9.993551373481750488e-01,1.635671406984329224e-02,1.257817506790161133e+00,-6.025941371917724609e-01,1.000000000000000000e+00,0.000000000000000000e+00,2.120553283020853996e-03,-4.112368226051330566e-01,1.081699252128601074e+00,6.401019170880317688e-03,3.628935155575163662e-05,3.461952134966850281e-02,1.000000000000000000e+00,-6.101446226239204407e-02,4.323126971721649170e-01,9.027062058448791504e-01,5.914955865591764450e-03,-7.127566263079643250e-03,2.658158354461193085e-02,1.000000000000000000e+00,3.361526966094970703e+00,-1.397442668676376343e-01,1.055542826652526855e+00,-9.114588610827922821e-03,-8.381942170672118664e-04,-4.775544162839651108e-03,1.000000000000000000e+00,2.587014198303222656e+00,6.452806591987609863e-01,7.058116197586059570e-01,-9.134046733379364014e-03,-8.235123241320252419e-04,-2.224150812253355980e-03,1.000000000000000000e+00,1.000000000000000000e+00,0.000000000000000000e+00,0.000000000000000000e+00,1.000000000000000000e+00,-6.101446226239204407e-02,4.323126971721649170e-01,9.027062058448791504e-01,5.914955865591764450e-03,-7.127566263079643250e-03,2.658158354461193085e-02,9.991005659103393555e-01,2.189362794160842896e-02,3.631723299622535706e-02,-2.030979469418525696e-02,9.988504648208618164e-01,-4.342110455036163330e-02,-3.722612932324409485e-02,4.264444857835769653e-02,9.983966350555419922e-01,1.688854455947875977e+00,1.474953770637512207e+00,-6.521522998809814453e-01,0.000000000000000000e+00,1.000000000000000000e+00,2.120553283020853996e-03,-4.112368226051330566e-01,1.081699252128601074e+00,6.401019170880317688e-03,3.628935155575163662e-05,3.461952134966850281e-02,1.000000000000000000e+00,-6.101446226239204407e-02,4.323126971721649170e-01,9.027062058448791504e-01,5.914955865591764450e-03,-7.127566263079643250e-03,2.658158354461193085e-02,1.000000000000000000e+00,3.361526966094970703e+00,-1.397442668676376343e-01,1.055542826652526855e+00,-9.114588610827922821e-03,-8.381942170672118664e-04,-4.775544162839651108e-03,1.000000000000000000e+00,2.587014198303222656e+00,6.452806591987609863e-01,7.058116197586059570e-01,-9.134046733379364014e-03,-8.235123241320252419e-04,-2.224150812253355980e-03,1.000000000000000000e+00,1.000000000000000000e+00,0.000000000000000000e+00,0.000000000000000000e+00,1.000000000000000000e+00,3.361526966094970703e+00,-1.397442668676376343e-01,1.055542826652526855e+00,-9.114588610827922821e-03,-8.381942170672118664e-04,-4.775544162839651108e-03,5.036286721099262828e-03,-5.442294434700367667e-02,-9.240510757724776543e-04,1.000000000000000000e+00,2.587014198303222656e+00,6.452806591987609863e-01,7.058116197586059570e-01,-9.134046733379364014e-03,-8.235123241320252419e-04,-2.224150812253355980e-03,4.917917672320575029e-03,-5.428477706181622509e-02,-8.871470405694597064e-04,1.000000000000000000e+00,-1.660100743174552917e-02,1.780332624912261963e-01,-1.000000014901161194e-01,5.752061009407043457e-01,2.000000029802322388e-01,1.792329102754592896e-01,-1.000000014901161194e-01,5.788577795028686523e-01,1.867055892944335938e-02,-2.000000029802322388e-01,-4.103899002075195312e-03,4.034203886985778809e-01,1.829123497009277344e-02,-2.000000029802322388e-01,-3.954648971557617188e-03,4.093338251113891602e-01
8.000000000000000167e-02,2.334836171939969063e-03,-4.112375080585479736e-01,1.082653880119323730e+00,1.712307333946228027e-02,-1.578187220729887486e-04,6.559025496244430542e-02,9.975313544273376465e-01,3.444135934114456177e-02,6.119745969772338867e-02,-3.442844003438949585e-02,9.994064569473266602e-01,-1.265803934074938297e-03,-6.120472401380538940e-02,-8.442539256066083908e-04,9.981249570846557617e-01,-1.668567955493927002e-02,1.221178293228149414e+00,-6.466806530952453613e-01,1.000000000000000000e+00,0.000000000000000000e+00,2.334836171939969063e-03,-4.112375080585479736e-01,1.082653880119323730e+00,1.712307333946228027e-02,-1.578187220729887486e-04,6.559025496244430542e-02,1.000000000000000000e+00,-6.080841645598411560e-02,4.320651590824127197e-01,9.034646153450012207e-01,1.694118417799472809e-02,-2.034891396760940552e-02,5.331549793481826782e-02,1.000000000000000000e+00,3.361235380172729492e+00,-1.397710591554641724e-01,1.055422425270080566e+00,-2.238096669316291809e-02,-2.053440548479557037e-03,-7.533156313002109528e-03,1.000000000000000000e+00,2.586721420288085938e+00,6.452543139457702637e-01,7.057567834854125977e-01,-2.249844372272491455e-02,-2.021188382059335709e-03,-3.323350334540009499e-03,1.000000000000000000e+00,1.000000000000000000e+00,0.000000000000000000e+00,0.000000000000000000e+00,1.000000000000000000e+00,-6.080841645598411560e-02,4.320651590824127197e-01,9.034646153450012207e-01,1.694118417799472809e-02,-2.034891396760940552e-02,5.331549793481826782e-02,9.971650838851928711e-01,3.709873557090759277e-02,6.546562910079956055e-02,-3.188514709472656250e-02,9.963677525520324707e-01,-7.896097004413604736e-02,-6.815718114376068115e-02,7.664972543716430664e-02,9.947259426116943359e-01,1.692595005035400391e+00,1.445129394531250000e+00,-6.919885873794555664e-01,0.000000000000000000e+00,1.000000000000000000e+00,2.334836171939969063e-03,-4.112375080585479736e-01,1.082653880119323730e+00,1.712307333946228027e-02,-1.578187220729887486e-04,6.559025496244430542e-02,1.000000000000000000e+00,-6.080841645598411560e-02,4.320651590824127197e-01,9.034646153450012207e-01,1.694118417799472809e-02,-2.034891396760940552e-02,5.331549793481826782e-02,1.000000000000000000e+00,3.361235380172729492e+00,-1.397710591554641724e-01,1.055422425270080566e+00,-2.238096669316291809e-02,-2.053440548479557037e-03,-7.533156313002109528e-03,1.000000000000000000e+00,2.586721420288085938e+00,6.452543139457702637e-01,7.057567834854125977e-01,-2.249844372272491455e-02,-2.021188382059335709e-03,-3.323350334540009499e-03,1.000000000000000000e+00,1.000000000000000000e+00,0.000000000000000000e+00,0.000000000000000000e+00,1.000000000000000000e+00,3.361235380172729492e+00,-1.397710591554641724e-01,1.055422425270080566e+00,-2.238096669316291809e-02,-2.053440548479557037e-03,-7.533156313002109528e-03,7.964908709958796323e-03,-8.561906497562343787e-02,-1.526689757940236092e-03,1.000000000000000000e+00,2.586721420288085938e+00,6.452543139457702637e-01,7.057567834854125977e-01,-2.249844372272491455e-02,-2.021188382059335709e-03,-3.323350334540009499e-03,7.781794952221116057e-03,-8.559295493138407984e-02,-1.469170781663258971e-03,1.000000000000000000e+00,-1.863063126802444458e-02,1.866979449987411499e-01,-1.000000014901161194e-01,5.690786242485046387e-01,2.000000029802322388e-01,1.930442303419113159e-01,-1.000000014901161194e-01,5.808036327362060547e-01,1.832079887390136719e-02,-2.000000029802322388e-01,-3.955364227294921875e-03,4.055043160915374756e-01,1.820516586303710938e-02,-2.000000029802322388e-01,-3.865957260131835938e-03,4.112770259380340576e-01
1.000000000000000056e-01,2.819010289385914803e-03,-4.112435579299926758e-01,1.084309339523315430e+00,3.392767533659934998e-02,-4.854764265473932028e-04,1.051047518849372864e-01,9.953910708427429199e-01,4.729406908154487610e-02,8.342608064413070679e-02,-4.734527692198753357e-02,9.988777041435241699e-01,-1.365601434372365475e-03,-8.339703828096389771e-02,-2.590523334220051765e-03,9.965130686759948730e-01,-6.877299398183822632e-02,9.603471755981445312e-01,-6.415899395942687988e-01,1.000000000000000000e+00,0.000000000000000000e+00,2.819010289385914803e-03,-4.112435579299926758e-01,1.084309339523315430e+00,3.392767533659934998e-02,-4.854764265473932028e-04,1.051047518849372864e-01,1.000000000000000000e+00,-6.031983345746994019e-02,4.314765334129333496e-01,9.048330187797546387e-01,3.472729772329330444e-02,-4.200832918286323547e-02,8.839344978332519531e-02,1.000000000000000000e+00,3.360628128051757812e+00,-1.398267298936843872e-01,1.055249929428100586e+00,-4.084056615829467773e-02,-3.744899993762373924e-03,-9.851181879639625549e-03,1.000000000000000000e+00,2.586110591888427734e+00,6.451994180679321289e-01,7.056849002838134766e-01,-4.114982485771179199e-02,-3.691289806738495827e-03,-3.758579026907682419e-03,1.000000000000000000e+00,1.000000000000000000e+00,0.000000000000000000e+00,0.000000000000000000e+00,1.000000000000000000e+00,-6.031983345746994019e-02,4.314765334129333496e-01,9.048330187797546387e-01,3.472729772329330444e-02,-4.200832918286323547e-02,8.839344978332519531e-02,9.945826530456542969e-01,5.357631668448448181e-02,8.907878398895263672e-02,-4.367202147841453552e-02,9.930117130279541016e-01,-1.096385940909385681e-01,-9.433029592037200928e-02,1.051543876528739929e-01,9.899719357490539551e-01,1.193296670913696289e+00,9.774327278137207031e-01,-7.265711426734924316e-01,0.000000000000000000e+00,1.000000000000000000e+00,2.819010289385914803e-03,-4.112435579299926758e-01,1.084309339523315430e+00,3.392767533659934998e-02,-4.854764265473932028e-04,1.051047518849372864e-01,1.000000000000000000e+00,-6.031983345746994019e-02,4.314765334129333496e-01,9.048330187797546387e-01,3.472729772329330444e-02,-4.200832918286323547e-02,8.839344978332519531e-02,1.000000000000000000e+00,3.360628128051757812e+00,-1.398267298936843872e-01,1.055249929428100586e+00,-4.084056615829467773e-02,-3.744899993762373924e-03,-9.851181879639625549e-03,1.000000000000000000e+00,2.586110591888427734e+00,6.451994180679321289e-01,7.056849002838134766e-01,-4.114982485771179199e-02,-3.691289806738495827e-03,-3.758579026907682419e-03,1.000000000000000000e+00,1.000000000000000000e+00,0.000000000000000000e+00,0.000000000000000000e+00,1.000000000000000000e+00,3.360628128051757812e+00,-1.398267298936843872e-01,1.055249929428100586e+00,-4.084056615829467773e-02,-3.744899993762373924e-03,-9.851181879639625549e-03,9.996741777803751922e-03,-1.068789249085708715e-01,-2.070630683306931390e-03,1.000000000000000000e+00,2.586110591888427734e+00,6.451994180679321289e-01,7.056849002838134766e-01,-4.114982485771179199e-02,-3.691289806738495827e-03,-3.758579026907682419e-03,9.776975090330174145e-03,-1.069909265201391957e-01,-1.996765311802282516e-03,1.000000000000000000e+00,-2.467379905283451080e-02,1.787717640399932861e-01,-1.000000014901161194e-01,5.512782931327819824e-01,2.000000029802322388e-01,1.999997496604919434e-01,-1.000000014901161194e-01,5.819078087806701660e-01,1.784873008728027344e-02,-2.000000029802322388e-01,-3.754138946533203125e-03,4.069354534149169922e-01,1.851415634155273438e-02,-2.000000029802322388e-01,-3.827571868896484375e-03,4.125623106956481934e-01
1.199999999999999956e-01,3.687462303787469864e-03,-4.112558662891387939e-01,1.086810469627380371e+00,5.581827834248542786e-02,-7.338934810832142830e-04,1.501665413379669189e-01,9.932225942611694336e-01,5.954195186495780945e-02,9.981777518987655640e-02,-5.979477241635322571e-02,9.982106089591979980e-01,-4.597371735144406557e-04,-9.966652840375900269e-02,-5.511959549039602280e-03,9.950056076049804688e-01,-1.110608726739883423e-01,6.507089138031005859e-01,-5.961135625839233398e-01,1.000000000000000000e+00,0.000000000000000000e+00,3.687462303787469864e-03,-4.112558662891387939e-01,1.086810469627380371e+00,5.581827834248542786e-02,-7.338934810832142830e-04,1.501665413379669189e-01,1.000000000000000000e+00,-5.942536145448684692e-02,4.303889870643615723e-01,9.069724678993225098e-01,5.767754092812538147e-02,-7.049585878849029541e-02,1.308831274509429932e-01,1.000000000000000000e+00,3.359620332717895508e+00,-1.399191021919250488e-01,1.055036067962646484e+00,-6.245137378573417664e-02,-5.721422843635082245e-03,-1.166151184588670731e-02,1.000000000000000000e+00,2.585094213485717773e+00,6.451083421707153320e-01,7.056110501289367676e-01,-6.302341818809509277e-02,-5.648906808346509933e-03,-3.520666854456067085e-03,1.000000000000000000e+00,1.000000000000000000e+00,0.000000000000000000e+00,0.000000000000000000e+00,1.000000000000000000e+00,-5.942536145448684692e-02,4.303889870643615723e-01,9.069724678993225098e-01,5.767754092812538147e-02,-7.049585878849029541e-02,1.308831274509429932e-01,9.922466278076171875e-01,6.975692510604858398e-02,1.028632372617721558e-01,-5.627653375267982483e-02,9.901011586189270020e-01,-1.285805106163024902e-01,-1.108143776655197144e-01,1.217947825789451599e-01,9.863500595092773438e-01,6.077238321304321289e-01,5.093165636062622070e-01,-7.134360671043395996e-01,0.000000000000000000e+00,1.000000000000000000e+00,3.687462303787469864e-03,-4.112558662891387939e-01,1.086810469627380371e+00,5.581827834248542786e-02,-7.338934810832142830e-04,1.501665413379669189e-01,1.000000000000000000e+00,-5.942536145448684692e-02,4.303889870643615723e-01,9.069724678993225098e-01,5.767754092812538147e-02,-7.049585878849029541e-02,1.308831274509429932e-01,1.000000000000000000e+00,3.359620332717895508e+00,-1.399191021919250488e-01,1.055036067962646484e+00,-6.245137378573417664e-02,-5.721422843635082245e-03,-1.166151184588670731e-02,1.000000000000000000e+00,2.585094213485717773e+00,6.451083421707153320e-01,7.056110501289367676e-01,-6.302341818809509277e-02,-5.648906808346509933e-03,-3.520666854456067085e-03,1.000000000000000000e+00,1.000000000000000000e+00,0.000000000000000000e+00,0.000000000000000000e+00,1.000000000000000000e+00,3.359620332717895508e+00,-1.399191021919250488e-01,1.055036067962646484e+00,-6.245137378573417664e-02,-5.721422843635082245e-03,-1.166151184588670731e-02,1.106668353214789943e-02,-1.184941633110583314e-01,-2.471526104086993296e-03,1.000000000000000000e+00,2.585094213485717773e+00,6.451083421707153320e-01,7.056110501289367676e-01,-6.302341818809509277e-02,-5.648906808346509933e-03,-3.520666854456067085e-03,1.086906161285244171e-02,-1.186476732614851759e-01,-2.393732173887602212e-03,1.000000000000000000e+00,-3.142018988728523254e-02,1.709590703248977661e-01,-1.000000014901161194e-01,5.145543813705444336e-01,1.999987661838531494e-01,1.999976783990859985e-01,-1.000000014901161194e-01,5.615481734275817871e-01,1.731824874877929688e-02,-2.000000029802322388e-01,-3.526449203491210938e-03,4.081465005874633789e-01,1.963877677917480469e-02,-2.000000029802322388e-01,-3.923177719116210938e-03,4.137224555015563965e-01
1.400000000000000133e-01,5.027185659855604172e-03,-4.112705886363983154e-01,1.090233325958251953e+00,8.108277618885040283e-02,-6.631111027672886848e-04,1.965471357107162476e-01,9.913685917854309082e-01,7.032979279756546021e-02,1.106448099017143250e-01,-7.090475410223007202e-02,9.974824190139770508e-01,1.265389379113912582e-03,-1.102772429585456848e-01,-9.099708870053291321e-03,9.938593506813049316e-01,-1.300591379404067993e-01,4.216172397136688232e-01,-5.064305663108825684e-01,1.000000000000000000e+00,0.000000000000000000e+00,5.027185659855604172e-03,-4.112705886363983154e-01,1.090233325958251953e+00,8.108277618885040283e-02,-6.631111027672886848e-04,1.965471357107162476e-01,1.000000000000000000e+00,-5.804214999079704285e-02,4.286914765834808350e-01,9.100094437599182129e-01,8.356828242540359497e-02,-1.029286012053489685e-01,1.779690682888031006e-01,1.000000000000000000e+00,3.358163833618164062e+00,-1.400524228811264038e-01,1.054790019989013672e+00,-8.577531576156616211e-02,-7.833615876734256744e-03,-1.299714110791683197e-02,1.000000000000000000e+00,2.583623647689819336e+00,6.449766159057617188e-01,7.055467963218688965e-01,-8.663978427648544312e-02,-7.758603896945714951e-03,-2.705634571611881256e-03,1.000000000000000000e+00,1.000000000000000000e+00,0.000000000000000000e+00,0.000000000000000000e+00,1.000000000000000000e+00,-5.804214999079704285e-02,4.286914765834808350e-01,9.100094437599182129e-01,8.356828242540359497e-02,-1.029286012053489685e-01,1.779690682888031006e-01,9.903252124786376953e-01,8.429122716188430786e-02,1.102313622832298279e-01,-6.874570995569229126e-02,9.880539774894714355e-01,-1.379251331090927124e-01,-1.205404177308082581e-01,1.290128082036972046e-01,9.842894673347473145e-01,3.219668865203857422e-01,3.422309756278991699e-01,-6.458882689476013184e-01,0.000000000000000000e+00,1.000000000000000000e+00,5.027185659855604172e-03,-4.112705886363983154e-01,1.090233325958251953e+00,8.108277618885040283e-02,-6.631111027672886848e-04,1.965471357107162476e-01,1.000000000000000000e+00,-5.804214999079704285e-02,4.286914765834808350e-01,9.100094437599182129e-01,8.356828242540359497e-02,-1.029286012053489685e-01,1.779690682888031006e-01,1.000000000000000000e+00,3.358163833618164062e+00,-1.400524228811264038e-01,1.054790019989013672e+00,-8.577531576156616211e-02,-7.833615876734256744e-03,-1.299714110791683197e-02,1.000000000000000000e+00,2.583623647689819336e+00,6.449766159057617188e-01,7.055467963218688965e-01,-8.663978427648544312e-02,-7.758603896945714951e-03,-2.705634571611881256e-03,1.000000000000000000e+00,1.000000000000000000e+00,0.000000000000000000e+00,0.000000000000000000e+00,1.000000000000000000e+00,3.358163833618164062e+00,-1.400524228811264038e-01,1.054790019989013672e+00,-8.577531576156616211e-02,-7.833615876734256744e-03,-1.299714110791683197e-02,1.163542821113739550e-02,-1.260275041889860059e-01,-2.761732723799576079e-03,1.000000000000000000e+00,2.583623647689819336e+00,6.449766159057617188e-01,7.055467963218688965e-01,-8.663978427648544312e-02,-7.758603896945714951e-03,-2.705634571611881256e-03,1.157818596883243220e-02,-1.261120150083194780e-01,-2.703135391769389238e-03,1.000000000000000000e+00,-3.685374557971954346e-02,1.587664335966110229e-01,-1.000000014901161194e-01,4.777514338493347168e-01,1.999862045049667358e-01,1.999996155500411987e-01,-1.000000014901161194e-01,5.488917231559753418e-01,1.676630973815917969e-02,-1.974718570709228516e-01,-3.289699554443359375e-03,4.095376431941986084e-01,2.182793617248535156e-02,-1.929342746734619141e-01,-4.185914993286132812e-03,4.152693152427673340e-01
1.600000000000000033e-01,6.890024524182081223e-03,-4.112798571586608887e-01,1.094561696052551270e+00,1.080735698342323303e-01,-1.272039371542632580e-04,2.397228032350540161e-01,9.898639917373657227e-01,7.906866073608398438e-02,1.179732605814933777e-01,-8.002847433090209961e-02,9.967868924140930176e-01,3.413506550714373589e-03,-1.173242852091789246e-01,-1.282012555748224258e-02,9.930110573768615723e-01,-1.440038681030273438e-01,2.969509065151214600e-01,-3.980114459991455078e-01,1.000000000000000000e+00,0.000000000000000000e+00,6.890024524182081223e-03,-4.112798571586608887e-01,1.094561696052551270e+00,1.080735698342323303e-01,-1.272039371542632580e-04,2.397228032350540161e-01,1.000000000000000000e+00,-5.612454935908317566e-02,4.263254106044769287e-01,9.140085577964782715e-01,1.112336292862892151e-01,-1.374078691005706787e-01,2.270386666059494019e-01,1.000000000000000000e+00,3.356228351593017578e+00,-1.402287483215332031e-01,1.054523468017578125e+00,-1.105071455240249634e-01,-1.003249362111091614e-02,-1.358234137296676636e-02,1.000000000000000000e+00,2.581668376922607422e+00,6.448015570640563965e-01,7.055060863494873047e-01,-1.116716191172599792e-01,-1.000198349356651306e-02,-1.059749163687229156e-03,1.000000000000000000e+00,1.000000000000000000e+00,0.000000000000000000e+00,0.000000000000000000e+00,1.000000000000000000e+00,-5.612454935908317566e-02,4.263254106044769287e-01,9.140085577964782715e-01,1.112336292862892151e-01,-1.374078691005706787e-01,2.270386666059494019e-01,9.883909225463867188e-01,9.705314040184020996e-02,1.168940514326095581e-01,-7.972107827663421631e-02,9.862484335899353027e-01,-1.447714269161224365e-01,-1.293370872735977173e-01,1.337718367576599121e-01,9.825361371040344238e-01,3.548150360584259033e-01,4.180836975574493408e-01,-5.617129802703857422e-01,0.000000000000000000e+00,1.000000000000000000e+00,6.890024524182081223e-03,-4.112798571586608887e-01,1.094561696052551270e+00,1.080735698342323303e-01,-1.272039371542632580e-04,2.397228032350540161e-01,1.000000000000000000e+00,-5.612454935908317566e-02,4.263254106044769287e-01,9.140085577964782715e-01,1.112336292862892151e-01,-1.374078691005706787e-01,2.270386666059494019e-01,1.000000000000000000e+00,3.356228351593017578e+00,-1.402287483215332031e-01,1.054523468017578125e+00,-1.105071455240249634e-01,-1.003249362111091614e-02,-1.358234137296676636e-02,1.000000000000000000e+00,2.581668376922607422e+00,6.448015570640563965e-01,7.055060863494873047e-01,-1.116716191172599792e-01,-1.000198349356651306e-02,-1.059749163687229156e-03,1.000000000000000000e+00,1.000000000000000000e+00,0.000000000000000000e+00,0.000000000000000000e+00,1.000000000000000000e+00,3.356228351593017578e+00,-1.402287483215332031e-01,1.054523468017578125e+00,-1.105071455240249634e-01,-1.003249362111091614e-02,-1.358234137296676636e-02,1.216205074926189622e-02,-1.340991196169314392e-01,-2.976782907346924890e-03,1.000000000000000000e+00,2.581668376922607422e+00,6.448015570640563965e-01,7.055060863494873047e-01,-1.116716191172599792e-01,-1.000198349356651306e-02,-1.059749163687229156e-03,1.246463633722014186e-02,-1.340235985842685995e-01,-2.972866995294138996e-03,1.000000000000000000e+00,-4.186652228236198425e-02,1.496590375900268555e-01,-1.000000014901161194e-01,4.413638710975646973e-01,1.999870985746383667e-01,1.999973952770233154e-01,-1.000000014901161194e-01,5.406486988067626953e-01,1.619124412536621094e-02,-1.893587112426757812e-01,-3.047943115234375000e-03,4.111694097518920898e-01,2.515292167663574219e-02,-1.838347911834716797e-01,-4.598855972290039062e-03,4.174006879329681396e-01
1.799999999999999933e-01,9.299396537244319916e-03,-4.112736880779266357e-01,1.099697351455688477e+00,1.356322616338729858e-01,9.442573646083474159e-04,2.760308980941772461e-01,9.886530637741088867e-01,8.569237589836120605e-02,1.233775317668914795e-01,-8.710132539272308350e-02,9.961810708045959473e-01,6.061624735593795776e-03,-1.223869174718856812e-01,-1.673918962478637695e-02,9.923413395881652832e-01,-1.690265238285064697e-01,2.178129851818084717e-01,-3.022679388523101807e-01,1.000000000000000000e+00,0.000000000000000000e+00,9.299396537244319916e-03,-4.112736880779266357e-01,1.099697351455688477e+00,1.356322616338729858e-01,9.442573646083474159e-04,2.760308980941772461e-01,1.000000000000000000e+00,-5.363772436976432800e-02,4.232535362243652344e-01,9.189967513084411621e-01,1.407198905944824219e-01,-1.737495809793472290e-01,2.767236530780792236e-01,1.000000000000000000e+00,3.353783845901489258e+00,-1.404499113559722900e-01,1.054252147674560547e+00,-1.368831992149353027e-01,-1.232923474162817001e-02,-1.345068495720624924e-02,1.000000000000000000e+00,2.579198360443115234e+00,6.445800065994262695e-01,7.055059075355529785e-01,-1.383254230022430420e-01,-1.244473550468683243e-02,1.401244779117405415e-03,1.000000000000000000e+00,1.000000000000000000e+00,0.000000000000000000e+00,0.000000000000000000e+00,1.000000000000000000e+00,-5.363772436976432800e-02,4.232535362243652344e-01,9.189967513084411621e-01,1.407198905944824219e-01,-1.737495809793472290e-01,2.767236530780792236e-01,9.862129092216491699e-01,1.082751601934432983e-01,1.251428872346878052e-01,-8.856554329395294189e-02,9.841635823249816895e-01,-1.535523682832717896e-01,-1.397869735956192017e-01,1.403519660234451294e-01,9.801841974258422852e-01,4.581717252731323242e-01,4.914997518062591553e-01,-4.641839265823364258e-01,0.000000000000000000e+00,1.000000000000000000e+00,9.299396537244319916e-03,-4.112736880779266357e-01,1.099697351455688477e+00,1.356322616338729858e-01,9.442573646083474159e-04,2.760308980941772461e-01,1.000000000000000000e+00,-5.363772436976432800e-02,4.232535362243652344e-01,9.189967513084411621e-01,1.407198905944824219e-01,-1.737495809793472290e-01,2.767236530780792236e-01,1.000000000000000000e+00,3.353783845901489258e+00,-1.404499113559722900e-01,1.054252147674560547e+00,-1.368831992149353027e-01,-1.232923474162817001e-02,-1.345068495720624924e-02,1.000000000000000000e+00,2.579198360443115234e+00,6.445800065994262695e-01,7.055059075355529785e-01,-1.383254230022430420e-01,-1.244473550468683243e-02,1.401244779117405415e-03,1.000000000000000000e+00,1.000000000000000000e+00,0.000000000000000000e+00,0.000000000000000000e+00,1.000000000000000000e+00,3.353783845901489258e+00,-1.404499113559722900e-01,1.054252147674560547e+00,-1.368831992149353027e-01,-1.232923474162817001e-02,-1.345068495720624924e-02,1.279592603027884107e-02,-1.434358325777627119e-01,-3.130979951910989149e-03,1.000000000000000000e+00,2.579198360443115234e+00,6.445800065994262695e-01,7.055059075355529785e-01,-1.383254230022430420e-01,-1.244473550468683243e-02,1.401244779117405415e-03,1.380936783164969303e-02,-1.428928298619938086e-01,-3.233173240048949244e-03,1.000000000000000000e+00,-4.437392204999923706e-02,1.411814838647842407e-01,-1.000000014901161194e-01,4.080950617790222168e-01,1.999737620353698730e-01,1.999935209751129150e-01,-1.000000014901161194e-01,5.299001336097717285e-01,1.557397842407226562e-02,-1.807401180267333984e-01,-2.799749374389648438e-03,4.128403067588806152e-01,2.969932556152343750e-02,-1.737468242645263672e-01,-5.135774612426757812e-03,4.201136529445648193e-01
2.000000000000000111e-01,1.225887518376111984e-02,-4.112407267093658447e-01,1.105476498603820801e+00,1.629479974508285522e-01,2.622676314786076546e-03,3.027843236923217773e-01,9.877252578735351562e-01,9.048868715763092041e-02,1.273213028907775879e-01,-9.240984916687011719e-02,9.956781268119812012e-01,9.251672774553298950e-03,-1.259338557720184326e-01,-2.090385183691978455e-02,9.918184280395507812e-01,-1.819168180227279663e-01,1.398723870515823364e-01,-2.224157303571701050e-01,1.000000000000000000e+00,0.000000000000000000e+00,1.225887518376111984e-02,-4.112407267093658447e-01,1.105476498603820801e+00,1.629479974508285522e-01,2.622676314786076546e-03,3.027843236923217773e-01,1.000000000000000000e+00,-5.054352432489395142e-02,4.194356203079223633e-01,9.249734282493591309e-01,1.721449345350265503e-01,-2.122530490159988403e-01,3.255815207958221436e-01,1.000000000000000000e+00,3.350795984268188477e+00,-1.407179832458496094e-01,1.053988575935363770e+00,-1.649740487337112427e-01,-1.473758835345506668e-02,-1.272789202630519867e-02,1.000000000000000000e+00,2.576180219650268555e+00,6.443070173263549805e-01,7.055616378784179688e-01,-1.666174829006195068e-01,-1.518433913588523865e-02,4.631792195141315460e-03,1.000000000000000000e+00,1.000000000000000000e+00,0.000000000000000000e+00,0.000000000000000000e+00,1.000000000000000000e+00,-5.054352432489395142e-02,4.194356203079223633e-01,9.249734282493591309e-01,1.721449345350265503e-01,-2.122530490159988403e-01,3.255815207958221436e-01,9.840360879898071289e-01,1.177046522498130798e-01,1.334863454103469849e-01,-9.525645524263381958e-02,9.819148778915405273e-01,-1.636133939027786255e-01,-1.503302901983261108e-01,1.482860594987869263e-01,9.774518013000488281e-01,4.549717307090759277e-01,4.380949437618255615e-01,-3.611533939838409424e-01,0.000000000000000000e+00,1.000000000000000000e+00,1.225887518376111984e-02,-4.112407267093658447e-01,1.105476498603820801e+00,1.629479974508285522e-01,2.622676314786076546e-03,3.027843236923217773e-01,1.000000000000000000e+00,-5.054352432489395142e-02,4.194356203079223633e-01,9.249734282493591309e-01,1.721449345350265503e-01,-2.122530490159988403e-01,3.255815207958221436e-01,1.000000000000000000e+00,3.350795984268188477e+00,-1.407179832458496094e-01,1.053988575935363770e+00,-1.649740487337112427e-01,-1.473758835345506668e-02,-1.272789202630519867e-02,1.000000000000000000e+00,2.576180219650268555e+00,6.443070173263549805e-01,7.055616378784179688e-01,-1.666174829006195068e-01,-1.518433913588523865e-02,4.631792195141315460e-03,1.000000000000000000e+00,1.000000000000000000e+00,0.000000000000000000e+00,0.000000000000000000e+00,1.000000000000000000e+00,3.350795984268188477e+00,-1.407179832458496094e-01,1.053988575935363770e+00,-1.649740487337112427e-01,-1.473758835345506668e-02,-1.272789202630519867e-02,1.341883029572528072e-02,-1.518763899166033493e-01,-3.217900059241601309e-03,1.000000000000000000e+00,2.576180219650268555e+00,6.443070173263549805e-01,7.055616378784179688e-01,-1.666174829006195068e-01,-1.518433913588523865e-02,4.631792195141315460e-03,1.564271959949927945e-02,-1.505394519105101026e-01,-3.501981150554073913e-03,1.000000000000000000e+00,-4.574219882488250732e-02,1.310384124517440796e-01,-1.000000014901161194e-01,3.788437247276306152e-01,2.000000029802322388e-01,2.000000029802322388e-01,-1.000000014901161194e-01,5.146016478538513184e-01,1.489520072937011719e-02,-1.717031002044677734e-01,-2.545118331909179688e-03,4.142811894416809082e-01,3.556919097900390625e-02,-1.626980304718017578e-01,-5.764007568359375000e-03,4.233385324478149414e-01
2.200000000000000011e-01,1.575795561075210571e-02,-4.111685454845428467e-01,1.111693978309631348e+00,1.894208490848541260e-01,4.920508712530136108e-03,3.186515867710113525e-01,9.871116876602172852e-01,9.382925182580947876e-02,1.296397596597671509e-01,-9.626140445470809937e-02,9.952761530876159668e-01,1.260992605239152908e-02,-1.278441995382308960e-01,-2.492671273648738861e-02,9.914809465408325195e-01,-1.698025166988372803e-01,5.036618560552597046e-02,-1.580889075994491577e-01,1.000000000000000000e+00,0.000000000000000000e+00,1.575795561075210571e-02,-4.111685454845428467e-01,1.111693978309631348e+00,1.894208490848541260e-01,4.920508712530136108e-03,3.186515867710113525e-01,1.000000000000000000e+00,-4.680598154664039612e-02,4.148290753364562988e-01,9.319099187850952148e-01,2.050956636667251587e-01,-2.527160048484802246e-01,3.722416460514068604e-01,1.000000000000000000e+00,3.347233057022094727e+00,-1.410351395606994629e-01,1.053745269775390625e+00,-1.943953186273574829e-01,-1.724194176495075226e-02,-1.132508926093578339e-02,1.000000000000000000e+00,2.572583675384521484e+00,6.439758539199829102e-01,7.056901454925537109e-01,-1.961211562156677246e-01,-1.831828989088535309e-02,8.808073587715625763e-03,1.000000000000000000e+00,1.000000000000000000e+00,0.000000000000000000e+00,0.000000000000000000e+00,1.000000000000000000e+00,-4.680598154664039612e-02,4.148290753364562988e-01,9.319099187850952148e-01,2.050956636667251587e-01,-2.527160048484802246e-01,3.722416460514068604e-01,9.822140932083129883e-01,1.250327378511428833e-01,1.400793045759201050e-01,-1.001270413398742676e-01,9.798957705497741699e-01,-1.725655496120452881e-01,-1.588394492864608765e-01,1.554706096649169922e-01,9.749866127967834473e-01,3.644230961799621582e-01,3.238801360130310059e-01,-2.609751820564270020e-01,0.000000000000000000e+00,1.000000000000000000e+00,1.575795561075210571e-02,-4.111685454845428467e-01,1.111693978309631348e+00,1.894208490848541260e-01,4.920508712530136108e-03,3.186515867710113525e-01,1.000000000000000000e+00,-4.680598154664039612e-02,4.148290753364562988e-01,9.319099187850952148e-01,2.050956636667251587e-01,-2.527160048484802246e-01,3.722416460514068604e-01,1.000000000000000000e+00,3.347233057022094727e+00,-1.410351395606994629e-01,1.053745269775390625e+00,-1.943953186273574829e-01,-1.724194176495075226e-02,-1.132508926093578339e-02,1.000000000000000000e+00,2.572583675384521484e+00,6.439758539199829102e-01,7.056901454925537109e-01,-1.961211562156677246e-01,-1.831828989088535309e-02,8.808073587715625763e-03,1.000000000000000000e+00,1.000000000000000000e+00,0.000000000000000000e+00,0.000000000000000000e+00,1.000000000000000000e+00,3.347233057022094727e+00,-1.410351395606994629e-01,1.053745269775390625e+00,-1.943953186273574829e-01,-1.724194176495075226e-02,-1.132508926093578339e-02,1.384555390956872245e-02,-1.572240242629836526e-01,-3.215727164511486720e-03,1.000000000000000000e+00,2.572583675384521484e+00,6.439758539199829102e-01,7.056901454925537109e-01,-1.961211562156677246e-01,-1.831828989088535309e-02,8.808073587715625763e-03,1.792041932572296936e-02,-1.549084615625979655e-01,-3.776858778420334392e-03,1.000000000000000000e+00,-4.645551741123199463e-02,1.208959147334098816e-01,-1.000000014901161194e-01,3.521886169910430908e-01,2.000000029802322388e-01,2.000000029802322388e-01,-1.000000014901161194e-01,4.937395453453063965e-01,1.414918899536132812e-02,-1.624410152435302734e-01,-2.288579940795898438e-03,4.153149724006652832e-01,4.277062416076660156e-02,-1.508834362030029297e-01,-6.432771682739257812e-03,4.270075857639312744e-01
2.399999999999999911e-01,1.977524347603321075e-02,-4.110454320907592773e-01,1.118127346038818359e+00,2.145638018846511841e-01,7.750983349978923798e-03,3.232392966747283936e-01,9.868320226669311523e-01,9.607249498367309570e-02,1.301265209913253784e-01,-9.894125163555145264e-02,9.949687719345092773e-01,1.574821583926677704e-02,-1.279588490724563599e-01,-2.841571904718875885e-02,9.913724660873413086e-01,-1.440046429634094238e-01,-3.989074751734733582e-02,-1.078576371073722839e-01,1.000000000000000000e+00,0.000000000000000000e+00,1.977524347603321075e-02,-4.110454320907592773e-01,1.118127346038818359e+00,2.145638018846511841e-01,7.750983349978923798e-03,3.232392966747283936e-01,1.000000000000000000e+00,-4.240136966109275818e-02,4.094012677669525146e-01,9.397478103637695312e-01,2.387868911027908325e-01,-2.943358421325683594e-01,4.149729013442993164e-01,1.000000000000000000e+00,3.343075037002563477e+00,-1.414029300212860107e-01,1.053536772727966309e+00,-2.244552224874496460e-01,-1.979858241975307465e-02,-9.197310544550418854e-03,1.000000000000000000e+00,2.568391323089599609e+00,6.435777544975280762e-01,7.059121727943420410e-01,-2.261320203542709351e-01,-2.194443903863430023e-02,1.412897650152444839e-02,1.000000000000000000e+00,1.000000000000000000e+00,0.000000000000000000e+00,0.000000000000000000e+00,1.000000000000000000e+00,-4.240136966109275818e-02,4.094012677669525146e-01,9.397478103637695312e-01,2.387868911027908325e-01,-2.943358421325683594e-01,4.149729013442993164e-01,9.808385372161865234e-01,1.303080469369888306e-01,1.448296606540679932e-01,-1.034839004278182983e-01,9.783190488815307617e-01,-1.793958991765975952e-01,-1.650663614273071289e-01,1.609708815813064575e-01,9.730578064918518066e-01,2.694247066974639893e-01,2.448990345001220703e-01,-1.787987053394317627e-01,0.000000000000000000e+00,1.000000000000000000e+00,1.977524347603321075e-02,-4.110454320907592773e-01,1.118127346038818359e+00,2.145638018846511841e-01,7.750983349978923798e-03,3.232392966747283936e-01,1.000000000000000000e+00,-4.240136966109275818e-02,4.094012677669525146e-01,9.397478103637695312e-01,2.387868911027908325e-01,-2.943358421325683594e-01,4.149729013442993164e-01,1.000000000000000000e+00,3.343075037002563477e+00,-1.414029300212860107e-01,1.053536772727966309e+00,-2.244552224874496460e-01,-1.979858241975307465e-02,-9.197310544550418854e-03,1.000000000000000000e+00,2.568391323089599609e+00,6.435777544975280762e-01,7.059121727943420410e-01,-2.261320203542709351e-01,-2.194443903863430023e-02,1.412897650152444839e-02,1.000000000000000000e+00,1.000000000000000000e+00,0.000000000000000000e+00,0.000000000000000000e+00,1.000000000000000000e+00,3.343075037002563477e+00,-1.414029300212860107e-01,1.053536772727966309e+00,-2.244552224874496460e-01,-1.979858241975307465e-02,-9.197310544550418854e-03,1.400255229245017316e-02,-1.589882939394475780e-01,-3.124798299262723789e-03,1.000000000000000000e+00,2.568391323089599609e+00,6.435777544975280762e-01,7.059121727943420410e-01,-2.261320203542709351e-01,-2.194443903863430023e-02,1.412897650152444839e-02,2.068626601891767475e-02,-1.555778491318384749e-01,-4.070405413670867556e-03,1.000000000000000000e+00,-4.680853337049484253e-02,1.118785887956619263e-01,-1.000000014901161194e-01,3.327217698097229004e-01,1.999999582767486572e-01,2.000000029802322388e-01,-1.000000014901161194e-01,4.686930477619171143e-01,1.334547996520996094e-02,-1.532013416290283203e-01,-2.036571502685546875e-03,4.158640801906585693e-01,5.114150047302246094e-02,-1.386382579803466797e-01,-7.073640823364257812e-03,4.309940040111541748e-01
2.600000000000000089e-01,2.428075671195983887e-02,-4.108618497848510742e-01,1.124552845954895020e+00,2.380405962467193604e-01,1.098321005702018738e-02,3.169538080692291260e-01,9.868500232696533203e-01,9.750406444072723389e-02,1.289197653532028198e-01,-1.007048189640045166e-01,9.947438836097717285e-01,1.853068545460700989e-02,-1.264353245496749878e-01,-3.126984462141990662e-02,9.914820194244384766e-01,-1.193037703633308411e-01,-1.121855527162551880e-01,-6.976500898599624634e-02,1.000000000000000000e+00,0.000000000000000000e+00,2.428075671195983887e-02,-4.108618497848510742e-01,1.124552845954895020e+00,2.380405962467193604e-01,1.098321005702018738e-02,3.169538080692291260e-01,1.000000000000000000e+00,-3.732178732752799988e-02,4.031377732753753662e-01,9.483898878097534180e-01,2.724940180778503418e-01,-3.361573517322540283e-01,4.517291784286499023e-01,1.000000000000000000e+00,3.338315010070800781e+00,-1.418219655752182007e-01,1.053377270698547363e+00,-2.544966042041778564e-01,-2.235946618020534515e-02,-6.374313961714506149e-03,1.000000000000000000e+00,2.563598871231079102e+00,6.431018710136413574e-01,7.062523365020751953e-01,-2.559927999973297119e-01,-2.618068456649780273e-02,2.079194784164428711e-02,1.000000000000000000e+00,1.000000000000000000e+00,0.000000000000000000e+00,0.000000000000000000e+00,1.000000000000000000e+00,-3.732178732752799988e-02,4.031377732753753662e-01,9.483898878097534180e-01,2.724940180778503418e-01,-3.361573517322540283e-01,4.517291784286499023e-01,9.797754883766174316e-01,1.339294016361236572e-01,1.486711055040359497e-01,-1.055573970079421997e-01,9.771298170089721680e-01,-1.845944523811340332e-01,-1.699935942888259888e-01,1.651677787303924561e-01,9.715049862861633301e-01,2.152812033891677856e-01,2.145834416151046753e-01,-1.147331967949867249e-01,0.000000000000000000e+00,1.000000000000000000e+00,2.428075671195983887e-02,-4.108618497848510742e-01,1.124552845954895020e+00,2.380405962467193604e-01,1.098321005702018738e-02,3.169538080692291260e-01,1.000000000000000000e+00,-3.732178732752799988e-02,4.031377732753753662e-01,9.483898878097534180e-01,2.724940180778503418e-01,-3.361573517322540283e-01,4.517291784286499023e-01,1.000000000000000000e+00,3.338315010070800781e+00,-1.418219655752182007e-01,1.053377270698547363e+00,-2.544966042041778564e-01,-2.235946618020534515e-02,-6.374313961714506149e-03,1.000000000000000000e+00,2.563598871231079102e+00,6.431018710136413574e-01,7.062523365020751953e-01,-2.559927999973297119e-01,-2.618068456649780273e-02,2.079194784164428711e-02,1.000000000000000000e+00,1.000000000000000000e+00,0.000000000000000000e+00,0.000000000000000000e+00,1.000000000000000000e+00,3.338315010070800781e+00,-1.418219655752182007e-01,1.053377270698547363e+00,-2.544966042041778564e-01,-2.235946618020534515e-02,-6.374313961714506149e-03,1.394333816250429951e-02,-1.581669210650293866e-01,-2.973319178171665231e-03,1.000000000000000000e+00,2.563598871231079102e+00,6.431018710136413574e-01,7.062523365020751953e-01,-2.559927999973297119e-01,-2.618068456649780273e-02,2.079194784164428711e-02,2.407756861577799862e-02,-1.534919080371719424e-01,-4.409579507790689981e-03,1.000000000000000000e+00,-4.458713158965110779e-02,1.013216599822044373e-01,-1.000000014901161194e-01,3.243947625160217285e-01,1.999997198581695557e-01,2.000000029802322388e-01,-1.000000014901161194e-01,4.419126212596893311e-01,1.249933242797851562e-02,-1.441850662231445312e-01,-1.796007156372070312e-03,4.159045815467834473e-01,6.039214134216308594e-02,-1.263277530670166016e-01,-7.617950439453125000e-03,4.350549280643463135e-01
2.800000000000000266e-01,2.923994138836860657e-02,-4.106108844280242920e-01,1.130764603614807129e+00,2.597645819187164307e-01,1.451179292052984238e-02,3.012377619743347168e-01,9.870893955230712891e-01,9.834578633308410645e-02,1.264229118824005127e-01,-1.017781198024749756e-01,9.945862293243408203e-01,2.096722461283206940e-02,-1.236764416098594666e-01,-3.356361016631126404e-02,9.917548894882202148e-01,-9.407942742109298706e-02,-1.666956692934036255e-01,-4.208992421627044678e-02,1.000000000000000000e+00,0.000000000000000000e+00,2.923994138836860657e-02,-4.106108844280242920e-01,1.130764603614807129e+00,2.597645819187164307e-01,1.451179292052984238e-02,3.012377619743347168e-01,1.000000000000000000e+00,-3.157163411378860474e-02,3.960416018962860107e-01,9.576997160911560059e-01,3.057319521903991699e-01,-3.774515390396118164e-01,4.807004332542419434e-01,1.000000000000000000e+00,3.332957506179809570e+00,-1.422920078039169312e-01,1.053279995918273926e+00,-2.841138541698455811e-01,-2.489117905497550964e-02,-2.916066441684961319e-03,1.000000000000000000e+00,2.558214426040649414e+00,6.425346732139587402e-01,7.067391276359558105e-01,-2.852791547775268555e-01,-3.117737919092178345e-02,2.896014973521232605e-02,1.000000000000000000e+00,1.000000000000000000e+00,0.000000000000000000e+00,0.000000000000000000e+00,1.000000000000000000e+00,-3.157163411378860474e-02,3.960416018962860107e-01,9.576997160911560059e-01,3.057319521903991699e-01,-3.774515390396118164e-01,4.807004332542419434e-01,9.789019227027893066e-01,1.363388299942016602e-01,1.521937549114227295e-01,-1.065714731812477112e-01,9.761736392974853516e-01,-1.890179514884948730e-01,-1.743380129337310791e-01,1.688105165958404541e-01,9.701079726219177246e-01,1.931792795658111572e-01,1.999222785234451294e-01,-6.617100536823272705e-02,0.000000000000000000e+00,1.000000000000000000e+00,2.923994138836860657e-02,-4.106108844280242920e-01,1.130764603614807129e+00,2.597645819187164307e-01,1.451179292052984238e-02,3.012377619743347168e-01,1.000000000000000000e+00,-3.157163411378860474e-02,3.960416018962860107e-01,9.576997160911560059e-01,3.057319521903991699e-01,-3.774515390396118164e-01,4.807004332542419434e-01,1.000000000000000000e+00,3.332957506179809570e+00,-1.422920078039169312e-01,1.053279995918273926e+00,-2.841138541698455811e-01,-2.489117905497550964e-02,-2.916066441684961319e-03,1.000000000000000000e+00,2.558214426040649414e+00,6.425346732139587402e-01,7.067391276359558105e-01,-2.852791547775268555e-01,-3.117737919092178345e-02,2.896014973521232605e-02,1.000000000000000000e+00,1.000000000000000000e+00,0.000000000000000000e+00,0.000000000000000000e+00,1.000000000000000000e+00,3.332957506179809570e+00,-1.422920078039169312e-01,1.053279995918273926e+00,-2.841138541698455811e-01,-2.489117905497550964e-02,-2.916066441684961319e-03,1.376521501365378028e-02,-1.561318284623696151e-01,-2.789271161157223268e-03,1.000000000000000000e+00,2.558214426040649414e+00,6.425346732139587402e-01,7.067391276359558105e-01,-2.852791547775268555e-01,-3.117737919092178345e-02,2.896014973521232605e-02,2.824674571885393837e-02,-1.499200820509074550e-01,-4.823540271727285930e-03,1.000000000000000000e+00,-4.171349853277206421e-02,8.932861685752868652e-02,-1.000000014901161194e-01,3.242579102516174316e-01,1.999991238117218018e-01,2.000000029802322388e-01,-1.000000014901161194e-01,4.185580015182495117e-01,1.162195205688476562e-02,-1.354844570159912109e-01,-1.569747924804687500e-03,4.154645204544067383e-01,7.021355628967285156e-02,-1.142425537109375000e-01,-8.016824722290039062e-03,4.388787746429443359e-01
2.999999999999999889e-01,3.461853414773941040e-02,-4.102872312068939209e-01,1.136592745780944824e+00,2.798441350460052490e-01,1.826343312859535217e-02,2.782899141311645508e-01,9.874967336654663086e-01,9.879833459854125977e-02,1.228376924991607666e-01,-1.023520529270172119e-01,9.944834709167480469e-01,2.294904366135597229e-02,-1.198927313089370728e-01,-3.523479402065277100e-02,9.921613931655883789e-01,-6.175407394766807556e-02,-2.191677242517471313e-01,-2.302436158061027527e-02,1.000000000000000000e+00,0.000000000000000000e+00,3.461853414773941040e-02,-4.102872312068939209e-01,1.136592745780944824e+00,2.798441350460052490e-01,1.826343312859535217e-02,2.782899141311645508e-01,1.000000000000000000e+00,-2.516331523656845093e-02,3.881276845932006836e-01,9.675098657608032227e-01,3.381961882114410400e-01,-4.177884459495544434e-01,5.007815957069396973e-01,1.000000000000000000e+00,3.327013254165649414e+00,-1.428122669458389282e-01,1.053256750106811523e+00,-3.131302595138549805e-01,-2.737500891089439392e-02,1.071201870217919350e-03,1.000000000000000000e+00,2.552250862121582031e+00,6.418594121932983398e-01,7.074035406112670898e-01,-3.137766122817993164e-01,-3.711167722940444946e-02,3.872602805495262146e-02,1.000000000000000000e+00,1.000000000000000000e+00,0.000000000000000000e+00,0.000000000000000000e+00,1.000000000000000000e+00,-2.516331523656845093e-02,3.881276845932006836e-01,9.675098657608032227e-01,3.381961882114410400e-01,-4.177884459495544434e-01,5.007815957069396973e-01,9.781790375709533691e-01,1.378739178180694580e-01,1.554241031408309937e-01,-1.068009957671165466e-01,9.753574728965759277e-01,-1.930579692125320435e-01,-1.782117038965225220e-01,1.722458153963088989e-01,9.687992930412292480e-01,1.767263710498809814e-01,1.786114871501922607e-01,-3.058524616062641144e-02,0.000000000000000000e+00,1.000000000000000000e+00,3.461853414773941040e-02,-4.102872312068939209e-01,1.136592745780944824e+00,2.798441350460052490e-01,1.826343312859535217e-02,2.782899141311645508e-01,1.000000000000000000e+00,-2.516331523656845093e-02,3.881276845932006836e-01,9.675098657608032227e-01,3.381961882114410400e-01,-4.177884459495544434e-01,5.007815957069396973e-01,1.000000000000000000e+00,3.327013254165649414e+00,-1.428122669458389282e-01,1.053256750106811523e+00,-3.131302595138549805e-01,-2.737500891089439392e-02,1.071201870217919350e-03,1.000000000000000000e+00,2.552250862121582031e+00,6.418594121932983398e-01,7.074035406112670898e-01,-3.137766122817993164e-01,-3.711167722940444946e-02,3.872602805495262146e-02,1.000000000000000000e+00,1.000000000000000000e+00,0.000000000000000000e+00,0.000000000000000000e+00,1.000000000000000000e+00,3.327013254165649414e+00,-1.428122669458389282e-01,1.053256750106811523e+00,-3.131302595138549805e-01,-2.737500891089439392e-02,1.071201870217919350e-03,1.352035324018737578e-02,-1.536660361209885028e-01,-2.588792444143598985e-03,1.000000000000000000e+00,2.552250862121582031e+00,6.418594121932983398e-01,7.074035406112670898e-01,-3.137766122817993164e-01,-3.711167722940444946e-02,3.872602805495262146e-02,3.326921069701535560e-02,-1.456216281923234934e-01,-5.322578787699457428e-03,1.000000000000000000e+00,-3.975710272789001465e-02,7.718837261199951172e-02,-1.000000014901161194e-01,3.269217610359191895e-01,1.999971717596054077e-01,1.999999880790710449e-01,-1.000000014901161194e-01,3.975603878498077393e-01,1.071763038635253906e-02,-1.271035671234130859e-01,-1.358509063720703125e-03,4.146186411380767822e-01,8.035349845886230469e-02,-1.025660037994384766e-01,-8.244752883911132812e-03,4.421785175800323486e-01
3.200000000000000067e-01,4.038494452834129333e-02,-4.098870456218719482e-01,1.141913652420043945e+00,2.984123528003692627e-01,2.216802164912223816e-02,2.503383457660675049e-01,9.880507588386535645e-01,9.902439266443252563e-02,1.181103736162185669e-01,-1.025778427720069885e-01,9.944262504577636719e-01,2.438107132911682129e-02,-1.150377243757247925e-01,-3.620523959398269653e-02,9.927011728286743164e-01,-2.970632724463939667e-02,-2.754787206649780273e-01,-1.070402842015028000e-02,1.000000000000000000e+00,0.000000000000000000e+00,4.038494452834129333e-02,-4.098870456218719482e-01,1.141913652420043945e+00,2.984123528003692627e-01,2.216802164912223816e-02,2.503383457660675049e-01,1.000000000000000000e+00,-1.811419799923896790e-02,3.794174492359161377e-01,9.776387810707092285e-01,3.696858584880828857e-01,-4.569324851036071777e-01,5.116545557975769043e-01,1.000000000000000000e+00,3.320494174957275391e+00,-1.433816701173782349e-01,1.053316831588745117e+00,-3.414495885372161865e-01,-2.979649417102336884e-02,5.420887842774391174e-03,1.000000000000000000e+00,2.545725345611572266e+00,6.410557627677917480e-01,7.082778215408325195e-01,-3.413510620594024658e-01,-4.416727274656295776e-02,5.010809749364852905e-02,1.000000000000000000e+00,1.000000000000000000e+00,0.000000000000000000e+00,0.000000000000000000e+00,1.000000000000000000e+00,-1.811419799923896790e-02,3.794174492359161377e-01,9.776387810707092285e-01,3.696858584880828857e-01,-4.569324851036071777e-01,5.116545557975769043e-01,9.776065945625305176e-01,1.387606561183929443e-01,1.582124084234237671e-01,-1.065152063965797424e-01,9.746671915054321289e-01,-1.966691166162490845e-01,-1.814943403005599976e-01,1.754129678010940552e-01,9.676210284233093262e-01,1.539343744516372681e-01,1.505398154258728027e-01,-5.595708731561899185e-03,0.000000000000000000e+00,1.000000000000000000e+00,4.038494452834129333e-02,-4.098870456218719482e-01,1.141913652420043945e+00,2.984123528003692627e-01,2.216802164912223816e-02,2.503383457660675049e-01,1.000000000000000000e+00,-1.811419799923896790e-02,3.794174492359161377e-01,9.776387810707092285e-01,3.696858584880828857e-01,-4.569324851036071777e-01,5.116545557975769043e-01,1.000000000000000000e+00,3.320494174957275391e+00,-1.433816701173782349e-01,1.053316831588745117e+00,-3.414495885372161865e-01,-2.979649417102336884e-02,5.420887842774391174e-03,1.000000000000000000e+00,2.545725345611572266e+00,6.410557627677917480e-01,7.082778215408325195e-01,-3.413510620594024658e-01,-4.416727274656295776e-02,5.010809749364852905e-02,1.000000000000000000e+00,1.000000000000000000e+00,0.000000000000000000e+00,0.000000000000000000e+00,1.000000000000000000e+00,3.320494174957275391e+00,-1.433816701173782349e-01,1.053316831588745117e+00,-3.414495885372161865e-01,-2.979649417102336884e-02,5.420887842774391174e-03,1.320941765856975363e-02,-1.508197726321907073e-01,-2.381046849658046555e-03,1.000000000000000000e+00,2.545725345611572266e+00,6.410557627677917480e-01,7.082778215408325195e-01,-3.413510620594024658e-01,-4.416727274656295776e-02,5.010809749364852905e-02,3.910655124973339697e-02,-1.406959017264630685e-01,-5.890812266077960491e-03,1.000000000000000000e+00,-3.746036812663078308e-02,6.693425029516220093e-02,-1.000000014901161194e-01,3.330885469913482666e-01,1.999837309122085571e-01,1.999999731779098511e-01,-1.000000014901161194e-01,3.788426518440246582e-01,9.788751602172851562e-03,-1.190240383148193359e-01,-1.162290573120117188e-03,4.134569168090820312e-01,9.063458442687988281e-02,-9.139800071716308594e-02,-8.294820785522460938e-03,4.447515606880187988e-01
3.400000000000000244e-01,4.650976136326789856e-02,-4.094078242778778076e-01,1.146645069122314453e+00,3.155546486377716064e-01,2.616775408387184143e-02,2.193511724472045898e-01,9.887235760688781738e-01,9.912189841270446777e-02,1.122526153922080994e-01,-1.025702655315399170e-01,9.944025278091430664e-01,2.535862289369106293e-02,-1.091106906533241272e-01,-3.658644482493400574e-02,9.933561086654663086e-01,-6.026608869433403015e-03,-3.236104547977447510e-01,-3.107069991528987885e-03,1.000000000000000000e+00,0.000000000000000000e+00,4.650976136326789856e-02,-4.094078242778778076e-01,1.146645069122314453e+00,3.155546486377716064e-01,2.616775408387184143e-02,2.193511724472045898e-01,1.000000000000000000e+00,-1.044516637921333313e-02,3.699363470077514648e-01,9.879029989242553711e-01,4.000580012798309326e-01,-4.947251677513122559e-01,5.134609937667846680e-01,1.000000000000000000e+00,3.313416242599487305e+00,-1.439988315105438232e-01,1.053465962409973145e+00,-3.689479827880859375e-01,-3.213857859373092651e-02,9.969295002520084381e-03,1.000000000000000000e+00,2.538657903671264648e+00,6.400995850563049316e-01,7.093939185142517090e-01,-3.678402602672576904e-01,-5.251251533627510071e-02,6.305644661188125610e-02,1.000000000000000000e+00,1.000000000000000000e+00,0.000000000000000000e+00,0.000000000000000000e+00,1.000000000000000000e+00,-1.044516637921333313e-02,3.699363470077514648e-01,9.879029989242553711e-01,4.000580012798309326e-01,-4.947251677513122559e-01,5.134609937667846680e-01,9.771727323532104492e-01,1.391658037900924683e-01,1.605190634727478027e-01,-1.059190332889556885e-01,9.741082787513732910e-01,-1.997355967760086060e-01,-1.841593086719512939e-01,1.781741529703140259e-01,9.666123390197753906e-01,1.281864494085311890e-01,1.241675764322280884e-01,1.097480207681655884e-02,0.000000000000000000e+00,1.000000000000000000e+00,4.650976136326789856e-02,-4.094078242778778076e-01,1.146645069122314453e+00,3.155546486377716064e-01,2.616775408387184143e-02,2.193511724472045898e-01,1.000000000000000000e+00,-1.044516637921333313e-02,3.699363470077514648e-01,9.879029989242553711e-01,4.000580012798309326e-01,-4.947251677513122559e-01,5.134609937667846680e-01,1.000000000000000000e+00,3.313416242599487305e+00,-1.439988315105438232e-01,1.053465962409973145e+00,-3.689479827880859375e-01,-3.213857859373092651e-02,9.969295002520084381e-03,1.000000000000000000e+00,2.538657903671264648e+00,6.400995850563049316e-01,7.093939185142517090e-01,-3.678402602672576904e-01,-5.251251533627510071e-02,6.305644661188125610e-02,1.000000000000000000e+00,1.000000000000000000e+00,0.000000000000000000e+00,0.000000000000000000e+00,1.000000000000000000e+00,3.313416242599487305e+00,-1.439988315105438232e-01,1.053465962409973145e+00,-3.689479827880859375e-01,-3.213857859373092651e-02,9.969295002520084381e-03,1.281143290328535730e-02,-1.473051564417915404e-01,-2.168215348058920473e-03,1.000000000000000000e+00,2.538657903671264648e+00,6.400995850563049316e-01,7.093939185142517090e-01,-3.678402602672576904e-01,-5.251251533627510071e-02,6.305644661188125610e-02,4.563963364920613219e-02,-1.349345756232989135e-01,-6.491205409992793079e-03,1.000000000000000000e+00,-3.586320579051971436e-02,5.933939293026924133e-02,-1.000000014901161194e-01,3.434230387210845947e-01,1.997869312763214111e-01,1.999998092651367188e-01,-1.000000014901161194e-01,3.625502586364746094e-01,8.837699890136718750e-03,-1.112453937530517578e-01,-9.810924530029296875e-04,4.120629131793975830e-01,1.009340286254882812e-01,-8.080554008483886719e-02,-8.174657821655273438e-03,4.464730918407440186e-01
3.599999999999999867e-01,5.296516045928001404e-02,-4.088479578495025635e-01,1.150743246078491211e+00,3.313535153865814209e-01,3.023738414049148560e-02,1.872017830610275269e-01,9.894540905952453613e-01,9.914161264896392822e-02,1.056019663810729980e-01,-1.024151295423507690e-01,9.944012761116027832e-01,2.602721378207206726e-02,-1.024303436279296875e-01,-3.656796738505363464e-02,9.940679073333740234e-01,7.960271090269088745e-03,-3.464986085891723633e-01,1.681510824710130692e-03,1.000000000000000000e+00,0.000000000000000000e+00,5.296516045928001404e-02,-4.088479578495025635e-01,1.150743246078491211e+00,3.313535153865814209e-01,3.023738414049148560e-02,1.872017830610275269e-01,1.000000000000000000e+00,-2.179357921704649925e-03,3.597122430801391602e-01,9.981248378753662109e-01,4.292387068271636963e-01,-5.310727357864379883e-01,5.066431760787963867e-01,1.000000000000000000e+00,3.305796861648559570e+00,-1.446619778871536255e-01,1.053706765174865723e+00,-3.954521417617797852e-01,-3.438142687082290649e-02,1.456610299646854401e-02,1.000000000000000000e+00,2.531071901321411133e+00,6.389638185501098633e-01,7.107824087142944336e-01,-3.930317759513854980e-01,-6.228743121027946472e-02,7.745395600795745850e-02,1.000000000000000000e+00,1.000000000000000000e+00,0.000000000000000000e+00,0.000000000000000000e+00,1.000000000000000000e+00,-2.179357921704649925e-03,3.597122430801391602e-01,9.981248378753662109e-01,4.292387068271636963e-01,-5.310727357864379883e-01,5.066431760787963867e-01,9.768469333648681641e-01,1.392333060503005981e-01,1.624320000410079956e-01,-1.051468774676322937e-01,9.736692309379577637e-01,-2.022679448127746582e-01,-1.863174885511398315e-01,1.805056035518646240e-01,9.657657742500305176e-01,1.055067852139472961e-01,1.042768284678459167e-01,2.106074616312980652e-02,0.000000000000000000e+00,1.000000000000000000e+00,5.296516045928001404e-02,-4.088479578495025635e-01,1.150743246078491211e+00,3.313535153865814209e-01,3.023738414049148560e-02,1.872017830610275269e-01,1.000000000000000000e+00,-2.179357921704649925e-03,3.597122430801391602e-01,9.981248378753662109e-01,4.292387068271636963e-01,-5.310727357864379883e-01,5.066431760787963867e-01,1.000000000000000000e+00,3.305796861648559570e+00,-1.446619778871536255e-01,1.053706765174865723e+00,-3.954521417617797852e-01,-3.438142687082290649e-02,1.456610299646854401e-02,1.000000000000000000e+00,2.531071901321411133e+00,6.389638185501098633e-01,7.107824087142944336e-01,-3.930317759513854980e-01,-6.228743121027946472e-02,7.745395600795745850e-02,1.000000000000000000e+00,1.000000000000000000e+00,0.000000000000000000e+00,0.000000000000000000e+00,1.000000000000000000e+00,3.305796861648559570e+00,-1.446619778871536255e-01,1.053706765174865723e+00,-3.954521417617797852e-01,-3.438142687082290649e-02,1.456610299646854401e-02,1.232270186945250839e-02,-1.429548963135067741e-01,-1.953821607249034593e-03,1.000000000000000000e+00,2.531071901321411133e+00,6.389638185501098633e-01,7.107824087142944336e-01,-3.930317759513854980e-01,-6.228743121027946472e-02,7.745395600795745850e-02,5.272999155519091097e-02,-1.282325657083234205e-01,-7.080525239157853951e-03,1.000000000000000000e+00,-3.363160789012908936e-02,5.207815393805503845e-02,-1.000000014901161194e-01,3.558477759361267090e-01,1.996122598648071289e-01,1.999999582767486572e-01,-1.000000014901161194e-01,3.454818725585937500e-01,7.864713668823242188e-03,-1.037869453430175781e-01,-8.149147033691406250e-04,4.105190932750701904e-01,1.111793518066406250e-01,-7.083916664123535156e-02,-7.901668548583984375e-03,4.472815692424774170e-01
3.800000000000000044e-01,5.972523614764213562e-02,-4.082061052322387695e-01,1.154200553894042969e+00,3.459184169769287109e-01,3.437605127692222595e-02,1.555500030517578125e-01,9.901708960533142090e-01,9.908732026815414429e-02,9.870827943086624146e-02,-1.021538600325584412e-01,9.944155812263488770e-01,2.650036662817001343e-02,-9.553120285272598267e-02,-3.632332384586334229e-02,9.947635531425476074e-01,1.701111532747745514e-02,-3.453762829303741455e-01,6.272829137742519379e-03,1.000000000000000000e+00,0.000000000000000000e+00,5.972523614764213562e-02,-4.082061052322387695e-01,1.154200553894042969e+00,3.459184169769287109e-01,3.437605127692222595e-02,1.555500030517578125e-01,1.000000000000000000e+00,6.659091915935277939e-03,3.487746417522430420e-01,1.008136034011840820e+00,4.571936428546905518e-01,-5.659158229827880859e-01,4.916562438011169434e-01,1.000000000000000000e+00,3.297657728195190430e+00,-1.453689485788345337e-01,1.054038643836975098e+00,-4.207862317562103271e-01,-3.650669753551483154e-02,1.906001009047031403e-02,1.000000000000000000e+00,2.522995710372924805e+00,6.376188993453979492e-01,7.124705314636230469e-01,-4.167073369026184082e-01,-7.360154390335083008e-02,9.311451017856597900e-02,1.000000000000000000e+00,1.000000000000000000e+00,0.000000000000000000e+00,0.000000000000000000e+00,1.000000000000000000e+00,6.659091915935277939e-03,3.487746417522430420e-01,1.008136034011840820e+00,4.571936428546905518e-01,-5.659158229827880859e-01,4.916562438011169434e-01,9.765948057174682617e-01,1.390865594148635864e-01,1.640659719705581665e-01,-1.042877584695816040e-01,9.733237624168395996e-01,-2.043651491403579712e-01,-1.881137341260910034e-01,1.824718564748764038e-01,9.650478959083557129e-01,8.802519738674163818e-02,8.996604382991790771e-02,2.631657011806964874e-02,0.000000000000000000e+00,1.000000000000000000e+00,5.972523614764213562e-02,-4.082061052322387695e-01,1.154200553894042969e+00,3.459184169769287109e-01,3.437605127692222595e-02,1.555500030517578125e-01,1.000000000000000000e+00,6.659091915935277939e-03,3.487746417522430420e-01,1.008136034011840820e+00,4.571936428546905518e-01,-5.659158229827880859e-01,4.916562438011169434e-01,1.000000000000000000e+00,3.297657728195190430e+00,-1.453689485788345337e-01,1.054038643836975098e+00,-4.207862317562103271e-01,-3.650669753551483154e-02,1.906001009047031403e-02,1.000000000000000000e+00,2.522995710372924805e+00,6.376188993453979492e-01,7.124705314636230469e-01,-4.167073369026184082e-01,-7.360154390335083008e-02,9.311451017856597900e-02,1.000000000000000000e+00,1.000000000000000000e+00,0.000000000000000000e+00,0.000000000000000000e+00,1.000000000000000000e+00,3.297657728195190430e+00,-1.453689485788345337e-01,1.054038643836975098e+00,-4.207862317562103271e-01,-3.650669753551483154e-02,1.906001009047031403e-02,1.175921003583449420e-02,-1.379135935990654094e-01,-1.742208931156085695e-03,1.000000000000000000e+00,2.522995710372924805e+00,6.376188993453979492e-01,7.124705314636230469e-01,-4.167073369026184082e-01,-7.360154390335083008e-02,9.311451017856597900e-02,6.026463267394760459e-02,-1.207531694400381106e-01,-7.623795615313511131e-03,1.000000000000000000e+00,-2.995383739471435547e-02,4.435769841074943542e-02,-1.000000014901161194e-01,3.685483634471893311e-01,1.927927434444427490e-01,2.000000029802322388e-01,-1.000000014901161194e-01,3.303689360618591309e-01,6.867647171020507812e-03,-9.667420387268066406e-02,-6.628036499023437500e-04,4.089006185531616211e-01,1.213345527648925781e-01,-6.153917312622070312e-02,-7.498741149902343750e-03,4.471438229084014893e-01
4.000000000000000222e-01,6.676639616489410400e-02,-4.074808061122894287e-01,1.157038688659667969e+00,3.593682646751403809e-01,3.858482092618942261e-02,1.256586015224456787e-01,9.908364415168762207e-01,9.898656606674194336e-02,9.189701825380325317e-02,-1.018272638320922852e-01,9.944426417350769043e-01,2.674401737749576569e-02,-8.873900026082992554e-02,-3.585656359791755676e-02,9.954094290733337402e-01,3.179404884576797485e-02,-3.376041650772094727e-01,8.208276703953742981e-03,1.000000000000000000e+00,0.000000000000000000e+00,6.676639616489410400e-02,-4.074808061122894287e-01,1.157038688659667969e+00,3.593682646751403809e-01,3.858482092618942261e-02,1.256586015224456787e-01,1.000000000000000000e+00,1.604548655450344086e-02,3.371540009975433350e-01,1.017777085304260254e+00,4.839124679565429688e-01,-5.992196798324584961e-01,4.689125120639801025e-01,1.000000000000000000e+00,3.289023637771606445e+00,-1.461172401905059814e-01,1.054458498954772949e+00,-4.448300600051879883e-01,-3.849995881319046021e-02,2.331935055553913116e-02,1.000000000000000000e+00,2.514460802078247070e+00,6.360331177711486816e-01,7.144814729690551758e-01,-4.386979639530181885e-01,-8.653760701417922974e-02,1.097845509648323059e-01,1.000000000000000000e+00,1.000000000000000000e+00,0.000000000000000000e+00,0.000000000000000000e+00,1.000000000000000000e+00,1.604548655450344086e-02,3.371540009975433350e-01,1.017777085304260254e+00,4.839124679565429688e-01,-5.992196798324584961e-01,4.689125120639801025e-01,9.763922095298767090e-01,1.388002187013626099e-01,1.655085086822509766e-01,-1.034063771367073059e-01,9.730700850486755371e-01,-2.060145735740661621e-01,-1.896462142467498779e-01,1.840363740921020508e-01,9.644507765769958496e-01,5.444432049989700317e-02,7.839550822973251343e-02,2.825640700757503510e-02,0.000000000000000000e+00,1.000000000000000000e+00,6.676639616489410400e-02,-4.074808061122894287e-01,1.157038688659667969e+00,3.593682646751403809e-01,3.858482092618942261e-02,1.256586015224456787e-01,1.000000000000000000e+00,1.604548655450344086e-02,3.371540009975433350e-01,1.017777085304260254e+00,4.839124679565429688e-01,-5.992196798324584961e-01,4.689125120639801025e-01,1.000000000000000000e+00,3.289023637771606445e+00,-1.461172401905059814e-01,1.054458498954772949e+00,-4.448300600051879883e-01,-3.849995881319046021e-02,2.331935055553913116e-02,1.000000000000000000e+00,2.514460802078247070e+00,6.360331177711486816e-01,7.144814729690551758e-01,-4.386979639530181885e-01,-8.653760701417922974e-02,1.097845509648323059e-01,1.000000000000000000e+00,1.000000000000000000e+00,0.000000000000000000e+00,0.000000000000000000e+00,1.000000000000000000e+00,3.289023637771606445e+00,-1.461172401905059814e-01,1.054458498954772949e+00,-4.448300600051879883e-01,-3.849995881319046021e-02,2.331935055553913116e-02,1.113674576809420974e-02,-1.324893115963534651e-01,-1.538010930222743697e-03,1.000000000000000000e+00,2.514460802078247070e+00,6.360331177711486816e-01,7.144814729690551758e-01,-4.386979639530181885e-01,-8.653760701417922974e-02,1.097845509648323059e-01,6.816588624851532829e-02,-1.128311761099882737e-01,-8.098548613607807478e-03,1.000000000000000000e+00,-2.513081207871437073e-02,3.678851202130317688e-02,-1.000000014901161194e-01,3.817006647586822510e-01,1.825536340475082397e-01,2.000000029802322388e-01,-1.000000014901161194e-01,3.197225332260131836e-01,5.845069885253906250e-03,-8.992362022399902344e-02,-5.249977111816406250e-04,4.072695970535278320e-01,1.313970088958740234e-01,-5.292820930480957031e-02,-6.991624832153320312e-03,4.460450112819671631e-01
4.199999999999999845e-01,7.406723499298095703e-02,-4.066708683967590332e-01,1.159301877021789551e+00,3.717954456806182861e-01,4.283929616212844849e-02,9.847961366176605225e-02,9.914476275444030762e-01,9.889556467533111572e-02,8.515539020299911499e-02,-1.014814078807830811e-01,9.944822788238525391e-01,2.658209018409252167e-02,-8.205667883157730103e-02,-3.499643504619598389e-02,9.960131049156188965e-01,5.786953866481781006e-02,-3.357762694358825684e-01,8.406761102378368378e-03,1.000000000000000000e+00,0.000000000000000000e+00,7.406723499298095703e-02,-4.066708683967590332e-01,1.159301877021789551e+00,3.717954456806182861e-01,4.283929616212844849e-02,9.847961366176605225e-02,1.000000000000000000e+00,2.595551311969757080e-02,3.248811662197113037e-01,1.026898145675659180e+00,5.094587802886962891e-01,-6.309795379638671875e-01,4.391116797924041748e-01,1.000000000000000000e+00,3.279920339584350586e+00,-1.469041407108306885e-01,1.054960727691650391e+00,-4.675288796424865723e-01,-4.034981504082679749e-02,2.723665721714496613e-02,1.000000000000000000e+00,2.505501747131347656e+00,6.341735720634460449e-01,7.168326377868652344e-01,-4.589064419269561768e-01,-1.011553481221199036e-01,1.271509975194931030e-01,1.000000000000000000e+00,1.000000000000000000e+00,0.000000000000000000e+00,0.000000000000000000e+00,1.000000000000000000e+00,2.595551311969757080e-02,3.248811662197113037e-01,1.026898145675659180e+00,5.094587802886962891e-01,-6.309795379638671875e-01,4.391116797924041748e-01,9.762261509895324707e-01,1.383340209722518921e-01,1.668719649314880371e-01,-1.025523021817207336e-01,9.730210304260253906e-01,-2.066714465618133545e-01,-1.909596323966979980e-01,1.846449673175811768e-01,9.640750288963317871e-01,-1.595548540353775024e-02,6.762613356113433838e-02,2.794312126934528351e-02,0.000000000000000000e+00,1.000000000000000000e+00,7.406723499298095703e-02,-4.066708683967590332e-01,1.159301877021789551e+00,3.717954456806182861e-01,4.283929616212844849e-02,9.847961366176605225e-02,1.000000000000000000e+00,2.595551311969757080e-02,3.248811662197113037e-01,1.026898145675659180e+00,5.094587802886962891e-01,-6.309795379638671875e-01,4.391116797924041748e-01,1.000000000000000000e+00,3.279920339584350586e+00,-1.469041407108306885e-01,1.054960727691650391e+00,-4.675288796424865723e-01,-4.034981504082679749e-02,2.723665721714496613e-02,1.000000000000000000e+00,2.505501747131347656e+00,6.341735720634460449e-01,7.168326377868652344e-01,-4.589064419269561768e-01,-1.011553481221199036e-01,1.271509975194931030e-01,1.000000000000000000e+00,1.000000000000000000e+00,0.000000000000000000e+00,0.000000000000000000e+00,1.000000000000000000e+00,3.279920339584350586e+00,-1.469041407108306885e-01,1.054960727691650391e+00,-4.675288796424865723e-01,-4.034981504082679749e-02,2.723665721714496613e-02,1.046328242832322841e-02,-1.269130707795920188e-01,-1.344019500287156436e-03,1.000000000000000000e+00,2.505501747131347656e+00,6.341735720634460449e-01,7.168326377868652344e-01,-4.589064419269561768e-01,-1.011553481221199036e-01,1.271509975194931030e-01,7.637692592005830561e-02,-1.047842757520323076e-01,-8.489461686282950836e-03,1.000000000000000000e+00,-2.135474607348442078e-02,2.880549989640712738e-02,-1.000000014901161194e-01,3.935019969940185547e-01,1.743503659963607788e-01,2.000000029802322388e-01,-1.000000014901161194e-01,3.128004968166351318e-01,4.798412322998046875e-03,-8.353543281555175781e-02,-4.003047943115234375e-04,4.056837558746337891e-01,1.414034366607666016e-01,-4.499197006225585938e-02,-6.402492523193359375e-03,4.440234005451202393e-01
4.400000000000000022e-01,8.160772919654846191e-02,-4.057758450508117676e-01,1.161051392555236816e+00,3.832342028617858887e-01,4.707325249910354614e-02,7.471767067909240723e-02,9.920163750648498535e-01,9.885401278734207153e-02,7.830438017845153809e-02,-1.011447533965110779e-01,9.945361614227294922e-01,2.583966590464115143e-02,-7.532218098640441895e-02,-3.355344757437705994e-02,9.965946674346923828e-01,8.857577294111251831e-02,-3.432968854904174805e-01,7.416958454996347427e-03,1.000000000000000000e+00,0.000000000000000000e+00,8.160772919654846191e-02,-4.057758450508117676e-01,1.161051392555236816e+00,3.832342028617858887e-01,4.707325249910354614e-02,7.471767067909240723e-02,1.000000000000000000e+00,3.636689856648445129e-02,3.119872212409973145e-01,1.035366892814636230e+00,5.339733362197875977e-01,-6.611658930778503418e-01,4.032706022262573242e-01,1.000000000000000000e+00,3.270375251770019531e+00,-1.477266699075698853e-01,1.055537462234497070e+00,-4.888651669025421143e-01,-4.204639792442321777e-02,3.072501718997955322e-02,1.000000000000000000e+00,2.496155023574829102e+00,6.320062875747680664e-01,7.195346951484680176e-01,-4.772937297821044922e-01,-1.174922659993171692e-01,1.448494791984558105e-01,1.000000000000000000e+00,1.000000000000000000e+00,0.000000000000000000e+00,0.000000000000000000e+00,1.000000000000000000e+00,3.636689856648445129e-02,3.119872212409973145e-01,1.035366892814636230e+00,5.339733362197875977e-01,-6.611658930778503418e-01,4.032706022262573242e-01,9.760906100273132324e-01,1.376216113567352295e-01,1.682490855455398560e-01,-1.017626225948333740e-01,9.732991456985473633e-01,-2.057511657476425171e-01,-1.920724660158157349e-01,1.837102919816970825e-01,9.640327095985412598e-01,-9.921351820230484009e-02,5.730363726615905762e-02,2.611729130148887634e-02,0.000000000000000000e+00,1.000000000000000000e+00,8.160772919654846191e-02,-4.057758450508117676e-01,1.161051392555236816e+00,3.832342028617858887e-01,4.707325249910354614e-02,7.471767067909240723e-02,1.000000000000000000e+00,3.636689856648445129e-02,3.119872212409973145e-01,1.035366892814636230e+00,5.339733362197875977e-01,-6.611658930778503418e-01,4.032706022262573242e-01,1.000000000000000000e+00,3.270375251770019531e+00,-1.477266699075698853e-01,1.055537462234497070e+00,-4.888651669025421143e-01,-4.204639792442321777e-02,3.072501718997955322e-02,1.000000000000000000e+00,2.496155023574829102e+00,6.320062875747680664e-01,7.195346951484680176e-01,-4.772937297821044922e-01,-1.174922659993171692e-01,1.448494791984558105e-01,1.000000000000000000e+00,1.000000000000000000e+00,0.000000000000000000e+00,0.000000000000000000e+00,1.000000000000000000e+00,3.270375251770019531e+00,-1.477266699075698853e-01,1.055537462234497070e+00,-4.888651669025421143e-01,-4.204639792442321777e-02,3.072501718997955322e-02,9.741164093014592629e-03,-1.212608137220272386e-01,-1.160690393767763000e-03,1.000000000000000000e+00,2.496155023574829102e+00,6.320062875747680664e-01,7.195346951484680176e-01,-4.772937297821044922e-01,-1.174922659993171692e-01,1.448494791984558105e-01,8.484888230257112141e-02,-9.679445343564641036e-02,-8.778015567110483697e-03,1.000000000000000000e+00,-1.792039349675178528e-02,2.040679566562175751e-02,-1.000000014901161194e-01,4.036125540733337402e-01,1.636119931936264038e-01,1.999999433755874634e-01,-1.000000014901161194e-01,3.098943531513214111e-01,3.736495971679687500e-03,-7.750320434570312500e-02,-2.892017364501953125e-04,4.042007327079772949e-01,1.514048576354980469e-01,-3.768801689147949219e-02,-5.748748779296875000e-03,4.411690831184387207e-01
4.600000000000000200e-01,8.936789631843566895e-02,-4.047970473766326904e-01,1.162359833717346191e+00,3.936488926410675049e-01,5.119275301694869995e-02,5.478111654520034790e-02,9.925513267517089844e-01,9.887066483497619629e-02,7.117942720651626587e-02,-1.008361130952835083e-01,9.945998191833496094e-01,2.456150949001312256e-02,-6.836663931608200073e-02,-3.155601397156715393e-02,9.971610903739929199e-01,1.112097054719924927e-01,-3.573295474052429199e-01,5.727818235754966736e-03,1.000000000000000000e+00,0.000000000000000000e+00,8.936789631843566895e-02,-4.047970473766326904e-01,1.162359833717346191e+00,3.936488926410675049e-01,5.119275301694869995e-02,5.478111654520034790e-02,1.000000000000000000e+00,4.726061224937438965e-02,2.985039353370666504e-01,1.043073058128356934e+00,5.576411485671997070e-01,-6.897622942924499512e-01,3.625853359699249268e-01,1.000000000000000000e+00,3.260416269302368164e+00,-1.485816687345504761e-01,1.056179881095886230e+00,-5.088336467742919922e-01,-4.358082264661788940e-02,3.372852876782417297e-02,1.000000000000000000e+00,2.486457109451293945e+00,6.294966936111450195e-01,7.225906848907470703e-01,-4.938505291938781738e-01,-1.355645358562469482e-01,1.624831110239028931e-01,1.000000000000000000e+00,1.000000000000000000e+00,0.000000000000000000e+00,0.000000000000000000e+00,1.000000000000000000e+00,4.726061224937438965e-02,2.985039353370666504e-01,1.043073058128356934e+00,5.576411485671997070e-01,-6.897622942924499512e-01,3.625853359699249268e-01,9.759798049926757812e-01,1.366893053054809570e-01,1.696455031633377075e-01,-1.010589823126792908e-01,9.738877415657043457e-01,-2.032975554466247559e-01,-1.930042654275894165e-01,1.812700927257537842e-01,9.643083810806274414e-01,-1.688036322593688965e-01,4.815719276666641235e-02,2.345154620707035065e-02,0.000000000000000000e+00,1.000000000000000000e+00,8.936789631843566895e-02,-4.047970473766326904e-01,1.162359833717346191e+00,3.936488926410675049e-01,5.119275301694869995e-02,5.478111654520034790e-02,1.000000000000000000e+00,4.726061224937438965e-02,2.985039353370666504e-01,1.043073058128356934e+00,5.576411485671997070e-01,-6.897622942924499512e-01,3.625853359699249268e-01,1.000000000000000000e+00,3.260416269302368164e+00,-1.485816687345504761e-01,1.056179881095886230e+00,-5.088336467742919922e-01,-4.358082264661788940e-02,3.372852876782417297e-02,1.000000000000000000e+00,2.486457109451293945e+00,6.294966936111450195e-01,7.225906848907470703e-01,-4.938505291938781738e-01,-1.355645358562469482e-01,1.624831110239028931e-01,1.000000000000000000e+00,1.000000000000000000e+00,0.000000000000000000e+00,0.000000000000000000e+00,1.000000000000000000e+00,3.260416269302368164e+00,-1.485816687345504761e-01,1.056179881095886230e+00,-5.088336467742919922e-01,-4.358082264661788940e-02,3.372852876782417297e-02,8.971759145907516261e-03,-1.155344117293439776e-01,-9.879518805516601665e-04,1.000000000000000000e+00,2.486457109451293945e+00,6.294966936111450195e-01,7.225906848907470703e-01,-4.938505291938781738e-01,-1.355645358562469482e-01,1.624831110239028931e-01,9.353945146028527780e-02,-8.891337880326966037e-02,-8.940830988443025651e-03,1.000000000000000000e+00,-1.477957051247358322e-02,1.211612392216920853e-02,-1.000000014901161194e-01,4.116405546665191650e-01,1.538862586021423340e-01,1.999999284744262695e-01,-1.000000014901161194e-01,3.084270060062408447e-01,2.674579620361328125e-03,-7.182049751281738281e-02,-1.919269561767578125e-04,4.028709232807159424e-01,1.614561080932617188e-01,-3.096103668212890625e-02,-5.041837692260742188e-03,4.376029372215270996e-01
4.799999999999999822e-01,9.732652455568313599e-02,-4.037375748157501221e-01,1.163305163383483887e+00,4.029530882835388184e-01,5.511636659502983093e-02,3.880883008241653442e-02,9.930517673492431641e-01,9.893190860748291016e-02,6.372483074665069580e-02,-1.005672514438629150e-01,9.946649074554443359e-01,2.297987416386604309e-02,-6.111140921711921692e-02,-2.922883257269859314e-02,9.977029561996459961e-01,1.204300820827484131e-01,-3.717249035835266113e-01,3.745087655261158943e-03,1.000000000000000000e+00,0.000000000000000000e+00,9.732652455568313599e-02,-4.037375748157501221e-01,1.163305163383483887e+00,4.029530882835388184e-01,5.511636659502983093e-02,3.880883008241653442e-02,1.000000000000000000e+00,5.862146988511085510e-02,2.844628691673278809e-01,1.049930930137634277e+00,5.806508660316467285e-01,-7.168069481849670410e-01,3.182419836521148682e-01,1.000000000000000000e+00,3.250070095062255859e+00,-1.494658589363098145e-01,1.056877732276916504e+00,-5.274347662925720215e-01,-4.494518041610717773e-02,3.622273355722427368e-02,1.000000000000000000e+00,2.476444244384765625e+00,6.266099214553833008e-01,7.259958386421203613e-01,-5.085775852203369141e-01,-1.553664803504943848e-01,1.796209067106246948e-01,1.000000000000000000e+00,1.000000000000000000e+00,0.000000000000000000e+00,0.000000000000000000e+00,1.000000000000000000e+00,5.862146988511085510e-02,2.844628691673278809e-01,1.049930930137634277e+00,5.806508660316467285e-01,-7.168069481849670410e-01,3.182419836521148682e-01,9.758878946304321289e-01,1.356000304222106934e-01,1.710432767868041992e-01,-1.004482284188270569e-01,9.747103452682495117e-01,-1.996252238750457764e-01,-1.937867999076843262e-01,1.776308119297027588e-01,9.648286104202270508e-01,-2.199359834194183350e-01,4.075070098042488098e-02,2.038009651005268097e-02,0.000000000000000000e+00,1.000000000000000000e+00,9.732652455568313599e-02,-4.037375748157501221e-01,1.163305163383483887e+00,4.029530882835388184e-01,5.511636659502983093e-02,3.880883008241653442e-02,1.000000000000000000e+00,5.862146988511085510e-02,2.844628691673278809e-01,1.049930930137634277e+00,5.806508660316467285e-01,-7.168069481849670410e-01,3.182419836521148682e-01,1.000000000000000000e+00,3.250070095062255859e+00,-1.494658589363098145e-01,1.056877732276916504e+00,-5.274347662925720215e-01,-4.494518041610717773e-02,3.622273355722427368e-02,1.000000000000000000e+00,2.476444244384765625e+00,6.266099214553833008e-01,7.259958386421203613e-01,-5.085775852203369141e-01,-1.553664803504943848e-01,1.796209067106246948e-01,1.000000000000000000e+00,1.000000000000000000e+00,0.000000000000000000e+00,0.000000000000000000e+00,1.000000000000000000e+00,3.250070095062255859e+00,-1.494658589363098145e-01,1.056877732276916504e+00,-5.274347662925720215e-01,-4.494518041610717773e-02,3.622273355722427368e-02,8.158592959847693615e-03,-1.097546334800096890e-01,-8.259956823446078407e-04,1.000000000000000000e+00,2.476444244384765625e+00,6.266099214553833008e-01,7.259958386421203613e-01,-5.085775852203369141e-01,-1.553664803504943848e-01,1.796209067106246948e-01,1.024142614332583523e-01,-8.114758097878049803e-02,-8.967191597210703857e-03,1.000000000000000000e+00,-1.199799403548240662e-02,3.655037609860301018e-03,-1.000000014901161194e-01,4.161914587020874023e-01,1.444426178932189941e-01,1.999999284744262695e-01,-1.000000014901161194e-01,3.094556033611297607e-01,1.629829406738281250e-03,-6.648349761962890625e-02,-1.082420349121093750e-04,4.017322659492492676e-01,1.716096401214599609e-01,-2.475714683532714844e-02,-4.290342330932617188e-03,4.334514141082763672e-01
5.000000000000000000e-01,1.054604500532150269e-01,-4.026016592979431152e-01,1.163965702056884766e+00,4.110368192195892334e-01,5.879757925868034363e-02,2.664184570312500000e-02,9.935081005096435547e-01,9.902054816484451294e-02,5.600745230913162231e-02,-1.003447249531745911e-01,9.947239756584167480e-01,2.133982628583908081e-02,-5.359886586666107178e-02,-2.682134136557579041e-02,9.982023835182189941e-01,1.193757206201553345e-01,-3.818052709102630615e-01,1.722060726024210453e-03,1.000000000000000000e+00,0.000000000000000000e+00,1.054604500532150269e-01,-4.026016592979431152e-01,1.163965702056884766e+00,4.110368192195892334e-01,5.879757925868034363e-02,2.664184570312500000e-02,1.000000000000000000e+00,7.043787837028503418e-02,2.698942422866821289e-01,1.055876970291137695e+00,6.031764745712280273e-01,-7.423819899559020996e-01,2.713193297386169434e-01,1.000000000000000000e+00,3.239364147186279297e+00,-1.503757387399673462e-01,1.057620882987976074e+00,-5.446802973747253418e-01,-4.613302648067474365e-02,3.821092471480369568e-02,1.000000000000000000e+00,2.466153860092163086e+00,6.233118772506713867e-01,7.297359704971313477e-01,-5.214861035346984863e-01,-1.768725067377090454e-01,1.958195120096206665e-01,1.000000000000000000e+00,1.000000000000000000e+00,0.000000000000000000e+00,0.000000000000000000e+00,1.000000000000000000e+00,7.043787837028503418e-02,2.698942422866821289e-01,1.055876970291137695e+00,6.031764745712280273e-01,-7.423819899559020996e-01,2.713193297386169434e-01,9.758083820343017578e-01,1.344179064035415649e-01,1.724235415458679199e-01,-9.992813318967819214e-02,9.756811857223510742e-01,-1.950912028551101685e-01,-1.944541633129119873e-01,1.731416732072830200e-01,9.655100107192993164e-01,-2.547670602798461914e-01,3.492452576756477356e-02,1.722454465925693512e-02,0.000000000000000000e+00,1.000000000000000000e+00,1.054604500532150269e-01,-4.026016592979431152e-01,1.163965702056884766e+00,4.110368192195892334e-01,5.879757925868034363e-02,2.664184570312500000e-02,1.000000000000000000e+00,7.043787837028503418e-02,2.698942422866821289e-01,1.055876970291137695e+00,6.031764745712280273e-01,-7.423819899559020996e-01,2.713193297386169434e-01,1.000000000000000000e+00,3.239364147186279297e+00,-1.503757387399673462e-01,1.057620882987976074e+00,-5.446802973747253418e-01,-4.613302648067474365e-02,3.821092471480369568e-02,1.000000000000000000e+00,2.466153860092163086e+00,6.233118772506713867e-01,7.297359704971313477e-01,-5.214861035346984863e-01,-1.768725067377090454e-01,1.958195120096206665e-01,1.000000000000000000e+00,1.000000000000000000e+00,0.000000000000000000e+00,0.000000000000000000e+00,1.000000000000000000e+00,3.239364147186279297e+00,-1.503757387399673462e-01,1.057620882987976074e+00,-5.446802973747253418e-01,-4.613302648067474365e-02,3.821092471480369568e-02,7.308480559920975048e-03,-1.039812888240809752e-01,-6.754148215932283955e-04,1.000000000000000000e+00,2.466153860092163086e+00,6.233118772506713867e-01,7.297359704971313477e-01,-5.214861035346984863e-01,-1.768725067377090454e-01,1.958195120096206665e-01,1.114442970099717017e-01,-7.352608134770455273e-02,-8.862301348458473393e-03,1.000000000000000000e+00,-9.246344678103923798e-03,-5.054730921983718872e-03,-1.000000014901161194e-01,4.200193285942077637e-01,1.353467106819152832e-01,1.999998986721038818e-01,-1.000000014901161194e-01,3.117943704128265381e-01,6.158351898193359375e-04,-6.149172782897949219e-02,-3.790855407714843750e-05,4.008044004440307617e-01,1.819028854370117188e-01,-1.902866363525390625e-02,-3.499746322631835938e-03,4.288320541381835938e-01
5.200000000000000178e-01,1.137442961335182190e-01,-4.013944268226623535e-01,1.164414763450622559e+00,4.177980720996856689e-01,6.222266331315040588e-02,1.793418638408184052e-02,9.939100742340087891e-01,9.912620484828948975e-02,4.813252761960029602e-02,-1.001699715852737427e-01,9.947738051414489746e-01,1.977444440126419067e-02,-4.592081531882286072e-02,-2.447545528411865234e-02,9.986451864242553711e-01,1.153693348169326782e-01,-3.878460228443145752e-01,-1.425431983079761267e-04,1.000000000000000000e+00,0.000000000000000000e+00,1.137442961335182190e-01,-4.013944268226623535e-01,1.164414763450622559e+00,4.177980720996856689e-01,6.222266331315040588e-02,1.793418638408184052e-02,1.000000000000000000e+00,8.270166814327239990e-02,2.548265159130096436e-01,1.060868620872497559e+00,6.253827214241027832e-01,-7.666043639183044434e-01,2.228208631277084351e-01,1.000000000000000000e+00,3.228324890136718750e+00,-1.513077616691589355e-01,1.058399558067321777e+00,-5.605977773666381836e-01,-4.713978990912437439e-02,3.971949219703674316e-02,1.000000000000000000e+00,2.455621242523193359e+00,6.195686459541320801e-01,7.337886095046997070e-01,-5.326079726219177246e-01,-2.000430226325988770e-01,2.106685936450958252e-01,1.000000000000000000e+00,1.000000000000000000e+00,0.000000000000000000e+00,0.000000000000000000e+00,1.000000000000000000e+00,8.270166814327239990e-02,2.548265159130096436e-01,1.060868620872497559e+00,6.253827214241027832e-01,-7.666043639183044434e-01,2.228208631277084351e-01,9.757376909255981445e-01,1.331858634948730469e-01,1.737749576568603516e-01,-9.949261695146560669e-02,9.767390489578247070e-01,-1.899533569812774658e-01,-1.950318515300750732e-01,1.680552959442138672e-01,9.662919640541076660e-01,-2.803690731525421143e-01,3.013334050774574280e-02,1.419792789965867996e-02,0.000000000000000000e+00,1.000000000000000000e+00,1.137442961335182190e-01,-4.013944268226623535e-01,1.164414763450622559e+00,4.177980720996856689e-01,6.222266331315040588e-02,1.793418638408184052e-02,1.000000000000000000e+00,8.270166814327239990e-02,2.548265159130096436e-01,1.060868620872497559e+00,6.253827214241027832e-01,-7.666043639183044434e-01,2.228208631277084351e-01,1.000000000000000000e+00,3.228324890136718750e+00,-1.513077616691589355e-01,1.058399558067321777e+00,-5.605977773666381836e-01,-4.713978990912437439e-02,3.971949219703674316e-02,1.000000000000000000e+00,2.455621242523193359e+00,6.195686459541320801e-01,7.337886095046997070e-01,-5.326079726219177246e-01,-2.000430226325988770e-01,2.106685936450958252e-01,1.000000000000000000e+00,1.000000000000000000e+00,0.000000000000000000e+00,0.000000000000000000e+00,1.000000000000000000e+00,3.228324890136718750e+00,-1.513077616691589355e-01,1.058399558067321777e+00,-5.605977773666381836e-01,-4.713978990912437439e-02,3.971949219703674316e-02,6.430553753183337190e-03,-9.828371377631306416e-02,-5.368452375796957041e-04,1.000000000000000000e+00,2.455621242523193359e+00,6.195686459541320801e-01,7.337886095046997070e-01,-5.326079726219177246e-01,-2.000430226325988770e-01,2.106685936450958252e-01,1.206184639721231272e-01,-6.611152965570976647e-02,-8.637462273578047633e-03,1.000000000000000000e+00,-6.557638291269540787e-03,-1.400696020573377609e-02,-1.000000014901161194e-01,4.231009185314178467e-01,1.268221437931060791e-01,1.999997794628143311e-01,-1.000000014901161194e-01,3.157244920730590820e-01,-3.573894500732421875e-04,-5.684328079223632812e-02,2.026557922363281250e-05,4.000907242298126221e-01,1.923537254333496094e-01,-1.372551918029785156e-02,-2.673149108886718750e-03,4.238559305667877197e-01
5.400000000000000355e-01,1.221508532762527466e-01,-4.001210331916809082e-01,1.164718151092529297e+00,4.231568872928619385e-01,6.539230793714523315e-02,1.232914067804813385e-02,9.942526817321777344e-01,9.924522042274475098e-02,4.015292972326278687e-02,-1.000395566225051880e-01,9.948157072067260742e-01,1.827757060527801514e-02,-3.813079744577407837e-02,-2.218940109014511108e-02,9.990265369415283203e-01,1.143413335084915161e-01,-3.931527733802795410e-01,-1.723233028315007687e-03,1.000000000000000000e+00,0.000000000000000000e+00,1.221508532762527466e-01,-4.001210331916809082e-01,1.164718151092529297e+00,4.231568872928619385e-01,6.539230793714523315e-02,1.232914067804813385e-02,1.000000000000000000e+00,9.540780633687973022e-02,2.392855882644653320e-01,1.064882874488830566e+00,6.474199295043945312e-01,-7.895933389663696289e-01,1.736465543508529663e-01,1.000000000000000000e+00,3.216978788375854492e+00,-1.522582620382308960e-01,1.059204339981079102e+00,-5.752281546592712402e-01,-4.796293750405311584e-02,4.079311341047286987e-02,1.000000000000000000e+00,2.444881916046142578e+00,6.153473258018493652e-01,7.381233572959899902e-01,-5.419999957084655762e-01,-2.248325496912002563e-01,2.238100767135620117e-01,1.000000000000000000e+00,1.000000000000000000e+00,0.000000000000000000e+00,0.000000000000000000e+00,1.000000000000000000e+00,9.540780633687973022e-02,2.392855882644653320e-01,1.064882874488830566e+00,6.474199295043945312e-01,-7.895933389663696289e-01,1.736465543508529663e-01,9.756735563278198242e-01,1.319225281476974487e-01,1.750934720039367676e-01,-9.913421422243118286e-02,9.778493046760559082e-01,-1.843456476926803589e-01,-1.955343484878540039e-01,1.625034064054489136e-01,9.671396613121032715e-01,-3.010618984699249268e-01,2.592799067497253418e-02,1.142939645797014236e-02,0.000000000000000000e+00,1.000000000000000000e+00,1.221508532762527466e-01,-4.001210331916809082e-01,1.164718151092529297e+00,4.231568872928619385e-01,6.539230793714523315e-02,1.232914067804813385e-02,1.000000000000000000e+00,9.540780633687973022e-02,2.392855882644653320e-01,1.064882874488830566e+00,6.474199295043945312e-01,-7.895933389663696289e-01,1.736465543508529663e-01,1.000000000000000000e+00,3.216978788375854492e+00,-1.522582620382308960e-01,1.059204339981079102e+00,-5.752281546592712402e-01,-4.796293750405311584e-02,4.079311341047286987e-02,1.000000000000000000e+00,2.444881916046142578e+00,6.153473258018493652e-01,7.381233572959899902e-01,-5.419999957084655762e-01,-2.248325496912002563e-01,2.238100767135620117e-01,1.000000000000000000e+00,1.000000000000000000e+00,0.000000000000000000e+00,0.000000000000000000e+00,1.000000000000000000e+00,3.216978788375854492e+00,-1.522582620382308960e-01,1.059204339981079102e+00,-5.752281546592712402e-01,-4.796293750405311584e-02,4.079311341047286987e-02,5.534609549997026451e-03,-9.271314394500573819e-02,-4.106874130792126203e-04,1.000000000000000000e+00,2.444881916046142578e+00,6.153473258018493652e-01,7.381233572959899902e-01,-5.419999957084655762e-01,-2.248325496912002563e-01,2.238100767135620117e-01,1.299458281579456420e-01,-5.896401951702778810e-02,-8.304139342989992623e-03,1.000000000000000000e+00,-4.317197483032941818e-03,-2.283735014498233795e-02,-1.000000014901161194e-01,4.251751899719238281e-01,1.185392066836357117e-01,1.999994665384292603e-01,-1.000000014901161194e-01,3.212227523326873779e-01,-1.283168792724609375e-03,-5.253314971923828125e-02,6.747245788574218750e-05,3.995882272720336914e-01,2.000000029802322388e-01,-8.796930313110351562e-03,-1.810073852539062500e-03,4.186267554759979248e-01
5.600000000000000533e-01,1.306514590978622437e-01,-3.987865447998046875e-01,1.164934754371643066e+00,4.270432591438293457e-01,6.830045580863952637e-02,9.450309909880161285e-03,9.945338368415832520e-01,9.937458485364913940e-02,3.205297887325286865e-02,-9.994708746671676636e-02,9.948513507843017578e-01,1.677912101149559021e-02,-3.022052906453609467e-02,-1.989100500941276550e-02,9.993454217910766602e-01,1.163915321230888367e-01,-3.997106552124023438e-01,-2.958890516310930252e-03,1.000000000000000000e+00,0.000000000000000000e+00,1.306514590978622437e-01,-3.987865447998046875e-01,1.164934754371643066e+00,4.270432591438293457e-01,6.830045580863952637e-02,9.450309909880161285e-03,1.000000000000000000e+00,1.085542216897010803e-01,2.232951521873474121e-01,1.067913889884948730e+00,6.694310307502746582e-01,-8.114609122276306152e-01,1.246352121233940125e-01,1.000000000000000000e+00,3.205351591110229492e+00,-1.532235741615295410e-01,1.060027003288269043e+00,-5.886203050613403320e-01,-4.860189929604530334e-02,4.149003326892852783e-02,1.000000000000000000e+00,2.433969259262084961e+00,6.106159090995788574e-01,7.427034378051757812e-01,-5.497375726699829102e-01,-2.511925995349884033e-01,2.349434047937393188e-01,1.000000000000000000e+00,1.000000000000000000e+00,0.000000000000000000e+00,0.000000000000000000e+00,1.000000000000000000e+00,1.085542216897010803e-01,2.232951521873474121e-01,1.067913889884948730e+00,6.694310307502746582e-01,-8.114609122276306152e-01,1.246352121233940125e-01,9.756156206130981445e-01,1.306351870298385620e-01,1.763766705989837646e-01,-9.884273260831832886e-02,9.789888858795166016e-01,-1.783562749624252319e-01,-1.959703862667083740e-01,1.565736085176467896e-01,9.680291414260864258e-01,-3.175889253616333008e-01,2.223638072609901428e-02,9.168558754026889801e-03,0.000000000000000000e+00,1.000000000000000000e+00,1.306514590978622437e-01,-3.987865447998046875e-01,1.164934754371643066e+00,4.270432591438293457e-01,6.830045580863952637e-02,9.450309909880161285e-03,1.000000000000000000e+00,1.085542216897010803e-01,2.232951521873474121e-01,1.067913889884948730e+00,6.694310307502746582e-01,-8.114609122276306152e-01,1.246352121233940125e-01,1.000000000000000000e+00,3.205351591110229492e+00,-1.532235741615295410e-01,1.060027003288269043e+00,-5.886203050613403320e-01,-4.860189929604530334e-02,4.149003326892852783e-02,1.000000000000000000e+00,2.433969259262084961e+00,6.106159090995788574e-01,7.427034378051757812e-01,-5.497375726699829102e-01,-2.511925995349884033e-01,2.349434047937393188e-01,1.000000000000000000e+00,1.000000000000000000e+00,0.000000000000000000e+00,0.000000000000000000e+00,1.000000000000000000e+00,3.205351591110229492e+00,-1.532235741615295410e-01,1.060027003288269043e+00,-5.886203050613403320e-01,-4.860189929604530334e-02,4.149003326892852783e-02,4.629942474775555414e-03,-8.729922526652500459e-02,-2.970692471063879347e-04,1.000000000000000000e+00,2.433969259262084961e+00,6.106159090995788574e-01,7.427034378051757812e-01,-5.497375726699829102e-01,-2.511925995349884033e-01,2.349434047937393188e-01,1.393823230300276217e-01,-5.211342433074528380e-02,-7.869579884690988680e-03,1.000000000000000000e+00,-3.329698694869875908e-03,-3.164480626583099365e-02,-1.000000014901161194e-01,4.267821013927459717e-01,1.095208153128623962e-01,1.999983340501785278e-01,-1.000000014901161194e-01,3.285433650016784668e-01,-2.153873443603515625e-03,-4.855465888977050781e-02,1.044273376464843750e-04,3.992865681648254395e-01,2.000000029802322388e-01,-4.188060760498046875e-03,-9.086132049560546875e-04,4.132476747035980225e-01
5.799999999999999600e-01,1.392160505056381226e-01,-3.973964154720306396e-01,1.165115714073181152e+00,4.293904006481170654e-01,7.093228399753570557e-02,8.917625062167644501e-03,9.947519898414611816e-01,9.950790554285049438e-02,2.381069771945476532e-02,-9.988633543252944946e-02,9.948818683624267578e-01,1.526712253689765930e-02,-2.216962911188602448e-02,-1.756536215543746948e-02,9.996000528335571289e-01,1.152578145265579224e-01,-4.067764580249786377e-01,-3.903443226590752602e-03,1.000000000000000000e+00,0.000000000000000000e+00,1.392160505056381226e-01,-3.973964154720306396e-01,1.165115714073181152e+00,4.293904006481170654e-01,7.093228399753570557e-02,8.917625062167644501e-03,1.000000000000000000e+00,1.221416145563125610e-01,2.068767398595809937e-01,1.069971680641174316e+00,6.915486454963684082e-01,-8.323042988777160645e-01,7.654943317174911499e-02,1.000000000000000000e+00,3.193467855453491211e+00,-1.542000025510787964e-01,1.060860872268676758e+00,-6.008272171020507812e-01,-4.905780777335166931e-02,4.187779873609542847e-02,1.000000000000000000e+00,2.422916412353515625e+00,6.053436994552612305e-01,7.474861145019531250e-01,-5.559062361717224121e-01,-2.790374755859375000e-01,2.438303381204605103e-01,1.000000000000000000e+00,1.000000000000000000e+00,0.000000000000000000e+00,0.000000000000000000e+00,1.000000000000000000e+00,1.221416145563125610e-01,2.068767398595809937e-01,1.069971680641174316e+00,6.915486454963684082e-01,-8.323042988777160645e-01,7.654943317174911499e-02,9.755641818046569824e-01,1.293254941701889038e-01,1.776214987039566040e-01,-9.860741347074508667e-02,9.801409244537353516e-01,-1.720475405454635620e-01,-1.963442414999008179e-01,1.503286212682723999e-01,9.689428210258483887e-01,-3.328308761119842529e-01,1.875048130750656128e-02,7.295216433703899384e-03,0.000000000000000000e+00,1.000000000000000000e+00,1.392160505056381226e-01,-3.973964154720306396e-01,1.165115714073181152e+00,4.293904006481170654e-01,7.093228399753570557e-02,8.917625062167644501e-03,1.000000000000000000e+00,1.221416145563125610e-01,2.068767398595809937e-01,1.069971680641174316e+00,6.915486454963684082e-01,-8.323042988777160645e-01,7.654943317174911499e-02,1.000000000000000000e+00,3.193467855453491211e+00,-1.542000025510787964e-01,1.060860872268676758e+00,-6.008272171020507812e-01,-4.905780777335166931e-02,4.187779873609542847e-02,1.000000000000000000e+00,2.422916412353515625e+00,6.053436994552612305e-01,7.474861145019531250e-01,-5.559062361717224121e-01,-2.790374755859375000e-01,2.438303381204605103e-01,1.000000000000000000e+00,1.000000000000000000e+00,0.000000000000000000e+00,0.000000000000000000e+00,1.000000000000000000e+00,3.193467855453491211e+00,-1.542000025510787964e-01,1.060860872268676758e+00,-6.008272171020507812e-01,-4.905780777335166931e-02,4.187779873609542847e-02,3.725044254261508821e-03,-8.206147005754993451e-02,-1.959459950025058388e-04,1.000000000000000000e+00,2.422916412353515625e+00,6.053436994552612305e-01,7.474861145019531250e-01,-5.559062361717224121e-01,-2.790374755859375000e-01,2.438303381204605103e-01,1.485246515621301555e-01,-4.556484682447026202e-02,-7.331830327454047502e-03,1.000000000000000000e+00,-2.918974263593554497e-03,-3.990837931632995605e-02,-1.000000014901161194e-01,4.281114339828491211e-01,1.002935990691184998e-01,1.999947875738143921e-01,-1.000000014901161194e-01,3.375506401062011719e-01,-2.961635589599609375e-03,-4.489970207214355469e-02,1.330375671386718750e-04,3.991692960262298584e-01,2.000000029802322388e-01,1.571178436279296875e-04,3.576278686523437500e-05,4.078122973442077637e-01
5.999999999999999778e-01,1.478132754564285278e-01,-3.959561586380004883e-01,1.165304422378540039e+00,4.301391839981079102e-01,7.328482717275619507e-02,1.038444228470325470e-02,9.949040412902832031e-01,9.963615983724594116e-02,1.544991973787546158e-02,-9.985164552927017212e-02,9.949058294296264648e-01,1.386459171772003174e-02,-1.398979965597391129e-02,-1.533663645386695862e-02,9.997845888137817383e-01,1.053409501910209656e-01,-4.115573167800903320e-01,-4.549282602965831757e-03,1.000000000000000000e+00,0.000000000000000000e+00,1.478132754564285278e-01,-3.959561586380004883e-01,1.165304422378540039e+00,4.301391839981079102e-01,7.328482717275619507e-02,1.038444228470325470e-02,1.000000000000000000e+00,1.361732482910156250e-01,1.900500953197479248e-01,1.071081161499023438e+00,7.138992547988891602e-01,-8.522014617919921875e-01,3.010274469852447510e-02,1.000000000000000000e+00,3.181349992752075195e+00,-1.551839262247085571e-01,1.061700224876403809e+00,-6.119042038917541504e-01,-4.933327808976173401e-02,4.202900081872940063e-02,1.000000000000000000e+00,2.411754131317138672e+00,5.995026826858520508e-01,7.524251937866210938e-01,-5.605950951576232910e-01,-3.081508576869964600e-01,2.503094077110290527e-01,1.000000000000000000e+00,1.000000000000000000e+00,0.000000000000000000e+00,0.000000000000000000e+00,1.000000000000000000e+00,1.361732482910156250e-01,1.900500953197479248e-01,1.071081161499023438e+00,7.138992547988891602e-01,-8.522014617919921875e-01,3.010274469852447510e-02,9.755190610885620117e-01,1.279855072498321533e-01,1.788364946842193604e-01,-9.842076897621154785e-02,9.813019633293151855e-01,-1.654086261987686157e-01,-1.966624855995178223e-01,1.437580138444900513e-01,9.698750972747802734e-01,-3.501648902893066406e-01,1.587312668561935425e-02,5.599659401923418045e-03,0.000000000000000000e+00,1.000000000000000000e+00,1.478132754564285278e-01,-3.959561586380004883e-01,1.165304422378540039e+00,4.301391839981079102e-01,7.328482717275619507e-02,1.038444228470325470e-02,1.000000000000000000e+00,1.361732482910156250e-01,1.900500953197479248e-01,1.071081161499023438e+00,7.138992547988891602e-01,-8.522014617919921875e-01,3.010274469852447510e-02,1.000000000000000000e+00,3.181349992752075195e+00,-1.551839262247085571e-01,1.061700224876403809e+00,-6.119042038917541504e-01,-4.933327808976173401e-02,4.202900081872940063e-02,1.000000000000000000e+00,2.411754131317138672e+00,5.995026826858520508e-01,7.524251937866210938e-01,-5.605950951576232910e-01,-3.081508576869964600e-01,2.503094077110290527e-01,1.000000000000000000e+00,1.000000000000000000e+00,0.000000000000000000e+00,0.000000000000000000e+00,1.000000000000000000e+00,3.181349992752075195e+00,-1.551839262247085571e-01,1.061700224876403809e+00,-6.119042038917541504e-01,-4.933327808976173401e-02,4.202900081872940063e-02,2.828005339095223010e-03,-7.701845234633020176e-02,-1.071299810172573076e-04,1.000000000000000000e+00,2.411754131317138672e+00,5.995026826858520508e-01,7.524251937866210938e-01,-5.605950951576232910e-01,-3.081508576869964600e-01,2.503094077110290527e-01,1.565219927737153960e-01,-3.931254837153885795e-02,-6.690496193544226422e-03,1.000000000000000000e+00,-3.177535953000187874e-03,-4.743420332670211792e-02,-1.000000014901161194e-01,4.292168319225311279e-01,9.061988443136215210e-02,1.999845355749130249e-01,-1.000000014901161194e-01,3.485838770866394043e-01,-3.700733184814453125e-03,-4.155850410461425781e-02,1.537799835205078125e-04,3.992169797420501709e-01,2.000000029802322388e-01,4.297018051147460938e-03,1.028537750244140625e-03,4.024058580398559570e-01
6.199999999999999956e-01,1.564107686281204224e-01,-3.944711387157440186e-01,1.165537953376770020e+00,4.292497932910919189e-01,7.538801431655883789e-02,1.354308985173702240e-02,9.949871301651000977e-01,9.975320845842361450e-02,7.067693863064050674e-03,-9.983720630407333374e-02,9.949222207069396973e-01,1.274183485656976700e-02,-5.760767031461000443e-03,-1.338357944041490555e-02,9.998938441276550293e-01,8.724848181009292603e-02,-4.104524850845336914e-01,-4.936633165925741196e-03,1.000000000000000000e+00,0.000000000000000000e+00,1.564107686281204224e-01,-3.944711387157440186e-01,1.165537953376770020e+00,4.292497932910919189e-01,7.538801431655883789e-02,1.354308985173702240e-02,1.000000000000000000e+00,1.506549268960952759e-01,1.728335469961166382e-01,1.071281790733337402e+00,7.366147637367248535e-01,-8.712115883827209473e-01,-1.398548111319541931e-02,1.000000000000000000e+00,3.169019937515258789e+00,-1.561717689037322998e-01,1.062540650367736816e+00,-6.219087243080139160e-01,-4.943233355879783630e-02,4.201758280396461487e-02,1.000000000000000000e+00,2.400510072708129883e+00,5.930705070495605469e-01,7.574714422225952148e-01,-5.638943910598754883e-01,-3.381828665733337402e-01,2.542969882488250732e-01,1.000000000000000000e+00,1.000000000000000000e+00,0.000000000000000000e+00,0.000000000000000000e+00,1.000000000000000000e+00,1.506549268960952759e-01,1.728335469961166382e-01,1.071281790733337402e+00,7.366147637367248535e-01,-8.712115883827209473e-01,-1.398548111319541931e-02,9.754785299301147461e-01,1.266028434038162231e-01,1.800378113985061646e-01,-9.827607125043869019e-02,9.824724793434143066e-01,-1.583979278802871704e-01,-1.969357877969741821e-01,1.368203610181808472e-01,9.708226919174194336e-01,-3.694512248039245605e-01,1.357103232294321060e-02,4.136604256927967072e-03,0.000000000000000000e+00,1.000000000000000000e+00,1.564107686281204224e-01,-3.944711387157440186e-01,1.165537953376770020e+00,4.292497932910919189e-01,7.538801431655883789e-02,1.354308985173702240e-02,1.000000000000000000e+00,1.506549268960952759e-01,1.728335469961166382e-01,1.071281790733337402e+00,7.366147637367248535e-01,-8.712115883827209473e-01,-1.398548111319541931e-02,1.000000000000000000e+00,3.169019937515258789e+00,-1.561717689037322998e-01,1.062540650367736816e+00,-6.219087243080139160e-01,-4.943233355879783630e-02,4.201758280396461487e-02,1.000000000000000000e+00,2.400510072708129883e+00,5.930705070495605469e-01,7.574714422225952148e-01,-5.638943910598754883e-01,-3.381828665733337402e-01,2.542969882488250732e-01,1.000000000000000000e+00,1.000000000000000000e+00,0.000000000000000000e+00,0.000000000000000000e+00,1.000000000000000000e+00,3.169019937515258789e+00,-1.561717689037322998e-01,1.062540650367736816e+00,-6.219087243080139160e-01,-4.943233355879783630e-02,4.201758280396461487e-02,1.946905054305722105e-03,-7.218921188961102686e-02,-3.028286008476574302e-05,1.000000000000000000e+00,2.400510072708129883e+00,5.930705070495605469e-01,7.574714422225952148e-01,-5.638943910598754883e-01,-3.381828665733337402e-01,2.542969882488250732e-01,1.629828365017641501e-01,-3.334890380557031797e-02,-5.954188970301435568e-03,1.000000000000000000e+00,-3.705489682033658028e-03,-5.528913065791130066e-02,-1.000000014901161194e-01,4.288932085037231445e-01,8.041294664144515991e-02,1.999550163745880127e-01,-1.000000014901161194e-01,3.608804941177368164e-01,-4.373311996459960938e-03,-3.852033615112304688e-02,1.683235168457031250e-04,3.994086682796478271e-01,2.000000029802322388e-01,8.295297622680664062e-03,2.078294754028320312e-03,3.971388041973114014e-01
6.400000000000000133e-01,1.649756282567977905e-01,-3.929458558559417725e-01,1.165847539901733398e+00,4.267137348651885986e-01,7.730340212583541870e-02,1.806561835110187531e-02,9.950008988380432129e-01,9.985870122909545898e-02,-1.201824052259325981e-03,-9.983721375465393066e-02,9.949312806129455566e-01,1.200982090085744858e-02,2.395017538219690323e-03,-1.182979624718427658e-02,9.999271631240844727e-01,6.602817773818969727e-02,-4.044862687587738037e-01,-5.125252529978752136e-03,1.000000000000000000e+00,0.000000000000000000e+00,1.649756282567977905e-01,-3.929458558559417725e-01,1.165847539901733398e+00,4.267137348651885986e-01,7.730340212583541870e-02,1.806561835110187531e-02,1.000000000000000000e+00,1.655952334403991699e-01,1.552444994449615479e-01,1.070627331733703613e+00,7.598313689231872559e-01,-8.893700838088989258e-01,-5.499866604804992676e-02,1.000000000000000000e+00,3.156499147415161133e+00,-1.571600735187530518e-01,1.063380241394042969e+00,-6.308997869491577148e-01,-4.936037957668304443e-02,4.191542044281959534e-02,1.000000000000000000e+00,2.389212369918823242e+00,5.860320329666137695e-01,7.625749111175537109e-01,-5.658943057060241699e-01,-3.687880039215087891e-01,2.557674050331115723e-01,1.000000000000000000e+00,1.000000000000000000e+00,0.000000000000000000e+00,0.000000000000000000e+00,1.000000000000000000e+00,1.655952334403991699e-01,1.552444994449615479e-01,1.070627331733703613e+00,7.598313689231872559e-01,-8.893700838088989258e-01,-5.499866604804992676e-02,9.754416942596435547e-01,1.251661628484725952e-01,1.812375783920288086e-01,-9.816648811101913452e-02,9.836499691009521484e-01,-1.509841829538345337e-01,-1.971724331378936768e-01,1.294847875833511353e-01,9.717802405357360840e-01,-3.898899555206298828e-01,1.161935646086931229e-02,2.926387591287493706e-03,0.000000000000000000e+00,1.000000000000000000e+00,1.649756282567977905e-01,-3.929458558559417725e-01,1.165847539901733398e+00,4.267137348651885986e-01,7.730340212583541870e-02,1.806561835110187531e-02,1.000000000000000000e+00,1.655952334403991699e-01,1.552444994449615479e-01,1.070627331733703613e+00,7.598313689231872559e-01,-8.893700838088989258e-01,-5.499866604804992676e-02,1.000000000000000000e+00,3.156499147415161133e+00,-1.571600735187530518e-01,1.063380241394042969e+00,-6.308997869491577148e-01,-4.936037957668304443e-02,4.191542044281959534e-02,1.000000000000000000e+00,2.389212369918823242e+00,5.860320329666137695e-01,7.625749111175537109e-01,-5.658943057060241699e-01,-3.687880039215087891e-01,2.557674050331115723e-01,1.000000000000000000e+00,1.000000000000000000e+00,0.000000000000000000e+00,0.000000000000000000e+00,1.000000000000000000e+00,3.156499147415161133e+00,-1.571600735187530518e-01,1.063380241394042969e+00,-6.308997869491577148e-01,-4.936037957668304443e-02,4.191542044281959534e-02,1.089693043754558872e-03,-6.759020292556972009e-02,3.485747122855911186e-05,1.000000000000000000e+00,2.389212369918823242e+00,5.860320329666137695e-01,7.625749111175537109e-01,-5.658943057060241699e-01,-3.687880039215087891e-01,2.557674050331115723e-01,1.681826104330185756e-01,-2.766365176915375201e-02,-5.132643788919463712e-03,1.000000000000000000e+00,-4.169396124780178070e-03,-6.340968608856201172e-02,-1.000000014901161194e-01,4.247534275054931641e-01,6.887369602918624878e-02,2.000000029802322388e-01,-1.000000014901161194e-01,3.734712004661560059e-01,-4.987239837646484375e-03,-3.577351570129394531e-02,1.783370971679687500e-04,3.997185826301574707e-01,2.000000029802322388e-01,1.221752166748046875e-02,3.195524215698242188e-03,3.921518921852111816e-01
6.600000000000000311e-01,1.734751015901565552e-01,-3.913834095001220703e-01,1.166256308555603027e+00,4.225521981716156006e-01,7.910470664501190186e-02,2.343757264316082001e-02,9.949485063552856445e-01,9.995585680007934570e-02,-9.309991262853145599e-03,-9.984527528285980225e-02,9.949347376823425293e-01,1.166916359215974808e-02,1.042923238128423691e-02,-1.068065594881772995e-02,9.998887777328491211e-01,4.792017489671707153e-02,-3.993712961673736572e-01,-5.157388746738433838e-03,1.000000000000000000e+00,0.000000000000000000e+00,1.734751015901565552e-01,-3.913834095001220703e-01,1.166256308555603027e+00,4.225521981716156006e-01,7.910470664501190186e-02,2.343757264316082001e-02,1.000000000000000000e+00,1.810053139925003052e-01,1.372999250888824463e-01,1.069185018539428711e+00,7.836737036705017090e-01,-9.066768288612365723e-01,-9.230269491672515869e-02,1.000000000000000000e+00,3.143807888031005859e+00,-1.581454128026962280e-01,1.064217448234558105e+00,-6.389374136924743652e-01,-4.912409186363220215e-02,4.178895428776741028e-02,1.000000000000000000e+00,2.377885580062866211e+00,5.783783793449401855e-01,7.676851749420166016e-01,-5.666821002960205078e-01,-3.997218608856201172e-01,2.547370791435241699e-01,1.000000000000000000e+00,1.000000000000000000e+00,0.000000000000000000e+00,0.000000000000000000e+00,1.000000000000000000e+00,1.810053139925003052e-01,1.372999250888824463e-01,1.069185018539428711e+00,7.836737036705017090e-01,-9.066768288612365723e-01,-9.230269491672515869e-02,9.754084944725036621e-01,1.236647069454193115e-01,1.824437230825424194e-01,-9.808604419231414795e-02,9.848303198814392090e-01,-1.431389153003692627e-01,-1.973773092031478882e-01,1.217237114906311035e-01,9.727414250373840332e-01,-4.128650724887847900e-01,1.000287383794784546e-02,1.933487597852945328e-03,0.000000000000000000e+00,1.000000000000000000e+00,1.734751015901565552e-01,-3.913834095001220703e-01,1.166256308555603027e+00,4.225521981716156006e-01,7.910470664501190186e-02,2.343757264316082001e-02,1.000000000000000000e+00,1.810053139925003052e-01,1.372999250888824463e-01,1.069185018539428711e+00,7.836737036705017090e-01,-9.066768288612365723e-01,-9.230269491672515869e-02,1.000000000000000000e+00,3.143807888031005859e+00,-1.581454128026962280e-01,1.064217448234558105e+00,-6.389374136924743652e-01,-4.912409186363220215e-02,4.178895428776741028e-02,1.000000000000000000e+00,2.377885580062866211e+00,5.783783793449401855e-01,7.676851749420166016e-01,-5.666821002960205078e-01,-3.997218608856201172e-01,2.547370791435241699e-01,1.000000000000000000e+00,1.000000000000000000e+00,0.000000000000000000e+00,0.000000000000000000e+00,1.000000000000000000e+00,3.143807888031005859e+00,-1.581454128026962280e-01,1.064217448234558105e+00,-6.389374136924743652e-01,-4.912409186363220215e-02,4.178895428776741028e-02,2.629649349193041632e-04,-6.323313062405278018e-02,8.868689772618232976e-05,1.000000000000000000e+00,2.377885580062866211e+00,5.783783793449401855e-01,7.676851749420166016e-01,-5.666821002960205078e-01,-3.997218608856201172e-01,2.547370791435241699e-01,1.725935493753059102e-01,-2.223842861047886643e-02,-4.232172495491057229e-03,1.000000000000000000e+00,-5.128715652972459793e-03,-7.148344069719314575e-02,-1.000000014901161194e-01,4.184974431991577148e-01,5.449462682008743286e-02,1.999997943639755249e-01,-1.000000014901161194e-01,3.852665126323699951e-01,-5.554676055908203125e-03,-3.330898284912109375e-02,1.850128173828125000e-04,4.001052379608154297e-01,2.000000029802322388e-01,1.612257957458496094e-02,4.390001296997070312e-03,3.875935673713684082e-01
6.800000000000000488e-01,1.818769723176956177e-01,-3.897855281829833984e-01,1.166774868965148926e+00,4.167996644973754883e-01,8.085529506206512451e-02,2.891997992992401123e-02,9.948316812515258789e-01,1.000480130314826965e-01,-1.733342744410037994e-02,-9.985559433698654175e-02,9.949339628219604492e-01,1.163409184664487839e-02,1.840958185493946075e-02,-9.843123145401477814e-03,9.997821450233459473e-01,3.519622981548309326e-02,-3.998596668243408203e-01,-5.052160471677780151e-03,1.000000000000000000e+00,0.000000000000000000e+00,1.818769723176956177e-01,-3.897855281829833984e-01,1.166774868965148926e+00,4.167996644973754883e-01,8.085529506206512451e-02,2.891997992992401123e-02,1.000000000000000000e+00,1.968986243009567261e-01,1.190171837806701660e-01,1.067033410072326660e+00,8.082407116889953613e-01,-9.230812191963195801e-01,-1.254221200942993164e-01,1.000000000000000000e+00,3.130963087081909180e+00,-1.591246277093887329e-01,1.065052390098571777e+00,-6.460812091827392578e-01,-4.873099550604820251e-02,4.169571027159690857e-02,1.000000000000000000e+00,2.366553068161010742e+00,5.701041221618652344e-01,7.727527022361755371e-01,-5.663399696350097656e-01,-4.308367073535919189e-01,2.512657046318054199e-01,1.000000000000000000e+00,1.000000000000000000e+00,0.000000000000000000e+00,0.000000000000000000e+00,1.000000000000000000e+00,1.968986243009567261e-01,1.190171837806701660e-01,1.067033410072326660e+00,8.082407116889953613e-01,-9.230812191963195801e-01,-1.254221200942993164e-01,9.753777384757995605e-01,1.220742687582969666e-01,1.836741268634796143e-01,-9.802881628274917603e-02,9.860171079635620117e-01,-1.347614824771881104e-01,-1.975567340850830078e-01,1.134379878640174866e-01,9.737059473991394043e-01,-4.453015327453613281e-01,8.728956803679466248e-03,1.164795714430510998e-03,0.000000000000000000e+00,1.000000000000000000e+00,1.818769723176956177e-01,-3.897855281829833984e-01,1.166774868965148926e+00,4.167996644973754883e-01,8.085529506206512451e-02,2.891997992992401123e-02,1.000000000000000000e+00,1.968986243009567261e-01,1.190171837806701660e-01,1.067033410072326660e+00,8.082407116889953613e-01,-9.230812191963195801e-01,-1.254221200942993164e-01,1.000000000000000000e+00,3.130963087081909180e+00,-1.591246277093887329e-01,1.065052390098571777e+00,-6.460812091827392578e-01,-4.873099550604820251e-02,4.169571027159690857e-02,1.000000000000000000e+00,2.366553068161010742e+00,5.701041221618652344e-01,7.727527022361755371e-01,-5.663399696350097656e-01,-4.308367073535919189e-01,2.512657046318054199e-01,1.000000000000000000e+00,1.000000000000000000e+00,0.000000000000000000e+00,0.000000000000000000e+00,1.000000000000000000e+00,3.130963087081909180e+00,-1.591246277093887329e-01,1.065052390098571777e+00,-6.460812091827392578e-01,-4.873099550604820251e-02,4.169571027159690857e-02,-5.292849116003499853e-04,-5.912478517077945916e-02,1.321285982724066245e-04,1.000000000000000000e+00,2.366553068161010742e+00,5.701041221618652344e-01,7.727527022361755371e-01,-5.663399696350097656e-01,-4.308367073535919189e-01,2.512657046318054199e-01,1.764929699965151200e-01,-1.704495490495694376e-02,-3.255565346537203641e-03,1.000000000000000000e+00,-6.271497346460819244e-03,-7.929572463035583496e-02,-1.000000014901161194e-01,4.117435514926910400e-01,3.759530186653137207e-02,1.999984532594680786e-01,-1.000000014901161194e-01,3.917945325374603271e-01,-6.087303161621093750e-03,-3.111815452575683594e-02,1.893043518066406250e-04,4.005083739757537842e-01,2.000000029802322388e-01,2.005553245544433594e-02,5.667209625244140625e-03,3.835933506488800049e-01
7.000000000000000666e-01,1.901496946811676025e-01,-3.881527483463287354e-01,1.167398214340209961e+00,4.094891250133514404e-01,8.259983360767364502e-02,3.370838239789009094e-02,9.946506023406982422e-01,1.001357212662696838e-01,-2.536343596875667572e-02,-9.986238926649093628e-02,9.949311017990112305e-01,1.182641182094812393e-02,2.641911245882511139e-02,-9.230292402207851410e-03,9.996084570884704590e-01,2.479752153158187866e-02,-4.016940295696258545e-01,-4.973672330379486084e-03,1.000000000000000000e+00,0.000000000000000000e+00,1.901496946811676025e-01,-3.881527483463287354e-01,1.167398214340209961e+00,4.094891250133514404e-01,8.259983360767364502e-02,3.370838239789009094e-02,1.000000000000000000e+00,2.132901251316070557e-01,1.004154533147811890e-01,1.064258456230163574e+00,8.335673809051513672e-01,-9.384371638298034668e-01,-1.542492508888244629e-01,1.000000000000000000e+00,3.117983341217041016e+00,-1.600946336984634399e-01,1.065885782241821289e+00,-6.523901224136352539e-01,-4.818901419639587402e-02,4.168090969324111938e-02,1.000000000000000000e+00,2.355237245559692383e+00,5.612066984176635742e-01,7.777295112609863281e-01,-5.649416446685791016e-01,-4.620326757431030273e-01,2.454651892185211182e-01,1.000000000000000000e+00,1.000000000000000000e+00,0.000000000000000000e+00,0.000000000000000000e+00,1.000000000000000000e+00,2.132901251316070557e-01,1.004154533147811890e-01,1.064258456230163574e+00,8.335673809051513672e-01,-9.384371638298034668e-01,-1.542492508888244629e-01,9.753496646881103516e-01,1.203402057290077209e-01,1.849631369113922119e-01,-9.798973053693771362e-02,9.872312545776367188e-01,-1.255891323089599609e-01,-1.977148056030273438e-01,1.043688282370567322e-01,9.746876955032348633e-01,-4.947110414505004883e-01,7.595302537083625793e-03,5.930358311161398888e-04,0.000000000000000000e+00,1.000000000000000000e+00,1.901496946811676025e-01,-3.881527483463287354e-01,1.167398214340209961e+00,4.094891250133514404e-01,8.259983360767364502e-02,3.370838239789009094e-02,1.000000000000000000e+00,2.132901251316070557e-01,1.004154533147811890e-01,1.064258456230163574e+00,8.335673809051513672e-01,-9.384371638298034668e-01,-1.542492508888244629e-01,1.000000000000000000e+00,3.117983341217041016e+00,-1.600946336984634399e-01,1.065885782241821289e+00,-6.523901224136352539e-01,-4.818901419639587402e-02,4.168090969324111938e-02,1.000000000000000000e+00,2.355237245559692383e+00,5.612066984176635742e-01,7.777295112609863281e-01,-5.649416446685791016e-01,-4.620326757431030273e-01,2.454651892185211182e-01,1.000000000000000000e+00,1.000000000000000000e+00,0.000000000000000000e+00,0.000000000000000000e+00,1.000000000000000000e+00,3.117983341217041016e+00,-1.600946336984634399e-01,1.065885782241821289e+00,-6.523901224136352539e-01,-4.818901419639587402e-02,4.168090969324111938e-02,-1.285636898677698387e-03,-5.526837908223192208e-02,1.664815787611613994e-04,1.000000000000000000e+00,2.355237245559692383e+00,5.612066984176635742e-01,7.777295112609863281e-01,-5.649416446685791016e-01,-4.620326757431030273e-01,2.454651892185211182e-01,1.799271309621566228e-01,-1.204835166656703649e-02,-2.203892291872094900e-03,1.000000000000000000e+00,-6.780018098652362823e-03,-8.675475418567657471e-02,-1.000000014901161194e-01,4.051627814769744873e-01,1.855058595538139343e-02,1.999616175889968872e-01,-1.000000014901161194e-01,3.983917236328125000e-01,-6.593704223632812500e-03,-2.919268608093261719e-02,1.924037933349609375e-04,4.008615016937255859e-01,2.000000029802322388e-01,2.403354644775390625e-02,7.021665573120117188e-03,3.802229762077331543e-01
7.199999999999999734e-01,1.982624828815460205e-01,-3.864848911762237549e-01,1.168105840682983398e+00,4.006602764129638672e-01,8.437287062406539917e-02,3.711738437414169312e-02,9.944049119949340820e-01,1.002218797802925110e-01,-3.338284417986869812e-02,-9.986422210931777954e-02,9.949260354042053223e-01,1.221837941557168961e-02,3.443801030516624451e-02,-8.816265501081943512e-03,9.993679523468017578e-01,1.581312902271747589e-02,-4.001148045063018799e-01,-4.810348153114318848e-03,1.000000000000000000e+00,0.000000000000000000e+00,1.982624828815460205e-01,-3.864848911762237549e-01,1.168105840682983398e+00,4.006602764129638672e-01,8.437287062406539917e-02,3.711738437414169312e-02,1.000000000000000000e+00,2.301949113607406616e-01,8.151779323816299438e-02,1.060944318771362305e+00,8.596425056457519531e-01,-9.524982571601867676e-01,-1.789557188749313354e-01,1.000000000000000000e+00,3.104884386062622070e+00,-1.610524803400039673e-01,1.066720008850097656e+00,-6.579214930534362793e-01,-4.750607162714004517e-02,4.177397862076759338e-02,1.000000000000000000e+00,2.343958377838134766e+00,5.516852736473083496e-01,7.825706005096435547e-01,-5.625519156455993652e-01,-4.932245016098022461e-01,2.375009506940841675e-01,1.000000000000000000e+00,1.000000000000000000e+00,0.000000000000000000e+00,0.000000000000000000e+00,1.000000000000000000e+00,2.301949113607406616e-01,8.151779323816299438e-02,1.060944318771362305e+00,8.596425056457519531e-01,-9.524982571601867676e-01,-1.789557188749313354e-01,9.753243327140808105e-01,1.183906048536300659e-01,1.863495409488677979e-01,-9.796459972858428955e-02,9.884914755821228027e-01,-1.152717843651771545e-01,-1.978520154953002930e-01,9.417171031236648560e-02,9.756978750228881836e-01,-5.608369112014770508e-01,6.427139043807983398e-03,1.986998104257509112e-04,0.000000000000000000e+00,1.000000000000000000e+00,1.982624828815460205e-01,-3.864848911762237549e-01,1.168105840682983398e+00,4.006602764129638672e-01,8.437287062406539917e-02,3.711738437414169312e-02,1.000000000000000000e+00,2.301949113607406616e-01,8.151779323816299438e-02,1.060944318771362305e+00,8.596425056457519531e-01,-9.524982571601867676e-01,-1.789557188749313354e-01,1.000000000000000000e+00,3.104884386062622070e+00,-1.610524803400039673e-01,1.066720008850097656e+00,-6.579214930534362793e-01,-4.750607162714004517e-02,4.177397862076759338e-02,1.000000000000000000e+00,2.343958377838134766e+00,5.516852736473083496e-01,7.825706005096435547e-01,-5.625519156455993652e-01,-4.932245016098022461e-01,2.375009506940841675e-01,1.000000000000000000e+00,1.000000000000000000e+00,0.000000000000000000e+00,0.000000000000000000e+00,1.000000000000000000e+00,3.104884386062622070e+00,-1.610524803400039673e-01,1.066720008850097656e+00,-6.579214930534362793e-01,-4.750607162714004517e-02,4.177397862076759338e-02,-2.006593815566991203e-03,-5.166493509391445471e-02,1.932620149892408943e-04,1.000000000000000000e+00,2.343958377838134766e+00,5.516852736473083496e-01,7.825706005096435547e-01,-5.625519156455993652e-01,-4.932245016098022461e-01,2.375009506940841675e-01,1.828693240408612586e-01,-7.212492972351824960e-03,-1.078145942095903864e-03,1.000000000000000000e+00,-6.410138215869665146e-03,-9.380002319812774658e-02,-1.000000014901161194e-01,3.996433615684509277e-01,-2.571585355326533318e-03,1.999833285808563232e-01,-1.000000014901161194e-01,4.044531881809234619e-01,-7.080793380737304688e-03,-2.752280235290527344e-02,1.947879791259765625e-04,4.011065363883972168e-01,2.000000029802322388e-01,2.804589271545410156e-02,8.437871932983398438e-03,3.775029778480529785e-01
7.399999999999999911e-01,2.061854153871536255e-01,-3.847810924053192139e-01,1.168865919113159180e+00,3.903695344924926758e-01,8.620300143957138062e-02,3.872606530785560608e-02,9.940987229347229004e-01,1.003052443265914917e-01,-4.131306707859039307e-02,-9.985861182212829590e-02,9.949201941490173340e-01,1.274143438786268234e-02,4.238123446702957153e-02,-8.540776558220386505e-03,9.990651011466979980e-01,1.224010996520519257e-02,-3.939364552497863770e-01,-4.508118145167827606e-03,1.000000000000000000e+00,0.000000000000000000e+00,2.061854153871536255e-01,-3.847810924053192139e-01,1.168865919113159180e+00,3.903695344924926758e-01,8.620300143957138062e-02,3.872606530785560608e-02,1.000000000000000000e+00,2.476279288530349731e-01,6.235278397798538208e-02,1.057171940803527832e+00,8.864631056785583496e-01,-9.649561643600463867e-01,-1.997025012969970703e-01,1.000000000000000000e+00,3.091681241989135742e+00,-1.619954705238342285e-01,1.067557215690612793e+00,-6.627312302589416504e-01,-4.668979346752166748e-02,4.198697209358215332e-02,1.000000000000000000e+00,2.332736015319824219e+00,5.415406227111816406e-01,7.872344851493835449e-01,-5.592250823974609375e-01,-5.243385434150695801e-01,2.275828421115875244e-01,1.000000000000000000e+00,1.000000000000000000e+00,0.000000000000000000e+00,0.000000000000000000e+00,1.000000000000000000e+00,2.476279288530349731e-01,6.235278397798538208e-02,1.057171940803527832e+00,8.864631056785583496e-01,-9.649561643600463867e-01,-1.997025012969970703e-01,9.753023386001586914e-01,1.161660328507423401e-01,1.878582835197448730e-01,-9.795016795396804810e-02,9.897914528846740723e-01,-1.035307496786117554e-01,-1.979672908782958984e-01,8.257302641868591309e-02,9.767244458198547363e-01,-6.367785930633544922e-01,5.322637502104043961e-03,-6.174465670483186841e-05,0.000000000000000000e+00,1.000000000000000000e+00,2.061854153871536255e-01,-3.847810924053192139e-01,1.168865919113159180e+00,3.903695344924926758e-01,8.620300143957138062e-02,3.872606530785560608e-02,1.000000000000000000e+00,2.476279288530349731e-01,6.235278397798538208e-02,1.057171940803527832e+00,8.864631056785583496e-01,-9.649561643600463867e-01,-1.997025012969970703e-01,1.000000000000000000e+00,3.091681241989135742e+00,-1.619954705238342285e-01,1.067557215690612793e+00,-6.627312302589416504e-01,-4.668979346752166748e-02,4.198697209358215332e-02,1.000000000000000000e+00,2.332736015319824219e+00,5.415406227111816406e-01,7.872344851493835449e-01,-5.592250823974609375e-01,-5.243385434150695801e-01,2.275828421115875244e-01,1.000000000000000000e+00,1.000000000000000000e+00,0.000000000000000000e+00,0.000000000000000000e+00,1.000000000000000000e+00,3.091681241989135742e+00,-1.619954705238342285e-01,1.067557215690612793e+00,-6.627312302589416504e-01,-4.668979346752166748e-02,4.198697209358215332e-02,-2.694157202905286298e-03,-4.831493128921038327e-02,2.137983775177634306e-04,1.000000000000000000e+00,2.332736015319824219e+00,5.415406227111816406e-01,7.872344851493835449e-01,-5.592250823974609375e-01,-5.243385434150695801e-01,2.275828421115875244e-01,1.853417425892397996e-01,-2.505059658184149995e-03,1.196316709474037898e-04,1.000000000000000000e+00,-5.728022195398807526e-03,-9.953019022941589355e-02,-1.000000014901161194e-01,3.960741460323333740e-01,-2.735148184001445770e-02,1.944155097007751465e-01,-1.000000014901161194e-01,4.093438684940338135e-01,-7.555007934570312500e-03,-2.609610557556152344e-02,1.971721649169921875e-04,4.012065231800079346e-01,2.000000029802322388e-01,3.206562995910644531e-02,9.890556335449218750e-03,3.754438161849975586e-01
7.600000000000000089e-01,2.138898670673370361e-01,-3.830400407314300537e-01,1.169640898704528809e+00,3.786847889423370361e-01,8.810062706470489502e-02,3.842247277498245239e-02,9.937386512756347656e-01,1.003794297575950623e-01,-4.906875267624855042e-02,-9.984370321035385132e-02,9.949150085449218750e-01,1.325590256601572037e-02,5.014984682202339172e-02,-8.273695595562458038e-03,9.987075924873352051e-01,1.531092636287212372e-02,-3.817559480667114258e-01,-4.078789614140987396e-03,1.000000000000000000e+00,0.000000000000000000e+00,2.138898670673370361e-01,-3.830400407314300537e-01,1.169640898704528809e+00,3.786847889423370361e-01,8.810062706470489502e-02,3.842247277498245239e-02,1.000000000000000000e+00,2.656039595603942871e-01,4.295565932989120483e-02,1.053018927574157715e+00,9.140175580978393555e-01,-9.754507541656494141e-01,-2.167042046785354614e-01,1.000000000000000000e+00,3.078388452529907227e+00,-1.629209965467453003e-01,1.068399667739868164e+00,-6.668738126754760742e-01,-4.574729502201080322e-02,4.231510683894157410e-02,1.000000000000000000e+00,2.321588039398193359e+00,5.307748317718505859e-01,7.916840910911560059e-01,-5.550066828727722168e-01,-5.553219914436340332e-01,2.159517705440521240e-01,1.000000000000000000e+00,1.000000000000000000e+00,0.000000000000000000e+00,0.000000000000000000e+00,1.000000000000000000e+00,2.656039595603942871e-01,4.295565932989120483e-02,1.053018927574157715e+00,9.140175580978393555e-01,-9.754507541656494141e-01,-2.167042046785354614e-01,9.752988815307617188e-01,1.136251688003540039e-01,1.894241124391555786e-01,-9.794528782367706299e-02,9.910951256752014160e-01,-9.020715206861495972e-02,-1.979870945215225220e-01,6.942573934793472290e-02,9.777429699897766113e-01,-7.191330194473266602e-01,-8.975478820502758026e-03,2.729772822931408882e-04,0.000000000000000000e+00,1.000000000000000000e+00,2.138898670673370361e-01,-3.830400407314300537e-01,1.169640898704528809e+00,3.786847889423370361e-01,8.810062706470489502e-02,3.842247277498245239e-02,1.000000000000000000e+00,2.656039595603942871e-01,4.295565932989120483e-02,1.053018927574157715e+00,9.140175580978393555e-01,-9.754507541656494141e-01,-2.167042046785354614e-01,1.000000000000000000e+00,3.078388452529907227e+00,-1.629209965467453003e-01,1.068399667739868164e+00,-6.668738126754760742e-01,-4.574729502201080322e-02,4.231510683894157410e-02,1.000000000000000000e+00,2.321588039398193359e+00,5.307748317718505859e-01,7.916840910911560059e-01,-5.550066828727722168e-01,-5.553219914436340332e-01,2.159517705440521240e-01,1.000000000000000000e+00,1.000000000000000000e+00,0.000000000000000000e+00,0.000000000000000000e+00,1.000000000000000000e+00,3.078388452529907227e+00,-1.629209965467453003e-01,1.068399667739868164e+00,-6.668738126754760742e-01,-4.574729502201080322e-02,4.231510683894157410e-02,-3.351399111424312183e-03,-4.521897261258889245e-02,2.291327829365824836e-04,1.000000000000000000e+00,2.321588039398193359e+00,5.307748317718505859e-01,7.916840910911560059e-01,-5.550066828727722168e-01,-5.553219914436340332e-01,2.159517705440521240e-01,1.874242602169614302e-01,2.098768780514292942e-03,1.385345047964892107e-03,1.000000000000000000e+00,-3.590017324313521385e-03,-1.044259294867515564e-01,-1.000000014901161194e-01,3.941499888896942139e-01,-5.385340377688407898e-02,1.826916188001632690e-01,-1.000000014901161194e-01,4.140090942382812500e-01,-8.017778396606445312e-03,-2.489542961120605469e-02,1.995563507080078125e-04,4.011499583721160889e-01,2.000000029802322388e-01,3.604960441589355469e-02,1.134490966796875000e-02,3.740379214286804199e-01
7.800000000000000266e-01,2.213486433029174805e-01,-3.812605738639831543e-01,1.170393466949462891e+00,3.656816482543945312e-01,9.005138278007507324e-02,3.635748103260993958e-02,9.933365583419799805e-01,1.004343479871749878e-01,-5.652961134910583496e-02,-9.981855750083923340e-02,9.949125647544860840e-01,1.362048834562301636e-02,5.760997533798217773e-02,-7.887024432420730591e-03,9.983081221580505371e-01,2.539224177598953247e-02,-3.628335595130920410e-01,-3.435368882492184639e-03,1.000000000000000000e+00,0.000000000000000000e+00,2.213486433029174805e-01,-3.812605738639831543e-01,1.170393466949462891e+00,3.656816482543945312e-01,9.005138278007507324e-02,3.635748103260993958e-02,1.000000000000000000e+00,2.841373682022094727e-01,2.336920425295829773e-02,1.048557758331298828e+00,9.422459602355957031e-01,-9.835844039916992188e-01,-2.302045375108718872e-01,1.000000000000000000e+00,3.065018415451049805e+00,-1.638265699148178101e-01,1.069249749183654785e+00,-6.704029440879821777e-01,-4.468510672450065613e-02,4.273853823542594910e-02,1.000000000000000000e+00,2.310531854629516602e+00,5.193907022476196289e-01,7.958874702453613281e-01,-5.499343276023864746e-01,-5.861468911170959473e-01,2.028687894344329834e-01,1.000000000000000000e+00,1.000000000000000000e+00,0.000000000000000000e+00,0.000000000000000000e+00,1.000000000000000000e+00,2.841373682022094727e-01,2.336920425295829773e-02,1.048557758331298828e+00,9.422459602355957031e-01,-9.835844039916992188e-01,-2.302045375108718872e-01,9.754090309143066406e-01,1.107360646128654480e-01,1.905645579099655151e-01,-9.798284620046615601e-02,9.923488497734069824e-01,-7.512125372886657715e-02,-1.974251419305801392e-01,5.460188910365104675e-02,9.787962436676025391e-01,-8.069342374801635742e-01,-6.211803480982780457e-02,4.443088546395301819e-04,0.000000000000000000e+00,1.000000000000000000e+00,2.213486433029174805e-01,-3.812605738639831543e-01,1.170393466949462891e+00,3.656816482543945312e-01,9.005138278007507324e-02,3.635748103260993958e-02,1.000000000000000000e+00,2.841373682022094727e-01,2.336920425295829773e-02,1.048557758331298828e+00,9.422459602355957031e-01,-9.835844039916992188e-01,-2.302045375108718872e-01,1.000000000000000000e+00,3.065018415451049805e+00,-1.638265699148178101e-01,1.069249749183654785e+00,-6.704029440879821777e-01,-4.468510672450065613e-02,4.273853823542594910e-02,1.000000000000000000e+00,2.310531854629516602e+00,5.193907022476196289e-01,7.958874702453613281e-01,-5.499343276023864746e-01,-5.861468911170959473e-01,2.028687894344329834e-01,1.000000000000000000e+00,1.000000000000000000e+00,0.000000000000000000e+00,0.000000000000000000e+00,1.000000000000000000e+00,3.065018415451049805e+00,-1.638265699148178101e-01,1.069249749183654785e+00,-6.704029440879821777e-01,-4.468510672450065613e-02,4.273853823542594910e-02,-3.981457898336942906e-03,-4.237647104109254492e-02,2.402069209642262917e-04,1.000000000000000000e+00,2.310531854629516602e+00,5.193907022476196289e-01,7.958874702453613281e-01,-5.499343276023864746e-01,-5.861468911170959473e-01,2.028687894344329834e-01,1.892048377848499496e-01,6.614657772402887659e-03,2.711768808785069984e-03,1.000000000000000000e+00,-8.121377904899418354e-04,-1.095218062400817871e-01,-1.000000014901161194e-01,3.944167494773864746e-01,-8.223040401935577393e-02,1.683283597230911255e-01,-1.000000014901161194e-01,4.204158484935760498e-01,-8.466243743896484375e-03,-2.390217781066894531e-02,2.024173736572265625e-04,4.009480774402618408e-01,2.000000029802322388e-01,3.993582725524902344e-02,1.275563240051269531e-02,3.732601702213287354e-01
8.000000000000000444e-01,2.285360991954803467e-01,-3.794418573379516602e-01,1.171091198921203613e+00,3.514406383037567139e-01,9.201557189226150513e-02,3.288322687149047852e-02,9.929059743881225586e-01,1.004561483860015869e-01,-6.361284852027893066e-02,-9.978297352790832520e-02,9.949153065681457520e-01,1.368049811571836472e-02,6.466367840766906738e-02,-7.235968019813299179e-03,9.978809952735900879e-01,4.208202660083770752e-02,-3.425744473934173584e-01,-2.649893984198570251e-03,1.000000000000000000e+00,0.000000000000000000e+00,2.285360991954803467e-01,-3.794418573379516602e-01,1.171091198921203613e+00,3.514406383037567139e-01,9.201557189226150513e-02,3.288322687149047852e-02,1.000000000000000000e+00,3.032402694225311279e-01,3.644452197477221489e-03,1.043857097625732422e+00,9.709795117378234863e-01,-9.889290928840637207e-01,-2.403198033571243286e-01,1.000000000000000000e+00,3.051582813262939453e+00,-1.647098660469055176e-01,1.070108890533447266e+00,-6.733712553977966309e-01,-4.350922256708145142e-02,4.322530701756477356e-02,1.000000000000000000e+00,2.299585103988647461e+00,5.073915123939514160e-01,7.998181581497192383e-01,-5.440395474433898926e-01,-6.168058514595031738e-01,1.886064857244491577e-01,1.000000000000000000e+00,1.000000000000000000e+00,0.000000000000000000e+00,0.000000000000000000e+00,1.000000000000000000e+00,3.032402694225311279e-01,3.644452197477221489e-03,1.043857097625732422e+00,9.709795117378234863e-01,-9.889290928840637207e-01,-2.403198033571243286e-01,9.757994413375854492e-01,1.075127199292182922e-01,1.904113739728927612e-01,-9.812117367982864380e-02,9.934765100479125977e-01,-5.810983851552009583e-02,-1.954167634248733521e-01,3.802016004920005798e-02,9.799830913543701172e-01,-8.962560296058654785e-01,-1.590996831655502319e-01,-1.098251086659729481e-03,0.000000000000000000e+00,1.000000000000000000e+00,2.285360991954803467e-01,-3.794418573379516602e-01,1.171091198921203613e+00,3.514406383037567139e-01,9.201557189226150513e-02,3.288322687149047852e-02,1.000000000000000000e+00,3.032402694225311279e-01,3.644452197477221489e-03,1.043857097625732422e+00,9.709795117378234863e-01,-9.889290928840637207e-01,-2.403198033571243286e-01,1.000000000000000000e+00,3.051582813262939453e+00,-1.647098660469055176e-01,1.070108890533447266e+00,-6.733712553977966309e-01,-4.350922256708145142e-02,4.322530701756477356e-02,1.000000000000000000e+00,2.299585103988647461e+00,5.073915123939514160e-01,7.998181581497192383e-01,-5.440395474433898926e-01,-6.168058514595031738e-01,1.886064857244491577e-01,1.000000000000000000e+00,1.000000000000000000e+00,0.000000000000000000e+00,0.000000000000000000e+00,1.000000000000000000e+00,3.051582813262939453e+00,-1.647098660469055176e-01,1.070108890533447266e+00,-6.733712553977966309e-01,-4.350922256708145142e-02,4.322530701756477356e-02,-4.587121662390552558e-03,-3.978381953539877891e-02,2.477461827410671474e-04,1.000000000000000000e+00,2.299585103988647461e+00,5.073915123939514160e-01,7.998181581497192383e-01,-5.440395474433898926e-01,-6.168058514595031738e-01,1.886064857244491577e-01,1.907432534005485403e-01,1.104865154444945041e-02,4.087421350281741916e-03,1.000000000000000000e+00,2.711999462917447090e-03,-1.128593683242797852e-01,-1.000000014901161194e-01,3.970805108547210693e-01,-1.092677116394042969e-01,1.531639248132705688e-01,-1.000000014901161194e-01,4.288499653339385986e-01,-8.892059326171875000e-03,-2.309489250183105469e-02,2.052783966064453125e-04,4.006296098232269287e-01,2.000000029802322388e-01,4.364562034606933594e-02,1.406598091125488281e-02,3.730911016464233398e-01
8.200000000000000622e-01,2.354280799627304077e-01,-3.775841891765594482e-01,1.171710848808288574e+00,3.360259234905242920e-01,9.393149614334106445e-02,2.854399383068084717e-02,9.924548864364624023e-01,1.004316210746765137e-01,-7.033284008502960205e-02,-9.973667562007904053e-02,9.949244856834411621e-01,1.333264540880918503e-02,7.131488621234893799e-02,-6.217285525053739548e-03,9.974344372749328613e-01,6.226946413516998291e-02,-3.216859400272369385e-01,-1.730989199131727219e-03,1.000000000000000000e+00,0.000000000000000000e+00,2.354280799627304077e-01,-3.775841891765594482e-01,1.171710848808288574e+00,3.360259234905242920e-01,9.393149614334106445e-02,2.854399383068084717e-02,1.000000000000000000e+00,3.229202628135681152e-01,-1.615880057215690613e-02,1.038984894752502441e+00,9.999225139617919922e-01,-9.910358786582946777e-01,-2.469478547573089600e-01,1.000000000000000000e+00,3.038092613220214844e+00,-1.655686497688293457e-01,1.070977926254272461e+00,-6.758295893669128418e-01,-4.222522303462028503e-02,4.373450577259063721e-02,1.000000000000000000e+00,2.288763284683227539e+00,4.947806000709533691e-01,8.034551143646240234e-01,-5.373497605323791504e-01,-6.473036408424377441e-01,1.734429746866226196e-01,1.000000000000000000e+00,1.000000000000000000e+00,0.000000000000000000e+00,0.000000000000000000e+00,1.000000000000000000e+00,3.229202628135681152e-01,-1.615880057215690613e-02,1.038984894752502441e+00,9.999225139617919922e-01,-9.910358786582946777e-01,-2.469478547573089600e-01,9.765897989273071289e-01,1.040365025401115417e-01,1.882788389921188354e-01,-9.838423877954483032e-02,9.943783283233642578e-01,-3.914723917841911316e-02,-1.912931054830551147e-01,1.970712468028068542e-02,9.813351631164550781e-01,-9.766308665275573730e-01,-2.736269831657409668e-01,-5.334812216460704803e-03,0.000000000000000000e+00,1.000000000000000000e+00,2.354280799627304077e-01,-3.775841891765594482e-01,1.171710848808288574e+00,3.360259234905242920e-01,9.393149614334106445e-02,2.854399383068084717e-02,1.000000000000000000e+00,3.229202628135681152e-01,-1.615880057215690613e-02,1.038984894752502441e+00,9.999225139617919922e-01,-9.910358786582946777e-01,-2.469478547573089600e-01,1.000000000000000000e+00,3.038092613220214844e+00,-1.655686497688293457e-01,1.070977926254272461e+00,-6.758295893669128418e-01,-4.222522303462028503e-02,4.373450577259063721e-02,1.000000000000000000e+00,2.288763284683227539e+00,4.947806000709533691e-01,8.034551143646240234e-01,-5.373497605323791504e-01,-6.473036408424377441e-01,1.734429746866226196e-01,1.000000000000000000e+00,1.000000000000000000e+00,0.000000000000000000e+00,0.000000000000000000e+00,1.000000000000000000e+00,3.038092613220214844e+00,-1.655686497688293457e-01,1.070977926254272461e+00,-6.758295893669128418e-01,-4.222522303462028503e-02,4.373450577259063721e-02,-5.170116542496376588e-03,-3.743338098441184592e-02,2.525928895617734690e-04,1.000000000000000000e+00,2.288763284683227539e+00,4.947806000709533691e-01,8.034551143646240234e-01,-5.373497605323791504e-01,-6.473036408424377441e-01,1.734429746866226196e-01,1.920705918980485372e-01,1.539654431597248241e-02,5.495353643888659101e-03,1.000000000000000000e+00,5.957397166639566422e-03,-1.158729419112205505e-01,-1.000000014901161194e-01,4.016492962837219238e-01,-1.317814588546752930e-01,1.374514251947402954e-01,-1.000000014901161194e-01,4.387856721878051758e-01,-9.282112121582031250e-03,-2.245116233825683594e-02,2.083778381347656250e-04,4.002396166324615479e-01,2.000000029802322388e-01,4.708242416381835938e-02,1.520514488220214844e-02,3.735342919826507568e-01
8.399999999999999689e-01,2.420015335083007812e-01,-3.756891191005706787e-01,1.172240495681762695e+00,3.194828033447265625e-01,9.572570770978927612e-02,2.398470230400562286e-02,9.919955730438232422e-01,1.003538593649864197e-01,-7.664219290018081665e-02,-9.968259185552597046e-02,9.949402809143066406e-01,1.254404056817293167e-02,7.751324027776718140e-02,-4.803740419447422028e-03,9.969798326492309570e-01,8.077580481767654419e-02,-2.973161041736602783e-01,-9.416654938831925392e-04,1.000000000000000000e+00,0.000000000000000000e+00,2.420015335083007812e-01,-3.756891191005706787e-01,1.172240495681762695e+00,3.194828033447265625e-01,9.572570770978927612e-02,2.398470230400562286e-02,1.000000000000000000e+00,3.431783914566040039e-01,-3.597177565097808838e-02,1.034013390541076660e+00,1.028709530830383301e+00,-9.894645214080810547e-01,-2.498437464237213135e-01,1.000000000000000000e+00,3.024557352066040039e+00,-1.664008200168609619e-01,1.071857094764709473e+00,-6.778271198272705078e-01,-4.083861410617828369e-02,4.422009363770484924e-02,1.000000000000000000e+00,2.278081893920898438e+00,4.815611541271209717e-01,8.067827820777893066e-01,-5.298908948898315430e-01,-6.776527762413024902e-01,1.576593518257141113e-01,1.000000000000000000e+00,1.000000000000000000e+00,0.000000000000000000e+00,0.000000000000000000e+00,1.000000000000000000e+00,3.431783914566040039e-01,-3.597177565097808838e-02,1.034013390541076660e+00,1.028709530830383301e+00,-9.894645214080810547e-01,-2.498437464237213135e-01,9.777644872665405273e-01,1.004734486341476440e-01,1.840704083442687988e-01,-9.873962402343750000e-02,9.949398040771484375e-01,-1.858496479690074921e-02,-1.850062608718872070e-01,-3.325919351482298225e-06,9.827374219894409180e-01,-1.026467561721801758e+00,-3.729013502597808838e-01,-1.231098826974630356e-02,0.000000000000000000e+00,1.000000000000000000e+00,2.420015335083007812e-01,-3.756891191005706787e-01,1.172240495681762695e+00,3.194828033447265625e-01,9.572570770978927612e-02,2.398470230400562286e-02,1.000000000000000000e+00,3.431783914566040039e-01,-3.597177565097808838e-02,1.034013390541076660e+00,1.028709530830383301e+00,-9.894645214080810547e-01,-2.498437464237213135e-01,1.000000000000000000e+00,3.024557352066040039e+00,-1.664008200168609619e-01,1.071857094764709473e+00,-6.778271198272705078e-01,-4.083861410617828369e-02,4.422009363770484924e-02,1.000000000000000000e+00,2.278081893920898438e+00,4.815611541271209717e-01,8.067827820777893066e-01,-5.298908948898315430e-01,-6.776527762413024902e-01,1.576593518257141113e-01,1.000000000000000000e+00,1.000000000000000000e+00,0.000000000000000000e+00,0.000000000000000000e+00,1.000000000000000000e+00,3.024557352066040039e+00,-1.664008200168609619e-01,1.071857094764709473e+00,-6.778271198272705078e-01,-4.083861410617828369e-02,4.422009363770484924e-02,-5.729975474093894350e-03,-3.531482859139378760e-02,2.558861362157538281e-04,1.000000000000000000e+00,2.278081893920898438e+00,4.815611541271209717e-01,8.067827820777893066e-01,-5.298908948898315430e-01,-6.776527762413024902e-01,1.576593518257141113e-01,1.932074346666958209e-01,1.964289571893451658e-02,6.911896853754206926e-03,1.000000000000000000e+00,6.636535283178091049e-03,-1.205252557992935181e-01,-1.000000014901161194e-01,4.096165299415588379e-01,-1.498119533061981201e-01,1.197773441672325134e-01,-1.000000014901161194e-01,4.509890973567962646e-01,-9.621381759643554688e-03,-2.194738388061523438e-02,2.112388610839843750e-04,3.998311161994934082e-01,2.000000029802322388e-01,5.013442039489746094e-02,1.609444618225097656e-02,3.746101260185241699e-01
8.599999999999999867e-01,2.482342869043350220e-01,-3.737598061561584473e-01,1.172681808471679688e+00,3.018499910831451416e-01,9.732868522405624390e-02,1.989745721220970154e-02,9.915371537208557129e-01,1.002295017242431641e-01,-8.251266926527023315e-02,-9.962564706802368164e-02,9.949596524238586426e-01,1.141379773616790771e-02,8.324076980352401733e-02,-3.096826141700148582e-03,9.965247511863708496e-01,8.846580982208251953e-02,-2.770916819572448730e-01,-2.324135421076789498e-04,1.000000000000000000e+00,0.000000000000000000e+00,2.482342869043350220e-01,-3.737598061561584473e-01,1.172681808471679688e+00,3.018499910831451416e-01,9.732868522405624390e-02,1.989745721220970154e-02,1.000000000000000000e+00,3.640082478523254395e-01,-5.571749806404113770e-02,1.029019713401794434e+00,1.057004451751708984e+00,-9.838603734970092773e-01,-2.486708313226699829e-01,1.000000000000000000e+00,3.010985851287841797e+00,-1.672043800354003906e-01,1.072745442390441895e+00,-6.794105768203735352e-01,-3.935518115758895874e-02,4.463893547654151917e-02,1.000000000000000000e+00,2.267557144165039062e+00,4.677358865737915039e-01,8.097912669181823730e-01,-5.216887593269348145e-01,-7.078721523284912109e-01,1.415397673845291138e-01,1.000000000000000000e+00,1.000000000000000000e+00,0.000000000000000000e+00,0.000000000000000000e+00,1.000000000000000000e+00,3.640082478523254395e-01,-5.571749806404113770e-02,1.029019713401794434e+00,1.057004451751708984e+00,-9.838603734970092773e-01,-2.486708313226699829e-01,9.792058467864990234e-01,9.707178920507431030e-02,1.781379580497741699e-01,-9.914139658212661743e-02,9.950696825981140137e-01,2.731842221692204475e-03,-1.769944727420806885e-01,-2.033587917685508728e-02,9.840018153190612793e-01,-1.027431249618530273e+00,-4.456837773323059082e-01,-2.207863703370094299e-02,0.000000000000000000e+00,1.000000000000000000e+00,2.482342869043350220e-01,-3.737598061561584473e-01,1.172681808471679688e+00,3.018499910831451416e-01,9.732868522405624390e-02,1.989745721220970154e-02,1.000000000000000000e+00,3.640082478523254395e-01,-5.571749806404113770e-02,1.029019713401794434e+00,1.057004451751708984e+00,-9.838603734970092773e-01,-2.486708313226699829e-01,1.000000000000000000e+00,3.010985851287841797e+00,-1.672043800354003906e-01,1.072745442390441895e+00,-6.794105768203735352e-01,-3.935518115758895874e-02,4.463893547654151917e-02,1.000000000000000000e+00,2.267557144165039062e+00,4.677358865737915039e-01,8.097912669181823730e-01,-5.216887593269348145e-01,-7.078721523284912109e-01,1.415397673845291138e-01,1.000000000000000000e+00,1.000000000000000000e+00,0.000000000000000000e+00,0.000000000000000000e+00,1.000000000000000000e+00,3.010985851287841797e+00,-1.672043800354003906e-01,1.072745442390441895e+00,-6.794105768203735352e-01,-3.935518115758895874e-02,4.463893547654151917e-02,-6.264220122639814134e-03,-3.341757232665587551e-02,2.582374932541937028e-04,1.000000000000000000e+00,2.267557144165039062e+00,4.677358865737915039e-01,8.097912669181823730e-01,-5.216887593269348145e-01,-7.078721523284912109e-01,1.415397673845291138e-01,1.941769108741403238e-01,2.375994364167155481e-02,8.305621448978339760e-03,1.000000000000000000e+00,6.180033553391695023e-03,-1.249784380197525024e-01,-1.000000014901161194e-01,4.179413616657257080e-01,-1.651126295328140259e-01,1.009493395686149597e-01,-1.000000014901161194e-01,4.624263942241668701e-01,-9.895324707031250000e-03,-2.156114578247070312e-02,2.133846282958984375e-04,3.994596302509307861e-01,2.000000029802322388e-01,5.268478393554687500e-02,1.665782928466796875e-02,3.763535618782043457e-01
8.800000000000000044e-01,2.541047036647796631e-01,-3.718004226684570312e-01,1.173050761222839355e+00,2.831462621688842773e-01,9.870742261409759521e-02,1.696347631514072418e-02,9.910735487937927246e-01,1.000839918851852417e-01,-8.807044476270675659e-02,-9.956640005111694336e-02,9.949780106544494629e-01,1.026163250207901001e-02,8.865518122911453247e-02,-1.401175395585596561e-03,9.960613846778869629e-01,7.762804627418518066e-02,-2.672515511512756348e-01,2.919899125117808580e-04,1.000000000000000000e+00,0.000000000000000000e+00,2.541047036647796631e-01,-3.718004226684570312e-01,1.173050761222839355e+00,2.831462621688842773e-01,9.870742261409759521e-02,1.696347631514072418e-02,1.000000000000000000e+00,3.853974938392639160e-01,-7.531327754259109497e-02,1.024088740348815918e+00,1.084522962570190430e+00,-9.740311503410339355e-01,-2.431239932775497437e-01,1.000000000000000000e+00,2.997385740280151367e+00,-1.679774820804595947e-01,1.073641300201416016e+00,-6.806246042251586914e-01,-3.778135031461715698e-02,4.495975375175476074e-02,1.000000000000000000e+00,2.257202386856079102e+00,4.533072412014007568e-01,8.124763965606689453e-01,-5.127734541893005371e-01,-7.379866838455200195e-01,1.253674924373626709e-01,1.000000000000000000e+00,1.000000000000000000e+00,0.000000000000000000e+00,0.000000000000000000e+00,1.000000000000000000e+00,3.853974938392639160e-01,-7.531327754259109497e-02,1.024088740348815918e+00,1.084522962570190430e+00,-9.740311503410339355e-01,-2.431239932775497437e-01,9.807981848716735840e-01,9.409698098897933960e-02,1.708239018917083740e-01,-9.957485646009445190e-02,9.947462081909179688e-01,2.376846037805080414e-02,-1.676898896694183350e-01,-4.032182693481445312e-02,9.850149154663085938e-01,-9.833318591117858887e-01,-5.030210018157958984e-01,-3.459506109356880188e-02,0.000000000000000000e+00,1.000000000000000000e+00,2.541047036647796631e-01,-3.718004226684570312e-01,1.173050761222839355e+00,2.831462621688842773e-01,9.870742261409759521e-02,1.696347631514072418e-02,1.000000000000000000e+00,3.853974938392639160e-01,-7.531327754259109497e-02,1.024088740348815918e+00,1.084522962570190430e+00,-9.740311503410339355e-01,-2.431239932775497437e-01,1.000000000000000000e+00,2.997385740280151367e+00,-1.679774820804595947e-01,1.073641300201416016e+00,-6.806246042251586914e-01,-3.778135031461715698e-02,4.495975375175476074e-02,1.000000000000000000e+00,2.257202386856079102e+00,4.533072412014007568e-01,8.124763965606689453e-01,-5.127734541893005371e-01,-7.379866838455200195e-01,1.253674924373626709e-01,1.000000000000000000e+00,1.000000000000000000e+00,0.000000000000000000e+00,0.000000000000000000e+00,1.000000000000000000e+00,2.997385740280151367e+00,-1.679774820804595947e-01,1.073641300201416016e+00,-6.806246042251586914e-01,-3.778135031461715698e-02,4.495975375175476074e-02,-6.768323736553265128e-03,-3.172968131585385265e-02,2.597688302838283003e-04,1.000000000000000000e+00,2.257202386856079102e+00,4.533072412014007568e-01,8.124763965606689453e-01,-5.127734541893005371e-01,-7.379866838455200195e-01,1.253674924373626709e-01,1.950044289371416772e-01,2.770543784637768958e-02,9.639914044268838023e-03,1.000000000000000000e+00,3.997118677943944931e-03,-1.287235021591186523e-01,-1.000000014901161194e-01,4.256866276264190674e-01,-1.781231760978698730e-01,8.089375495910644531e-02,-1.000000014901161194e-01,4.727397561073303223e-01,-1.009631156921386719e-02,-2.127146720886230469e-02,2.148151397705078125e-04,3.991779386997222900e-01,2.000000029802322388e-01,5.462574958801269531e-02,1.683640480041503906e-02,3.787983953952789307e-01
9.000000000000000222e-01,2.595913708209991455e-01,-3.698153495788574219e-01,1.173375487327575684e+00,2.633646428585052490e-01,9.989583492279052734e-02,1.570105552673339844e-02,9.905930757522583008e-01,9.995539486408233643e-02,-9.345763176679611206e-02,-9.950599074363708496e-02,9.949919581413269043e-01,9.468099102377891541e-03,9.393597394227981567e-02,-7.943915261421352625e-05,9.955782890319824219e-01,5.008869990706443787e-02,-2.629936933517456055e-01,5.568541819229722023e-04,1.000000000000000000e+00,0.000000000000000000e+00,2.595913708209991455e-01,-3.698153495788574219e-01,1.173375487327575684e+00,2.633646428585052490e-01,9.989583492279052734e-02,1.570105552673339844e-02,1.000000000000000000e+00,4.073280394077301025e-01,-9.467418491840362549e-02,1.019308924674987793e+00,1.110978245735168457e+00,-9.599569439888000488e-01,-2.330786734819412231e-01,1.000000000000000000e+00,2.983764886856079102e+00,-1.687183082103729248e-01,1.074542641639709473e+00,-6.815121173858642578e-01,-3.612441942095756531e-02,4.516756907105445862e-02,1.000000000000000000e+00,2.247031927108764648e+00,4.382770955562591553e-01,8.148396015167236328e-01,-5.031807422637939453e-01,-7.680246829986572266e-01,1.094108894467353821e-01,1.000000000000000000e+00,1.000000000000000000e+00,0.000000000000000000e+00,0.000000000000000000e+00,1.000000000000000000e+00,4.073280394077301025e-01,-9.467418491840362549e-02,1.019308924674987793e+00,1.110978245735168457e+00,-9.599569439888000488e-01,-2.330786734819412231e-01,9.824786782264709473e-01,9.174183011054992676e-02,1.622319221496582031e-01,-1.000503599643707275e-01,9.940183162689208984e-01,4.379096999764442444e-02,-1.572440266609191895e-01,-5.925505235791206360e-02,9.857805371284484863e-01,-9.166598916053771973e-01,-5.603821873664855957e-01,-4.966910555958747864e-02,0.000000000000000000e+00,1.000000000000000000e+00,2.595913708209991455e-01,-3.698153495788574219e-01,1.173375487327575684e+00,2.633646428585052490e-01,9.989583492279052734e-02,1.570105552673339844e-02,1.000000000000000000e+00,4.073280394077301025e-01,-9.467418491840362549e-02,1.019308924674987793e+00,1.110978245735168457e+00,-9.599569439888000488e-01,-2.330786734819412231e-01,1.000000000000000000e+00,2.983764886856079102e+00,-1.687183082103729248e-01,1.074542641639709473e+00,-6.815121173858642578e-01,-3.612441942095756531e-02,4.516756907105445862e-02,1.000000000000000000e+00,2.247031927108764648e+00,4.382770955562591553e-01,8.148396015167236328e-01,-5.031807422637939453e-01,-7.680246829986572266e-01,1.094108894467353821e-01,1.000000000000000000e+00,1.000000000000000000e+00,0.000000000000000000e+00,0.000000000000000000e+00,1.000000000000000000e+00,2.983764886856079102e+00,-1.687183082103729248e-01,1.074542641639709473e+00,-6.815121173858642578e-01,-3.612441942095756531e-02,4.516756907105445862e-02,-7.236692903826767199e-03,-3.023696800606034962e-02,2.605463576397949038e-04,1.000000000000000000e+00,2.247031927108764648e+00,4.382770955562591553e-01,8.148396015167236328e-01,-5.031807422637939453e-01,-7.680246829986572266e-01,1.094108894467353821e-01,1.957170510810601338e-01,3.142762850123848040e-02,1.087622660902785865e-02,1.000000000000000000e+00,1.467130350647494197e-04,-1.321769803762435913e-01,-1.000000014901161194e-01,4.333644211292266846e-01,-1.873404383659362793e-01,6.494481861591339111e-02,-1.000000014901161194e-01,4.811017811298370361e-01,-1.022982597351074219e-02,-2.106022834777832031e-02,2.155303955078125000e-04,3.990231454372406006e-01,2.000000029802322388e-01,5.585789680480957031e-02,1.659560203552246094e-02,3.819552659988403320e-01
9.200000000000000400e-01,2.646725773811340332e-01,-3.678075075149536133e-01,1.173692822456359863e+00,2.424874603748321533e-01,1.009936630725860596e-01,1.647792384028434753e-02,9.900940656661987305e-01,9.988053143024444580e-02,-9.868054091930389404e-02,-9.944662451744079590e-02,9.949993491172790527e-01,9.318532422184944153e-03,9.911780059337615967e-02,5.872225156053900719e-04,9.950756430625915527e-01,1.183085422962903976e-02,-2.562707662582397461e-01,5.289717810228466988e-04,1.000000000000000000e+00,0.000000000000000000e+00,2.646725773811340332e-01,-3.678075075149536133e-01,1.173692822456359863e+00,2.424874603748321533e-01,1.009936630725860596e-01,1.647792384028434753e-02,1.000000000000000000e+00,4.297757148742675781e-01,-1.137160360813140869e-01,1.014770507812500000e+00,1.136036872863769531e+00,-9.417325258255004883e-01,-2.185919880867004395e-01,1.000000000000000000e+00,2.970128536224365234e+00,-1.694253534078598022e-01,1.075446963310241699e+00,-6.821128129959106445e-01,-3.439264371991157532e-02,4.526526108384132385e-02,1.000000000000000000e+00,2.237059354782104492e+00,4.226466119289398193e-01,8.168874382972717285e-01,-4.929544925689697266e-01,-7.980184555053710938e-01,9.392936527729034424e-02,1.000000000000000000e+00,1.000000000000000000e+00,0.000000000000000000e+00,0.000000000000000000e+00,1.000000000000000000e+00,4.297757148742675781e-01,-1.137160360813140869e-01,1.014770507812500000e+00,1.136036872863769531e+00,-9.417325258255004883e-01,-2.185919880867004395e-01,9.842156171798706055e-01,9.008088707923889160e-02,1.523328721523284912e-01,-1.005608588457107544e-01,9.929636716842651367e-01,6.253755837678909302e-02,-1.456275582313537598e-01,-7.686915248632431030e-02,9.863488078117370605e-01,-8.454133868217468262e-01,-6.134505271911621094e-01,-6.471599638462066650e-02,0.000000000000000000e+00,1.000000000000000000e+00,2.646725773811340332e-01,-3.678075075149536133e-01,1.173692822456359863e+00,2.424874603748321533e-01,1.009936630725860596e-01,1.647792384028434753e-02,1.000000000000000000e+00,4.297757148742675781e-01,-1.137160360813140869e-01,1.014770507812500000e+00,1.136036872863769531e+00,-9.417325258255004883e-01,-2.185919880867004395e-01,1.000000000000000000e+00,2.970128536224365234e+00,-1.694253534078598022e-01,1.075446963310241699e+00,-6.821128129959106445e-01,-3.439264371991157532e-02,4.526526108384132385e-02,1.000000000000000000e+00,2.237059354782104492e+00,4.226466119289398193e-01,8.168874382972717285e-01,-4.929544925689697266e-01,-7.980184555053710938e-01,9.392936527729034424e-02,1.000000000000000000e+00,1.000000000000000000e+00,0.000000000000000000e+00,0.000000000000000000e+00,1.000000000000000000e+00,2.970128536224365234e+00,-1.694253534078598022e-01,1.075446963310241699e+00,-6.821128129959106445e-01,-3.439264371991157532e-02,4.526526108384132385e-02,-7.663509810127956678e-03,-2.892384082758225894e-02,2.606055107044528106e-04,1.000000000000000000e+00,2.237059354782104492e+00,4.226466119289398193e-01,8.168874382972717285e-01,-4.929544925689697266e-01,-7.980184555053710938e-01,9.392936527729034424e-02,1.963329438591050469e-01,3.487308550536472040e-02,1.196877441207332138e-02,1.000000000000000000e+00,-4.080981481820344925e-03,-1.355005800724029541e-01,-1.000000014901161194e-01,4.422200322151184082e-01,-1.999960690736770630e-01,4.849547520279884338e-02,-1.000000014901161194e-01,4.886964261531829834e-01,-1.031351089477539062e-02,-2.091383934020996094e-02,2.157688140869140625e-04,3.990181386470794678e-01,2.000000029802322388e-01,5.628919601440429688e-02,1.592659950256347656e-02,3.858068287372589111e-01
9.400000000000000577e-01,2.693263292312622070e-01,-3.657774627208709717e-01,1.174046277999877930e+00,2.205052673816680908e-01,1.021461412310600281e-01,1.962757483124732971e-02,9.895867109298706055e-01,9.988590329885482788e-02,-1.036389693617820740e-01,-9.939055889844894409e-02,9.949988126754760742e-01,9.945924393832683563e-03,1.041141077876091003e-01,4.583807312883436680e-04,9.945653080940246582e-01,-2.846872992813587189e-02,-2.441072016954421997e-01,2.708254614844918251e-04,1.000000000000000000e+00,0.000000000000000000e+00,2.693263292312622070e-01,-3.657774627208709717e-01,1.174046277999877930e+00,2.205052673816680908e-01,1.021461412310600281e-01,1.962757483124732971e-02,1.000000000000000000e+00,4.527093768119812012e-01,-1.323571056127548218e-01,1.010560393333435059e+00,1.159345865249633789e+00,-9.195040464401245117e-01,-1.998552232980728149e-01,1.000000000000000000e+00,2.956482887268066406e+00,-1.700971275568008423e-01,1.076352715492248535e+00,-6.824634671211242676e-01,-3.259511664509773254e-02,4.527265951037406921e-02,1.000000000000000000e+00,2.227297306060791016e+00,4.064164161682128906e-01,8.186318278312683105e-01,-4.821474850177764893e-01,-8.280051946640014648e-01,7.918778806924819946e-02,1.000000000000000000e+00,1.000000000000000000e+00,0.000000000000000000e+00,0.000000000000000000e+00,1.000000000000000000e+00,4.527093768119812012e-01,-1.323571056127548218e-01,1.010560393333435059e+00,1.159345865249633789e+00,-9.195040464401245117e-01,-1.998552232980728149e-01,9.859379529953002930e-01,8.910589665174484253e-02,1.413736641407012939e-01,-1.010973826050758362e-01,9.916527271270751953e-01,8.002650737762451172e-02,-1.330627501010894775e-01,-9.319368004798889160e-02,9.867164492607116699e-01,-7.879948616027832031e-01,-6.488085389137268066e-01,-8.008643239736557007e-02,0.000000000000000000e+00,1.000000000000000000e+00,2.693263292312622070e-01,-3.657774627208709717e-01,1.174046277999877930e+00,2.205052673816680908e-01,1.021461412310600281e-01,1.962757483124732971e-02,1.000000000000000000e+00,4.527093768119812012e-01,-1.323571056127548218e-01,1.010560393333435059e+00,1.159345865249633789e+00,-9.195040464401245117e-01,-1.998552232980728149e-01,1.000000000000000000e+00,2.956482887268066406e+00,-1.700971275568008423e-01,1.076352715492248535e+00,-6.824634671211242676e-01,-3.259511664509773254e-02,4.527265951037406921e-02,1.000000000000000000e+00,2.227297306060791016e+00,4.064164161682128906e-01,8.186318278312683105e-01,-4.821474850177764893e-01,-8.280051946640014648e-01,7.918778806924819946e-02,1.000000000000000000e+00,1.000000000000000000e+00,0.000000000000000000e+00,0.000000000000000000e+00,1.000000000000000000e+00,2.956482887268066406e+00,-1.700971275568008423e-01,1.076352715492248535e+00,-6.824634671211242676e-01,-3.259511664509773254e-02,4.527265951037406921e-02,-8.044557147170904726e-03,-2.777441078269604624e-02,2.599778554039379984e-04,1.000000000000000000e+00,2.227297306060791016e+00,4.064164161682128906e-01,8.186318278312683105e-01,-4.821474850177764893e-01,-8.280051946640014648e-01,7.918778806924819946e-02,1.968632393294179606e-01,3.797779010007396039e-02,1.286524992228769981e-02,1.000000000000000000e+00,-7.197797298431396484e-03,-1.357972919940948486e-01,-1.000000014901161194e-01,4.459761679172515869e-01,-1.999883353710174561e-01,3.333406522870063782e-02,-1.000000014901161194e-01,4.959124624729156494e-01,-1.037311553955078125e-02,-2.081990242004394531e-02,2.160072326660156250e-04,3.991794288158416748e-01,2.000000029802322388e-01,5.583572387695312500e-02,1.484560966491699219e-02,3.903108835220336914e-01
9.599999999999999645e-01,2.735306620597839355e-01,-3.637227416038513184e-01,1.174485325813293457e+00,1.974533498287200928e-01,1.035096868872642517e-01,2.524064853787422180e-02,9.890885353088378906e-01,9.997612982988357544e-02,-1.082064509391784668e-01,-9.933874756097793579e-02,9.949897527694702148e-01,1.127853710204362869e-02,1.087918877601623535e-01,-4.063794040121138096e-04,9.940644502639770508e-01,-5.928308889269828796e-02,-2.218813896179199219e-01,-6.558558379765599966e-05,1.000000000000000000e+00,0.000000000000000000e+00,2.735306620597839355e-01,-3.637227416038513184e-01,1.174485325813293457e+00,1.974533498287200928e-01,1.035096868872642517e-01,2.524064853787422180e-02,1.000000000000000000e+00,4.760912656784057617e-01,-1.505185812711715698e-01,1.006761550903320312e+00,1.180614352226257324e+00,-8.934071660041809082e-01,-1.771001964807510376e-01,1.000000000000000000e+00,2.942831993103027344e+00,-1.707324087619781494e-01,1.077257633209228516e+00,-6.825980544090270996e-01,-3.074122406542301178e-02,4.522449895739555359e-02,1.000000000000000000e+00,2.217755556106567383e+00,3.895862400531768799e-01,8.200901746749877930e-01,-4.708240926265716553e-01,-8.580273389816284180e-01,6.545920670032501221e-02,1.000000000000000000e+00,1.000000000000000000e+00,0.000000000000000000e+00,0.000000000000000000e+00,1.000000000000000000e+00,4.760912656784057617e-01,-1.505185812711715698e-01,1.006761550903320312e+00,1.180614352226257324e+00,-8.934071660041809082e-01,-1.771001964807510376e-01,9.875660538673400879e-01,8.874613046646118164e-02,1.297592818737030029e-01,-1.016547381877899170e-01,9.901291728019714355e-01,9.649127721786499023e-02,-1.199152246117591858e-01,-1.084821522235870361e-01,9.868393540382385254e-01,-7.286242842674255371e-01,-6.653133034706115723e-01,-9.305737167596817017e-02,0.000000000000000000e+00,1.000000000000000000e+00,2.735306620597839355e-01,-3.637227416038513184e-01,1.174485325813293457e+00,1.974533498287200928e-01,1.035096868872642517e-01,2.524064853787422180e-02,1.000000000000000000e+00,4.760912656784057617e-01,-1.505185812711715698e-01,1.006761550903320312e+00,1.180614352226257324e+00,-8.934071660041809082e-01,-1.771001964807510376e-01,1.000000000000000000e+00,2.942831993103027344e+00,-1.707324087619781494e-01,1.077257633209228516e+00,-6.825980544090270996e-01,-3.074122406542301178e-02,4.522449895739555359e-02,1.000000000000000000e+00,2.217755556106567383e+00,3.895862400531768799e-01,8.200901746749877930e-01,-4.708240926265716553e-01,-8.580273389816284180e-01,6.545920670032501221e-02,1.000000000000000000e+00,1.000000000000000000e+00,0.000000000000000000e+00,0.000000000000000000e+00,1.000000000000000000e+00,2.942831993103027344e+00,-1.707324087619781494e-01,1.077257633209228516e+00,-6.825980544090270996e-01,-3.074122406542301178e-02,4.522449895739555359e-02,-8.379099921698118097e-03,-2.677337873404073143e-02,2.587277456813441914e-04,1.000000000000000000e+00,2.217755556106567383e+00,3.895862400531768799e-01,8.200901746749877930e-01,-4.708240926265716553e-01,-8.580273389816284180e-01,6.545920670032501221e-02,1.973187533143543892e-01,4.066725261476844544e-02,1.351576869811253745e-02,1.000000000000000000e+00,-1.055522635579109192e-02,-1.342563182115554810e-01,-1.000000014901161194e-01,4.443903863430023193e-01,-1.999998390674591064e-01,1.772862486541271210e-02,-1.000000014901161194e-01,5.019849538803100586e-01,-1.043510437011718750e-02,-2.076983451843261719e-02,2.167224884033203125e-04,3.995029926300048828e-01,2.000000029802322388e-01,5.442547798156738281e-02,1.339411735534667969e-02,3.954172134399414062e-01
9.799999999999999822e-01,2.772651910781860352e-01,-3.616379201412200928e-01,1.175056099891662598e+00,1.734605729579925537e-01,1.052030995488166809e-01,3.288861364126205444e-02,9.886340498924255371e-01,1.001297980546951294e-01,-1.121471971273422241e-01,-9.929347038269042969e-02,9.949730038642883301e-01,1.303232088685035706e-02,1.128883361816406250e-01,-1.748711685650050640e-03,9.936062693595886230e-01,-7.547844946384429932e-02,-1.838630437850952148e-01,-4.104066465515643358e-04,1.000000000000000000e+00,0.000000000000000000e+00,2.772651910781860352e-01,-3.616379201412200928e-01,1.175056099891662598e+00,1.734605729579925537e-01,1.052030995488166809e-01,3.288861364126205444e-02,1.000000000000000000e+00,4.998784959316253662e-01,-1.681244522333145142e-01,1.003452062606811523e+00,1.199625730514526367e+00,-8.636112213134765625e-01,-1.506059169769287109e-01,1.000000000000000000e+00,2.929180145263671875e+00,-1.713301986455917358e-01,1.078161597251892090e+00,-6.825471520423889160e-01,-2.883991040289402008e-02,4.516590014100074768e-02,1.000000000000000000e+00,2.208444118499755859e+00,3.721549808979034424e-01,8.212850093841552734e-01,-4.590624272823333740e-01,-8.881305456161499023e-01,5.301836878061294556e-02,1.000000000000000000e+00,1.000000000000000000e+00,0.000000000000000000e+00,0.000000000000000000e+00,1.000000000000000000e+00,4.998784959316253662e-01,-1.681244522333145142e-01,1.003452062606811523e+00,1.199625730514526367e+00,-8.636112213134765625e-01,-1.506059169769287109e-01,9.890436530113220215e-01,8.899214118719100952e-02,1.177847534418106079e-01,-1.022206470370292664e-01,9.884937405586242676e-01,1.114957779645919800e-01,-1.065072268247604370e-01,-1.223142147064208984e-01,9.867601990699768066e-01,-6.355945467948913574e-01,-6.707758307456970215e-01,-1.041738763451576233e-01,0.000000000000000000e+00,1.000000000000000000e+00,2.772651910781860352e-01,-3.616379201412200928e-01,1.175056099891662598e+00,1.734605729579925537e-01,1.052030995488166809e-01,3.288861364126205444e-02,1.000000000000000000e+00,4.998784959316253662e-01,-1.681244522333145142e-01,1.003452062606811523e+00,1.199625730514526367e+00,-8.636112213134765625e-01,-1.506059169769287109e-01,1.000000000000000000e+00,2.929180145263671875e+00,-1.713301986455917358e-01,1.078161597251892090e+00,-6.825471520423889160e-01,-2.883991040289402008e-02,4.516590014100074768e-02,1.000000000000000000e+00,2.208444118499755859e+00,3.721549808979034424e-01,8.212850093841552734e-01,-4.590624272823333740e-01,-8.881305456161499023e-01,5.301836878061294556e-02,1.000000000000000000e+00,1.000000000000000000e+00,0.000000000000000000e+00,0.000000000000000000e+00,1.000000000000000000e+00,2.929180145263671875e+00,-1.713301986455917358e-01,1.078161597251892090e+00,-6.825471520423889160e-01,-2.883991040289402008e-02,4.516590014100074768e-02,-8.670714767912660048e-03,-2.590668713863641948e-02,2.568939591824654506e-04,1.000000000000000000e+00,2.208444118499755859e+00,3.721549808979034424e-01,8.212850093841552734e-01,-4.590624272823333740e-01,-8.881305456161499023e-01,5.301836878061294556e-02,1.977101256326982970e-01,4.286572364659835266e-02,1.387855648967430133e-02,1.000000000000000000e+00,-1.316785346716642380e-02,-1.309772729873657227e-01,-1.000000014901161194e-01,4.398604333400726318e-01,-1.999999880790710449e-01,1.975199906155467033e-03,-1.000000014901161194e-01,5.062756538391113281e-01,-1.051878929138183594e-02,-2.076077461242675781e-02,2.183914184570312500e-04,3.999479115009307861e-01,2.000000029802322388e-01,5.200719833374023438e-02,1.163983345031738281e-02,4.010708034038543701e-01
1.000000000000000000e+00,2.805129885673522949e-01,-3.595158159732818604e-01,1.175792932510375977e+00,1.487554758787155151e-01,1.072788462042808533e-01,4.183051362633705139e-02,9.882657527923583984e-01,1.003187149763107300e-01,-1.151821836829185486e-01,-9.925889968872070312e-02,9.949498772621154785e-01,1.491477712988853455e-02,1.160967275500297546e-01,-3.306906903162598610e-03,9.932324290275573730e-01,-8.083934336900711060e-02,-1.320791542530059814e-01,-6.384860607795417309e-04,1.000000000000000000e+00,0.000000000000000000e+00,2.805129885673522949e-01,-3.595158159732818604e-01,1.175792932510375977e+00,1.487554758787155151e-01,1.072788462042808533e-01,4.183051362633705139e-02,1.000000000000000000e+00,5.240242481231689453e-01,-1.851034462451934814e-01,1.000703573226928711e+00,1.216198205947875977e+00,-8.304540514945983887e-01,-1.207330450415611267e-01,1.000000000000000000e+00,2.915530681610107422e+00,-1.718895882368087769e-01,1.079064488410949707e+00,-6.823388338088989258e-01,-2.689899690449237823e-02,4.514231905341148376e-02,1.000000000000000000e+00,2.199371099472045898e+00,3.541205227375030518e-01,8.222445249557495117e-01,-4.469546973705291748e-01,-9.183625578880310059e-01,4.213591665029525757e-02,1.000000000000000000e+00,1.000000000000000000e+00,0.000000000000000000e+00,0.000000000000000000e+00,1.000000000000000000e+00,5.240242481231689453e-01,-1.851034462451934814e-01,1.000703573226928711e+00,1.216198205947875977e+00,-8.304540514945983887e-01,-1.207330450415611267e-01,9.903508424758911133e-01,8.984693139791488647e-02,1.055125743150711060e-01,-1.027899011969566345e-01,9.868897199630737305e-01,1.244311928749084473e-01,-9.294950962066650391e-02,-1.340761482715606689e-01,9.866023063659667969e-01,-5.222319364547729492e-01,-6.771044135093688965e-01,-1.136780232191085815e-01,0.000000000000000000e+00,1.000000000000000000e+00,2.805129885673522949e-01,-3.595158159732818604e-01,1.175792932510375977e+00,1.487554758787155151e-01,1.072788462042808533e-01,4.183051362633705139e-02,1.000000000000000000e+00,5.240242481231689453e-01,-1.851034462451934814e-01,1.000703573226928711e+00,1.216198205947875977e+00,-8.304540514945983887e-01,-1.207330450415611267e-01,1.000000000000000000e+00,2.915530681610107422e+00,-1.718895882368087769e-01,1.079064488410949707e+00,-6.823388338088989258e-01,-2.689899690449237823e-02,4.514231905341148376e-02,1.000000000000000000e+00,2.199371099472045898e+00,3.541205227375030518e-01,8.222445249557495117e-01,-4.469546973705291748e-01,-9.183625578880310059e-01,4.213591665029525757e-02,1.000000000000000000e+00,1.000000000000000000e+00,0.000000000000000000e+00,0.000000000000000000e+00,1.000000000000000000e+00,2.915530681610107422e+00,-1.718895882368087769e-01,1.079064488410949707e+00,-6.823388338088989258e-01,-2.689899690449237823e-02,4.514231905341148376e-02,-8.926341987365304931e-03,-2.516227763769163239e-02,2.546727515508077563e-04,1.000000000000000000e+00,2.199371099472045898e+00,3.541205227375030518e-01,8.222445249557495117e-01,-4.469546973705291748e-01,-9.183625578880310059e-01,4.213591665029525757e-02,1.980462209141488072e-01,4.450242613471133701e-02,1.392458485136503776e-02,1.000000000000000000e+00,-1.621025241911411285e-02,-1.254263371229171753e-01,-1.000000014901161194e-01,4.334017336368560791e-01,-2.000000029802322388e-01,-1.247350126504898071e-02,-1.000000014901161194e-01,5.082731842994689941e-01,-1.063227653503417969e-02,-2.079129219055175781e-02,2.210140228271484375e-04,4.004546999931335449e-01,1.967821121215820312e-01,4.856753349304199219e-02,9.678363800048828125e-03,4.072107076644897461e-01
1.020000000000000018e+00,2.832624614238739014e-01,-3.573487699031829834e-01,1.176714181900024414e+00,1.236393898725509644e-01,1.097335815429687500e-01,5.124358460307121277e-02,9.880194664001464844e-01,1.005231887102127075e-01,-1.171014159917831421e-01,-9.924022853374481201e-02,9.949225783348083496e-01,1.675049774348735809e-02,1.181906461715698242e-01,-4.928644746541976929e-03,9.929787516593933105e-01,-8.327288925647735596e-02,-7.145314663648605347e-02,-7.537056226283311844e-04,1.000000000000000000e+00,0.000000000000000000e+00,2.832624614238739014e-01,-3.573487699031829834e-01,1.176714181900024414e+00,1.236393898725509644e-01,1.097335815429687500e-01,5.124358460307121277e-02,1.000000000000000000e+00,5.484783053398132324e-01,-2.013925164937973022e-01,9.985795021057128906e-01,1.230141997337341309e+00,-7.944165468215942383e-01,-8.794916421175003052e-02,1.000000000000000000e+00,2.901886701583862305e+00,-1.724098473787307739e-01,1.079967617988586426e+00,-6.819979548454284668e-01,-2.492463402450084686e-02,4.519427940249443054e-02,1.000000000000000000e+00,2.190542936325073242e+00,3.354799449443817139e-01,8.230023980140686035e-01,-4.346072673797607422e-01,-9.487701058387756348e-01,3.307361900806427002e-02,1.000000000000000000e+00,1.000000000000000000e+00,0.000000000000000000e+00,0.000000000000000000e+00,1.000000000000000000e+00,5.484783053398132324e-01,-2.013925164937973022e-01,9.985795021057128906e-01,1.230141997337341309e+00,-7.944165468215942383e-01,-8.794916421175003052e-02,9.914888143539428711e-01,9.123910218477249146e-02,9.287393093109130859e-02,-1.033430621027946472e-01,9.854166507720947266e-01,1.351828426122665405e-01,-7.918554544448852539e-02,-1.436301320791244507e-01,9.864584207534790039e-01,-4.193623661994934082e-01,-6.866192817687988281e-01,-1.209728792309761047e-01,0.000000000000000000e+00,1.000000000000000000e+00,2.832624614238739014e-01,-3.573487699031829834e-01,1.176714181900024414e+00,1.236393898725509644e-01,1.097335815429687500e-01,5.124358460307121277e-02,1.000000000000000000e+00,5.484783053398132324e-01,-2.013925164937973022e-01,9.985795021057128906e-01,1.230141997337341309e+00,-7.944165468215942383e-01,-8.794916421175003052e-02,1.000000000000000000e+00,2.901886701583862305e+00,-1.724098473787307739e-01,1.079967617988586426e+00,-6.819979548454284668e-01,-2.492463402450084686e-02,4.519427940249443054e-02,1.000000000000000000e+00,2.190542936325073242e+00,3.354799449443817139e-01,8.230023980140686035e-01,-4.346072673797607422e-01,-9.487701058387756348e-01,3.307361900806427002e-02,1.000000000000000000e+00,1.000000000000000000e+00,0.000000000000000000e+00,0.000000000000000000e+00,1.000000000000000000e+00,2.901886701583862305e+00,-1.724098473787307739e-01,1.079967617988586426e+00,-6.819979548454284668e-01,-2.492463402450084686e-02,4.519427940249443054e-02,-9.155605049438660450e-03,-2.452784164086319052e-02,2.523303601034976307e-04,1.000000000000000000e+00,2.190542936325073242e+00,3.354799449443817139e-01,8.230023980140686035e-01,-4.346072673797607422e-01,-9.487701058387756348e-01,3.307361900806427002e-02,1.982875777059620592e-01,4.551392470603521367e-02,1.364115425627600298e-02,1.000000000000000000e+00,-1.992605812847614288e-02,-1.199693605303764343e-01,-1.000000014901161194e-01,4.269750714302062988e-01,-2.000000029802322388e-01,-2.588595449924468994e-02,-1.000000014901161194e-01,5.080159902572631836e-01,-1.077294349670410156e-02,-2.086138725280761719e-02,2.248287200927734375e-04,4.009630382061004639e-01,1.711406707763671875e-01,4.412579536437988281e-02,7.623672485351562500e-03,4.137636423110961914e-01
1.040000000000000036e+00,2.855083644390106201e-01,-3.551293909549713135e-01,1.177822113037109375e+00,9.845488518476486206e-02,1.125404834747314453e-01,6.031974032521247864e-02,9.879152774810791016e-01,1.007382348179817200e-01,-1.177929267287254333e-01,-9.923673421144485474e-02,9.948907494544982910e-01,1.855844445526599884e-02,1.190606430172920227e-01,-6.644784472882747650e-03,9.928647279739379883e-01,-9.233901649713516235e-02,-1.143623422831296921e-02,-4.168792802374809980e-04,1.000000000000000000e+00,0.000000000000000000e+00,2.855083644390106201e-01,-3.551293909549713135e-01,1.177822113037109375e+00,9.845488518476486206e-02,1.125404834747314453e-01,6.031974032521247864e-02,1.000000000000000000e+00,5.731859803199768066e-01,-2.169386297464370728e-01,9.971332550048828125e-01,1.241261482238769531e+00,-7.559967637062072754e-01,-5.283911898732185364e-02,1.000000000000000000e+00,2.888250589370727539e+00,-1.728903204202651978e-01,1.080872774124145508e+00,-6.815468072891235352e-01,-2.292095683515071869e-02,4.535670578479766846e-02,1.000000000000000000e+00,2.181962728500366211e+00,3.162294626235961914e-01,8.235972523689270020e-01,-4.221405982971191406e-01,-9.793601632118225098e-01,2.608015388250350952e-02,1.000000000000000000e+00,1.000000000000000000e+00,0.000000000000000000e+00,0.000000000000000000e+00,1.000000000000000000e+00,5.731859803199768066e-01,-2.169386297464370728e-01,9.971332550048828125e-01,1.241261482238769531e+00,-7.559967637062072754e-01,-5.283911898732185364e-02,9.924515485763549805e-01,9.303348511457443237e-02,7.990431040525436401e-02,-1.038570031523704529e-01,9.840875267982482910e-01,1.441719233989715576e-01,-6.522002071142196655e-02,-1.513822674751281738e-01,9.863213300704956055e-01,-3.465341925621032715e-01,-6.919468641281127930e-01,-1.257682591676712036e-01,0.000000000000000000e+00,1.000000000000000000e+00,2.855083644390106201e-01,-3.551293909549713135e-01,1.177822113037109375e+00,9.845488518476486206e-02,1.125404834747314453e-01,6.031974032521247864e-02,1.000000000000000000e+00,5.731859803199768066e-01,-2.169386297464370728e-01,9.971332550048828125e-01,1.241261482238769531e+00,-7.559967637062072754e-01,-5.283911898732185364e-02,1.000000000000000000e+00,2.888250589370727539e+00,-1.728903204202651978e-01,1.080872774124145508e+00,-6.815468072891235352e-01,-2.292095683515071869e-02,4.535670578479766846e-02,1.000000000000000000e+00,2.181962728500366211e+00,3.162294626235961914e-01,8.235972523689270020e-01,-4.221405982971191406e-01,-9.793601632118225098e-01,2.608015388250350952e-02,1.000000000000000000e+00,1.000000000000000000e+00,0.000000000000000000e+00,0.000000000000000000e+00,1.000000000000000000e+00,2.888250589370727539e+00,-1.728903204202651978e-01,1.080872774124145508e+00,-6.815468072891235352e-01,-2.292095683515071869e-02,4.535670578479766846e-02,-9.368833917852592563e-03,-2.399146791353601316e-02,2.501015019620127233e-04,1.000000000000000000e+00,2.181962728500366211e+00,3.162294626235961914e-01,8.235972523689270020e-01,-4.221405982971191406e-01,-9.793601632118225098e-01,2.608015388250350952e-02,1.978772884526227571e-01,4.584656332394909661e-02,1.303349551847765575e-02,1.000000000000000000e+00,-2.453446015715599060e-02,-1.140808835625648499e-01,-1.000000014901161194e-01,4.218362271785736084e-01,-2.000000029802322388e-01,-3.840291872620582581e-02,-1.000000014901161194e-01,5.068442225456237793e-01,-1.093602180480957031e-02,-2.097034454345703125e-02,2.293586730957031250e-04,4.014194011688232422e-01,1.435749530792236328e-01,3.872251510620117188e-02,5.596637725830078125e-03,4.206493794918060303e-01
1.060000000000000053e+00,2.872524559497833252e-01,-3.528507947921752930e-01,1.179103493690490723e+00,7.352740317583084106e-02,1.156931817531585693e-01,6.843036413192749023e-02,9.879407286643981934e-01,1.009755879640579224e-01,-1.173761934041976929e-01,-9.924358129501342773e-02,9.948515892028808594e-01,2.052326686680316925e-02,1.188442260026931763e-01,-8.626936934888362885e-03,9.928755164146423340e-01,-1.108031496405601501e-01,3.619437664747238159e-02,1.847155945142731071e-04,1.000000000000000000e+00,0.000000000000000000e+00,2.872524559497833252e-01,-3.528507947921752930e-01,1.179103493690490723e+00,7.352740317583084106e-02,1.156931817531585693e-01,6.843036413192749023e-02,1.000000000000000000e+00,5.980895161628723145e-01,-2.316979914903640747e-01,9.964053630828857422e-01,1.249405860900878906e+00,-7.156028151512145996e-01,-1.603565365076065063e-02,1.000000000000000000e+00,2.874624490737915039e+00,-1.733305007219314575e-01,1.081782341003417969e+00,-6.810051202774047852e-01,-2.089026756584644318e-02,4.565439745783805847e-02,1.000000000000000000e+00,2.173632144927978516e+00,2.963668704032897949e-01,8.240728378295898438e-01,-4.096878170967102051e-01,-1.009906768798828125e+00,2.143975533545017242e-02,1.000000000000000000e+00,1.000000000000000000e+00,0.000000000000000000e+00,0.000000000000000000e+00,1.000000000000000000e+00,5.980895161628723145e-01,-2.316979914903640747e-01,9.964053630828857422e-01,1.249405860900878906e+00,-7.156028151512145996e-01,-1.603565365076065063e-02,9.932243824005126953e-01,9.508972615003585815e-02,6.680917739868164062e-02,-1.043214127421379089e-01,9.828605651855468750e-01,1.519945561885833740e-01,-5.121098086237907410e-02,-1.579343080520629883e-01,9.861208796501159668e-01,-3.018922805786132812e-01,-6.866309642791748047e-01,-1.280380785465240479e-01,0.000000000000000000e+00,1.000000000000000000e+00,2.872524559497833252e-01,-3.528507947921752930e-01,1.179103493690490723e+00,7.352740317583084106e-02,1.156931817531585693e-01,6.843036413192749023e-02,1.000000000000000000e+00,5.980895161628723145e-01,-2.316979914903640747e-01,9.964053630828857422e-01,1.249405860900878906e+00,-7.156028151512145996e-01,-1.603565365076065063e-02,1.000000000000000000e+00,2.874624490737915039e+00,-1.733305007219314575e-01,1.081782341003417969e+00,-6.810051202774047852e-01,-2.089026756584644318e-02,4.565439745783805847e-02,1.000000000000000000e+00,2.173632144927978516e+00,2.963668704032897949e-01,8.240728378295898438e-01,-4.096878170967102051e-01,-1.009906768798828125e+00,2.143975533545017242e-02,1.000000000000000000e+00,1.000000000000000000e+00,0.000000000000000000e+00,0.000000000000000000e+00,1.000000000000000000e+00,2.874624490737915039e+00,-1.733305007219314575e-01,1.081782341003417969e+00,-6.810051202774047852e-01,-2.089026756584644318e-02,4.565439745783805847e-02,-9.574352273061281435e-03,-2.354332704632788875e-02,2.482142943397210727e-04,1.000000000000000000e+00,2.173632144927978516e+00,2.963668704032897949e-01,8.240728378295898438e-01,-4.096878170967102051e-01,-1.009906768798828125e+00,2.143975533545017242e-02,1.948809115903823164e-01,4.545990432609503529e-02,1.212171171428705341e-02,1.000000000000000000e+00,-2.933703362941741943e-02,-1.074149012565612793e-01,-1.000000014901161194e-01,4.175005555152893066e-01,-2.000000029802322388e-01,-4.978874698281288147e-02,-1.000000014901161194e-01,5.046336054801940918e-01,-1.111865043640136719e-02,-2.111649513244628906e-02,2.348423004150390625e-04,4.017874002456665039e-01,1.143195629119873047e-01,3.241705894470214844e-02,3.721475601196289062e-03,4.278466701507568359e-01
1.080000000000000071e+00,2.885021865367889404e-01,-3.505057990550994873e-01,1.180535674095153809e+00,4.910521581768989563e-02,1.192277744412422180e-01,7.523100078105926514e-02,9.880676865577697754e-01,1.012453213334083557e-01,-1.160692051053047180e-01,-9.925452619791030884e-02,9.948005676269531250e-01,2.282008901238441467e-02,1.177761182188987732e-01,-1.102739572525024414e-02,9.929791688919067383e-01,-1.333673000335693359e-01,7.488060742616653442e-02,1.075915410183370113e-03,1.000000000000000000e+00,0.000000000000000000e+00,2.885021865367889404e-01,-3.505057990550994873e-01,1.180535674095153809e+00,4.910521581768989563e-02,1.192277744412422180e-01,7.523100078105926514e-02,1.000000000000000000e+00,6.231285929679870605e-01,-2.456339895725250244e-01,9.964243173599243164e-01,1.254508018493652344e+00,-6.735339164733886719e-01,2.184448018670082092e-02,1.000000000000000000e+00,2.861009597778320312e+00,-1.737298369407653809e-01,1.082699298858642578e+00,-6.803903579711914062e-01,-1.883360743522644043e-02,4.609949514269828796e-02,1.000000000000000000e+00,2.165549278259277344e+00,2.758980691432952881e-01,8.244794607162475586e-01,-3.973927199840545654e-01,-1.039783239364624023e+00,1.951059326529502869e-02,1.000000000000000000e+00,1.000000000000000000e+00,0.000000000000000000e+00,0.000000000000000000e+00,1.000000000000000000e+00,6.231285929679870605e-01,-2.456339895725250244e-01,9.964243173599243164e-01,1.254508018493652344e+00,-6.735339164733886719e-01,2.184448018670082092e-02,9.937968254089355469e-01,9.729941934347152710e-02,5.385873094201087952e-02,-1.047351434826850891e-01,9.816974997520446777e-01,1.590615361928939819e-01,-3.739638999104499817e-02,-1.637157350778579712e-01,9.857985377311706543e-01,-2.706958949565887451e-01,-6.696729660034179688e-01,-1.278235167264938354e-01,0.000000000000000000e+00,1.000000000000000000e+00,2.885021865367889404e-01,-3.505057990550994873e-01,1.180535674095153809e+00,4.910521581768989563e-02,1.192277744412422180e-01,7.523100078105926514e-02,1.000000000000000000e+00,6.231285929679870605e-01,-2.456339895725250244e-01,9.964243173599243164e-01,1.254508018493652344e+00,-6.735339164733886719e-01,2.184448018670082092e-02,1.000000000000000000e+00,2.861009597778320312e+00,-1.737298369407653809e-01,1.082699298858642578e+00,-6.803903579711914062e-01,-1.883360743522644043e-02,4.609949514269828796e-02,1.000000000000000000e+00,2.165549278259277344e+00,2.758980691432952881e-01,8.244794607162475586e-01,-3.973927199840545654e-01,-1.039783239364624023e+00,1.951059326529502869e-02,1.000000000000000000e+00,1.000000000000000000e+00,0.000000000000000000e+00,0.000000000000000000e+00,1.000000000000000000e+00,2.861009597778320312e+00,-1.737298369407653809e-01,1.082699298858642578e+00,-6.803903579711914062e-01,-1.883360743522644043e-02,4.609949514269828796e-02,-9.777083510273362407e-03,-2.317614932076739187e-02,2.468765963661977841e-04,1.000000000000000000e+00,2.165549278259277344e+00,2.758980691432952881e-01,8.244794607162475586e-01,-3.973927199840545654e-01,-1.039783239364624023e+00,1.951059326529502869e-02,1.875551151360256574e-01,4.432401573110955617e-02,1.094140596275380850e-02,1.000000000000000000e+00,-3.222892060875892639e-02,-9.914352744817733765e-02,-1.000000014901161194e-01,4.118033945560455322e-01,-2.000000029802322388e-01,-5.859721451997756958e-02,-1.000000014901161194e-01,5.004878640174865723e-01,-1.132583618164062500e-02,-2.129721641540527344e-02,2.412796020507812500e-04,4.020519554615020752e-01,8.370685577392578125e-02,2.530121803283691406e-02,2.122640609741210938e-03,4.354090988636016846e-01
1.100000000000000089e+00,2.892694771289825439e-01,-3.480862379074096680e-01,1.182090282440185547e+00,2.538667246699333191e-02,1.231995895504951477e-01,8.044960349798202515e-02,9.882835745811462402e-01,1.015353500843048096e-01,-1.139580905437469482e-01,-9.926564991474151611e-02,9.947360157966613770e-01,2.543274872004985809e-02,1.159405261278152466e-01,-1.382264215499162674e-02,9.931601285934448242e-01,-1.466078013181686401e-01,1.156156584620475769e-01,2.296580700203776360e-03,1.000000000000000000e+00,0.000000000000000000e+00,2.892694771289825439e-01,-3.480862379074096680e-01,1.182090282440185547e+00,2.538667246699333191e-02,1.231995895504951477e-01,8.044960349798202515e-02,1.000000000000000000e+00,6.482423543930053711e-01,-2.587153613567352295e-01,9.972058534622192383e-01,1.256583809852600098e+00,-6.300435066223144531e-01,6.015362218022346497e-02,1.000000000000000000e+00,2.847407817840576172e+00,-1.740878075361251831e-01,1.083626151084899902e+00,-6.797184348106384277e-01,-1.675142720341682434e-02,4.669160023331642151e-02,1.000000000000000000e+00,2.157709836959838867e+00,2.548441290855407715e-01,8.248746395111083984e-01,-3.854072988033294678e-01,-1.068111538887023926e+00,2.066828496754169464e-02,1.000000000000000000e+00,1.000000000000000000e+00,0.000000000000000000e+00,0.000000000000000000e+00,1.000000000000000000e+00,6.482423543930053711e-01,-2.587153613567352295e-01,9.972058534622192383e-01,1.256583809852600098e+00,-6.300435066223144531e-01,6.015362218022346497e-02,9.941725134849548340e-01,9.957847744226455688e-02,4.129521921277046204e-02,-1.050925031304359436e-01,9.805970788002014160e-01,1.654843837022781372e-01,-2.401528880000114441e-02,-1.688598245382308960e-01,9.853475093841552734e-01,-2.394747287034988403e-01,-6.405504941940307617e-01,-1.242320165038108826e-01,0.000000000000000000e+00,1.000000000000000000e+00,2.892694771289825439e-01,-3.480862379074096680e-01,1.182090282440185547e+00,2.538667246699333191e-02,1.231995895504951477e-01,8.044960349798202515e-02,1.000000000000000000e+00,6.482423543930053711e-01,-2.587153613567352295e-01,9.972058534622192383e-01,1.256583809852600098e+00,-6.300435066223144531e-01,6.015362218022346497e-02,1.000000000000000000e+00,2.847407817840576172e+00,-1.740878075361251831e-01,1.083626151084899902e+00,-6.797184348106384277e-01,-1.675142720341682434e-02,4.669160023331642151e-02,1.000000000000000000e+00,2.157709836959838867e+00,2.548441290855407715e-01,8.248746395111083984e-01,-3.854072988033294678e-01,-1.068111538887023926e+00,2.066828496754169464e-02,1.000000000000000000e+00,1.000000000000000000e+00,0.000000000000000000e+00,0.000000000000000000e+00,1.000000000000000000e+00,2.847407817840576172e+00,-1.740878075361251831e-01,1.083626151084899902e+00,-6.797184348106384277e-01,-1.675142720341682434e-02,4.669160023331642151e-02,-9.979347241911898023e-03,-2.288434723020493777e-02,2.462737790284077327e-04,1.000000000000000000e+00,2.157709836959838867e+00,2.548441290855407715e-01,8.248746395111083984e-01,-3.854072988033294678e-01,-1.068111538887023926e+00,2.066828496754169464e-02,1.756240081471872050e-01,4.242039501777838950e-02,9.548508387475534986e-03,1.000000000000000000e+00,-3.146144002676010132e-02,-8.796334266662597656e-02,-1.000000014901161194e-01,4.085270762443542480e-01,-2.000000029802322388e-01,-6.635001301765441895e-02,-1.000000014901161194e-01,4.946410953998565674e-01,-1.156449317932128906e-02,-2.150940895080566406e-02,2.486705780029296875e-04,4.022051990032196045e-01,5.213356018066406250e-02,1.750087738037109375e-02,9.131431579589843750e-04,4.433633983135223389e-01
1.120000000000000107e+00,2.895700633525848389e-01,-3.455830812454223633e-01,1.183733701705932617e+00,2.547782380133867264e-03,1.276314705610275269e-01,8.395578712224960327e-02,9.886008501052856445e-01,1.017974093556404114e-01,-1.109318509697914124e-01,-9.927853196859359741e-02,9.946653842926025391e-01,2.801290899515151978e-02,1.131917014718055725e-01,-1.668043062090873718e-02,9.934332370758056641e-01,-1.341474503278732300e-01,1.698935329914093018e-01,3.853387897834181786e-03,1.000000000000000000e+00,0.000000000000000000e+00,2.895700633525848389e-01,-3.455830812454223633e-01,1.183733701705932617e+00,2.547782380133867264e-03,1.276314705610275269e-01,8.395578712224960327e-02,1.000000000000000000e+00,6.733710169792175293e-01,-2.709161937236785889e-01,9.987519383430480957e-01,1.255728244781494141e+00,-5.854131579399108887e-01,9.814874827861785889e-02,1.000000000000000000e+00,2.833819627761840820e+00,-1.744039058685302734e-01,1.084566235542297363e+00,-6.790037155151367188e-01,-1.464390847831964493e-02,4.741919040679931641e-02,1.000000000000000000e+00,2.150106191635131836e+00,2.332439720630645752e-01,8.253231644630432129e-01,-3.738886117935180664e-01,-1.094040870666503906e+00,2.524467930197715759e-02,1.000000000000000000e+00,1.000000000000000000e+00,0.000000000000000000e+00,0.000000000000000000e+00,1.000000000000000000e+00,6.733710169792175293e-01,-2.709161937236785889e-01,9.987519383430480957e-01,1.255728244781494141e+00,-5.854131579399108887e-01,9.814874827861785889e-02,9.943683147430419922e-01,1.018326878547668457e-01,2.935612574219703674e-02,-1.053727567195892334e-01,9.795886874198913574e-01,1.711800247430801392e-01,-1.132520660758018494e-02,-1.733093410730361938e-01,9.848023056983947754e-01,-2.037427425384521484e-01,-6.006594896316528320e-01,-1.165097579360008240e-01,0.000000000000000000e+00,1.000000000000000000e+00,2.895700633525848389e-01,-3.455830812454223633e-01,1.183733701705932617e+00,2.547782380133867264e-03,1.276314705610275269e-01,8.395578712224960327e-02,1.000000000000000000e+00,6.733710169792175293e-01,-2.709161937236785889e-01,9.987519383430480957e-01,1.255728244781494141e+00,-5.854131579399108887e-01,9.814874827861785889e-02,1.000000000000000000e+00,2.833819627761840820e+00,-1.744039058685302734e-01,1.084566235542297363e+00,-6.790037155151367188e-01,-1.464390847831964493e-02,4.741919040679931641e-02,1.000000000000000000e+00,2.150106191635131836e+00,2.332439720630645752e-01,8.253231644630432129e-01,-3.738886117935180664e-01,-1.094040870666503906e+00,2.524467930197715759e-02,1.000000000000000000e+00,1.000000000000000000e+00,0.000000000000000000e+00,0.000000000000000000e+00,1.000000000000000000e+00,2.833819627761840820e+00,-1.744039058685302734e-01,1.084566235542297363e+00,-6.790037155151367188e-01,-1.464390847831964493e-02,4.741919040679931641e-02,-1.018309936449678446e-02,-2.266279952796868002e-02,2.465575376449742270e-04,1.000000000000000000e+00,2.150106191635131836e+00,2.332439720630645752e-01,8.253231644630432129e-01,-3.738886117935180664e-01,-1.094040870666503906e+00,2.524467930197715759e-02,1.600704473415510698e-01,3.974409382351362652e-02,8.016196148297863311e-03,1.000000000000000000e+00,-3.105114214122295380e-02,-7.496886700391769409e-02,-1.000000014901161194e-01,4.071680903434753418e-01,-2.000000029802322388e-01,-7.171730697154998779e-02,-1.000000014901161194e-01,4.868235290050506592e-01,-1.183652877807617188e-02,-2.174901962280273438e-02,2.574920654296875000e-04,4.022492766380310059e-01,1.998066902160644531e-02,9.168386459350585938e-03,1.831054687500000000e-04,4.516155421733856201e-01
1.140000000000000124e+00,2.894229590892791748e-01,-3.429875373840332031e-01,1.185433030128479004e+00,-1.924020797014236450e-02,1.324582397937774658e-01,8.594637364149093628e-02,9.890453815460205078e-01,1.019645109772682190e-01,-1.067362949252128601e-01,-9.929914027452468872e-02,9.946050643920898438e-01,3.000914491713047028e-02,1.092203184962272644e-01,-1.908158324658870697e-02,9.938344955444335938e-01,-1.018966510891914368e-01,2.390846312046051025e-01,5.739051382988691330e-03,1.000000000000000000e+00,0.000000000000000000e+00,2.894229590892791748e-01,-3.429875373840332031e-01,1.185433030128479004e+00,-1.924020797014236450e-02,1.324582397937774658e-01,8.594637364149093628e-02,1.000000000000000000e+00,6.984573602676391602e-01,-2.822165787220001221e-01,1.001049041748046875e+00,1.252107381820678711e+00,-5.399835109710693359e-01,1.349602341651916504e-01,1.000000000000000000e+00,2.820246219635009766e+00,-1.746776103973388672e-01,1.085522055625915527e+00,-6.782595515251159668e-01,-1.251082681119441986e-02,4.826171696186065674e-02,1.000000000000000000e+00,2.142727613449096680e+00,2.111517935991287231e-01,8.258959650993347168e-01,-3.629964590072631836e-01,-1.116917967796325684e+00,3.349533304572105408e-02,1.000000000000000000e+00,1.000000000000000000e+00,0.000000000000000000e+00,0.000000000000000000e+00,1.000000000000000000e+00,6.984573602676391602e-01,-2.822165787220001221e-01,1.001049041748046875e+00,1.252107381820678711e+00,-5.399835109710693359e-01,1.349602341651916504e-01,9.944130778312683105e-01,1.039758473634719849e-01,1.821193844079971313e-02,-1.055576503276824951e-01,9.787007570266723633e-01,1.760752350091934204e-01,4.835345025639981031e-04,-1.770139187574386597e-01,9.842082858085632324e-01,-1.690118312835693359e-01,-5.533173084259033203e-01,-1.060498654842376709e-01,0.000000000000000000e+00,1.000000000000000000e+00,2.894229590892791748e-01,-3.429875373840332031e-01,1.185433030128479004e+00,-1.924020797014236450e-02,1.324582397937774658e-01,8.594637364149093628e-02,1.000000000000000000e+00,6.984573602676391602e-01,-2.822165787220001221e-01,1.001049041748046875e+00,1.252107381820678711e+00,-5.399835109710693359e-01,1.349602341651916504e-01,1.000000000000000000e+00,2.820246219635009766e+00,-1.746776103973388672e-01,1.085522055625915527e+00,-6.782595515251159668e-01,-1.251082681119441986e-02,4.826171696186065674e-02,1.000000000000000000e+00,2.142727613449096680e+00,2.111517935991287231e-01,8.258959650993347168e-01,-3.629964590072631836e-01,-1.116917967796325684e+00,3.349533304572105408e-02,1.000000000000000000e+00,1.000000000000000000e+00,0.000000000000000000e+00,0.000000000000000000e+00,1.000000000000000000e+00,2.820246219635009766e+00,-1.746776103973388672e-01,1.085522055625915527e+00,-6.782595515251159668e-01,-1.251082681119441986e-02,4.826171696186065674e-02,-1.039170282890680697e-02,-2.250607749836319726e-02,2.478525774783461866e-04,1.000000000000000000e+00,2.142727613449096680e+00,2.111517935991287231e-01,8.258959650993347168e-01,-3.629964590072631836e-01,-1.116917967796325684e+00,3.349533304572105408e-02,1.421715624138104317e-01,3.630538130778182548e-02,6.427743896639137589e-03,1.000000000000000000e+00,-2.972227334976196289e-02,-6.370489299297332764e-02,-1.000000014901161194e-01,4.091668725013732910e-01,-2.000000029802322388e-01,-7.789321243762969971e-02,-1.000000014901161194e-01,4.715765118598937988e-01,-1.213359832763671875e-02,-2.200913429260253906e-02,2.670288085937500000e-04,4.022047817707061768e-01,-1.244521141052246094e-02,4.637241363525390625e-04,-5.722045898437500000e-06,4.599476158618927002e-01
1.159999999999999920e+00,2.888510227203369141e-01,-3.402929306030273438e-01,1.187161684036254883e+00,-3.979368507862091064e-02,1.375410556793212891e-01,8.690620958805084229e-02,9.896187186241149902e-01,1.020141765475273132e-01,-1.012320742011070251e-01,-9.933231025934219360e-02,9.945650696754455566e-01,3.120182082056999207e-02,1.038649007678031921e-01,-2.082229033112525940e-02,9.943735003471374512e-01,-6.948073208332061768e-02,3.036864697933197021e-01,7.562821730971336365e-03,1.000000000000000000e+00,0.000000000000000000e+00,2.888510227203369141e-01,-3.402929306030273438e-01,1.187161684036254883e+00,-3.979368507862091064e-02,1.375410556793212891e-01,8.690620958805084229e-02,1.000000000000000000e+00,7.234479784965515137e-01,-2.926042973995208740e-01,1.004062771797180176e+00,1.245943546295166016e+00,-4.941880702972412109e-01,1.692824363708496094e-01,1.000000000000000000e+00,2.806687831878662109e+00,-1.749084442853927612e-01,1.086495637893676758e+00,-6.774976253509521484e-01,-1.035124342888593674e-02,4.919272661209106445e-02,1.000000000000000000e+00,2.135560035705566406e+00,1.886331140995025635e-01,8.266681432723999023e-01,-3.528922498226165771e-01,-1.136274814605712891e+00,4.559037461876869202e-02,1.000000000000000000e+00,1.000000000000000000e+00,0.000000000000000000e+00,0.000000000000000000e+00,1.000000000000000000e+00,7.234479784965515137e-01,-2.926042973995208740e-01,1.004062771797180176e+00,1.245943546295166016e+00,-4.941880702972412109e-01,1.692824363708496094e-01,9.943381547927856445e-01,1.059632971882820129e-01,7.962090894579887390e-03,-1.056579276919364929e-01,9.779279232025146484e-01,1.802592277526855469e-01,1.131451129913330078e-02,-1.800798773765563965e-01,9.835869073867797852e-01,-1.425440609455108643e-01,-5.080189108848571777e-01,-9.614374488592147827e-02,0.000000000000000000e+00,1.000000000000000000e+00,2.888510227203369141e-01,-3.402929306030273438e-01,1.187161684036254883e+00,-3.979368507862091064e-02,1.375410556793212891e-01,8.690620958805084229e-02,1.000000000000000000e+00,7.234479784965515137e-01,-2.926042973995208740e-01,1.004062771797180176e+00,1.245943546295166016e+00,-4.941880702972412109e-01,1.692824363708496094e-01,1.000000000000000000e+00,2.806687831878662109e+00,-1.749084442853927612e-01,1.086495637893676758e+00,-6.774976253509521484e-01,-1.035124342888593674e-02,4.919272661209106445e-02,1.000000000000000000e+00,2.135560035705566406e+00,1.886331140995025635e-01,8.266681432723999023e-01,-3.528922498226165771e-01,-1.136274814605712891e+00,4.559037461876869202e-02,1.000000000000000000e+00,1.000000000000000000e+00,0.000000000000000000e+00,0.000000000000000000e+00,1.000000000000000000e+00,2.806687831878662109e+00,-1.749084442853927612e-01,1.086495637893676758e+00,-6.774976253509521484e-01,-1.035124342888593674e-02,4.919272661209106445e-02,-1.060975186451710087e-02,-2.240841203447452301e-02,2.502500427490296150e-04,1.000000000000000000e+00,2.135560035705566406e+00,1.886331140995025635e-01,8.266681432723999023e-01,-3.528922498226165771e-01,-1.136274814605712891e+00,4.559037461876869202e-02,1.227213776725077921e-01,3.213149491115352419e-02,4.870430659627784931e-03,1.000000000000000000e+00,-2.912720479071140289e-02,-5.350347235798835754e-02,-1.000000014901161194e-01,4.137932062149047852e-01,-1.999999880790710449e-01,-8.492175489664077759e-02,-1.000000014901161194e-01,4.468958377838134766e-01,-1.243877410888671875e-02,-2.228045463562011719e-02,2.770423889160156250e-04,4.021063446998596191e-01,-4.489302635192871094e-02,-8.473396301269531250e-03,3.807544708251953125e-04,4.679925441741943359e-01
1.179999999999999938e+00,2.878802716732025146e-01,-3.374954462051391602e-01,1.188905358314514160e+00,-5.896113812923431396e-02,1.427450478076934814e-01,8.755259215831756592e-02,9.902701377868652344e-01,1.019638776779174805e-01,-9.470321983098983765e-02,-9.937024116516113281e-02,9.945448637008666992e-01,3.172298520803451538e-02,9.742119163274765015e-02,-2.200363948941230774e-02,9.950001239776611328e-01,-4.754216596484184265e-02,3.444342315196990967e-01,9.277218021452426910e-03,1.000000000000000000e+00,0.000000000000000000e+00,2.878802716732025146e-01,-3.374954462051391602e-01,1.188905358314514160e+00,-5.896113812923431396e-02,1.427450478076934814e-01,8.755259215831756592e-02,1.000000000000000000e+00,7.482943534851074219e-01,-3.020766973495483398e-01,1.007726311683654785e+00,1.237490653991699219e+00,-4.485764801502227783e-01,1.990755051374435425e-01,1.000000000000000000e+00,2.793144941329956055e+00,-1.750958263874053955e-01,1.087488412857055664e+00,-6.767287254333496094e-01,-8.163395337760448456e-03,5.018389597535133362e-02,1.000000000000000000e+00,2.128586292266845703e+00,1.657619029283523560e-01,8.277175426483154297e-01,-3.437370061874389648e-01,-1.151713490486145020e+00,6.161427125334739685e-02,1.000000000000000000e+00,1.000000000000000000e+00,0.000000000000000000e+00,0.000000000000000000e+00,1.000000000000000000e+00,7.482943534851074219e-01,-3.020766973495483398e-01,1.007726311683654785e+00,1.237490653991699219e+00,-4.485764801502227783e-01,1.990755051374435425e-01,9.941713809967041016e-01,1.078010797500610352e-01,-1.552414032630622387e-03,-1.056786924600601196e-01,9.772465825080871582e-01,1.839058399200439453e-01,2.134233713150024414e-02,-1.826698482036590576e-01,9.829427599906921387e-01,-1.227351799607276917e-01,-4.779355525970458984e-01,-8.791249990463256836e-02,0.000000000000000000e+00,1.000000000000000000e+00,2.878802716732025146e-01,-3.374954462051391602e-01,1.188905358314514160e+00,-5.896113812923431396e-02,1.427450478076934814e-01,8.755259215831756592e-02,1.000000000000000000e+00,7.482943534851074219e-01,-3.020766973495483398e-01,1.007726311683654785e+00,1.237490653991699219e+00,-4.485764801502227783e-01,1.990755051374435425e-01,1.000000000000000000e+00,2.793144941329956055e+00,-1.750958263874053955e-01,1.087488412857055664e+00,-6.767287254333496094e-01,-8.163395337760448456e-03,5.018389597535133362e-02,1.000000000000000000e+00,2.128586292266845703e+00,1.657619029283523560e-01,8.277175426483154297e-01,-3.437370061874389648e-01,-1.151713490486145020e+00,6.161427125334739685e-02,1.000000000000000000e+00,1.000000000000000000e+00,0.000000000000000000e+00,0.000000000000000000e+00,1.000000000000000000e+00,2.793144941329956055e+00,-1.750958263874053955e-01,1.087488412857055664e+00,-6.767287254333496094e-01,-8.163395337760448456e-03,5.018389597535133362e-02,-1.084096217359736304e-02,-2.236377629318808680e-02,2.537812774588768527e-04,1.000000000000000000e+00,2.128586292266845703e+00,1.657619029283523560e-01,8.277175426483154297e-01,-3.437370061874389648e-01,-1.151713490486145020e+00,6.161427125334739685e-02,1.018828509410479033e-01,2.726841996567763715e-02,3.432355865106796744e-03,1.000000000000000000e+00,-2.842940203845500946e-02,-4.487691819667816162e-02,-1.000000014901161194e-01,4.173139333724975586e-01,-2.000000029802322388e-01,-9.217482060194015503e-02,-1.000000014901161194e-01,4.250214695930480957e-01,-1.273870468139648438e-02,-2.255225181579589844e-02,2.872943878173828125e-04,4.019975662231445312e-01,-7.713174819946289062e-02,-1.756548881530761719e-02,1.357555389404296875e-03,4.751749634742736816e-01
1.199999999999999956e+00,2.865393757820129395e-01,-3.345934450626373291e-01,1.190663695335388184e+00,-7.664896547794342041e-02,1.479787230491638184e-01,8.846042305231094360e-02,9.909340739250183105e-01,1.018467843532562256e-01,-8.761826902627944946e-02,-9.940040111541748047e-02,9.945374727249145508e-01,3.185631334781646729e-02,9.038411825895309448e-02,-2.285821363329887390e-02,9.956446290016174316e-01,-3.668851777911186218e-02,3.609206676483154297e-01,1.026709470897912979e-02,1.000000000000000000e+00,0.000000000000000000e+00,2.865393757820129395e-01,-3.345934450626373291e-01,1.190663695335388184e+00,-7.664896547794342041e-02,1.479787230491638184e-01,8.846042305231094360e-02,1.000000000000000000e+00,7.729527950286865234e-01,-3.106423318386077881e-01,1.011930227279663086e+00,1.226993322372436523e+00,-4.036450386047363281e-01,2.224735617637634277e-01,1.000000000000000000e+00,2.779617071151733398e+00,-1.752391904592514038e-01,1.088501334190368652e+00,-6.759621500968933105e-01,-5.945048760622739792e-03,5.120937898755073547e-02,1.000000000000000000e+00,2.121786355972290039e+00,1.426202803850173950e-01,8.291226625442504883e-01,-3.356887698173522949e-01,-1.162804841995239258e+00,8.154697716236114502e-02,1.000000000000000000e+00,1.000000000000000000e+00,0.000000000000000000e+00,0.000000000000000000e+00,1.000000000000000000e+00,7.729527950286865234e-01,-3.106423318386077881e-01,1.011930227279663086e+00,1.226993322372436523e+00,-4.036450386047363281e-01,2.224735617637634277e-01,9.939283728599548340e-01,1.095137745141983032e-01,-1.064239908009767532e-02,-1.056049317121505737e-01,9.766390323638916016e-01,1.871469616889953613e-01,3.088895231485366821e-02,-1.848867833614349365e-01,9.822743535041809082e-01,-1.060393601655960083e-01,-4.622250497341156006e-01,-8.146643638610839844e-02,0.000000000000000000e+00,1.000000000000000000e+00,2.865393757820129395e-01,-3.345934450626373291e-01,1.190663695335388184e+00,-7.664896547794342041e-02,1.479787230491638184e-01,8.846042305231094360e-02,1.000000000000000000e+00,7.729527950286865234e-01,-3.106423318386077881e-01,1.011930227279663086e+00,1.226993322372436523e+00,-4.036450386047363281e-01,2.224735617637634277e-01,1.000000000000000000e+00,2.779617071151733398e+00,-1.752391904592514038e-01,1.088501334190368652e+00,-6.759621500968933105e-01,-5.945048760622739792e-03,5.120937898755073547e-02,1.000000000000000000e+00,2.121786355972290039e+00,1.426202803850173950e-01,8.291226625442504883e-01,-3.356887698173522949e-01,-1.162804841995239258e+00,8.154697716236114502e-02,1.000000000000000000e+00,1.000000000000000000e+00,0.000000000000000000e+00,0.000000000000000000e+00,1.000000000000000000e+00,2.779617071151733398e+00,-1.752391904592514038e-01,1.088501334190368652e+00,-6.759621500968933105e-01,-5.945048760622739792e-03,5.120937898755073547e-02,-1.108581793693617923e-02,-2.236577129925532148e-02,2.584194473774720571e-04,1.000000000000000000e+00,2.121786355972290039e+00,1.426202803850173950e-01,8.291226625442504883e-01,-3.356887698173522949e-01,-1.162804841995239258e+00,8.154697716236114502e-02,7.951829522512315895e-02,2.177919157352570245e-02,2.200192507410415887e-03,1.000000000000000000e+00,-2.680730633437633514e-02,-3.686370700597763062e-02,-1.000000014901161194e-01,4.186986982822418213e-01,-2.000000029802322388e-01,-9.871709346771240234e-02,-1.000000014901161194e-01,4.056412875652313232e-01,-1.302671432495117188e-02,-2.281737327575683594e-02,2.973079681396484375e-04,4.019106626510620117e-01,-1.090011596679687500e-01,-2.679038047790527344e-02,2.931356430053710938e-03,4.808953106403350830e-01
1.219999999999999973e+00,2.848583757877349854e-01,-3.315868377685546875e-01,1.192444562911987305e+00,-9.281507879495620728e-02,1.531933844089508057e-01,8.986964821815490723e-02,9.915633201599121094e-01,1.016937196254730225e-01,-8.037901669740676880e-02,-9.942097961902618408e-02,9.945373535156250000e-01,3.179941326379776001e-02,8.317372947931289673e-02,-2.353976853191852570e-02,9.962571263313293457e-01,-2.862606011331081390e-02,3.612917065620422363e-01,1.071082148700952530e-02,1.000000000000000000e+00,0.000000000000000000e+00,2.848583757877349854e-01,-3.315868377685546875e-01,1.192444562911987305e+00,-9.281507879495620728e-02,1.531933844089508057e-01,8.986964821815490723e-02,1.000000000000000000e+00,7.973845601081848145e-01,-3.183178603649139404e-01,1.016537189483642578e+00,1.214664816856384277e+00,-3.596964180469512939e-01,2.385663092136383057e-01,1.000000000000000000e+00,2.766104698181152344e+00,-1.753378957509994507e-01,1.089534878730773926e+00,-6.752058863639831543e-01,-3.694189479574561119e-03,5.224921554327011108e-02,1.000000000000000000e+00,2.115135908126831055e+00,1.192994639277458191e-01,8.309606313705444336e-01,-3.288993239402770996e-01,-1.169068813323974609e+00,1.052224114537239075e-01,1.000000000000000000e+00,1.000000000000000000e+00,0.000000000000000000e+00,0.000000000000000000e+00,1.000000000000000000e+00,7.973845601081848145e-01,-3.183178603649139404e-01,1.016537189483642578e+00,1.214664816856384277e+00,-3.596964180469512939e-01,2.385663092136383057e-01,9.936155080795288086e-01,1.111229136586189270e-01,-1.949572749435901642e-02,-1.054349169135093689e-01,9.760977029800415039e-01,1.900442987680435181e-01,4.014800861477851868e-02,-1.867754310369491577e-01,9.815819859504699707e-01,-9.071291983127593994e-02,-4.492854773998260498e-01,-7.605585455894470215e-02,0.000000000000000000e+00,1.000000000000000000e+00,2.848583757877349854e-01,-3.315868377685546875e-01,1.192444562911987305e+00,-9.281507879495620728e-02,1.531933844089508057e-01,8.986964821815490723e-02,1.000000000000000000e+00,7.973845601081848145e-01,-3.183178603649139404e-01,1.016537189483642578e+00,1.214664816856384277e+00,-3.596964180469512939e-01,2.385663092136383057e-01,1.000000000000000000e+00,2.766104698181152344e+00,-1.753378957509994507e-01,1.089534878730773926e+00,-6.752058863639831543e-01,-3.694189479574561119e-03,5.224921554327011108e-02,1.000000000000000000e+00,2.115135908126831055e+00,1.192994639277458191e-01,8.309606313705444336e-01,-3.288993239402770996e-01,-1.169068813323974609e+00,1.052224114537239075e-01,1.000000000000000000e+00,1.000000000000000000e+00,0.000000000000000000e+00,0.000000000000000000e+00,1.000000000000000000e+00,2.766104698181152344e+00,-1.753378957509994507e-01,1.089534878730773926e+00,-6.752058863639831543e-01,-3.694189479574561119e-03,5.224921554327011108e-02,-1.134110515813404815e-02,-2.240752388107658533e-02,2.640842232650847388e-04,1.000000000000000000e+00,2.115135908126831055e+00,1.192994639277458191e-01,8.309606313705444336e-01,-3.288993239402770996e-01,-1.169068813323974609e+00,1.052224114537239075e-01,5.558712697947644499e-02,1.573463555950582737e-02,1.255622945876295332e-03,1.000000000000000000e+00,-2.563223801553249359e-02,-2.990849688649177551e-02,-1.000000014901161194e-01,4.184152483940124512e-01,-2.000000029802322388e-01,-1.051228046417236328e-01,-1.000000014901161194e-01,3.907240927219390869e-01,-1.330304145812988281e-02,-2.307057380676269531e-02,3.068447113037109375e-04,4.018578529357910156e-01,-1.404280662536621094e-01,-3.614759445190429688e-02,5.108594894409179688e-03,4.847242236137390137e-01
1.239999999999999991e+00,2.828677892684936523e-01,-3.284763991832733154e-01,1.194258451461791992e+00,-1.074574217200279236e-01,1.583541333675384521e-01,9.175246208906173706e-02,9.921357035636901855e-01,1.015158742666244507e-01,-7.322027534246444702e-02,-9.943304955959320068e-02,9.945436120033264160e-01,3.156065940856933594e-02,7.602465897798538208e-02,-2.403194084763526917e-02,9.968162775039672852e-01,-1.730493269860744476e-02,3.547143638134002686e-01,1.078862696886062622e-02,1.000000000000000000e+00,0.000000000000000000e+00,2.828677892684936523e-01,-3.284763991832733154e-01,1.194258451461791992e+00,-1.074574217200279236e-01,1.583541333675384521e-01,9.175246208906173706e-02,1.000000000000000000e+00,8.215547204017639160e-01,-3.251244723796844482e-01,1.021398544311523438e+00,1.200700879096984863e+00,-3.168783783912658691e-01,2.472000569105148315e-01,1.000000000000000000e+00,2.752607345581054688e+00,-1.753912717103958130e-01,1.090589284896850586e+00,-6.744668483734130859e-01,-1.409605029039084911e-03,5.329024046659469604e-02,1.000000000000000000e+00,2.108608961105346680e+00,9.590033441781997681e-02,8.333035111427307129e-01,-3.235116004943847656e-01,-1.170029044151306152e+00,1.322941333055496216e-01,1.000000000000000000e+00,1.000000000000000000e+00,0.000000000000000000e+00,0.000000000000000000e+00,1.000000000000000000e+00,8.215547204017639160e-01,-3.251244723796844482e-01,1.021398544311523438e+00,1.200700879096984863e+00,-3.168783783912658691e-01,2.472000569105148315e-01,9.932386875152587891e-01,1.126428171992301941e-01,-2.808073535561561584e-02,-1.051987186074256897e-01,9.756180047988891602e-01,1.926206201314926147e-01,4.909339919686317444e-02,-1.883641928434371948e-01,9.808714389801025391e-01,-7.688307762145996094e-02,-4.318294525146484375e-01,-7.159125059843063354e-02,0.000000000000000000e+00,1.000000000000000000e+00,2.828677892684936523e-01,-3.284763991832733154e-01,1.194258451461791992e+00,-1.074574217200279236e-01,1.583541333675384521e-01,9.175246208906173706e-02,1.000000000000000000e+00,8.215547204017639160e-01,-3.251244723796844482e-01,1.021398544311523438e+00,1.200700879096984863e+00,-3.168783783912658691e-01,2.472000569105148315e-01,1.000000000000000000e+00,2.752607345581054688e+00,-1.753912717103958130e-01,1.090589284896850586e+00,-6.744668483734130859e-01,-1.409605029039084911e-03,5.329024046659469604e-02,1.000000000000000000e+00,2.108608961105346680e+00,9.590033441781997681e-02,8.333035111427307129e-01,-3.235116004943847656e-01,-1.170029044151306152e+00,1.322941333055496216e-01,1.000000000000000000e+00,1.000000000000000000e+00,0.000000000000000000e+00,0.000000000000000000e+00,1.000000000000000000e+00,2.752607345581054688e+00,-1.753912717103958130e-01,1.090589284896850586e+00,-6.744668483734130859e-01,-1.409605029039084911e-03,5.329024046659469604e-02,-1.160160310280172746e-02,-2.248168756802426671e-02,2.707399619167102228e-04,1.000000000000000000e+00,2.108608961105346680e+00,9.590033441781997681e-02,8.333035111427307129e-01,-3.235116004943847656e-01,-1.170029044151306152e+00,1.322941333055496216e-01,3.031225793146706537e-02,9.200007421977351996e-03,6.711888189333218430e-04,1.000000000000000000e+00,-2.560986019670963287e-02,-2.376122213900089264e-02,-1.000000014901161194e-01,4.178285300731658936e-01,-2.000000029802322388e-01,-1.098606139421463013e-01,-1.000000014901161194e-01,3.755950033664703369e-01,-1.356887817382812500e-02,-2.331089973449707031e-02,3.163814544677734375e-04,4.018372595310211182e-01,-1.713914871215820312e-01,-4.564404487609863281e-02,7.897615432739257812e-03,4.863931834697723389e-01
1.260000000000000009e+00,2.805979251861572266e-01,-3.252635300159454346e-01,1.196112990379333496e+00,-1.205997094511985779e-01,1.634171903133392334e-01,9.397542476654052734e-02,9.926466941833496094e-01,1.013195291161537170e-01,-6.623337417840957642e-02,-9.943894296884536743e-02,9.945572614669799805e-01,3.110717050731182098e-02,6.902464479207992554e-02,-2.429225482046604156e-02,9.973191022872924805e-01,-7.024649996310472488e-03,3.461700975894927979e-01,1.063706260174512863e-02,1.000000000000000000e+00,0.000000000000000000e+00,2.805979251861572266e-01,-3.252635300159454346e-01,1.196112990379333496e+00,-1.205997094511985779e-01,1.634171903133392334e-01,9.397542476654052734e-02,1.000000000000000000e+00,8.454324007034301758e-01,-3.310853838920593262e-01,1.026366710662841797e+00,1.185300827026367188e+00,-2.752572298049926758e-01,2.485827803611755371e-01,1.000000000000000000e+00,2.739124536514282227e+00,-1.753986328840255737e-01,1.091664433479309082e+00,-6.737505793571472168e-01,9.089595987461507320e-04,5.432552844285964966e-02,1.000000000000000000e+00,2.102175951004028320e+00,7.253276556730270386e-02,8.362145423889160156e-01,-3.196584582328796387e-01,-1.165285110473632812e+00,1.622278690338134766e-01,1.000000000000000000e+00,1.000000000000000000e+00,0.000000000000000000e+00,0.000000000000000000e+00,1.000000000000000000e+00,8.454324007034301758e-01,-3.310853838920593262e-01,1.026366710662841797e+00,1.185300827026367188e+00,-2.752572298049926758e-01,2.485827803611755371e-01,9.928092956542968750e-01,1.140753477811813354e-01,-3.628548607230186462e-02,-1.049281954765319824e-01,9.751946926116943359e-01,1.948986649513244629e-01,5.761853978037834167e-02,-1.896898150444030762e-01,9.801520705223083496e-01,-6.508493423461914062e-02,-4.072605073451995850e-01,-6.679800897836685181e-02,0.000000000000000000e+00,1.000000000000000000e+00,2.805979251861572266e-01,-3.252635300159454346e-01,1.196112990379333496e+00,-1.205997094511985779e-01,1.634171903133392334e-01,9.397542476654052734e-02,1.000000000000000000e+00,8.454324007034301758e-01,-3.310853838920593262e-01,1.026366710662841797e+00,1.185300827026367188e+00,-2.752572298049926758e-01,2.485827803611755371e-01,1.000000000000000000e+00,2.739124536514282227e+00,-1.753986328840255737e-01,1.091664433479309082e+00,-6.737505793571472168e-01,9.089595987461507320e-04,5.432552844285964966e-02,1.000000000000000000e+00,2.102175951004028320e+00,7.253276556730270386e-02,8.362145423889160156e-01,-3.196584582328796387e-01,-1.165285110473632812e+00,1.622278690338134766e-01,1.000000000000000000e+00,1.000000000000000000e+00,0.000000000000000000e+00,0.000000000000000000e+00,1.000000000000000000e+00,2.739124536514282227e+00,-1.753986328840255737e-01,1.091664433479309082e+00,-6.737505793571472168e-01,9.089595987461507320e-04,5.432552844285964966e-02,-1.186275851540077170e-02,-2.258107219489757789e-02,2.782724142991587629e-04,1.000000000000000000e+00,2.102175951004028320e+00,7.253276556730270386e-02,8.362145423889160156e-01,-3.196584582328796387e-01,-1.165285110473632812e+00,1.622278690338134766e-01,4.086720333786513469e-03,2.226128028515628188e-03,5.079893826502007281e-04,1.000000000000000000e+00,-2.574710547924041748e-02,-1.829469949007034302e-02,-1.000000014901161194e-01,4.169478416442871094e-01,-2.000000029802322388e-01,-1.141038537025451660e-01,-1.000000014901161194e-01,3.649917840957641602e-01,-1.382422447204589844e-02,-2.353739738464355469e-02,3.254413604736328125e-04,4.018417000770568848e-01,-2.000000029802322388e-01,-5.529260635375976562e-02,1.131176948547363281e-02,4.857438504695892334e-01
1.280000000000000027e+00,2.780784666538238525e-01,-3.219506144523620605e-01,1.198014378547668457e+00,-1.322777122259140015e-01,1.683420836925506592e-01,9.639564156532287598e-02,9.930976033210754395e-01,1.011188030242919922e-01,-5.943398177623748779e-02,-9.944236278533935547e-02,9.945750832557678223e-01,3.052575886249542236e-02,6.219828128814697266e-02,-2.440479770302772522e-02,9.977654814720153809e-01,-3.877950832247734070e-03,3.367748260498046875e-01,1.020220108330249786e-02,1.000000000000000000e+00,0.000000000000000000e+00,2.780784666538238525e-01,-3.219506144523620605e-01,1.198014378547668457e+00,-1.322777122259140015e-01,1.683420836925506592e-01,9.639564156532287598e-02,1.000000000000000000e+00,8.689906001091003418e-01,-3.362247943878173828e-01,1.031300306320190430e+00,1.168668508529663086e+00,-2.348424047231674194e-01,2.431415021419525146e-01,1.000000000000000000e+00,2.725655794143676758e+00,-1.753593385219573975e-01,1.092760205268859863e+00,-6.730610728263854980e-01,3.261104458943009377e-03,5.535269156098365784e-02,1.000000000000000000e+00,2.095805644989013672e+00,4.931358620524406433e-02,8.397448658943176270e-01,-3.174616098403930664e-01,-1.154556870460510254e+00,1.943171918392181396e-01,1.000000000000000000e+00,1.000000000000000000e+00,0.000000000000000000e+00,0.000000000000000000e+00,1.000000000000000000e+00,8.689906001091003418e-01,-3.362247943878173828e-01,1.031300306320190430e+00,1.168668508529663086e+00,-2.348424047231674194e-01,2.431415021419525146e-01,9.923445582389831543e-01,1.154122278094291687e-01,-4.396192729473114014e-02,-1.046511754393577576e-01,9.748215675354003906e-01,1.969044953584671021e-01,6.558021157979965210e-02,-1.907963901758193970e-01,9.794366955757141113e-01,-5.535278841853141785e-02,-3.769291937351226807e-01,-6.182854995131492615e-02,0.000000000000000000e+00,1.000000000000000000e+00,2.780784666538238525e-01,-3.219506144523620605e-01,1.198014378547668457e+00,-1.322777122259140015e-01,1.683420836925506592e-01,9.639564156532287598e-02,1.000000000000000000e+00,8.689906001091003418e-01,-3.362247943878173828e-01,1.031300306320190430e+00,1.168668508529663086e+00,-2.348424047231674194e-01,2.431415021419525146e-01,1.000000000000000000e+00,2.725655794143676758e+00,-1.753593385219573975e-01,1.092760205268859863e+00,-6.730610728263854980e-01,3.261104458943009377e-03,5.535269156098365784e-02,1.000000000000000000e+00,2.095805644989013672e+00,4.931358620524406433e-02,8.397448658943176270e-01,-3.174616098403930664e-01,-1.154556870460510254e+00,1.943171918392181396e-01,1.000000000000000000e+00,1.000000000000000000e+00,0.000000000000000000e+00,0.000000000000000000e+00,1.000000000000000000e+00,2.725655794143676758e+00,-1.753593385219573975e-01,1.092760205268859863e+00,-6.730610728263854980e-01,3.261104458943009377e-03,5.535269156098365784e-02,-1.212232576077474158e-02,-2.269962192475483143e-02,2.864535763317079334e-04,1.000000000000000000e+00,2.095805644989013672e+00,4.931358620524406433e-02,8.397448658943176270e-01,-3.174616098403930664e-01,-1.154556870460510254e+00,1.943171918392181396e-01,-2.269355865350194262e-02,-5.150305721920656055e-03,8.176113329243141908e-04,1.000000000000000000e+00,-2.625061944127082825e-02,-1.343659777194261551e-02,-1.000000014901161194e-01,4.156814813613891602e-01,-2.000000029802322388e-01,-1.176911592483520508e-01,-1.000000014901161194e-01,3.583524525165557861e-01,-1.406908035278320312e-02,-2.374958992004394531e-02,3.340244293212890625e-04,4.018636643886566162e-01,-2.000000029802322388e-01,-6.511163711547851562e-02,1.537251472473144531e-02,4.827277362346649170e-01
1.300000000000000044e+00,2.753383219242095947e-01,-3.185405731201171875e-01,1.199964404106140137e+00,-1.425306797027587891e-01,1.731134951114654541e-01,9.885691106319427490e-02,9.934899210929870605e-01,1.009277105331420898e-01,-5.283507704734802246e-02,-9.944579005241394043e-02,9.945915937423706055e-01,2.996985986828804016e-02,5.557411164045333862e-02,-2.452052384614944458e-02,9.981535077095031738e-01,-7.909870706498622894e-03,3.250690102577209473e-01,9.552272036671638489e-03,1.000000000000000000e+00,0.000000000000000000e+00,2.753383219242095947e-01,-3.185405731201171875e-01,1.199964404106140137e+00,-1.425306797027587891e-01,1.731134951114654541e-01,9.885691106319427490e-02,1.000000000000000000e+00,8.922064304351806641e-01,-3.405661880970001221e-01,1.036069512367248535e+00,1.150991439819335938e+00,-1.955451071262359619e-01,2.317214161157608032e-01,1.000000000000000000e+00,2.712200641632080078e+00,-1.752727180719375610e-01,1.093876481056213379e+00,-6.724016666412353516e-01,5.646206438541412354e-03,5.637217313051223755e-02,1.000000000000000000e+00,2.089463472366333008e+00,2.636394090950489044e-02,8.439302444458007812e-01,-3.170294463634490967e-01,-1.137720584869384766e+00,2.276858091354370117e-01,1.000000000000000000e+00,1.000000000000000000e+00,0.000000000000000000e+00,0.000000000000000000e+00,1.000000000000000000e+00,8.922064304351806641e-01,-3.405661880970001221e-01,1.036069512367248535e+00,1.150991439819335938e+00,-1.955451071262359619e-01,2.317214161157608032e-01,9.918611645698547363e-01,1.166475415229797363e-01,-5.103997886180877686e-02,-1.043816506862640381e-01,9.744924902915954590e-01,1.986685991287231445e-01,7.291226834058761597e-02,-1.917240023612976074e-01,9.787369370460510254e-01,-4.726486653089523315e-02,-3.459637463092803955e-01,-5.665991455316543579e-02,0.000000000000000000e+00,1.000000000000000000e+00,2.753383219242095947e-01,-3.185405731201171875e-01,1.199964404106140137e+00,-1.425306797027587891e-01,1.731134951114654541e-01,9.885691106319427490e-02,1.000000000000000000e+00,8.922064304351806641e-01,-3.405661880970001221e-01,1.036069512367248535e+00,1.150991439819335938e+00,-1.955451071262359619e-01,2.317214161157608032e-01,1.000000000000000000e+00,2.712200641632080078e+00,-1.752727180719375610e-01,1.093876481056213379e+00,-6.724016666412353516e-01,5.646206438541412354e-03,5.637217313051223755e-02,1.000000000000000000e+00,2.089463472366333008e+00,2.636394090950489044e-02,8.439302444458007812e-01,-3.170294463634490967e-01,-1.137720584869384766e+00,2.276858091354370117e-01,1.000000000000000000e+00,1.000000000000000000e+00,0.000000000000000000e+00,0.000000000000000000e+00,1.000000000000000000e+00,2.712200641632080078e+00,-1.752727180719375610e-01,1.093876481056213379e+00,-6.724016666412353516e-01,5.646206438541412354e-03,5.637217313051223755e-02,-1.237987619917989973e-02,-2.283261794943713952e-02,2.950107718875409277e-04,1.000000000000000000e+00,2.089463472366333008e+00,2.636394090950489044e-02,8.439302444458007812e-01,-3.170294463634490967e-01,-1.137720584869384766e+00,2.276858091354370117e-01,-4.926224300794616873e-02,-1.289227620360344773e-02,1.673656273029969221e-03,1.000000000000000000e+00,-2.728599309921264648e-02,-8.421199396252632141e-03,-1.000000014901161194e-01,4.137884080410003662e-01,-2.000000029802322388e-01,-1.206792816519737244e-01,-1.000000014901161194e-01,3.557744324207305908e-01,-1.430606842041015625e-02,-2.394747734069824219e-02,3.426074981689453125e-04,4.018957614898681641e-01,-2.000000029802322388e-01,-7.508778572082519531e-02,2.010226249694824219e-02,4.774433076381683350e-01
1.320000000000000062e+00,2.724056541919708252e-01,-3.150363862514495850e-01,1.201962947845458984e+00,-1.514038741588592529e-01,1.777442544698715210e-01,1.011678501963615417e-01,9.938254952430725098e-01,1.007532626390457153e-01,-4.647213965654373169e-02,-9.944987297058105469e-02,9.946033954620361328e-01,2.956010214984416962e-02,4.919962584972381592e-02,-2.475593425333499908e-02,9.984821081161499023e-01,-1.590555720031261444e-02,3.120723962783813477e-01,8.957646787166595459e-03,1.000000000000000000e+00,0.000000000000000000e+00,2.724056541919708252e-01,-3.150363862514495850e-01,1.201962947845458984e+00,-1.514038741588592529e-01,1.777442544698715210e-01,1.011678501963615417e-01,1.000000000000000000e+00,9.150605201721191406e-01,-3.441306352615356445e-01,1.040564417839050293e+00,1.132418751716613770e+00,-1.572094708681106567e-01,2.154206931591033936e-01,1.000000000000000000e+00,2.698758363723754883e+00,-1.751380860805511475e-01,1.095013022422790527e+00,-6.717745065689086914e-01,8.063633926212787628e-03,5.738573893904685974e-02,1.000000000000000000e+00,2.083113431930541992e+00,3.804368898272514343e-03,8.487869501113891602e-01,-3.184465169906616211e-01,-1.115072131156921387e+00,2.613135278224945068e-01,1.000000000000000000e+00,1.000000000000000000e+00,0.000000000000000000e+00,0.000000000000000000e+00,1.000000000000000000e+00,9.150605201721191406e-01,-3.441306352615356445e-01,1.040564417839050293e+00,1.132418751716613770e+00,-1.572094708681106567e-01,2.154206931591033936e-01,9.913721680641174316e-01,1.177761480212211609e-01,-5.753229185938835144e-02,-1.041169986128807068e-01,9.742028713226318359e-01,2.002208679914474487e-01,7.962936908006668091e-02,-1.925033181905746460e-01,9.780601263046264648e-01,-4.036883637309074402e-02,-3.168274164199829102e-01,-5.133294314146041870e-02,0.000000000000000000e+00,1.000000000000000000e+00,2.724056541919708252e-01,-3.150363862514495850e-01,1.201962947845458984e+00,-1.514038741588592529e-01,1.777442544698715210e-01,1.011678501963615417e-01,1.000000000000000000e+00,9.150605201721191406e-01,-3.441306352615356445e-01,1.040564417839050293e+00,1.132418751716613770e+00,-1.572094708681106567e-01,2.154206931591033936e-01,1.000000000000000000e+00,2.698758363723754883e+00,-1.751380860805511475e-01,1.095013022422790527e+00,-6.717745065689086914e-01,8.063633926212787628e-03,5.738573893904685974e-02,1.000000000000000000e+00,2.083113431930541992e+00,3.804368898272514343e-03,8.487869501113891602e-01,-3.184465169906616211e-01,-1.115072131156921387e+00,2.613135278224945068e-01,1.000000000000000000e+00,1.000000000000000000e+00,0.000000000000000000e+00,0.000000000000000000e+00,1.000000000000000000e+00,2.698758363723754883e+00,-1.751380860805511475e-01,1.095013022422790527e+00,-6.717745065689086914e-01,8.063633926212787628e-03,5.738573893904685974e-02,-1.263533079334144132e-02,-2.297622326126957937e-02,3.037103147934018532e-04,1.000000000000000000e+00,2.083113431930541992e+00,3.804368898272514343e-03,8.487869501113891602e-01,-3.184465169906616211e-01,-1.115072131156921387e+00,2.613135278224945068e-01,-7.323782378088181111e-02,-2.092247567066229941e-02,3.153639302663505117e-03,1.000000000000000000e+00,-2.900901995599269867e-02,-3.691456047818064690e-03,-1.000000014901161194e-01,4.117448329925537109e-01,-2.000000029802322388e-01,-1.232503056526184082e-01,-1.000000014901161194e-01,3.574614226818084717e-01,-1.454019546508789062e-02,-2.413296699523925781e-02,3.509521484375000000e-04,4.019291400909423828e-01,-2.000000029802322388e-01,-8.518123626708984375e-02,2.553749084472656250e-02,4.699849188327789307e-01
1.340000000000000080e+00,2.693074643611907959e-01,-3.114406764507293701e-01,1.204004645347595215e+00,-1.589490771293640137e-01,1.822648346424102783e-01,1.031281799077987671e-01,9.941093325614929199e-01,1.005953773856163025e-01,-4.033955931663513184e-02,-9.945487231016159058e-02,9.946091175079345703e-01,2.935224957764148712e-02,4.307479411363601685e-02,-2.516737766563892365e-02,9.987548589706420898e-01,-2.582343108952045441e-02,3.002481460571289062e-01,8.525927551090717316e-03,1.000000000000000000e+00,0.000000000000000000e+00,2.693074643611907959e-01,-3.114406764507293701e-01,1.204004645347595215e+00,-1.589490771293640137e-01,1.822648346424102783e-01,1.031281799077987671e-01,1.000000000000000000e+00,9.375358819961547852e-01,-3.469355106353759766e-01,1.044698596000671387e+00,1.113050460815429688e+00,-1.196256354451179504e-01,1.955292969942092896e-01,1.000000000000000000e+00,2.685328245162963867e+00,-1.749548316001892090e-01,1.096169829368591309e+00,-6.711813211441040039e-01,1.051272451877593994e-02,5.839541181921958923e-02,1.000000000000000000e+00,2.076717853546142578e+00,-1.825630106031894684e-02,8.543118238449096680e-01,-3.217705488204956055e-01,-1.087533831596374512e+00,2.942777276039123535e-01,1.000000000000000000e+00,1.000000000000000000e+00,0.000000000000000000e+00,0.000000000000000000e+00,1.000000000000000000e+00,9.375358819961547852e-01,-3.469355106353759766e-01,1.044698596000671387e+00,1.113050460815429688e+00,-1.196256354451179504e-01,1.955292969942092896e-01,9.908877015113830566e-01,1.187955290079116821e-01,-6.347614526748657227e-02,-1.038512438535690308e-01,9.739495515823364258e-01,2.015865445137023926e-01,8.577014505863189697e-02,-1.931575536727905273e-01,9.774116873741149902e-01,-3.440349176526069641e-02,-2.895946204662322998e-01,-4.601878300309181213e-02,0.000000000000000000e+00,1.000000000000000000e+00,2.693074643611907959e-01,-3.114406764507293701e-01,1.204004645347595215e+00,-1.589490771293640137e-01,1.822648346424102783e-01,1.031281799077987671e-01,1.000000000000000000e+00,9.375358819961547852e-01,-3.469355106353759766e-01,1.044698596000671387e+00,1.113050460815429688e+00,-1.196256354451179504e-01,1.955292969942092896e-01,1.000000000000000000e+00,2.685328245162963867e+00,-1.749548316001892090e-01,1.096169829368591309e+00,-6.711813211441040039e-01,1.051272451877593994e-02,5.839541181921958923e-02,1.000000000000000000e+00,2.076717853546142578e+00,-1.825630106031894684e-02,8.543118238449096680e-01,-3.217705488204956055e-01,-1.087533831596374512e+00,2.942777276039123535e-01,1.000000000000000000e+00,1.000000000000000000e+00,0.000000000000000000e+00,0.000000000000000000e+00,1.000000000000000000e+00,2.685328245162963867e+00,-1.749548316001892090e-01,1.096169829368591309e+00,-6.711813211441040039e-01,1.051272451877593994e-02,5.839541181921958923e-02,-1.288832514901300415e-02,-2.312711428759262056e-02,3.123943325468673399e-04,1.000000000000000000e+00,2.076717853546142578e+00,-1.825630106031894684e-02,8.543118238449096680e-01,-3.217705488204956055e-01,-1.087533831596374512e+00,2.942777276039123535e-01,-9.269016393062537440e-02,-2.923391663197660861e-02,5.293928325466996931e-03,1.000000000000000000e+00,-3.098161332309246063e-02,2.610718598589301109e-03,-1.000000014901161194e-01,4.103441238403320312e-01,-2.000000029802322388e-01,-1.256332695484161377e-01,-1.000000014901161194e-01,3.596253693103790283e-01,-1.477789878845214844e-02,-2.430677413940429688e-02,3.592967987060546875e-04,4.019547104835510254e-01,-2.000000029802322388e-01,-9.532785415649414062e-02,3.175616264343261719e-02,4.605938792228698730e-01
1.360000000000000098e+00,2.660700082778930664e-01,-3.077552020549774170e-01,1.206081509590148926e+00,-1.652183234691619873e-01,1.867156028747558594e-01,1.046140044927597046e-01,9.943484663963317871e-01,1.004481762647628784e-01,-3.437202796339988708e-02,-9.945914149284362793e-02,9.946081638336181641e-01,2.937087975442409515e-02,3.713694587349891663e-02,-2.578627504408359528e-02,9.989774823188781738e-01,-3.670939430594444275e-02,2.954466640949249268e-01,8.426131680607795715e-03,1.000000000000000000e+00,0.000000000000000000e+00,2.660700082778930664e-01,-3.077552020549774170e-01,1.206081509590148926e+00,-1.652183234691619873e-01,1.867156028747558594e-01,1.046140044927597046e-01,1.000000000000000000e+00,9.596171975135803223e-01,-3.489938974380493164e-01,1.048411965370178223e+00,1.092952728271484375e+00,-8.258437365293502808e-02,1.732729077339172363e-01,1.000000000000000000e+00,2.671909809112548828e+00,-1.747223138809204102e-01,1.097346782684326172e+00,-6.706230044364929199e-01,1.299273595213890076e-02,5.940244719386100769e-02,1.000000000000000000e+00,2.070238351821899414e+00,-3.973119705915451050e-02,8.604823350906372070e-01,-3.270436525344848633e-01,-1.056326508522033691e+00,3.255272805690765381e-01,1.000000000000000000e+00,1.000000000000000000e+00,0.000000000000000000e+00,0.000000000000000000e+00,1.000000000000000000e+00,9.596171975135803223e-01,-3.489938974380493164e-01,1.048411965370178223e+00,1.092952728271484375e+00,-8.258437365293502808e-02,1.732729077339172363e-01,9.904150366783142090e-01,1.197080165147781372e-01,-6.890695542097091675e-02,-1.035825759172439575e-01,9.737290740013122559e-01,2.027869671583175659e-01,9.137191623449325562e-02,-1.937056928873062134e-01,9.767954945564270020e-01,-2.926764637231826782e-02,-2.643150985240936279e-01,-4.098765179514884949e-02,0.000000000000000000e+00,1.000000000000000000e+00,2.660700082778930664e-01,-3.077552020549774170e-01,1.206081509590148926e+00,-1.652183234691619873e-01,1.867156028747558594e-01,1.046140044927597046e-01,1.000000000000000000e+00,9.596171975135803223e-01,-3.489938974380493164e-01,1.048411965370178223e+00,1.092952728271484375e+00,-8.258437365293502808e-02,1.732729077339172363e-01,1.000000000000000000e+00,2.671909809112548828e+00,-1.747223138809204102e-01,1.097346782684326172e+00,-6.706230044364929199e-01,1.299273595213890076e-02,5.940244719386100769e-02,1.000000000000000000e+00,2.070238351821899414e+00,-3.973119705915451050e-02,8.604823350906372070e-01,-3.270436525344848633e-01,-1.056326508522033691e+00,3.255272805690765381e-01,1.000000000000000000e+00,1.000000000000000000e+00,0.000000000000000000e+00,0.000000000000000000e+00,1.000000000000000000e+00,2.671909809112548828e+00,-1.747223138809204102e-01,1.097346782684326172e+00,-6.706230044364929199e-01,1.299273595213890076e-02,5.940244719386100769e-02,-1.313858270930081534e-02,-2.328239502321660659e-02,3.209747067273059293e-04,1.000000000000000000e+00,2.070238351821899414e+00,-3.973119705915451050e-02,8.604823350906372070e-01,-3.270436525344848633e-01,-1.056326508522033691e+00,3.255272805690765381e-01,-1.078498930149007773e-01,-3.788087435037845729e-02,8.116718188403974910e-03,1.000000000000000000e+00,-3.321238607168197632e-02,9.320247918367385864e-03,-1.000000014901161194e-01,4.099186956882476807e-01,-2.000000029802322388e-01,-1.277229040861129761e-01,-1.000000014901161194e-01,3.635342717170715332e-01,-1.502680778503417969e-02,-2.446961402893066406e-02,3.676414489746093750e-04,4.019672870635986328e-01,-2.000000029802322388e-01,-1.053769588470458984e-01,3.885483741760253906e-02,4.498085975646972656e-01
1.380000000000000115e+00,2.627183198928833008e-01,-3.039810359477996826e-01,1.208183646202087402e+00,-1.702448874711990356e-01,1.911420077085494995e-01,1.056357547640800476e-01,9.945519566535949707e-01,1.003036424517631531e-01,-2.838320471346378326e-02,-9.946361929178237915e-02,9.946006536483764648e-01,2.960676327347755432e-02,3.119962103664875031e-02,-2.662236616015434265e-02,9.991586208343505859e-01,-4.757993295788764954e-02,3.007110059261322021e-01,8.607528172433376312e-03,1.000000000000000000e+00,0.000000000000000000e+00,2.627183198928833008e-01,-3.039810359477996826e-01,1.208183646202087402e+00,-1.702448874711990356e-01,1.911420077085494995e-01,1.056357547640800476e-01,1.000000000000000000e+00,9.812904000282287598e-01,-3.503150045871734619e-01,1.051666259765625000e+00,1.072174072265625000e+00,-4.590889066457748413e-02,1.496708542108535767e-01,1.000000000000000000e+00,2.658502101898193359e+00,-1.744399070739746094e-01,1.098543882369995117e+00,-6.700999140739440918e-01,1.550292223691940308e-02,6.040674075484275818e-02,1.000000000000000000e+00,2.063635587692260742e+00,-6.055678799748420715e-02,8.672547340393066406e-01,-3.342827558517456055e-01,-1.022478342056274414e+00,3.540093004703521729e-01,1.000000000000000000e+00,1.000000000000000000e+00,0.000000000000000000e+00,0.000000000000000000e+00,1.000000000000000000e+00,9.812904000282287598e-01,-3.503150045871734619e-01,1.051666259765625000e+00,1.072174072265625000e+00,-4.590889066457748413e-02,1.496708542108535767e-01,9.899592399597167969e-01,1.205194145441055298e-01,-7.386432588100433350e-02,-1.033108234405517578e-01,9.735375046730041504e-01,2.038422524929046631e-01,9.647664427757263184e-02,-1.941645145416259766e-01,9.762133359909057617e-01,-2.490652538836002350e-02,-2.410788387060165405e-01,-3.629587963223457336e-02,0.000000000000000000e+00,1.000000000000000000e+00,2.627183198928833008e-01,-3.039810359477996826e-01,1.208183646202087402e+00,-1.702448874711990356e-01,1.911420077085494995e-01,1.056357547640800476e-01,1.000000000000000000e+00,9.812904000282287598e-01,-3.503150045871734619e-01,1.051666259765625000e+00,1.072174072265625000e+00,-4.590889066457748413e-02,1.496708542108535767e-01,1.000000000000000000e+00,2.658502101898193359e+00,-1.744399070739746094e-01,1.098543882369995117e+00,-6.700999140739440918e-01,1.550292223691940308e-02,6.040674075484275818e-02,1.000000000000000000e+00,2.063635587692260742e+00,-6.055678799748420715e-02,8.672547340393066406e-01,-3.342827558517456055e-01,-1.022478342056274414e+00,3.540093004703521729e-01,1.000000000000000000e+00,1.000000000000000000e+00,0.000000000000000000e+00,0.000000000000000000e+00,1.000000000000000000e+00,2.658502101898193359e+00,-1.744399070739746094e-01,1.098543882369995117e+00,-6.700999140739440918e-01,1.550292223691940308e-02,6.040674075484275818e-02,-1.338661469521065447e-02,-2.343966890236282019e-02,3.294331999539679492e-04,1.000000000000000000e+00,2.063635587692260742e+00,-6.055678799748420715e-02,8.672547340393066406e-01,-3.342827558517456055e-01,-1.022478342056274414e+00,3.540093004703521729e-01,-1.203474616690123067e-01,-4.679481268638996383e-02,1.164727417278310639e-02,1.000000000000000000e+00,-3.531610965728759766e-02,1.622594147920608521e-02,-1.000000014901161194e-01,4.103368818759918213e-01,-2.000000029802322388e-01,-1.292684078216552734e-01,-1.000000014901161194e-01,3.688934445381164551e-01,-1.529431343078613281e-02,-2.462220191955566406e-02,3.764629364013671875e-04,4.019676446914672852e-01,-2.000000029802322388e-01,-1.150548458099365234e-01,4.689431190490722656e-02,4.382956326007843018e-01
1.400000000000000133e+00,2.592773437500000000e-01,-3.001182377338409424e-01,1.210303068161010742e+00,-1.740271151065826416e-01,1.955886781215667725e-01,1.063164249062538147e-01,9.947240352630615234e-01,1.001539751887321472e-01,-2.221503667533397675e-02,-9.946947544813156128e-02,9.945873618125915527e-01,3.003402240574359894e-02,2.510281838476657867e-02,-2.766584418714046478e-02,9.993020892143249512e-01,-5.711385607719421387e-02,3.105855882167816162e-01,8.923154324293136597e-03,1.000000000000000000e+00,0.000000000000000000e+00,2.592773437500000000e-01,-3.001182377338409424e-01,1.210303068161010742e+00,-1.740271151065826416e-01,1.955886781215667725e-01,1.063164249062538147e-01,1.000000000000000000e+00,1.002542018890380859e+00,-3.509047329425811768e-01,1.054443478584289551e+00,1.050744175910949707e+00,-9.431542828679084778e-03,1.256595104932785034e-01,1.000000000000000000e+00,2.645104408264160156e+00,-1.741070151329040527e-01,1.099761009216308594e+00,-6.696119904518127441e-01,1.804273761808872223e-02,6.140690669417381287e-02,1.000000000000000000e+00,2.056870698928833008e+00,-8.068682253360748291e-02,8.745651841163635254e-01,-3.434601426124572754e-01,-9.866623878479003906e-01,3.788311779499053955e-01,1.000000000000000000e+00,1.000000000000000000e+00,0.000000000000000000e+00,0.000000000000000000e+00,1.000000000000000000e+00,1.002542018890380859e+00,-3.509047329425811768e-01,1.054443478584289551e+00,1.050744175910949707e+00,-9.431542828679084778e-03,1.256595104932785034e-01,9.895246624946594238e-01,1.212346851825714111e-01,-7.837948948144912720e-02,-1.030359715223312378e-01,9.733719229698181152e-01,2.047703862190246582e-01,1.011176630854606628e-01,-1.945494115352630615e-01,9.756669402122497559e-01,-2.122185938060283661e-02,-2.186575680971145630e-01,-3.175439685583114624e-02,0.000000000000000000e+00,1.000000000000000000e+00,2.592773437500000000e-01,-3.001182377338409424e-01,1.210303068161010742e+00,-1.740271151065826416e-01,1.955886781215667725e-01,1.063164249062538147e-01,1.000000000000000000e+00,1.002542018890380859e+00,-3.509047329425811768e-01,1.054443478584289551e+00,1.050744175910949707e+00,-9.431542828679084778e-03,1.256595104932785034e-01,1.000000000000000000e+00,2.645104408264160156e+00,-1.741070151329040527e-01,1.099761009216308594e+00,-6.696119904518127441e-01,1.804273761808872223e-02,6.140690669417381287e-02,1.000000000000000000e+00,2.056870698928833008e+00,-8.068682253360748291e-02,8.745651841163635254e-01,-3.434601426124572754e-01,-9.866623878479003906e-01,3.788311779499053955e-01,1.000000000000000000e+00,1.000000000000000000e+00,0.000000000000000000e+00,0.000000000000000000e+00,1.000000000000000000e+00,2.645104408264160156e+00,-1.741070151329040527e-01,1.099761009216308594e+00,-6.696119904518127441e-01,1.804273761808872223e-02,6.140690669417381287e-02,-1.363433207748288023e-02,-2.359710584691887547e-02,3.378219406113052922e-04,1.000000000000000000e+00,2.056870698928833008e+00,-8.068682253360748291e-02,8.745651841163635254e-01,-3.434601426124572754e-01,-9.866623878479003906e-01,3.788311779499053955e-01,-1.314205237582574404e-01,-5.584223820382439030e-02,1.591245361362617072e-02,1.000000000000000000e+00,-3.759506344795227051e-02,2.366005815565586090e-02,-1.000000014901161194e-01,4.113558232784271240e-01,-2.000000029802322388e-01,-1.310039013624191284e-01,-1.000000014901161194e-01,3.731331229209899902e-01,-1.558947563171386719e-02,-2.476406097412109375e-02,3.859996795654296875e-04,4.019618928432464600e-01,-2.000000029802322388e-01,-1.239547729492187500e-01,5.583596229553222656e-02,4.266618788242340088e-01
1.419999999999999929e+00,2.557720541954040527e-01,-2.961660027503967285e-01,1.212434172630310059e+00,-1.765419840812683105e-01,2.000949531793594360e-01,1.068290695548057556e-01,9.948621988296508789e-01,9.999297559261322021e-02,-1.583091728389263153e-02,-9.947632253170013428e-02,9.945688247680664062e-01,3.061505034565925598e-02,1.880622841417789459e-02,-2.888295426964759827e-02,9.994058609008789062e-01,-6.500431895256042480e-02,3.202928602695465088e-01,9.427634067833423615e-03,1.000000000000000000e+00,0.000000000000000000e+00,2.557720541954040527e-01,-2.961660027503967285e-01,1.212434172630310059e+00,-1.765419840812683105e-01,2.000949531793594360e-01,1.068290695548057556e-01,1.000000000000000000e+00,1.023359537124633789e+00,-3.507657349109649658e-01,1.056742072105407715e+00,1.028695106506347656e+00,2.696673944592475891e-02,1.019145101308822632e-01,1.000000000000000000e+00,2.631716251373291016e+00,-1.737230718135833740e-01,1.100998163223266602e+00,-6.691588163375854492e-01,2.061214298009872437e-02,6.240082532167434692e-02,1.000000000000000000e+00,2.049905300140380859e+00,-1.000864356756210327e-01,8.823338150978088379e-01,-3.545084297657012939e-01,-9.493630528450012207e-01,3.993085622787475586e-01,1.000000000000000000e+00,1.000000000000000000e+00,0.000000000000000000e+00,0.000000000000000000e+00,1.000000000000000000e+00,1.023359537124633789e+00,-3.507657349109649658e-01,1.056742072105407715e+00,1.028695106506347656e+00,2.696673944592475891e-02,1.019145101308822632e-01,9.891158938407897949e-01,1.218598410487174988e-01,-8.246225118637084961e-02,-1.027630195021629333e-01,9.732289910316467285e-01,2.055848985910415649e-01,1.053071916103363037e-01,-1.948731988668441772e-01,9.751589298248291016e-01,-1.807898655533790588e-02,-1.972441971302032471e-01,-2.769056707620620728e-02,0.000000000000000000e+00,1.000000000000000000e+00,2.557720541954040527e-01,-2.961660027503967285e-01,1.212434172630310059e+00,-1.765419840812683105e-01,2.000949531793594360e-01,1.068290695548057556e-01,1.000000000000000000e+00,1.023359537124633789e+00,-3.507657349109649658e-01,1.056742072105407715e+00,1.028695106506347656e+00,2.696673944592475891e-02,1.019145101308822632e-01,1.000000000000000000e+00,2.631716251373291016e+00,-1.737230718135833740e-01,1.100998163223266602e+00,-6.691588163375854492e-01,2.061214298009872437e-02,6.240082532167434692e-02,1.000000000000000000e+00,2.049905300140380859e+00,-1.000864356756210327e-01,8.823338150978088379e-01,-3.545084297657012939e-01,-9.493630528450012207e-01,3.993085622787475586e-01,1.000000000000000000e+00,1.000000000000000000e+00,0.000000000000000000e+00,0.000000000000000000e+00,1.000000000000000000e+00,2.631716251373291016e+00,-1.737230718135833740e-01,1.100998163223266602e+00,-6.691588163375854492e-01,2.061214298009872437e-02,6.240082532167434692e-02,-1.388502590658629611e-02,-2.375330872321579356e-02,3.462294571296015144e-04,1.000000000000000000e+00,2.049905300140380859e+00,-1.000864356756210327e-01,8.823338150978088379e-01,-3.545084297657012939e-01,-9.493630528450012207e-01,3.993085622787475586e-01,-1.413287751008583948e-01,-6.491625260621503024e-02,2.094643725366591297e-02,1.000000000000000000e+00,-3.999891132116317749e-02,3.170089051127433777e-02,-1.000000014901161194e-01,4.136546850204467773e-01,-2.000000029802322388e-01,-1.329653412103652954e-01,-1.000000014901161194e-01,3.769631981849670410e-01,-1.592040061950683594e-02,-2.489352226257324219e-02,3.962516784667968750e-04,4.019584059715270996e-01,-2.000000029802322388e-01,-1.315951347351074219e-01,6.552624702453613281e-02,4.153233170509338379e-01
1.439999999999999947e+00,2.522280812263488770e-01,-2.921228706836700439e-01,1.214575767517089844e+00,-1.777626574039459229e-01,2.046951502561569214e-01,1.073942556977272034e-01,9.949632287025451660e-01,9.981336444616317749e-02,-9.242169559001922607e-03,-9.948053210973739624e-02,9.945462346076965332e-01,3.132677078247070312e-02,1.231859624385833740e-02,-3.024956956505775452e-02,9.994664788246154785e-01,-7.227493822574615479e-02,3.299316763877868652e-01,1.022438611835241318e-02,1.000000000000000000e+00,0.000000000000000000e+00,2.522280812263488770e-01,-2.921228706836700439e-01,1.214575767517089844e+00,-1.777626574039459229e-01,2.046951502561569214e-01,1.073942556977272034e-01,1.000000000000000000e+00,1.043730735778808594e+00,-3.498989939689636230e-01,1.058570981025695801e+00,1.006072044372558594e+00,6.334513425827026367e-02,7.880662381649017334e-02,1.000000000000000000e+00,2.618336915969848633e+00,-1.732874959707260132e-01,1.102255225181579590e+00,-6.687396764755249023e-01,2.321184054017066956e-02,6.338654458522796631e-02,1.000000000000000000e+00,2.042702198028564453e+00,-1.187300682067871094e-01,8.904695510864257812e-01,-3.673339188098907471e-01,-9.110385775566101074e-01,4.149976074695587158e-01,1.000000000000000000e+00,1.000000000000000000e+00,0.000000000000000000e+00,0.000000000000000000e+00,1.000000000000000000e+00,1.043730735778808594e+00,-3.498989939689636230e-01,1.058570981025695801e+00,1.006072044372558594e+00,6.334513425827026367e-02,7.880662381649017334e-02,9.887331724166870117e-01,1.224080100655555725e-01,-8.615788072347640991e-02,-1.024963632225990295e-01,9.731057882308959961e-01,2.063002586364746094e-01,1.090935245156288147e-01,-1.951450109481811523e-01,9.746882915496826172e-01,-1.537696830928325653e-02,-1.798062324523925781e-01,-2.441546693444252014e-02,0.000000000000000000e+00,1.000000000000000000e+00,2.522280812263488770e-01,-2.921228706836700439e-01,1.214575767517089844e+00,-1.777626574039459229e-01,2.046951502561569214e-01,1.073942556977272034e-01,1.000000000000000000e+00,1.043730735778808594e+00,-3.498989939689636230e-01,1.058570981025695801e+00,1.006072044372558594e+00,6.334513425827026367e-02,7.880662381649017334e-02,1.000000000000000000e+00,2.618336915969848633e+00,-1.732874959707260132e-01,1.102255225181579590e+00,-6.687396764755249023e-01,2.321184054017066956e-02,6.338654458522796631e-02,1.000000000000000000e+00,2.042702198028564453e+00,-1.187300682067871094e-01,8.904695510864257812e-01,-3.673339188098907471e-01,-9.110385775566101074e-01,4.149976074695587158e-01,1.000000000000000000e+00,1.000000000000000000e+00,0.000000000000000000e+00,0.000000000000000000e+00,1.000000000000000000e+00,2.618336915969848633e+00,-1.732874959707260132e-01,1.102255225181579590e+00,-6.687396764755249023e-01,2.321184054017066956e-02,6.338654458522796631e-02,-1.414294981252099681e-02,-2.390692940375793718e-02,3.547583246081347993e-04,1.000000000000000000e+00,2.042702198028564453e+00,-1.187300682067871094e-01,8.904695510864257812e-01,-3.673339188098907471e-01,-9.110385775566101074e-01,4.149976074695587158e-01,-1.498994245309384632e-01,-7.390539855040767492e-02,2.677851062515838876e-02,1.000000000000000000e+00,-4.270507395267486572e-02,4.023396596312522888e-02,-1.000000014901161194e-01,4.163219630718231201e-01,-2.000000029802322388e-01,-1.342628300189971924e-01,-1.000000014901161194e-01,3.818905055522918701e-01,-1.629567146301269531e-02,-2.500939369201660156e-02,4.074573516845703125e-04,4.019675850868225098e-01,-2.000000029802322388e-01,-1.374845504760742188e-01,7.570362091064453125e-02,4.045234918594360352e-01
1.459999999999999964e+00,2.486715912818908691e-01,-2.879866361618041992e-01,1.216730713844299316e+00,-1.776585131883621216e-01,2.094216197729110718e-01,1.082554832100868225e-01,9.950240254402160645e-01,9.960620105266571045e-02,-2.427257597446441650e-03,-9.947727620601654053e-02,9.945198893547058105e-01,3.216416016221046448e-02,5.617706105113029480e-03,-3.176265582442283630e-02,9.994796514511108398e-01,-8.002426475286483765e-02,3.419761657714843750e-01,1.139516849070787430e-02,1.000000000000000000e+00,0.000000000000000000e+00,2.486715912818908691e-01,-2.879866361618041992e-01,1.216730713844299316e+00,-1.776585131883621216e-01,2.094216197729110718e-01,1.082554832100868225e-01,1.000000000000000000e+00,1.063644647598266602e+00,-3.483045101165771484e-01,1.059945821762084961e+00,9.829096198081970215e-01,9.975386410951614380e-02,5.664557963609695435e-02,1.000000000000000000e+00,2.604965686798095703e+00,-1.727996319532394409e-01,1.103531718254089355e+00,-6.683537364006042480e-01,2.584342658519744873e-02,6.436332315206527710e-02,1.000000000000000000e+00,2.035227775573730469e+00,-1.366013586521148682e-01,8.988741040229797363e-01,-3.818164765834808350e-01,-8.721407055854797363e-01,4.256753325462341309e-01,1.000000000000000000e+00,1.000000000000000000e+00,0.000000000000000000e+00,0.000000000000000000e+00,1.000000000000000000e+00,1.063644647598266602e+00,-3.483045101165771484e-01,1.059945821762084961e+00,9.829096198081970215e-01,9.975386410951614380e-02,5.664557963609695435e-02,9.883718490600585938e-01,1.228906735777854919e-01,-8.954967558383941650e-02,-1.022304370999336243e-01,9.729992151260375977e-01,2.069337666034698486e-01,1.125619858503341675e-01,-1.953727900981903076e-01,9.742481112480163574e-01,-1.310122851282358170e-02,-1.658065617084503174e-01,-2.146587707102298737e-02,0.000000000000000000e+00,1.000000000000000000e+00,2.486715912818908691e-01,-2.879866361618041992e-01,1.216730713844299316e+00,-1.776585131883621216e-01,2.094216197729110718e-01,1.082554832100868225e-01,1.000000000000000000e+00,1.063644647598266602e+00,-3.483045101165771484e-01,1.059945821762084961e+00,9.829096198081970215e-01,9.975386410951614380e-02,5.664557963609695435e-02,1.000000000000000000e+00,2.604965686798095703e+00,-1.727996319532394409e-01,1.103531718254089355e+00,-6.683537364006042480e-01,2.584342658519744873e-02,6.436332315206527710e-02,1.000000000000000000e+00,2.035227775573730469e+00,-1.366013586521148682e-01,8.988741040229797363e-01,-3.818164765834808350e-01,-8.721407055854797363e-01,4.256753325462341309e-01,1.000000000000000000e+00,1.000000000000000000e+00,0.000000000000000000e+00,0.000000000000000000e+00,1.000000000000000000e+00,2.604965686798095703e+00,-1.727996319532394409e-01,1.103531718254089355e+00,-6.683537364006042480e-01,2.584342658519744873e-02,6.436332315206527710e-02,-1.441288380529346345e-02,-2.405651048869650310e-02,3.635131509350415790e-04,1.000000000000000000e+00,2.035227775573730469e+00,-1.366013586521148682e-01,8.988741040229797363e-01,-3.818164765834808350e-01,-8.721407055854797363e-01,4.256753325462341309e-01,-1.571015672315305423e-01,-8.263835436599986650e-02,3.341257363821847209e-02,1.000000000000000000e+00,-4.495470225811004639e-02,4.875202104449272156e-02,-1.000000014901161194e-01,4.187542498111724854e-01,-1.999999880790710449e-01,-1.351701468229293823e-01,-1.000000014901161194e-01,3.875596821308135986e-01,-1.672291755676269531e-02,-2.511024475097656250e-02,4.198551177978515625e-04,4.020013511180877686e-01,-2.000000029802322388e-01,-1.411380767822265625e-01,8.597350120544433594e-02,3.944721221923828125e-01
1.479999999999999982e+00,2.451293766498565674e-01,-2.837545871734619141e-01,1.218906879425048828e+00,-1.761861294507980347e-01,2.143055796623229980e-01,1.095936670899391174e-01,9.950403571128845215e-01,9.936374425888061523e-02,4.664012230932712555e-03,-9.946402907371520996e-02,9.944895505905151367e-01,3.313180431723594666e-02,-1.346211414784193039e-03,-3.343137726187705994e-02,9.994402527809143066e-01,-8.744791895151138306e-02,3.559013009071350098e-01,1.268565561622381210e-02,1.000000000000000000e+00,0.000000000000000000e+00,2.451293766498565674e-01,-2.837545871734619141e-01,1.218906879425048828e+00,-1.761861294507980347e-01,2.143055796623229980e-01,1.095936670899391174e-01,1.000000000000000000e+00,1.083090424537658691e+00,-3.459811806678771973e-01,1.060888290405273438e+00,9.592250585556030273e-01,1.362508684396743774e-01,3.576045855879783630e-02,1.000000000000000000e+00,2.591601848602294922e+00,-1.722588241100311279e-01,1.104827642440795898e+00,-6.679998040199279785e-01,2.850948087871074677e-02,6.533260643482208252e-02,1.000000000000000000e+00,2.027449846267700195e+00,-1.536924540996551514e-01,9.074466824531555176e-01,-3.978019058704376221e-01,-8.330591917037963867e-01,4.313006103038787842e-01,1.000000000000000000e+00,1.000000000000000000e+00,0.000000000000000000e+00,0.000000000000000000e+00,1.000000000000000000e+00,1.083090424537658691e+00,-3.459811806678771973e-01,1.060888290405273438e+00,9.592250585556030273e-01,1.362508684396743774e-01,3.576045855879783630e-02,9.880312085151672363e-01,1.233131438493728638e-01,-9.267248958349227905e-02,-1.019633412361145020e-01,9.729071855545043945e-01,2.074972242116928101e-01,1.157488599419593811e-01,-1.955645233392715454e-01,9.738360643386840820e-01,-1.120080612599849701e-02,-1.516052484512329102e-01,-1.867662370204925537e-02,0.000000000000000000e+00,1.000000000000000000e+00,2.451293766498565674e-01,-2.837545871734619141e-01,1.218906879425048828e+00,-1.761861294507980347e-01,2.143055796623229980e-01,1.095936670899391174e-01,1.000000000000000000e+00,1.083090424537658691e+00,-3.459811806678771973e-01,1.060888290405273438e+00,9.592250585556030273e-01,1.362508684396743774e-01,3.576045855879783630e-02,1.000000000000000000e+00,2.591601848602294922e+00,-1.722588241100311279e-01,1.104827642440795898e+00,-6.679998040199279785e-01,2.850948087871074677e-02,6.533260643482208252e-02,1.000000000000000000e+00,2.027449846267700195e+00,-1.536924540996551514e-01,9.074466824531555176e-01,-3.978019058704376221e-01,-8.330591917037963867e-01,4.313006103038787842e-01,1.000000000000000000e+00,1.000000000000000000e+00,0.000000000000000000e+00,0.000000000000000000e+00,1.000000000000000000e+00,2.591601848602294922e+00,-1.722588241100311279e-01,1.104827642440795898e+00,-6.679998040199279785e-01,2.850948087871074677e-02,6.533260643482208252e-02,-1.469980497998544036e-02,-2.420063131389404987e-02,3.726018561878317523e-04,1.000000000000000000e+00,2.027449846267700195e+00,-1.536924540996551514e-01,9.074466824531555176e-01,-3.978019058704376221e-01,-8.330591917037963867e-01,4.313006103038787842e-01,-1.631544114342642349e-01,-9.087356143494917937e-02,4.081189093930472078e-02,1.000000000000000000e+00,-4.654708504676818848e-02,5.664631724357604980e-02,-1.000000014901161194e-01,4.205719828605651855e-01,-2.000000029802322388e-01,-1.360246837139129639e-01,-1.000000014901161194e-01,3.940103054046630859e-01,-1.721119880676269531e-02,-2.519440650939941406e-02,4.336833953857421875e-04,4.020687341690063477e-01,-2.000000029802322388e-01,-1.421210765838623047e-01,9.578466415405273438e-02,3.853994309902191162e-01
1.500000000000000000e+00,2.416293323040008545e-01,-2.794232070446014404e-01,1.221114873886108398e+00,-1.732920110225677490e-01,2.193738967180252075e-01,1.115033179521560669e-01,9.950065612792968750e-01,9.908308088779449463e-02,1.202942430973052979e-02,-9.944160282611846924e-02,9.944558739662170410e-01,3.419087082147598267e-02,-8.574994280934333801e-03,-3.521636128425598145e-02,9.993429780006408691e-01,-9.074169397354125977e-02,3.671419322490692139e-01,1.390372216701507568e-02,1.000000000000000000e+00,0.000000000000000000e+00,2.416293323040008545e-01,-2.794232070446014404e-01,1.221114873886108398e+00,-1.732920110225677490e-01,2.193738967180252075e-01,1.115033179521560669e-01,1.000000000000000000e+00,1.102058053016662598e+00,-3.429266512393951416e-01,1.061426997184753418e+00,9.350323677062988281e-01,1.728958338499069214e-01,1.647929474711418152e-02,1.000000000000000000e+00,2.578244924545288086e+00,-1.716643571853637695e-01,1.106142997741699219e+00,-6.676764488220214844e-01,3.121361136436462402e-02,6.629858911037445068e-02,1.000000000000000000e+00,2.019340276718139648e+00,-1.700024902820587158e-01,9.160869121551513672e-01,-4.150971770286560059e-01,-7.940834164619445801e-01,4.319834113121032715e-01,1.000000000000000000e+00,1.000000000000000000e+00,0.000000000000000000e+00,0.000000000000000000e+00,1.000000000000000000e+00,1.102058053016662598e+00,-3.429266512393951416e-01,1.061426997184753418e+00,9.350323677062988281e-01,1.728958338499069214e-01,1.647929474711418152e-02,9.877158999443054199e-01,1.236798986792564392e-01,-9.550279378890991211e-02,-1.017045006155967712e-01,9.728280305862426758e-01,2.079952061176300049e-01,1.186326146125793457e-01,-1.957270801067352295e-01,9.734563827514648438e-01,-9.600169956684112549e-03,-1.357855349779129028e-01,-1.613977365195751190e-02,0.000000000000000000e+00,1.000000000000000000e+00,2.416293323040008545e-01,-2.794232070446014404e-01,1.221114873886108398e+00,-1.732920110225677490e-01,2.193738967180252075e-01,1.115033179521560669e-01,1.000000000000000000e+00,1.102058053016662598e+00,-3.429266512393951416e-01,1.061426997184753418e+00,9.350323677062988281e-01,1.728958338499069214e-01,1.647929474711418152e-02,1.000000000000000000e+00,2.578244924545288086e+00,-1.716643571853637695e-01,1.106142997741699219e+00,-6.676764488220214844e-01,3.121361136436462402e-02,6.629858911037445068e-02,1.000000000000000000e+00,2.019340276718139648e+00,-1.700024902820587158e-01,9.160869121551513672e-01,-4.150971770286560059e-01,-7.940834164619445801e-01,4.319834113121032715e-01,1.000000000000000000e+00,1.000000000000000000e+00,0.000000000000000000e+00,0.000000000000000000e+00,1.000000000000000000e+00,2.578244924545288086e+00,-1.716643571853637695e-01,1.106142997741699219e+00,-6.676764488220214844e-01,3.121361136436462402e-02,6.629858911037445068e-02,-1.500893306483067069e-02,-2.433787179971647063e-02,3.821491164823836648e-04,1.000000000000000000e+00,2.019340276718139648e+00,-1.700024902820587158e-01,9.160869121551513672e-01,-4.150971770286560059e-01,-7.940834164619445801e-01,4.319834113121032715e-01,-1.683484421164424261e-01,-9.832310655730513993e-02,4.888496115767580058e-02,1.000000000000000000e+00,-4.853278025984764099e-02,6.551419198513031006e-02,-1.000000014901161194e-01,4.220778346061706543e-01,-2.000000029802322388e-01,-1.366613358259201050e-01,-1.000000014901161194e-01,4.006314575672149658e-01,-1.776885986328125000e-02,-2.526068687438964844e-02,4.489421844482421875e-04,4.021758139133453369e-01,-2.000000029802322388e-01,-1.401238441467285156e-01,1.000000014901161194e-01,3.775395452976226807e-01
1.520000000000000018e+00,2.382002770900726318e-01,-2.749886214733123779e-01,1.223366379737854004e+00,-1.689304560422897339e-01,2.246381044387817383e-01,1.140081882476806641e-01,9.949183464050292969e-01,9.876371920108795166e-02,1.958116702735424042e-02,-9.940826892852783203e-02,9.944221973419189453e-01,3.525220602750778198e-02,-1.599030755460262299e-02,-3.701959550380706787e-02,9.991867542266845703e-01,-8.964802324771881104e-02,3.748581707477569580e-01,1.520143635571002960e-02,1.000000000000000000e+00,0.000000000000000000e+00,2.382002770900726318e-01,-2.749886214733123779e-01,1.223366379737854004e+00,-1.689304560422897339e-01,2.246381044387817383e-01,1.140081882476806641e-01,1.000000000000000000e+00,1.120537400245666504e+00,-3.391374945640563965e-01,1.061596751213073730e+00,9.103509187698364258e-01,2.097436934709548950e-01,-8.954209042713046074e-04,1.000000000000000000e+00,2.564893960952758789e+00,-1.710154414176940918e-01,1.107477664947509766e+00,-6.673822999000549316e-01,3.396050631999969482e-02,6.726835668087005615e-02,1.000000000000000000e+00,2.010874748229980469e+00,-1.855354309082031250e-01,9.246979951858520508e-01,-4.334705173969268799e-01,-7.554052472114562988e-01,4.279648065567016602e-01,1.000000000000000000e+00,1.000000000000000000e+00,0.000000000000000000e+00,0.000000000000000000e+00,1.000000000000000000e+00,1.120537400245666504e+00,-3.391374945640563965e-01,1.061596751213073730e+00,9.103509187698364258e-01,2.097436934709548950e-01,-8.954209042713046074e-04,9.874299764633178711e-01,1.239956393837928772e-01,-9.801713377237319946e-02,-1.014636382460594177e-01,9.727600216865539551e-01,2.084305435419082642e-01,1.211916133761405945e-01,-1.958653777837753296e-01,9.731132984161376953e-01,-8.226941339671611786e-03,-1.195423752069473267e-01,-1.379675883799791336e-02,0.000000000000000000e+00,1.000000000000000000e+00,2.382002770900726318e-01,-2.749886214733123779e-01,1.223366379737854004e+00,-1.689304560422897339e-01,2.246381044387817383e-01,1.140081882476806641e-01,1.000000000000000000e+00,1.120537400245666504e+00,-3.391374945640563965e-01,1.061596751213073730e+00,9.103509187698364258e-01,2.097436934709548950e-01,-8.954209042713046074e-04,1.000000000000000000e+00,2.564893960952758789e+00,-1.710154414176940918e-01,1.107477664947509766e+00,-6.673822999000549316e-01,3.396050631999969482e-02,6.726835668087005615e-02,1.000000000000000000e+00,2.010874748229980469e+00,-1.855354309082031250e-01,9.246979951858520508e-01,-4.334705173969268799e-01,-7.554052472114562988e-01,4.279648065567016602e-01,1.000000000000000000e+00,1.000000000000000000e+00,0.000000000000000000e+00,0.000000000000000000e+00,1.000000000000000000e+00,2.564893960952758789e+00,-1.710154414176940918e-01,1.107477664947509766e+00,-6.673822999000549316e-01,3.396050631999969482e-02,6.726835668087005615e-02,-1.534602549126004405e-02,-2.446678225642018312e-02,3.922907751265931192e-04,1.000000000000000000e+00,2.010874748229980469e+00,-1.855354309082031250e-01,9.246979951858520508e-01,-4.334705173969268799e-01,-7.554052472114562988e-01,4.279648065567016602e-01,-1.728834471075773038e-01,-1.046956599763766427e-01,5.730053648169294161e-02,1.000000000000000000e+00,-5.058120563626289368e-02,7.522004842758178711e-02,-1.000000014901161194e-01,4.229053258895874023e-01,-1.999999731779098511e-01,-1.368466317653656006e-01,-1.000000014901161194e-01,4.070108532905578613e-01,-1.840257644653320312e-02,-2.530860900878906250e-02,4.656314849853515625e-04,4.023258090019226074e-01,-2.000000029802322388e-01,-1.350309848785400391e-01,1.000000014901161194e-01,3.711036741733551025e-01
1.540000000000000036e+00,2.348719090223312378e-01,-2.704471051692962646e-01,1.225673198699951172e+00,-1.630708128213882446e-01,2.300922572612762451e-01,1.170755699276924133e-01,9.947724342346191406e-01,9.840393811464309692e-02,2.728913910686969757e-02,-9.936100989580154419e-02,9.943904876708984375e-01,3.626532480120658875e-02,-2.356740646064281464e-02,-3.878721967339515686e-02,9.989696741104125977e-01,-8.808343112468719482e-02,3.845758140087127686e-01,1.664699241518974304e-02,1.000000000000000000e+00,0.000000000000000000e+00,2.348719090223312378e-01,-2.704471051692962646e-01,1.225673198699951172e+00,-1.630708128213882446e-01,2.300922572612762451e-01,1.170755699276924133e-01,1.000000000000000000e+00,1.138518691062927246e+00,-3.346092402935028076e-01,1.061437964439392090e+00,8.852085471153259277e-01,2.468353360891342163e-01,-1.613039895892143250e-02,1.000000000000000000e+00,2.551548957824707031e+00,-1.703111678361892700e-01,1.108831763267517090e+00,-6.671155095100402832e-01,3.675605729222297668e-02,6.825146824121475220e-02,1.000000000000000000e+00,2.002033948898315430e+00,-2.002983689308166504e-01,9.331890344619750977e-01,-4.526486694812774658e-01,-7.171345353126525879e-01,4.196096956729888916e-01,1.000000000000000000e+00,1.000000000000000000e+00,0.000000000000000000e+00,0.000000000000000000e+00,1.000000000000000000e+00,1.138518691062927246e+00,-3.346092402935028076e-01,1.061437964439392090e+00,8.852085471153259277e-01,2.468353360891342163e-01,-1.613039895892143250e-02,9.871755838394165039e-01,1.242625489830970764e-01,-1.002172231674194336e-01,-1.012426987290382385e-01,9.727022051811218262e-01,2.088077366352081299e-01,1.234284788370132446e-01,-1.959836184978485107e-01,9.728083610534667969e-01,-7.036089897155761719e-03,-1.037461981177330017e-01,-1.144818030297756195e-02,0.000000000000000000e+00,1.000000000000000000e+00,2.348719090223312378e-01,-2.704471051692962646e-01,1.225673198699951172e+00,-1.630708128213882446e-01,2.300922572612762451e-01,1.170755699276924133e-01,1.000000000000000000e+00,1.138518691062927246e+00,-3.346092402935028076e-01,1.061437964439392090e+00,8.852085471153259277e-01,2.468353360891342163e-01,-1.613039895892143250e-02,1.000000000000000000e+00,2.551548957824707031e+00,-1.703111678361892700e-01,1.108831763267517090e+00,-6.671155095100402832e-01,3.675605729222297668e-02,6.825146824121475220e-02,1.000000000000000000e+00,2.002033948898315430e+00,-2.002983689308166504e-01,9.331890344619750977e-01,-4.526486694812774658e-01,-7.171345353126525879e-01,4.196096956729888916e-01,1.000000000000000000e+00,1.000000000000000000e+00,0.000000000000000000e+00,0.000000000000000000e+00,1.000000000000000000e+00,2.551548957824707031e+00,-1.703111678361892700e-01,1.108831763267517090e+00,-6.671155095100402832e-01,3.675605729222297668e-02,6.825146824121475220e-02,-1.571742226612248342e-02,-2.458588020057295154e-02,4.031580169717718931e-04,1.000000000000000000e+00,2.002033948898315430e+00,-2.002983689308166504e-01,9.331890344619750977e-01,-4.526486694812774658e-01,-7.171345353126525879e-01,4.196096956729888916e-01,-1.768770190879397353e-01,-1.096774810665919198e-01,6.545585657139482705e-02,1.000000000000000000e+00,-5.416440591216087341e-02,8.474282175302505493e-02,-1.000000014901161194e-01,4.235842525959014893e-01,-1.999999880790710449e-01,-1.363394260406494141e-01,-1.000000014901161194e-01,4.111705422401428223e-01,-1.911664009094238281e-02,-2.533793449401855469e-02,4.844665527343750000e-04,4.025195240974426270e-01,-2.000000029802322388e-01,-1.269667148590087891e-01,1.000000014901161194e-01,3.662624657154083252e-01
1.560000000000000053e+00,2.316744625568389893e-01,-2.657948136329650879e-01,1.228045940399169922e+00,-1.556794047355651855e-01,2.357255518436431885e-01,1.206329166889190674e-01,9.945628046989440918e-01,9.799944609403610229e-02,3.522978350520133972e-02,-9.929940849542617798e-02,9.943597316741943359e-01,3.726386278867721558e-02,-3.137923404574394226e-02,-4.055954515933990479e-02,9.986844062805175781e-01,-9.250830113887786865e-02,3.984909057617187500e-01,1.827106066048145294e-02,1.000000000000000000e+00,0.000000000000000000e+00,2.316744625568389893e-01,-2.657948136329650879e-01,1.228045940399169922e+00,-1.556794047355651855e-01,2.357255518436431885e-01,1.206329166889190674e-01,1.000000000000000000e+00,1.155993580818176270e+00,-3.293368220329284668e-01,1.060994744300842285e+00,8.596482276916503906e-01,2.841776311397552490e-01,-2.915431559085845947e-02,1.000000000000000000e+00,2.538208723068237305e+00,-1.695505082607269287e-01,1.110205769538879395e+00,-6.668740510940551758e-01,3.960744291543960571e-02,6.925963610410690308e-02,1.000000000000000000e+00,1.992804288864135742e+00,-2.142998874187469482e-01,9.414773583412170410e-01,-4.723172187805175781e-01,-6.793069243431091309e-01,4.074031114578247070e-01,1.000000000000000000e+00,1.000000000000000000e+00,0.000000000000000000e+00,0.000000000000000000e+00,1.000000000000000000e+00,1.155993580818176270e+00,-3.293368220329284668e-01,1.060994744300842285e+00,8.596482276916503906e-01,2.841776311397552490e-01,-2.915431559085845947e-02,9.869547486305236816e-01,1.244779527187347412e-01,-1.021059304475784302e-01,-1.010385751724243164e-01,9.726539254188537598e-01,2.091305106878280640e-01,1.253458708524703979e-01,-1.960857063531875610e-01,9.725424647331237793e-01,-6.009303964674472809e-03,-8.737044781446456909e-02,-8.802318945527076721e-03,0.000000000000000000e+00,1.000000000000000000e+00,2.316744625568389893e-01,-2.657948136329650879e-01,1.228045940399169922e+00,-1.556794047355651855e-01,2.357255518436431885e-01,1.206329166889190674e-01,1.000000000000000000e+00,1.155993580818176270e+00,-3.293368220329284668e-01,1.060994744300842285e+00,8.596482276916503906e-01,2.841776311397552490e-01,-2.915431559085845947e-02,1.000000000000000000e+00,2.538208723068237305e+00,-1.695505082607269287e-01,1.110205769538879395e+00,-6.668740510940551758e-01,3.960744291543960571e-02,6.925963610410690308e-02,1.000000000000000000e+00,1.992804288864135742e+00,-2.142998874187469482e-01,9.414773583412170410e-01,-4.723172187805175781e-01,-6.793069243431091309e-01,4.074031114578247070e-01,1.000000000000000000e+00,1.000000000000000000e+00,0.000000000000000000e+00,0.000000000000000000e+00,1.000000000000000000e+00,2.538208723068237305e+00,-1.695505082607269287e-01,1.110205769538879395e+00,-6.668740510940551758e-01,3.960744291543960571e-02,6.925963610410690308e-02,-1.612980178116053126e-02,-2.469378600539506863e-02,4.149601727227916065e-04,1.000000000000000000e+00,1.992804288864135742e+00,-2.142998874187469482e-01,9.414773583412170410e-01,-4.723172187805175781e-01,-6.793069243431091309e-01,4.074031114578247070e-01,-1.804086101481822135e-01,-1.129609733214063105e-01,7.284661764440653053e-02,1.000000000000000000e+00,-5.904081091284751892e-02,9.378194063901901245e-02,-1.000000014901161194e-01,4.241013526916503906e-01,-2.000000029802322388e-01,-1.354014724493026733e-01,-1.000000014901161194e-01,4.148415029048919678e-01,-1.991510391235351562e-02,-2.534842491149902344e-02,5.047321319580078125e-04,4.027562737464904785e-01,-2.000000029802322388e-01,-1.162908077239990234e-01,1.000000014901161194e-01,3.631032407283782959e-01
1.580000000000000071e+00,2.286389768123626709e-01,-2.610282599925994873e-01,1.230493783950805664e+00,-1.467071324586868286e-01,2.415463477373123169e-01,1.246009618043899536e-01,9.942818880081176758e-01,9.753943979740142822e-02,4.347085580229759216e-02,-9.922342002391815186e-02,9.943230748176574707e-01,3.842427954077720642e-02,-3.947618976235389709e-02,-4.251788929104804993e-02,9.983155727386474609e-01,-1.089690476655960083e-01,4.120420217514038086e-01,2.000959031283855438e-02,1.000000000000000000e+00,0.000000000000000000e+00,2.286389768123626709e-01,-2.610282599925994873e-01,1.230493783950805664e+00,-1.467071324586868286e-01,2.415463477373123169e-01,1.246009618043899536e-01,1.000000000000000000e+00,1.172953844070434570e+00,-3.233154714107513428e-01,1.060310125350952148e+00,8.337323665618896484e-01,3.217453956604003906e-01,-4.004556313157081604e-02,1.000000000000000000e+00,2.524873256683349609e+00,-1.687322258949279785e-01,1.111600279808044434e+00,-6.666559576988220215e-01,4.252315685153007507e-02,7.030624151229858398e-02,1.000000000000000000e+00,1.983179569244384766e+00,-2.275486737489700317e-01,9.494911432266235352e-01,-4.921401739120483398e-01,-6.419009566307067871e-01,3.919279277324676514e-01,1.000000000000000000e+00,1.000000000000000000e+00,0.000000000000000000e+00,0.000000000000000000e+00,1.000000000000000000e+00,1.172953844070434570e+00,-3.233154714107513428e-01,1.060310125350952148e+00,8.337323665618896484e-01,3.217453956604003906e-01,-4.004556313157081604e-02,9.867730140686035156e-01,1.246360689401626587e-01,-1.036581173539161682e-01,-1.008509546518325806e-01,9.726155400276184082e-01,2.093997448682785034e-01,1.269182413816452026e-01,-1.961759775876998901e-01,9.723203778266906738e-01,-5.137250293046236038e-03,-6.916220486164093018e-02,-5.842973478138446808e-03,0.000000000000000000e+00,1.000000000000000000e+00,2.286389768123626709e-01,-2.610282599925994873e-01,1.230493783950805664e+00,-1.467071324586868286e-01,2.415463477373123169e-01,1.246009618043899536e-01,1.000000000000000000e+00,1.172953844070434570e+00,-3.233154714107513428e-01,1.060310125350952148e+00,8.337323665618896484e-01,3.217453956604003906e-01,-4.004556313157081604e-02,1.000000000000000000e+00,2.524873256683349609e+00,-1.687322258949279785e-01,1.111600279808044434e+00,-6.666559576988220215e-01,4.252315685153007507e-02,7.030624151229858398e-02,1.000000000000000000e+00,1.983179569244384766e+00,-2.275486737489700317e-01,9.494911432266235352e-01,-4.921401739120483398e-01,-6.419009566307067871e-01,3.919279277324676514e-01,1.000000000000000000e+00,1.000000000000000000e+00,0.000000000000000000e+00,0.000000000000000000e+00,1.000000000000000000e+00,2.524873256683349609e+00,-1.687322258949279785e-01,1.111600279808044434e+00,-6.666559576988220215e-01,4.252315685153007507e-02,7.030624151229858398e-02,-1.658956314971157114e-02,-2.478936047166047096e-02,4.279196948922762284e-04,1.000000000000000000e+00,1.983179569244384766e+00,-2.275486737489700317e-01,9.494911432266235352e-01,-4.921401739120483398e-01,-6.419009566307067871e-01,3.919279277324676514e-01,-1.835111994890260001e-01,-1.143567407259153956e-01,7.924199951467482406e-02,1.000000000000000000e+00,-6.462211161851882935e-02,1.023923158645629883e-01,-1.000000014901161194e-01,4.242300093173980713e-01,-2.000000029802322388e-01,-1.344120800495147705e-01,-1.000000014901161194e-01,4.204689562320709229e-01,-2.080488204956054688e-02,-2.533984184265136719e-02,5.271434783935546875e-04,4.030356109142303467e-01,-2.000000029802322388e-01,-1.035175323486328125e-01,1.000000014901161194e-01,3.616141378879547119e-01
1.600000000000000089e+00,2.257975339889526367e-01,-2.561432123184204102e-01,1.233023881912231445e+00,-1.361023783683776855e-01,2.476065456867218018e-01,1.288837790489196777e-01,9.939259290695190430e-01,9.700652956962585449e-02,5.197199806571006775e-02,-9.913140535354614258e-02,9.942703247070312500e-01,3.999376669526100159e-02,-4.779456183314323425e-02,-4.490289464592933655e-02,9.978474378585815430e-01,-1.360089480876922607e-01,4.194243252277374268e-01,2.176146954298019409e-02,1.000000000000000000e+00,0.000000000000000000e+00,2.257975339889526367e-01,-2.561432123184204102e-01,1.233023881912231445e+00,-1.361023783683776855e-01,2.476065456867218018e-01,1.288837790489196777e-01,1.000000000000000000e+00,1.189392805099487305e+00,-3.165408968925476074e-01,1.059426784515380859e+00,8.075228333473205566e-01,3.595290780067443848e-01,-4.880660772323608398e-02,1.000000000000000000e+00,2.511542081832885742e+00,-1.678549647331237793e-01,1.113016128540039062e+00,-6.664588451385498047e-01,4.551285877823829651e-02,7.140598446130752563e-02,1.000000000000000000e+00,1.973159432411193848e+00,-2.400527596473693848e-01,9.571706652641296387e-01,-5.117900967597961426e-01,-6.048601865768432617e-01,3.738334774971008301e-01,1.000000000000000000e+00,1.000000000000000000e+00,0.000000000000000000e+00,0.000000000000000000e+00,1.000000000000000000e+00,1.189392805099487305e+00,-3.165408968925476074e-01,1.059426784515380859e+00,8.075228333473205566e-01,3.595290780067443848e-01,-4.880660772323608398e-02,9.866356253623962402e-01,1.247332990169525146e-01,-1.048425957560539246e-01,-1.006828844547271729e-01,9.725865721702575684e-01,2.096152305603027344e-01,1.281144917011260986e-01,-1.962579786777496338e-01,9.721469283103942871e-01,-4.403221886605024338e-03,-5.026173964142799377e-02,-2.822056412696838379e-03,0.000000000000000000e+00,1.000000000000000000e+00,2.257975339889526367e-01,-2.561432123184204102e-01,1.233023881912231445e+00,-1.361023783683776855e-01,2.476065456867218018e-01,1.288837790489196777e-01,1.000000000000000000e+00,1.189392805099487305e+00,-3.165408968925476074e-01,1.059426784515380859e+00,8.075228333473205566e-01,3.595290780067443848e-01,-4.880660772323608398e-02,1.000000000000000000e+00,2.511542081832885742e+00,-1.678549647331237793e-01,1.113016128540039062e+00,-6.664588451385498047e-01,4.551285877823829651e-02,7.140598446130752563e-02,1.000000000000000000e+00,1.973159432411193848e+00,-2.400527596473693848e-01,9.571706652641296387e-01,-5.117900967597961426e-01,-6.048601865768432617e-01,3.738334774971008301e-01,1.000000000000000000e+00,1.000000000000000000e+00,0.000000000000000000e+00,0.000000000000000000e+00,1.000000000000000000e+00,2.511542081832885742e+00,-1.678549647331237793e-01,1.113016128540039062e+00,-6.664588451385498047e-01,4.551285877823829651e-02,7.140598446130752563e-02,-1.710255092746577193e-02,-2.487167729595274324e-02,4.422358223462024424e-04,1.000000000000000000e+00,1.973159432411193848e+00,-2.400527596473693848e-01,9.571706652641296387e-01,-5.117900967597961426e-01,-6.048601865768432617e-01,3.738334774971008301e-01,-1.861893618583126964e-01,-1.138234702019798039e-01,8.459627803780341015e-02,1.000000000000000000e+00,-7.067940384149551392e-02,1.106586456298828125e-01,-1.000000014901161194e-01,4.236535727977752686e-01,-2.000000029802322388e-01,-1.325549185276031494e-01,-1.000000014901161194e-01,4.263840913772583008e-01,-2.180004119873046875e-02,-2.531266212463378906e-02,5.519390106201171875e-04,4.033563137054443359e-01,-2.000000029802322388e-01,-8.920264244079589844e-02,1.000000014901161194e-01,3.617736399173736572e-01
1.620000000000000107e+00,2.231831401586532593e-01,-2.511341571807861328e-01,1.235641717910766602e+00,-1.238355562090873718e-01,2.540003657341003418e-01,1.333424746990203857e-01,9.934977889060974121e-01,9.638534486293792725e-02,6.059902906417846680e-02,-9.902283549308776855e-02,9.941927790641784668e-01,4.213509336113929749e-02,-5.618590861558914185e-02,-4.786180332303047180e-02,9.972726106643676758e-01,-1.661338955163955688e-01,4.188415706157684326e-01,2.342657372355461121e-02,1.000000000000000000e+00,0.000000000000000000e+00,2.231831401586532593e-01,-2.511341571807861328e-01,1.235641717910766602e+00,-1.238355562090873718e-01,2.540003657341003418e-01,1.333424746990203857e-01,1.000000000000000000e+00,1.205305695533752441e+00,-3.090085983276367188e-01,1.058388233184814453e+00,7.810754776000976562e-01,3.975422382354736328e-01,-5.533173307776451111e-02,1.000000000000000000e+00,2.498214483261108398e+00,-1.669172048568725586e-01,1.114454984664916992e+00,-6.662802100181579590e-01,4.858731478452682495e-02,7.257449626922607422e-02,1.000000000000000000e+00,1.962749958038330078e+00,-2.518188059329986572e-01,9.644696712493896484e-01,-5.309675335884094238e-01,-5.681067705154418945e-01,3.538090884685516357e-01,1.000000000000000000e+00,1.000000000000000000e+00,0.000000000000000000e+00,0.000000000000000000e+00,1.000000000000000000e+00,1.205305695533752441e+00,-3.090085983276367188e-01,1.058388233184814453e+00,7.810754776000976562e-01,3.975422382354736328e-01,-5.533173307776451111e-02,9.865445494651794434e-01,1.247655004262924194e-01,-1.056577637791633606e-01,-1.005306392908096313e-01,9.725668430328369141e-01,2.097794860601425171e-01,1.289324760437011719e-01,-1.963349431753158569e-01,9.720232486724853516e-01,-3.783765714615583420e-03,-3.134198114275932312e-02,5.906762089580297470e-04,0.000000000000000000e+00,1.000000000000000000e+00,2.231831401586532593e-01,-2.511341571807861328e-01,1.235641717910766602e+00,-1.238355562090873718e-01,2.540003657341003418e-01,1.333424746990203857e-01,1.000000000000000000e+00,1.205305695533752441e+00,-3.090085983276367188e-01,1.058388233184814453e+00,7.810754776000976562e-01,3.975422382354736328e-01,-5.533173307776451111e-02,1.000000000000000000e+00,2.498214483261108398e+00,-1.669172048568725586e-01,1.114454984664916992e+00,-6.662802100181579590e-01,4.858731478452682495e-02,7.257449626922607422e-02,1.000000000000000000e+00,1.962749958038330078e+00,-2.518188059329986572e-01,9.644696712493896484e-01,-5.309675335884094238e-01,-5.681067705154418945e-01,3.538090884685516357e-01,1.000000000000000000e+00,1.000000000000000000e+00,0.000000000000000000e+00,0.000000000000000000e+00,1.000000000000000000e+00,2.498214483261108398e+00,-1.669172048568725586e-01,1.114454984664916992e+00,-6.662802100181579590e-01,4.858731478452682495e-02,7.257449626922607422e-02,-1.767437337011452600e-02,-2.493994220835293874e-02,4.581088774175852418e-04,1.000000000000000000e+00,1.962749958038330078e+00,-2.518188059329986572e-01,9.644696712493896484e-01,-5.309675335884094238e-01,-5.681067705154418945e-01,3.538090884685516357e-01,-1.884580021869413646e-01,-1.114146826433564108e-01,8.897146765496244392e-02,1.000000000000000000e+00,-7.683373987674713135e-02,1.188004240393638611e-01,-1.000000014901161194e-01,4.224857389926910400e-01,-2.000000029802322388e-01,-1.302387118339538574e-01,-1.000000014901161194e-01,4.319934844970703125e-01,-2.292037010192871094e-02,-2.526760101318359375e-02,5.791187286376953125e-04,4.037150740623474121e-01,-2.000000029802322388e-01,-7.386660575866699219e-02,9.563374519348144531e-02,3.635798096656799316e-01
1.640000000000000124e+00,2.208290249109268188e-01,-2.459934055805206299e-01,1.238348841667175293e+00,-1.099121049046516418e-01,2.608378529548645020e-01,1.377934366464614868e-01,9.930041432380676270e-01,9.566858410835266113e-02,6.921285390853881836e-02,-9.889906644821166992e-02,9.940862059593200684e-01,4.485233873128890991e-02,-6.451258063316345215e-02,-5.138364434242248535e-02,9.965931773185729980e-01,-1.918470412492752075e-01,4.134732186794281006e-01,2.501659467816352844e-02,1.000000000000000000e+00,0.000000000000000000e+00,2.208290249109268188e-01,-2.459934055805206299e-01,1.238348841667175293e+00,-1.099121049046516418e-01,2.608378529548645020e-01,1.377934366464614868e-01,1.000000000000000000e+00,1.220687866210937500e+00,-3.007138669490814209e-01,1.057239770889282227e+00,7.544507384300231934e-01,4.357934892177581787e-01,-5.953902751207351685e-02,1.000000000000000000e+00,2.484890460968017578e+00,-1.659170836210250854e-01,1.115917682647705078e+00,-6.661176085472106934e-01,5.175841599702835083e-02,7.382781058549880981e-02,1.000000000000000000e+00,1.951963186264038086e+00,-2.628516554832458496e-01,9.713561534881591797e-01,-5.494067668914794922e-01,-5.315467119216918945e-01,3.325651884078979492e-01,1.000000000000000000e+00,1.000000000000000000e+00,0.000000000000000000e+00,0.000000000000000000e+00,1.000000000000000000e+00,1.220687866210937500e+00,-3.007138669490814209e-01,1.057239770889282227e+00,7.544507384300231934e-01,4.357934892177581787e-01,-5.953902751207351685e-02,9.865028262138366699e-01,1.247254461050033569e-01,-1.060935109853744507e-01,-1.003892123699188232e-01,9.725568294525146484e-01,2.098935544490814209e-01,1.293610334396362305e-01,-1.964099407196044922e-01,9.719511270523071289e-01,-3.258495591580867767e-03,-1.144887600094079971e-02,4.351338837295770645e-03,0.000000000000000000e+00,1.000000000000000000e+00,2.208290249109268188e-01,-2.459934055805206299e-01,1.238348841667175293e+00,-1.099121049046516418e-01,2.608378529548645020e-01,1.377934366464614868e-01,1.000000000000000000e+00,1.220687866210937500e+00,-3.007138669490814209e-01,1.057239770889282227e+00,7.544507384300231934e-01,4.357934892177581787e-01,-5.953902751207351685e-02,1.000000000000000000e+00,2.484890460968017578e+00,-1.659170836210250854e-01,1.115917682647705078e+00,-6.661176085472106934e-01,5.175841599702835083e-02,7.382781058549880981e-02,1.000000000000000000e+00,1.951963186264038086e+00,-2.628516554832458496e-01,9.713561534881591797e-01,-5.494067668914794922e-01,-5.315467119216918945e-01,3.325651884078979492e-01,1.000000000000000000e+00,1.000000000000000000e+00,0.000000000000000000e+00,0.000000000000000000e+00,1.000000000000000000e+00,2.484890460968017578e+00,-1.659170836210250854e-01,1.115917682647705078e+00,-6.661176085472106934e-01,5.175841599702835083e-02,7.382781058549880981e-02,-1.831149889476638842e-02,-2.499350317661330756e-02,4.757345109179470649e-04,1.000000000000000000e+00,1.951963186264038086e+00,-2.628516554832458496e-01,9.713561534881591797e-01,-5.494067668914794922e-01,-5.315467119216918945e-01,3.325651884078979492e-01,-1.903479809745376727e-01,-1.072494905551064637e-01,9.231813460437351959e-02,1.000000000000000000e+00,-8.293112367391586304e-02,1.272829622030258179e-01,-1.000000014901161194e-01,4.205903708934783936e-01,-2.000000029802322388e-01,-1.270725429058074951e-01,-1.000000014901161194e-01,4.375496506690979004e-01,-2.418923377990722656e-02,-2.520585060119628906e-02,6.098747253417968750e-04,4.041054248809814453e-01,-2.000000029802322388e-01,-5.795359611511230469e-02,8.114218711853027344e-02,3.670080006122589111e-01
1.660000000000000142e+00,2.187680602073669434e-01,-2.407112121582031250e-01,1.241143345832824707e+00,-9.436656534671783447e-02,2.682131826877593994e-01,1.420094817876815796e-01,9.924495816230773926e-01,9.485378861427307129e-02,7.776080816984176636e-02,-9.875990450382232666e-02,9.939520359039306641e-01,4.802041128277778625e-02,-7.273558527231216431e-02,-5.533748492598533630e-02,9.958149790763854980e-01,-2.093073129653930664e-01,4.101014733314514160e-01,2.695870958268642426e-02,1.000000000000000000e+00,0.000000000000000000e+00,2.187680602073669434e-01,-2.407112121582031250e-01,1.241143345832824707e+00,-9.436656534671783447e-02,2.682131826877593994e-01,1.420094817876815796e-01,1.000000000000000000e+00,1.235536456108093262e+00,-2.916519641876220703e-01,1.056028485298156738e+00,7.277188301086425781e-01,4.742828905582427979e-01,-6.138354539871215820e-02,1.000000000000000000e+00,2.471569299697875977e+00,-1.648525893688201904e-01,1.117406249046325684e+00,-6.659684181213378906e-01,5.503945797681808472e-02,7.518181204795837402e-02,1.000000000000000000e+00,1.940816164016723633e+00,-2.731543481349945068e-01,9.778113961219787598e-01,-5.668564438819885254e-01,-4.950809180736541748e-01,3.107449710369110107e-01,1.000000000000000000e+00,1.000000000000000000e+00,0.000000000000000000e+00,0.000000000000000000e+00,1.000000000000000000e+00,1.235536456108093262e+00,-2.916519641876220703e-01,1.056028485298156738e+00,7.277188301086425781e-01,4.742828905582427979e-01,-6.138354539871215820e-02,9.865150451660156250e-01,1.246047019958496094e-01,-1.061225980520248413e-01,-1.002559810876846313e-01,9.725570678710937500e-01,2.099566757678985596e-01,1.293718516826629639e-01,-1.964859664440155029e-01,9.719343781471252441e-01,-2.810789272189140320e-03,1.048956159502267838e-02,8.646005764603614807e-03,0.000000000000000000e+00,1.000000000000000000e+00,2.187680602073669434e-01,-2.407112121582031250e-01,1.241143345832824707e+00,-9.436656534671783447e-02,2.682131826877593994e-01,1.420094817876815796e-01,1.000000000000000000e+00,1.235536456108093262e+00,-2.916519641876220703e-01,1.056028485298156738e+00,7.277188301086425781e-01,4.742828905582427979e-01,-6.138354539871215820e-02,1.000000000000000000e+00,2.471569299697875977e+00,-1.648525893688201904e-01,1.117406249046325684e+00,-6.659684181213378906e-01,5.503945797681808472e-02,7.518181204795837402e-02,1.000000000000000000e+00,1.940816164016723633e+00,-2.731543481349945068e-01,9.778113961219787598e-01,-5.668564438819885254e-01,-4.950809180736541748e-01,3.107449710369110107e-01,1.000000000000000000e+00,1.000000000000000000e+00,0.000000000000000000e+00,0.000000000000000000e+00,1.000000000000000000e+00,2.471569299697875977e+00,-1.648525893688201904e-01,1.117406249046325684e+00,-6.659684181213378906e-01,5.503945797681808472e-02,7.518181204795837402e-02,-1.902248473845035565e-02,-2.503183364475347616e-02,4.953290527820522482e-04,1.000000000000000000e+00,1.940816164016723633e+00,-2.731543481349945068e-01,9.778113961219787598e-01,-5.668564438819885254e-01,-4.950809180736541748e-01,3.107449710369110107e-01,-1.919005294879293222e-01,-1.014748316017886065e-01,9.416623383120867330e-02,1.000000000000000000e+00,-8.890566974878311157e-02,1.363163590431213379e-01,-1.000000014901161194e-01,4.183353185653686523e-01,-2.000000029802322388e-01,-1.226520165801048279e-01,-1.000000014901161194e-01,4.429087042808532715e-01,-2.562880516052246094e-02,-2.512907981872558594e-02,6.442070007324218750e-04,4.045168757438659668e-01,-2.000000029802322388e-01,-4.180479049682617188e-02,6.299281120300292969e-02,3.720549345016479492e-01
1.679999999999999938e+00,2.170322835445404053e-01,-2.352762371301651001e-01,1.244017958641052246e+00,-7.723945379257202148e-02,2.761857509613037109e-01,1.457393616437911987e-01,9.918292760848999023e-01,9.393894672393798828e-02,8.631549030542373657e-02,-9.860450029373168945e-02,9.937947392463684082e-01,5.147168412804603577e-02,-8.094467967748641968e-02,-5.956220999360084534e-02,9.949374198913574219e-01,-2.202408909797668457e-01,4.133088588714599609e-01,2.939341403543949127e-02,1.000000000000000000e+00,0.000000000000000000e+00,2.170322835445404053e-01,-2.352762371301651001e-01,1.244017958641052246e+00,-7.723945379257202148e-02,2.761857509613037109e-01,1.457393616437911987e-01,1.000000000000000000e+00,1.249850034713745117e+00,-2.818181812763214111e-01,1.054801821708679199e+00,7.009625434875488281e-01,5.130047202110290527e-01,-6.084263697266578674e-02,1.000000000000000000e+00,2.458251237869262695e+00,-1.637213677167892456e-01,1.118922829627990723e+00,-6.658298373222351074e-01,5.844561755657196045e-02,7.665132731199264526e-02,1.000000000000000000e+00,1.929331064224243164e+00,-2.827277481555938721e-01,9.838296771049499512e-01,-5.830636620521545410e-01,-4.585912525653839111e-01,2.889658808708190918e-01,1.000000000000000000e+00,1.000000000000000000e+00,0.000000000000000000e+00,0.000000000000000000e+00,1.000000000000000000e+00,1.249850034713745117e+00,-2.818181812763214111e-01,1.054801821708679199e+00,7.009625434875488281e-01,5.130047202110290527e-01,-6.084263697266578674e-02,9.865887761116027832e-01,1.243894770741462708e-01,-1.056873053312301636e-01,-1.001295521855354309e-01,9.725682735443115234e-01,2.099643945693969727e-01,1.289054751396179199e-01,-1.965661048889160156e-01,9.719800353050231934e-01,-2.431445987895131111e-03,3.662300109863281250e-02,1.382072828710079193e-02,0.000000000000000000e+00,1.000000000000000000e+00,2.170322835445404053e-01,-2.352762371301651001e-01,1.244017958641052246e+00,-7.723945379257202148e-02,2.761857509613037109e-01,1.457393616437911987e-01,1.000000000000000000e+00,1.249850034713745117e+00,-2.818181812763214111e-01,1.054801821708679199e+00,7.009625434875488281e-01,5.130047202110290527e-01,-6.084263697266578674e-02,1.000000000000000000e+00,2.458251237869262695e+00,-1.637213677167892456e-01,1.118922829627990723e+00,-6.658298373222351074e-01,5.844561755657196045e-02,7.665132731199264526e-02,1.000000000000000000e+00,1.929331064224243164e+00,-2.827277481555938721e-01,9.838296771049499512e-01,-5.830636620521545410e-01,-4.585912525653839111e-01,2.889658808708190918e-01,1.000000000000000000e+00,1.000000000000000000e+00,0.000000000000000000e+00,0.000000000000000000e+00,1.000000000000000000e+00,2.458251237869262695e+00,-1.637213677167892456e-01,1.118922829627990723e+00,-6.658298373222351074e-01,5.844561755657196045e-02,7.665132731199264526e-02,-1.981875030214052397e-02,-2.505478216756062970e-02,5.171523972946380499e-04,1.000000000000000000e+00,1.929331064224243164e+00,-2.827277481555938721e-01,9.838296771049499512e-01,-5.830636620521545410e-01,-4.585912525653839111e-01,2.889658808708190918e-01,-1.931682859643265582e-01,-9.418143489037333893e-02,9.382422131791606779e-02,1.000000000000000000e+00,-9.469091147184371948e-02,1.458472907543182373e-01,-1.000000014901161194e-01,4.167061448097229004e-01,-2.000000029802322388e-01,-1.184882447123527527e-01,-1.000000014901161194e-01,4.477303624153137207e-01,-2.725815773010253906e-02,-2.503991127014160156e-02,6.825923919677734375e-04,4.049359261989593506e-01,-2.000000029802322388e-01,-2.565002441406250000e-02,4.138422012329101562e-02,3.787209391593933105e-01
1.699999999999999956e+00,2.156531214714050293e-01,-2.296761721372604370e-01,1.246961355209350586e+00,-5.855042859911918640e-02,2.847861051559448242e-01,1.487973183393478394e-01,9.911315441131591797e-01,9.291912615299224854e-02,9.499751031398773193e-02,-9.843336045742034912e-02,9.936171770095825195e-01,5.510001257061958313e-02,-8.927130699157714844e-02,-6.396228075027465820e-02,9.939515590667724609e-01,-2.285265922546386719e-01,4.223684072494506836e-01,3.209568560123443604e-02,1.000000000000000000e+00,0.000000000000000000e+00,2.156531214714050293e-01,-2.296761721372604370e-01,1.246961355209350586e+00,-5.855042859911918640e-02,2.847861051559448242e-01,1.487973183393478394e-01,1.000000000000000000e+00,1.263628959655761719e+00,-2.712079584598541260e-01,1.053607225418090820e+00,6.742867827415466309e-01,5.519430637359619141e-01,-5.793222784996032715e-02,1.000000000000000000e+00,2.444935798645019531e+00,-1.625207662582397461e-01,1.120470046997070312e+00,-6.656991243362426758e-01,6.199445202946662903e-02,7.824903726577758789e-02,1.000000000000000000e+00,1.917534708976745605e+00,-2.915700674057006836e-01,9.894174933433532715e-01,-5.977674126625061035e-01,-4.219335019588470459e-01,2.678913474082946777e-01,1.000000000000000000e+00,1.000000000000000000e+00,0.000000000000000000e+00,0.000000000000000000e+00,1.000000000000000000e+00,1.263628959655761719e+00,-2.712079584598541260e-01,1.053607225418090820e+00,6.742867827415466309e-01,5.519430637359619141e-01,-5.793222784996032715e-02,9.867337942123413086e-01,1.240693628787994385e-01,-1.047061383724212646e-01,-1.000168174505233765e-01,9.725916981697082520e-01,2.099099159240722656e-01,1.278797090053558350e-01,-1.966528296470642090e-01,9.720980525016784668e-01,-2.114778384566307068e-03,6.522359699010848999e-02,1.914648525416851044e-02,0.000000000000000000e+00,1.000000000000000000e+00,2.156531214714050293e-01,-2.296761721372604370e-01,1.246961355209350586e+00,-5.855042859911918640e-02,2.847861051559448242e-01,1.487973183393478394e-01,1.000000000000000000e+00,1.263628959655761719e+00,-2.712079584598541260e-01,1.053607225418090820e+00,6.742867827415466309e-01,5.519430637359619141e-01,-5.793222784996032715e-02,1.000000000000000000e+00,2.444935798645019531e+00,-1.625207662582397461e-01,1.120470046997070312e+00,-6.656991243362426758e-01,6.199445202946662903e-02,7.824903726577758789e-02,1.000000000000000000e+00,1.917534708976745605e+00,-2.915700674057006836e-01,9.894174933433532715e-01,-5.977674126625061035e-01,-4.219335019588470459e-01,2.678913474082946777e-01,1.000000000000000000e+00,1.000000000000000000e+00,0.000000000000000000e+00,0.000000000000000000e+00,1.000000000000000000e+00,2.444935798645019531e+00,-1.625207662582397461e-01,1.120470046997070312e+00,-6.656991243362426758e-01,6.199445202946662903e-02,7.824903726577758789e-02,-2.071407315700717067e-02,-2.506248621738405014e-02,5.414914742371459283e-04,1.000000000000000000e+00,1.917534708976745605e+00,-2.915700674057006836e-01,9.894174933433532715e-01,-5.977674126625061035e-01,-4.219335019588470459e-01,2.678913474082946777e-01,-1.941701608832607229e-01,-8.549620315963757378e-02,9.076330650683922530e-02,1.000000000000000000e+00,-9.988802671432495117e-02,1.558006554841995239e-01,-1.000000014901161194e-01,4.149602651596069336e-01,-2.000000029802322388e-01,-1.132870838046073914e-01,-1.000000014901161194e-01,4.515986740589141846e-01,-2.909564971923828125e-02,-2.494025230407714844e-02,7.257461547851562500e-04,4.053507149219512939e-01,-2.000000029802322388e-01,-9.616613388061523438e-03,1.652693748474121094e-02,3.869217634201049805e-01
1.719999999999999973e+00,2.146618068218231201e-01,-2.238983213901519775e-01,1.249958992004394531e+00,-3.829403221607208252e-02,2.940318286418914795e-01,1.510742455720901489e-01,9.903440475463867188e-01,9.178900718688964844e-02,1.038924157619476318e-01,-9.824852645397186279e-02,9.934199452400207520e-01,5.885716527700424194e-02,-9.780634939670562744e-02,-6.849611550569534302e-02,9.928455948829650879e-01,-2.346887141466140747e-01,4.343014359474182129e-01,3.501741588115692139e-02,1.000000000000000000e+00,0.000000000000000000e+00,2.146618068218231201e-01,-2.238983213901519775e-01,1.249958992004394531e+00,-3.829403221607208252e-02,2.940318286418914795e-01,1.510742455720901489e-01,1.000000000000000000e+00,1.276876091957092285e+00,-2.598172724246978760e-01,1.052491545677185059e+00,6.478173136711120605e-01,5.910660028457641602e-01,-5.273408442735671997e-02,1.000000000000000000e+00,2.431622982025146484e+00,-1.612477451562881470e-01,1.122050404548645020e+00,-6.655736565589904785e-01,6.570628285408020020e-02,7.998466491699218750e-02,1.000000000000000000e+00,1.905459880828857422e+00,-2.996765971183776855e-01,9.945953488349914551e-01,-6.107097864151000977e-01,-3.849581778049468994e-01,2.482194006443023682e-01,1.000000000000000000e+00,1.000000000000000000e+00,0.000000000000000000e+00,0.000000000000000000e+00,1.000000000000000000e+00,1.276876091957092285e+00,-2.598172724246978760e-01,1.052491545677185059e+00,6.478173136711120605e-01,5.910660028457641602e-01,-5.273408442735671997e-02,9.869498610496520996e-01,1.236388683319091797e-01,-1.031682863831520081e-01,-9.991443157196044922e-02,9.726274013519287109e-01,2.097933739423751831e-01,1.262829005718231201e-01,-1.967475265264511108e-01,9.722876548767089844e-01,-1.849840162321925163e-03,9.291391074657440186e-02,2.487964183092117310e-02,0.000000000000000000e+00,1.000000000000000000e+00,2.146618068218231201e-01,-2.238983213901519775e-01,1.249958992004394531e+00,-3.829403221607208252e-02,2.940318286418914795e-01,1.510742455720901489e-01,1.000000000000000000e+00,1.276876091957092285e+00,-2.598172724246978760e-01,1.052491545677185059e+00,6.478173136711120605e-01,5.910660028457641602e-01,-5.273408442735671997e-02,1.000000000000000000e+00,2.431622982025146484e+00,-1.612477451562881470e-01,1.122050404548645020e+00,-6.655736565589904785e-01,6.570628285408020020e-02,7.998466491699218750e-02,1.000000000000000000e+00,1.905459880828857422e+00,-2.996765971183776855e-01,9.945953488349914551e-01,-6.107097864151000977e-01,-3.849581778049468994e-01,2.482194006443023682e-01,1.000000000000000000e+00,1.000000000000000000e+00,0.000000000000000000e+00,0.000000000000000000e+00,1.000000000000000000e+00,2.431622982025146484e+00,-1.612477451562881470e-01,1.122050404548645020e+00,-6.655736565589904785e-01,6.570628285408020020e-02,7.998466491699218750e-02,-2.172338830945578364e-02,-2.505539909446752311e-02,5.686725369547090958e-04,1.000000000000000000e+00,1.905459880828857422e+00,-2.996765971183776855e-01,9.945953488349914551e-01,-6.107097864151000977e-01,-3.849581778049468994e-01,2.482194006443023682e-01,-1.948907381314676501e-01,-7.566570282546480897e-02,8.461675060360016043e-02,1.000000000000000000e+00,-1.049968823790550232e-01,1.666778624057769775e-01,-1.000000014901161194e-01,4.144111573696136475e-01,-2.000000029802322388e-01,-1.081248894333839417e-01,-1.000000014901161194e-01,4.544275403022766113e-01,-3.116035461425781250e-02,-2.483057975769042969e-02,7.739067077636718750e-04,4.057525396347045898e-01,-2.000000029802322388e-01,6.255626678466796875e-03,-1.139378547668457031e-02,3.964435458183288574e-01
1.739999999999999991e+00,2.140899002552032471e-01,-2.179296761751174927e-01,1.252995014190673828e+00,-1.644636504352092743e-02,3.039344549179077148e-01,1.525453031063079834e-01,9.894568324089050293e-01,9.054655581712722778e-02,1.130337268114089966e-01,-9.805052727460861206e-02,9.932053685188293457e-01,6.268426030874252319e-02,-1.065898537635803223e-01,-7.310638576745986938e-02,9.916118979454040527e-01,-2.377564013004302979e-01,4.481368064880371094e-01,3.823353722691535950e-02,1.000000000000000000e+00,0.000000000000000000e+00,2.140899002552032471e-01,-2.179296761751174927e-01,1.252995014190673828e+00,-1.644636504352092743e-02,3.039344549179077148e-01,1.525453031063079834e-01,1.000000000000000000e+00,1.289596557617187500e+00,-2.476428002119064331e-01,1.051499247550964355e+00,6.216888427734375000e-01,6.303250789642333984e-01,-4.540797322988510132e-02,1.000000000000000000e+00,2.418312549591064453e+00,-1.598988771438598633e-01,1.123666763305664062e+00,-6.654505729675292969e-01,6.960422545671463013e-02,8.186443150043487549e-02,1.000000000000000000e+00,1.893143653869628906e+00,-3.070398271083831787e-01,9.993973970413208008e-01,-6.216435432434082031e-01,-3.475309014320373535e-01,2.306430786848068237e-01,1.000000000000000000e+00,1.000000000000000000e+00,0.000000000000000000e+00,0.000000000000000000e+00,1.000000000000000000e+00,1.289596557617187500e+00,-2.476428002119064331e-01,1.051499247550964355e+00,6.216888427734375000e-01,6.303250789642333984e-01,-4.540797322988510132e-02,9.872316122055053711e-01,1.230946481227874756e-01,-1.011020466685295105e-01,-9.981271624565124512e-02,9.726754426956176758e-01,2.096187174320220947e-01,1.241424158215522766e-01,-1.968509256839752197e-01,9.725422859191894531e-01,-1.622031326405704021e-03,1.181714385747909546e-01,3.052729554474353790e-02,0.000000000000000000e+00,1.000000000000000000e+00,2.140899002552032471e-01,-2.179296761751174927e-01,1.252995014190673828e+00,-1.644636504352092743e-02,3.039344549179077148e-01,1.525453031063079834e-01,1.000000000000000000e+00,1.289596557617187500e+00,-2.476428002119064331e-01,1.051499247550964355e+00,6.216888427734375000e-01,6.303250789642333984e-01,-4.540797322988510132e-02,1.000000000000000000e+00,2.418312549591064453e+00,-1.598988771438598633e-01,1.123666763305664062e+00,-6.654505729675292969e-01,6.960422545671463013e-02,8.186443150043487549e-02,1.000000000000000000e+00,1.893143653869628906e+00,-3.070398271083831787e-01,9.993973970413208008e-01,-6.216435432434082031e-01,-3.475309014320373535e-01,2.306430786848068237e-01,1.000000000000000000e+00,1.000000000000000000e+00,0.000000000000000000e+00,0.000000000000000000e+00,1.000000000000000000e+00,2.418312549591064453e+00,-1.598988771438598633e-01,1.123666763305664062e+00,-6.654505729675292969e-01,6.960422545671463013e-02,8.186443150043487549e-02,-2.286181309512052076e-02,-2.503421405340700012e-02,5.990601168836401369e-04,1.000000000000000000e+00,1.893143653869628906e+00,-3.070398271083831787e-01,9.993973970413208008e-01,-6.216435432434082031e-01,-3.475309014320373535e-01,2.306430786848068237e-01,-1.953274959988784143e-01,-6.497999425168998755e-02,7.515304964780492036e-02,1.000000000000000000e+00,-1.105534955859184265e-01,1.783930659294128418e-01,-1.000000014901161194e-01,4.147922694683074951e-01,-1.999999880790710449e-01,-1.006837487220764160e-01,-1.000000014901161194e-01,4.545053243637084961e-01,-3.347301483154296875e-02,-2.471113204956054688e-02,8.273124694824218750e-04,4.061370491981506348e-01,-2.000000029802322388e-01,2.198839187622070312e-02,-4.223990440368652344e-02,4.069481790065765381e-01
1.760000000000000009e+00,2.139695882797241211e-01,-2.117569893598556519e-01,1.256053686141967773e+00,7.037842180579900742e-03,3.145015537738800049e-01,1.533154994249343872e-01,9.884572029113769531e-01,8.918796479701995850e-02,1.224656701087951660e-01,-9.783865511417388916e-02,9.929758906364440918e-01,6.653151661157608032e-02,-1.156716495752334595e-01,-7.774543017148971558e-02,9.902402162551879883e-01,-2.403362691402435303e-01,4.653339684009552002e-01,4.184738174080848694e-02,1.000000000000000000e+00,0.000000000000000000e+00,2.139695882797241211e-01,-2.117569893598556519e-01,1.256053686141967773e+00,7.037842180579900742e-03,3.145015537738800049e-01,1.533154994249343872e-01,1.000000000000000000e+00,1.301798582077026367e+00,-2.346824705600738525e-01,1.050670742988586426e+00,5.960442423820495605e-01,6.696423888206481934e-01,-3.625636920332908630e-02,1.000000000000000000e+00,2.405004739761352539e+00,-1.584701985120773315e-01,1.125321984291076660e+00,-6.653273701667785645e-01,7.371422648429870605e-02,8.389114588499069214e-02,1.000000000000000000e+00,1.880628824234008789e+00,-3.136495649814605713e-01,1.003871679306030273e+00,-6.303279399871826172e-01,-3.095439672470092773e-01,2.158045321702957153e-01,1.000000000000000000e+00,1.000000000000000000e+00,0.000000000000000000e+00,0.000000000000000000e+00,1.000000000000000000e+00,1.301798582077026367e+00,-2.346824705600738525e-01,1.050670742988586426e+00,5.960442423820495605e-01,6.696423888206481934e-01,-3.625636920332908630e-02,9.875733256340026855e-01,1.224283427000045776e-01,-9.854111075401306152e-02,-9.969589114189147949e-02,9.727366566658020020e-01,2.093901038169860840e-01,1.214898228645324707e-01,-1.969639360904693604e-01,9.728543162345886230e-01,-1.418384257704019547e-03,1.446965187788009644e-01,3.715031594038009644e-02,0.000000000000000000e+00,1.000000000000000000e+00,2.139695882797241211e-01,-2.117569893598556519e-01,1.256053686141967773e+00,7.037842180579900742e-03,3.145015537738800049e-01,1.533154994249343872e-01,1.000000000000000000e+00,1.301798582077026367e+00,-2.346824705600738525e-01,1.050670742988586426e+00,5.960442423820495605e-01,6.696423888206481934e-01,-3.625636920332908630e-02,1.000000000000000000e+00,2.405004739761352539e+00,-1.584701985120773315e-01,1.125321984291076660e+00,-6.653273701667785645e-01,7.371422648429870605e-02,8.389114588499069214e-02,1.000000000000000000e+00,1.880628824234008789e+00,-3.136495649814605713e-01,1.003871679306030273e+00,-6.303279399871826172e-01,-3.095439672470092773e-01,2.158045321702957153e-01,1.000000000000000000e+00,1.000000000000000000e+00,0.000000000000000000e+00,0.000000000000000000e+00,1.000000000000000000e+00,2.405004739761352539e+00,-1.584701985120773315e-01,1.125321984291076660e+00,-6.653273701667785645e-01,7.371422648429870605e-02,8.389114588499069214e-02,-2.414437529016172368e-02,-2.499969421891834465e-02,6.330362022137839273e-04,1.000000000000000000e+00,1.880628824234008789e+00,-3.136495649814605713e-01,1.003871679306030273e+00,-6.303279399871826172e-01,-3.095439672470092773e-01,2.158045321702957153e-01,-1.955179112944709918e-01,-5.368032056146443409e-02,6.223575373263286192e-02,1.000000000000000000e+00,-1.169952973723411560e-01,1.905771642923355103e-01,-1.000000014901161194e-01,4.158238768577575684e-01,-1.999999880790710449e-01,-9.324689954519271851e-02,-1.000000014901161194e-01,4.538066685199737549e-01,-3.605723381042480469e-02,-2.458024024963378906e-02,8.866786956787109375e-04,4.065080881118774414e-01,-2.000000029802322388e-01,3.763508796691894531e-02,-7.592439651489257812e-02,4.179640412330627441e-01
1.780000000000000027e+00,2.143341600894927979e-01,-2.053669244050979614e-01,1.259122848510742188e+00,3.222600743174552917e-02,3.257423639297485352e-01,1.535468846559524536e-01,9.873282313346862793e-01,8.769834786653518677e-02,1.322581171989440918e-01,-9.761213511228561401e-02,9.927296638488769531e-01,7.042638957500457764e-02,-1.251202523708343506e-01,-8.244395256042480469e-02,9.887103438377380371e-01,-2.474271208047866821e-01,4.855765700340270996e-01,4.594415053725242615e-02,1.000000000000000000e+00,0.000000000000000000e+00,2.143341600894927979e-01,-2.053669244050979614e-01,1.259122848510742188e+00,3.222600743174552917e-02,3.257423639297485352e-01,1.535468846559524536e-01,1.000000000000000000e+00,1.313493251800537109e+00,-2.209359854459762573e-01,1.050038814544677734e+00,5.710406303405761719e-01,7.089158892631530762e-01,-2.569207362830638885e-02,1.000000000000000000e+00,2.391699314117431641e+00,-1.569571793079376221e-01,1.127019047737121582e+00,-6.652015447616577148e-01,7.806505262851715088e-02,8.606474101543426514e-02,1.000000000000000000e+00,1.867962241172790527e+00,-3.194939792156219482e-01,1.008077859878540039e+00,-6.365159153938293457e-01,-2.709275782108306885e-01,2.042424976825714111e-01,1.000000000000000000e+00,1.000000000000000000e+00,0.000000000000000000e+00,0.000000000000000000e+00,1.000000000000000000e+00,1.313493251800537109e+00,-2.209359854459762573e-01,1.050038814544677734e+00,5.710406303405761719e-01,7.089158892631530762e-01,-2.569207362830638885e-02,9.879800081253051758e-01,1.216268092393875122e-01,-9.540728479623794556e-02,-9.956714510917663574e-02,9.728121757507324219e-01,2.091003358364105225e-01,1.182455644011497498e-01,-1.970874965190887451e-01,9.732289314270019531e-01,-1.245412859134376049e-03,1.764256656169891357e-01,4.406759887933731079e-02,0.000000000000000000e+00,1.000000000000000000e+00,2.143341600894927979e-01,-2.053669244050979614e-01,1.259122848510742188e+00,3.222600743174552917e-02,3.257423639297485352e-01,1.535468846559524536e-01,1.000000000000000000e+00,1.313493251800537109e+00,-2.209359854459762573e-01,1.050038814544677734e+00,5.710406303405761719e-01,7.089158892631530762e-01,-2.569207362830638885e-02,1.000000000000000000e+00,2.391699314117431641e+00,-1.569571793079376221e-01,1.127019047737121582e+00,-6.652015447616577148e-01,7.806505262851715088e-02,8.606474101543426514e-02,1.000000000000000000e+00,1.867962241172790527e+00,-3.194939792156219482e-01,1.008077859878540039e+00,-6.365159153938293457e-01,-2.709275782108306885e-01,2.042424976825714111e-01,1.000000000000000000e+00,1.000000000000000000e+00,0.000000000000000000e+00,0.000000000000000000e+00,1.000000000000000000e+00,2.391699314117431641e+00,-1.569571793079376221e-01,1.127019047737121582e+00,-6.652015447616577148e-01,7.806505262851715088e-02,8.606474101543426514e-02,-2.558657562105589450e-02,-2.495246953003626977e-02,6.709991487858033704e-04,1.000000000000000000e+00,1.867962241172790527e+00,-3.194939792156219482e-01,1.008077859878540039e+00,-6.365159153938293457e-01,-2.709275782108306885e-01,2.042424976825714111e-01,-1.955035349513086773e-01,-4.194425340171448191e-02,4.579195370723841696e-02,1.000000000000000000e+00,-1.231189295649528503e-01,1.997828036546707153e-01,-1.000000014901161194e-01,4.174808859825134277e-01,-1.999999880790710449e-01,-8.603457361459732056e-02,-1.000000014901161194e-01,4.474286735057830811e-01,-3.894042968750000000e-02,-2.443432807922363281e-02,9.517669677734375000e-04,4.068749248981475830e-01,-2.000000029802322388e-01,5.325794219970703125e-02,-1.000000014901161194e-01,4.289050102233886719e-01
1.800000000000000044e+00,2.152184396982192993e-01,-1.987458169460296631e-01,1.262193083763122559e+00,5.920443683862686157e-02,3.376837670803070068e-01,1.534203588962554932e-01,9.860600829124450684e-01,8.605873584747314453e-02,1.424059718847274780e-01,-9.737244248390197754e-02,9.924577474594116211e-01,7.447315007448196411e-02,-1.349228471517562866e-01,-8.730141073465347290e-02,9.870027303695678711e-01,-2.586246728897094727e-01,4.976333081722259521e-01,4.937685281038284302e-02,1.000000000000000000e+00,0.000000000000000000e+00,2.152184396982192993e-01,-1.987458169460296631e-01,1.262193083763122559e+00,5.920443683862686157e-02,3.376837670803070068e-01,1.534203588962554932e-01,1.000000000000000000e+00,1.324694871902465820e+00,-2.064054459333419800e-01,1.049626827239990234e+00,5.468714237213134766e-01,7.479978203773498535e-01,-1.433403789997100830e-02,1.000000000000000000e+00,2.378396511077880859e+00,-1.553547531366348267e-01,1.128761053085327148e+00,-6.650706529617309570e-01,8.268851786851882935e-02,8.838347345590591431e-02,1.000000000000000000e+00,1.855196356773376465e+00,-3.245601952075958252e-01,1.012085676193237305e+00,-6.399500370025634766e-01,-2.316577285528182983e-01,1.963916420936584473e-01,1.000000000000000000e+00,1.000000000000000000e+00,0.000000000000000000e+00,0.000000000000000000e+00,1.000000000000000000e+00,1.324694871902465820e+00,-2.064054459333419800e-01,1.049626827239990234e+00,5.468714237213134766e-01,7.479978203773498535e-01,-1.433403789997100830e-02,9.884523153305053711e-01,1.206901296973228455e-01,-9.163074195384979248e-02,-9.944065660238265991e-02,9.729018807411193848e-01,2.087433189153671265e-01,1.143409609794616699e-01,-1.972209662199020386e-01,9.736684560775756836e-01,-1.100733061321079731e-03,2.084129154682159424e-01,5.063572153449058533e-02,0.000000000000000000e+00,1.000000000000000000e+00,2.152184396982192993e-01,-1.987458169460296631e-01,1.262193083763122559e+00,5.920443683862686157e-02,3.376837670803070068e-01,1.534203588962554932e-01,1.000000000000000000e+00,1.324694871902465820e+00,-2.064054459333419800e-01,1.049626827239990234e+00,5.468714237213134766e-01,7.479978203773498535e-01,-1.433403789997100830e-02,1.000000000000000000e+00,2.378396511077880859e+00,-1.553547531366348267e-01,1.128761053085327148e+00,-6.650706529617309570e-01,8.268851786851882935e-02,8.838347345590591431e-02,1.000000000000000000e+00,1.855196356773376465e+00,-3.245601952075958252e-01,1.012085676193237305e+00,-6.399500370025634766e-01,-2.316577285528182983e-01,1.963916420936584473e-01,1.000000000000000000e+00,1.000000000000000000e+00,0.000000000000000000e+00,0.000000000000000000e+00,1.000000000000000000e+00,2.378396511077880859e+00,-1.553547531366348267e-01,1.128761053085327148e+00,-6.650706529617309570e-01,8.268851786851882935e-02,8.838347345590591431e-02,-2.720511777493413857e-02,-2.489282393562564089e-02,7.133525048694955989e-04,1.000000000000000000e+00,1.855196356773376465e+00,-3.245601952075958252e-01,1.012085676193237305e+00,-6.399500370025634766e-01,-2.316577285528182983e-01,1.963916420936584473e-01,-1.953254150277131396e-01,-2.985284450963843206e-02,2.617094060293734259e-02,1.000000000000000000e+00,-1.297385245561599731e-01,1.997963786125183105e-01,-9.999999403953552246e-02,4.180721938610076904e-01,-2.000000029802322388e-01,-7.758206129074096680e-02,-1.000000014901161194e-01,4.350317418575286865e-01,-4.215574264526367188e-02,-2.426886558532714844e-02,1.023530960083007812e-03,4.072497487068176270e-01,-2.000000029802322388e-01,6.889796257019042969e-02,-1.000000014901161194e-01,4.390027821063995361e-01
1.820000000000000062e+00,2.166588455438613892e-01,-1.918792724609375000e-01,1.265258193016052246e+00,8.801805227994918823e-02,3.503656685352325439e-01,1.530034691095352173e-01,9.847017526626586914e-01,8.429814875125885010e-02,1.525000929832458496e-01,-9.713236987590789795e-02,9.921507835388183594e-01,7.875365763902664185e-02,-1.446642875671386719e-01,-9.236156195402145386e-02,9.851607084274291992e-01,-2.699663937091827393e-01,4.686309397220611572e-01,4.912924021482467651e-02,1.000000000000000000e+00,0.000000000000000000e+00,2.166588455438613892e-01,-1.918792724609375000e-01,1.265258193016052246e+00,8.801805227994918823e-02,3.503656685352325439e-01,1.530034691095352173e-01,1.000000000000000000e+00,1.335422515869140625e+00,-1.910968422889709473e-01,1.049440860748291016e+00,5.237810015678405762e-01,7.866182923316955566e-01,-3.372806357219815254e-03,1.000000000000000000e+00,2.365096330642700195e+00,-1.536571383476257324e-01,1.130550622940063477e+00,-6.649322509765625000e-01,8.761966228485107422e-02,9.084531664848327637e-02,1.000000000000000000e+00,1.842388272285461426e+00,-3.288353681564331055e-01,1.015971779823303223e+00,-6.403777599334716797e-01,-1.917782276868820190e-01,1.924826353788375854e-01,1.000000000000000000e+00,1.000000000000000000e+00,0.000000000000000000e+00,0.000000000000000000e+00,1.000000000000000000e+00,1.335422515869140625e+00,-1.910968422889709473e-01,1.049440860748291016e+00,5.237810015678405762e-01,7.866182923316955566e-01,-3.372806357219815254e-03,9.889799356460571289e-01,1.196162104606628418e-01,-8.724066615104675293e-02,-9.930744767189025879e-02,9.730057120323181152e-01,2.083223760128021240e-01,1.098043769598007202e-01,-1.973629593849182129e-01,9.741617441177368164e-01,-9.478472638875246048e-04,2.379630208015441895e-01,5.737347155809402466e-02,0.000000000000000000e+00,1.000000000000000000e+00,2.166588455438613892e-01,-1.918792724609375000e-01,1.265258193016052246e+00,8.801805227994918823e-02,3.503656685352325439e-01,1.530034691095352173e-01,1.000000000000000000e+00,1.335422515869140625e+00,-1.910968422889709473e-01,1.049440860748291016e+00,5.237810015678405762e-01,7.866182923316955566e-01,-3.372806357219815254e-03,1.000000000000000000e+00,2.365096330642700195e+00,-1.536571383476257324e-01,1.130550622940063477e+00,-6.649322509765625000e-01,8.761966228485107422e-02,9.084531664848327637e-02,1.000000000000000000e+00,1.842388272285461426e+00,-3.288353681564331055e-01,1.015971779823303223e+00,-6.403777599334716797e-01,-1.917782276868820190e-01,1.924826353788375854e-01,1.000000000000000000e+00,1.000000000000000000e+00,0.000000000000000000e+00,0.000000000000000000e+00,1.000000000000000000e+00,2.365096330642700195e+00,-1.536571383476257324e-01,1.130550622940063477e+00,-6.649322509765625000e-01,8.761966228485107422e-02,9.084531664848327637e-02,-2.901860124055297835e-02,-2.482039970622929026e-02,7.604952810229773791e-04,1.000000000000000000e+00,1.842388272285461426e+00,-3.288353681564331055e-01,1.015971779823303223e+00,-6.403777599334716797e-01,-1.917782276868820190e-01,1.924826353788375854e-01,-1.950865755971315507e-01,-1.743665358470680715e-02,4.820447817645512334e-03,1.000000000000000000e+00,-1.365008056163787842e-01,1.999996304512023926e-01,-1.000000014901161194e-01,4.150625169277191162e-01,-2.000000029802322388e-01,-6.744179129600524902e-02,-1.000000014901161194e-01,4.215232729911804199e-01,-4.574131965637207031e-02,-2.408051490783691406e-02,1.102209091186523438e-03,4.076382219791412354e-01,-2.000000029802322388e-01,8.451461791992187500e-02,-1.000000014901161194e-01,4.471633136272430420e-01
1.840000000000000080e+00,2.186913043260574341e-01,-1.847521513700485229e-01,1.268311381340026855e+00,1.185334697365760803e-01,3.638245165348052979e-01,1.521336883306503296e-01,9.834129214286804199e-01,8.248692005872726440e-02,1.615393608808517456e-01,-9.688156098127365112e-02,9.917998909950256348e-01,8.334849029779434204e-02,-1.533395498991012573e-01,-9.761617332696914673e-02,9.833402633666992188e-01,-2.795706987380981445e-01,3.899604082107543945e-01,4.618130996823310852e-02,1.000000000000000000e+00,0.000000000000000000e+00,2.186913043260574341e-01,-1.847521513700485229e-01,1.268311381340026855e+00,1.185334697365760803e-01,3.638245165348052979e-01,1.521336883306503296e-01,1.000000000000000000e+00,1.345699906349182129e+00,-1.750223934650421143e-01,1.049459695816040039e+00,5.020121932029724121e-01,8.244525194168090820e-01,5.726969800889492035e-03,1.000000000000000000e+00,2.351799011230468750e+00,-1.518578529357910156e-01,1.132390618324279785e+00,-6.647837162017822266e-01,9.289733320474624634e-02,9.344878792762756348e-02,1.000000000000000000e+00,1.829600095748901367e+00,-3.323083519935607910e-01,1.019814372062683105e+00,-6.376165151596069336e-01,-1.514101028442382812e-01,1.923771053552627563e-01,1.000000000000000000e+00,1.000000000000000000e+00,0.000000000000000000e+00,0.000000000000000000e+00,1.000000000000000000e+00,1.345699906349182129e+00,-1.750223934650421143e-01,1.049459695816040039e+00,5.020121932029724121e-01,8.244525194168090820e-01,5.726969800889492035e-03,9.895515441894531250e-01,1.183999627828598022e-01,-8.227644115686416626e-02,-9.915336966514587402e-02,9.731240868568420410e-01,2.078419178724288940e-01,1.046736612915992737e-01,-1.975122839212417603e-01,9.746960997581481934e-01,-8.250897517427802086e-04,2.681460082530975342e-01,6.482115387916564941e-02,0.000000000000000000e+00,1.000000000000000000e+00,2.186913043260574341e-01,-1.847521513700485229e-01,1.268311381340026855e+00,1.185334697365760803e-01,3.638245165348052979e-01,1.521336883306503296e-01,1.000000000000000000e+00,1.345699906349182129e+00,-1.750223934650421143e-01,1.049459695816040039e+00,5.020121932029724121e-01,8.244525194168090820e-01,5.726969800889492035e-03,1.000000000000000000e+00,2.351799011230468750e+00,-1.518578529357910156e-01,1.132390618324279785e+00,-6.647837162017822266e-01,9.289733320474624634e-02,9.344878792762756348e-02,1.000000000000000000e+00,1.829600095748901367e+00,-3.323083519935607910e-01,1.019814372062683105e+00,-6.376165151596069336e-01,-1.514101028442382812e-01,1.923771053552627563e-01,1.000000000000000000e+00,1.000000000000000000e+00,0.000000000000000000e+00,0.000000000000000000e+00,1.000000000000000000e+00,2.351799011230468750e+00,-1.518578529357910156e-01,1.132390618324279785e+00,-6.647837162017822266e-01,9.289733320474624634e-02,9.344878792762756348e-02,-3.104799264772230283e-02,-2.473413106981414700e-02,8.128399952477688428e-04,1.000000000000000000e+00,1.829600095748901367e+00,-3.323083519935607910e-01,1.019814372062683105e+00,-6.376165151596069336e-01,-1.514101028442382812e-01,1.923771053552627563e-01,-1.950108413774021554e-01,-4.929840820113273736e-03,-1.627397209852995963e-02,1.000000000000000000e+00,-1.415009647607803345e-01,1.999994665384292603e-01,-1.000000014901161194e-01,4.082164764404296875e-01,-1.999999433755874634e-01,-5.916568264365196228e-02,-1.000000014901161194e-01,4.079111814498901367e-01,-4.972910881042480469e-02,-2.386832237243652344e-02,1.187801361083984375e-03,4.080258011817932129e-01,-2.000000029802322388e-01,9.999060630798339844e-02,-1.000000014901161194e-01,4.522958099842071533e-01
1.860000000000000098e+00,2.213467210531234741e-01,-1.773487031459808350e-01,1.271339893341064453e+00,1.503671258687973022e-01,3.780739903450012207e-01,1.503133922815322876e-01,9.823299646377563477e-01,8.069311827421188354e-02,1.688679009675979614e-01,-9.661128371953964233e-02,9.914008975028991699e-01,8.826389163732528687e-02,-1.602935045957565308e-01,-1.030188128352165222e-01,9.816787242889404297e-01,-2.834027111530303955e-01,3.028891086578369141e-01,4.067208617925643921e-02,1.000000000000000000e+00,0.000000000000000000e+00,2.213467210531234741e-01,-1.773487031459808350e-01,1.271339893341064453e+00,1.503671258687973022e-01,3.780739903450012207e-01,1.503133922815322876e-01,1.000000000000000000e+00,1.355555057525634766e+00,-1.582003384828567505e-01,1.049634456634521484e+00,4.817586243152618408e-01,8.612391352653503418e-01,1.178100146353244781e-02,1.000000000000000000e+00,2.338504791259765625e+00,-1.499495804309844971e-01,1.134284019470214844e+00,-6.646225452423095703e-01,9.856459498405456543e-02,9.619225561618804932e-02,1.000000000000000000e+00,1.816896438598632812e+00,-3.349705338478088379e-01,1.023686408996582031e+00,-6.316080093383789062e-01,-1.106909811496734619e-01,1.956966370344161987e-01,1.000000000000000000e+00,1.000000000000000000e+00,0.000000000000000000e+00,0.000000000000000000e+00,1.000000000000000000e+00,1.355555057525634766e+00,-1.582003384828567505e-01,1.049634456634521484e+00,4.817586243152618408e-01,8.612391352653503418e-01,1.178100146353244781e-02,9.901594519615173340e-01,1.170496270060539246e-01,-7.670621573925018311e-02,-9.899225085973739624e-02,9.732561707496643066e-01,2.072995156049728394e-01,9.891912341117858887e-02,-1.976662427186965942e-01,9.752657413482666016e-01,-6.991520058363676071e-04,2.964112162590026855e-01,7.068273425102233887e-02,0.000000000000000000e+00,1.000000000000000000e+00,2.213467210531234741e-01,-1.773487031459808350e-01,1.271339893341064453e+00,1.503671258687973022e-01,3.780739903450012207e-01,1.503133922815322876e-01,1.000000000000000000e+00,1.355555057525634766e+00,-1.582003384828567505e-01,1.049634456634521484e+00,4.817586243152618408e-01,8.612391352653503418e-01,1.178100146353244781e-02,1.000000000000000000e+00,2.338504791259765625e+00,-1.499495804309844971e-01,1.134284019470214844e+00,-6.646225452423095703e-01,9.856459498405456543e-02,9.619225561618804932e-02,1.000000000000000000e+00,1.816896438598632812e+00,-3.349705338478088379e-01,1.023686408996582031e+00,-6.316080093383789062e-01,-1.106909811496734619e-01,1.956966370344161987e-01,1.000000000000000000e+00,1.000000000000000000e+00,0.000000000000000000e+00,0.000000000000000000e+00,1.000000000000000000e+00,2.338504791259765625e+00,-1.499495804309844971e-01,1.134284019470214844e+00,-6.646225452423095703e-01,9.856459498405456543e-02,9.619225561618804932e-02,-3.331694794722288300e-02,-2.463241916978309298e-02,8.707912995834683756e-04,1.000000000000000000e+00,1.816896438598632812e+00,-3.349705338478088379e-01,1.023686408996582031e+00,-6.316080093383789062e-01,-1.106909811496734619e-01,1.956966370344161987e-01,-1.952345783841166471e-01,7.488387080828218245e-03,-3.570377501629809491e-02,1.000000000000000000e+00,-1.443096101284027100e-01,1.999999880790710449e-01,-1.000000014901161194e-01,4.008956551551818848e-01,-1.999997496604919434e-01,-5.089865997433662415e-02,-1.000000014901161194e-01,3.988331854343414307e-01,-5.413842201232910156e-02,-2.363896369934082031e-02,1.280784606933593750e-03,4.083634018898010254e-01,-2.000000029802322388e-01,1.151840686798095703e-01,-1.000000014901161194e-01,4.535947740077972412e-01
1.880000000000000115e+00,2.246471047401428223e-01,-1.696533709764480591e-01,1.274318456649780273e+00,1.830418109893798828e-01,3.930844068527221680e-01,1.468725949525833130e-01,9.814506173133850098e-01,7.898823916912078857e-02,1.746870875358581543e-01,-9.635610878467559814e-02,9.909667968750000000e-01,9.327562153339385986e-02,-1.657414138317108154e-01,-1.083775758743286133e-01,9.801959395408630371e-01,-2.714575529098510742e-01,2.441052198410034180e-01,3.443436697125434875e-02,1.000000000000000000e+00,0.000000000000000000e+00,2.246471047401428223e-01,-1.696533709764480591e-01,1.274318456649780273e+00,1.830418109893798828e-01,3.930844068527221680e-01,1.468725949525833130e-01,1.000000000000000000e+00,1.365019917488098145e+00,-1.406530439853668213e-01,1.049898386001586914e+00,4.631356000900268555e-01,8.968517184257507324e-01,1.422198954969644547e-02,1.000000000000000000e+00,2.325213909149169922e+00,-1.479241251945495605e-01,1.136233568191528320e+00,-6.644455790519714355e-01,1.046691089868545532e-01,9.907073527574539185e-02,1.000000000000000000e+00,1.804342031478881836e+00,-3.368161916732788086e-01,1.027652382850646973e+00,-6.223649382591247559e-01,-6.975951045751571655e-02,2.019600868225097656e-01,1.000000000000000000e+00,1.000000000000000000e+00,0.000000000000000000e+00,0.000000000000000000e+00,1.000000000000000000e+00,1.365019917488098145e+00,-1.406530439853668213e-01,1.049898386001586914e+00,4.631356000900268555e-01,8.968517184257507324e-01,1.422198954969644547e-02,9.907801747322082520e-01,1.155948117375373840e-01,-7.065822184085845947e-02,-9.882540255784988403e-02,9.733989238739013672e-01,2.067078948020935059e-01,9.267298877239227295e-02,-1.978192329406738281e-01,9.758480191230773926e-01,-5.336411995813250542e-04,3.147846460342407227e-01,7.514815777540206909e-02,0.000000000000000000e+00,1.000000000000000000e+00,2.246471047401428223e-01,-1.696533709764480591e-01,1.274318456649780273e+00,1.830418109893798828e-01,3.930844068527221680e-01,1.468725949525833130e-01,1.000000000000000000e+00,1.365019917488098145e+00,-1.406530439853668213e-01,1.049898386001586914e+00,4.631356000900268555e-01,8.968517184257507324e-01,1.422198954969644547e-02,1.000000000000000000e+00,2.325213909149169922e+00,-1.479241251945495605e-01,1.136233568191528320e+00,-6.644455790519714355e-01,1.046691089868545532e-01,9.907073527574539185e-02,1.000000000000000000e+00,1.804342031478881836e+00,-3.368161916732788086e-01,1.027652382850646973e+00,-6.223649382591247559e-01,-6.975951045751571655e-02,2.019600868225097656e-01,1.000000000000000000e+00,1.000000000000000000e+00,0.000000000000000000e+00,0.000000000000000000e+00,1.000000000000000000e+00,2.325213909149169922e+00,-1.479241251945495605e-01,1.136233568191528320e+00,-6.644455790519714355e-01,1.046691089868545532e-01,9.907073527574539185e-02,-3.585096405914031670e-02,-2.451371093849874505e-02,9.347458725757588904e-04,1.000000000000000000e+00,1.804342031478881836e+00,-3.368161916732788086e-01,1.027652382850646973e+00,-6.223649382591247559e-01,-6.975951045751571655e-02,2.019600868225097656e-01,-1.956839267742684352e-01,1.997984842967848174e-02,-5.267474461204332825e-02,1.000000000000000000e+00,-1.461838632822036743e-01,2.000000029802322388e-01,-1.000000014901161194e-01,3.974121212959289551e-01,-1.999979466199874878e-01,-4.279327392578125000e-02,-1.000000014901161194e-01,3.934977948665618896e-01,-5.897593498229980469e-02,-2.340388298034667969e-02,1.381635665893554688e-03,4.085770547389984131e-01,-2.000000029802322388e-01,1.300072669982910156e-01,-1.000000014901161194e-01,4.507237374782562256e-01
1.900000000000000133e+00,2.286059707403182983e-01,-1.616514176130294800e-01,1.277211070060729980e+00,2.162301987409591675e-01,4.087887108325958252e-01,1.415294259786605835e-01,9.806897640228271484e-01,7.744701206684112549e-02,1.795813888311386108e-01,-9.616704285144805908e-02,9.905304908752441406e-01,9.798572957515716553e-02,-1.702921539545059204e-01,-1.133634150028228760e-01,9.788510203361511230e-01,-2.440725415945053101e-01,2.135017365217208862e-01,2.819110639393329620e-02,1.000000000000000000e+00,0.000000000000000000e+00,2.286059707403182983e-01,-1.616514176130294800e-01,1.277211070060729980e+00,2.162301987409591675e-01,4.087887108325958252e-01,1.415294259786605835e-01,1.000000000000000000e+00,1.374127149581909180e+00,-1.224039867520332336e-01,1.050178885459899902e+00,4.461581707000732422e-01,9.313163757324218750e-01,1.317269075661897659e-02,1.000000000000000000e+00,2.311926841735839844e+00,-1.457722485065460205e-01,1.138241648674011230e+00,-6.642491221427917480e-01,1.112630367279052734e-01,1.020697429776191711e-01,1.000000000000000000e+00,1.792001485824584961e+00,-3.378425240516662598e-01,1.031765103340148926e+00,-6.099060773849487305e-01,-2.879717387259006500e-02,2.104808390140533447e-01,1.000000000000000000e+00,1.000000000000000000e+00,0.000000000000000000e+00,0.000000000000000000e+00,1.000000000000000000e+00,1.374127149581909180e+00,-1.224039867520332336e-01,1.050178885459899902e+00,4.461581707000732422e-01,9.313163757324218750e-01,1.317269075661897659e-02,9.913893342018127441e-01,1.140624210238456726e-01,-6.432085484266281128e-02,-9.863921254873275757e-02,9.735498428344726562e-01,2.060854882001876831e-01,8.612615615129470825e-02,-1.979663819074630737e-01,9.764178395271301270e-01,-3.531322581693530083e-04,3.252385258674621582e-01,7.830974459648132324e-02,0.000000000000000000e+00,1.000000000000000000e+00,2.286059707403182983e-01,-1.616514176130294800e-01,1.277211070060729980e+00,2.162301987409591675e-01,4.087887108325958252e-01,1.415294259786605835e-01,1.000000000000000000e+00,1.374127149581909180e+00,-1.224039867520332336e-01,1.050178885459899902e+00,4.461581707000732422e-01,9.313163757324218750e-01,1.317269075661897659e-02,1.000000000000000000e+00,2.311926841735839844e+00,-1.457722485065460205e-01,1.138241648674011230e+00,-6.642491221427917480e-01,1.112630367279052734e-01,1.020697429776191711e-01,1.000000000000000000e+00,1.792001485824584961e+00,-3.378425240516662598e-01,1.031765103340148926e+00,-6.099060773849487305e-01,-2.879717387259006500e-02,2.104808390140533447e-01,1.000000000000000000e+00,1.000000000000000000e+00,0.000000000000000000e+00,0.000000000000000000e+00,1.000000000000000000e+00,2.311926841735839844e+00,-1.457722485065460205e-01,1.138241648674011230e+00,-6.642491221427917480e-01,1.112630367279052734e-01,1.020697429776191711e-01,-3.867543972134653008e-02,-2.437762292159217914e-02,1.005064046805833472e-03,1.000000000000000000e+00,1.792001485824584961e+00,-3.378425240516662598e-01,1.031765103340148926e+00,-6.099060773849487305e-01,-2.879717387259006500e-02,2.104808390140533447e-01,-1.962389141640356605e-01,3.283270528986248493e-02,-6.683491430017592105e-02,1.000000000000000000e+00,-1.474762558937072754e-01,1.999895125627517700e-01,-1.000000014901161194e-01,3.968750834465026855e-01,-1.999806165695190430e-01,-3.496902063488960266e-02,-1.000000014901161194e-01,3.910422027111053467e-01,-6.424570083618164062e-02,-2.316975593566894531e-02,1.490592956542968750e-03,4.086183905601501465e-01,-2.000000029802322388e-01,1.445705890655517578e-01,-1.000000014901161194e-01,4.440768361091613770e-01
1.919999999999999929e+00,2.332321405410766602e-01,-1.533297896385192871e-01,1.279981017112731934e+00,2.498042881488800049e-01,4.250994026660919189e-01,1.345089226961135864e-01,9.799873828887939453e-01,7.611217349767684937e-02,1.839346438646316528e-01,-9.606998413801193237e-02,9.901202917098999023e-01,1.021404117345809937e-01,-1.743432730436325073e-01,-1.177669018507003784e-01,9.776173233985900879e-01,-2.121740877628326416e-01,1.926998645067214966e-01,2.234347909688949585e-02,1.000000000000000000e+00,0.000000000000000000e+00,2.332321405410766602e-01,-1.533297896385192871e-01,1.279981017112731934e+00,2.498042881488800049e-01,4.250994026660919189e-01,1.345089226961135864e-01,1.000000000000000000e+00,1.382909297943115234e+00,-1.034752056002616882e-01,1.050410389900207520e+00,4.307831227779388428e-01,9.647435545921325684e-01,9.137789718806743622e-03,1.000000000000000000e+00,2.298643827438354492e+00,-1.434836834669113159e-01,1.140310764312744141e+00,-6.640295386314392090e-01,1.184024959802627563e-01,1.051604449748992920e-01,1.000000000000000000e+00,1.779938936233520508e+00,-3.380510509014129639e-01,1.036062002182006836e+00,-5.942546129226684570e-01,1.197150629013776779e-02,2.203355878591537476e-01,1.000000000000000000e+00,1.000000000000000000e+00,0.000000000000000000e+00,0.000000000000000000e+00,1.000000000000000000e+00,1.382909297943115234e+00,-1.034752056002616882e-01,1.050410389900207520e+00,4.307831227779388428e-01,9.647435545921325684e-01,9.137789718806743622e-03,9.919711947441101074e-01,1.124778464436531067e-01,-5.780987814068794250e-02,-9.843400865793228149e-02,9.737062454223632812e-01,2.054436057806015015e-01,7.939768582582473755e-02,-1.981036812067031860e-01,9.769601225852966309e-01,-1.333122054347768426e-04,3.321490883827209473e-01,8.022385090589523315e-02,0.000000000000000000e+00,1.000000000000000000e+00,2.332321405410766602e-01,-1.533297896385192871e-01,1.279981017112731934e+00,2.498042881488800049e-01,4.250994026660919189e-01,1.345089226961135864e-01,1.000000000000000000e+00,1.382909297943115234e+00,-1.034752056002616882e-01,1.050410389900207520e+00,4.307831227779388428e-01,9.647435545921325684e-01,9.137789718806743622e-03,1.000000000000000000e+00,2.298643827438354492e+00,-1.434836834669113159e-01,1.140310764312744141e+00,-6.640295386314392090e-01,1.184024959802627563e-01,1.051604449748992920e-01,1.000000000000000000e+00,1.779938936233520508e+00,-3.380510509014129639e-01,1.036062002182006836e+00,-5.942546129226684570e-01,1.197150629013776779e-02,2.203355878591537476e-01,1.000000000000000000e+00,1.000000000000000000e+00,0.000000000000000000e+00,0.000000000000000000e+00,1.000000000000000000e+00,2.298643827438354492e+00,-1.434836834669113159e-01,1.140310764312744141e+00,-6.640295386314392090e-01,1.184024959802627563e-01,1.051604449748992920e-01,-4.181324050382777269e-02,-2.422580858083134281e-02,1.082125329830579269e-03,1.000000000000000000e+00,1.779938936233520508e+00,-3.380510509014129639e-01,1.036062002182006836e+00,-5.942546129226684570e-01,1.197150629013776779e-02,2.203355878591537476e-01,-1.968466581431332629e-01,4.620203878437911804e-02,-7.811416090978359761e-02,1.000000000000000000e+00,-1.468641906976699829e-01,1.999975740909576416e-01,-1.000000014901161194e-01,3.967306315898895264e-01,-1.999999880790710449e-01,-2.815887704491615295e-02,-1.000000014901161194e-01,3.916309177875518799e-01,-6.995010375976562500e-02,-2.293324470520019531e-02,1.606702804565429688e-03,4.084852039813995361e-01,-2.000000029802322388e-01,1.592986583709716797e-01,-1.000000014901161194e-01,4.346582591533660889e-01
1.939999999999999947e+00,2.385329157114028931e-01,-1.446771621704101562e-01,1.282598257064819336e+00,2.837184071540832520e-01,4.419235587120056152e-01,1.261944919824600220e-01,9.793388247489929199e-01,7.498694956302642822e-02,1.878097355365753174e-01,-9.605525434017181396e-02,9.897473454475402832e-01,1.057054325938224792e-01,-1.779576539993286133e-01,-1.215615496039390564e-01,9.765008687973022461e-01,-1.798488795757293701e-01,1.692573577165603638e-01,1.705813780426979065e-02,1.000000000000000000e+00,0.000000000000000000e+00,2.385329157114028931e-01,-1.446771621704101562e-01,1.282598257064819336e+00,2.837184071540832520e-01,4.419235587120056152e-01,1.261944919824600220e-01,1.000000000000000000e+00,1.391397833824157715e+00,-8.388609439134597778e-02,1.050539612770080566e+00,4.169457852840423584e-01,9.972922205924987793e-01,2.845602575689554214e-03,1.000000000000000000e+00,2.285365581512451172e+00,-1.410469859838485718e-01,1.142442226409912109e+00,-6.637832522392272949e-01,1.261466443538665771e-01,1.082992106676101685e-01,1.000000000000000000e+00,1.768217682838439941e+00,-3.374476730823516846e-01,1.040560245513916016e+00,-5.754722356796264648e-01,5.230931192636489868e-02,2.304419279098510742e-01,1.000000000000000000e+00,1.000000000000000000e+00,0.000000000000000000e+00,0.000000000000000000e+00,1.000000000000000000e+00,1.391397833824157715e+00,-8.388609439134597778e-02,1.050539612770080566e+00,4.169457852840423584e-01,9.972922205924987793e-01,2.845602575689554214e-03,9.925158619880676270e-01,1.108703687787055969e-01,-5.118618533015251160e-02,-9.822561591863632202e-02,9.738652706146240234e-01,2.047881036996841431e-01,7.255338132381439209e-02,-1.982276588678359985e-01,9.774670600891113281e-01,3.033194116142112762e-05,3.353088200092315674e-01,8.045788109302520752e-02,0.000000000000000000e+00,1.000000000000000000e+00,2.385329157114028931e-01,-1.446771621704101562e-01,1.282598257064819336e+00,2.837184071540832520e-01,4.419235587120056152e-01,1.261944919824600220e-01,1.000000000000000000e+00,1.391397833824157715e+00,-8.388609439134597778e-02,1.050539612770080566e+00,4.169457852840423584e-01,9.972922205924987793e-01,2.845602575689554214e-03,1.000000000000000000e+00,2.285365581512451172e+00,-1.410469859838485718e-01,1.142442226409912109e+00,-6.637832522392272949e-01,1.261466443538665771e-01,1.082992106676101685e-01,1.000000000000000000e+00,1.768217682838439941e+00,-3.374476730823516846e-01,1.040560245513916016e+00,-5.754722356796264648e-01,5.230931192636489868e-02,2.304419279098510742e-01,1.000000000000000000e+00,1.000000000000000000e+00,0.000000000000000000e+00,0.000000000000000000e+00,1.000000000000000000e+00,2.285365581512451172e+00,-1.410469859838485718e-01,1.142442226409912109e+00,-6.637832522392272949e-01,1.261466443538665771e-01,1.082992106676101685e-01,-4.528297346787876071e-02,-2.406136606889863749e-02,1.166319486163809593e-03,1.000000000000000000e+00,1.768217682838439941e+00,-3.374476730823516846e-01,1.040560245513916016e+00,-5.754722356796264648e-01,5.230931192636489868e-02,2.304419279098510742e-01,-1.974882902246146710e-01,6.005979935779026668e-02,-8.663003309339378788e-02,1.000000000000000000e+00,-1.440769433975219727e-01,1.999996006488800049e-01,-1.000000014901161194e-01,3.962843120098114014e-01,-1.999971717596054077e-01,-2.161831595003604889e-02,-1.000000014901161194e-01,3.930475115776062012e-01,-7.608842849731445312e-02,-2.268528938293457031e-02,1.729249954223632812e-03,4.081958234310150146e-01,-2.000000029802322388e-01,1.750495433807373047e-01,-1.000000014901161194e-01,4.238413870334625244e-01
1.959999999999999964e+00,2.445146143436431885e-01,-1.356841325759887695e-01,1.285039663314819336e+00,3.179136514663696289e-01,4.591618180274963379e-01,1.168837398290634155e-01,9.787642359733581543e-01,7.407700270414352417e-02,1.911364346742630005e-01,-9.609796851873397827e-02,9.894262552261352539e-01,1.086320057511329651e-01,-1.810682564973831177e-01,-1.246929392218589783e-01,9.755336642265319824e-01,-1.408341079950332642e-01,1.430073380470275879e-01,1.241669245064258575e-02,1.000000000000000000e+00,0.000000000000000000e+00,2.445146143436431885e-01,-1.356841325759887695e-01,1.285039663314819336e+00,3.179136514663696289e-01,4.591618180274963379e-01,1.168837398290634155e-01,1.000000000000000000e+00,1.399622797966003418e+00,-6.365264952182769775e-02,1.050528526306152344e+00,4.045791029930114746e-01,1.029129981994628906e+00,-4.934907890856266022e-03,1.000000000000000000e+00,2.272092342376708984e+00,-1.384495198726654053e-01,1.144636511802673340e+00,-6.635071039199829102e-01,1.345566362142562866e-01,1.114310845732688904e-01,1.000000000000000000e+00,1.756899714469909668e+00,-3.360430598258972168e-01,1.045254588127136230e+00,-5.536771416664123535e-01,9.199431538581848145e-02,2.396955341100692749e-01,1.000000000000000000e+00,1.000000000000000000e+00,0.000000000000000000e+00,0.000000000000000000e+00,1.000000000000000000e+00,1.399622797966003418e+00,-6.365264952182769775e-02,1.050528526306152344e+00,4.045791029930114746e-01,1.029129981994628906e+00,-4.934907890856266022e-03,9.930137395858764648e-01,1.092695146799087524e-01,-4.454175755381584167e-02,-9.802360832691192627e-02,9.740238189697265625e-01,2.041301727294921875e-01,6.568992882966995239e-02,-1.983379125595092773e-01,9.779299497604370117e-01,1.031426872941665351e-04,3.335583209991455078e-01,7.945311814546585083e-02,0.000000000000000000e+00,1.000000000000000000e+00,2.445146143436431885e-01,-1.356841325759887695e-01,1.285039663314819336e+00,3.179136514663696289e-01,4.591618180274963379e-01,1.168837398290634155e-01,1.000000000000000000e+00,1.399622797966003418e+00,-6.365264952182769775e-02,1.050528526306152344e+00,4.045791029930114746e-01,1.029129981994628906e+00,-4.934907890856266022e-03,1.000000000000000000e+00,2.272092342376708984e+00,-1.384495198726654053e-01,1.144636511802673340e+00,-6.635071039199829102e-01,1.345566362142562866e-01,1.114310845732688904e-01,1.000000000000000000e+00,1.756899714469909668e+00,-3.360430598258972168e-01,1.045254588127136230e+00,-5.536771416664123535e-01,9.199431538581848145e-02,2.396955341100692749e-01,1.000000000000000000e+00,1.000000000000000000e+00,0.000000000000000000e+00,0.000000000000000000e+00,1.000000000000000000e+00,2.272092342376708984e+00,-1.384495198726654053e-01,1.144636511802673340e+00,-6.635071039199829102e-01,1.345566362142562866e-01,1.114310845732688904e-01,-4.909899998814046262e-02,-2.388699013608186483e-02,1.257945283654238883e-03,1.000000000000000000e+00,1.756899714469909668e+00,-3.360430598258972168e-01,1.045254588127136230e+00,-5.536771416664123535e-01,9.199431538581848145e-02,2.396955341100692749e-01,-1.981145081848698086e-01,7.432104037756426251e-02,-9.264124312502564074e-02,1.000000000000000000e+00,-1.395179331302642822e-01,1.999998837709426880e-01,-1.000000014901161194e-01,3.949725031852722168e-01,-1.999991238117218018e-01,-1.523122098296880722e-02,-1.000000014901161194e-01,3.959062099456787109e-01,-8.265042304992675781e-02,-2.241730690002441406e-02,1.856803894042968750e-03,4.077663421630859375e-01,-2.000000029802322388e-01,1.931722164154052734e-01,-1.000000014901161194e-01,4.130553305149078369e-01
1.979999999999999982e+00,2.511821091175079346e-01,-1.263435482978820801e-01,1.287287354469299316e+00,3.522973656654357910e-01,4.766830801963806152e-01,1.067391932010650635e-01,9.782721400260925293e-01,7.341108471155166626e-02,1.938929557800292969e-01,-9.617831557989120483e-02,9.891849160194396973e-01,1.107386052608489990e-01,-1.836665272712707520e-01,-1.269807815551757812e-01,9.747525453567504883e-01,-9.080229699611663818e-02,1.191006451845169067e-01,8.473063819110393524e-03,1.000000000000000000e+00,0.000000000000000000e+00,2.511821091175079346e-01,-1.263435482978820801e-01,1.287287354469299316e+00,3.522973656654357910e-01,4.766830801963806152e-01,1.067391932010650635e-01,1.000000000000000000e+00,1.407613515853881836e+00,-4.278774186968803406e-02,1.050353407859802246e+00,3.936168253421783447e-01,1.060408830642700195e+00,-1.351119857281446457e-02,1.000000000000000000e+00,2.258824825286865234e+00,-1.356773972511291504e-01,1.146893024444580078e+00,-6.631984114646911621e-01,1.436948776245117188e-01,1.144940331578254700e-01,1.000000000000000000e+00,1.746043443679809570e+00,-3.338521718978881836e-01,1.050118446350097656e+00,-5.290359258651733398e-01,1.308108717203140259e-01,2.469887286424636841e-01,1.000000000000000000e+00,1.000000000000000000e+00,0.000000000000000000e+00,0.000000000000000000e+00,1.000000000000000000e+00,1.407613515853881836e+00,-4.278774186968803406e-02,1.050353407859802246e+00,3.936168253421783447e-01,1.060408830642700195e+00,-1.351119857281446457e-02,9.934590458869934082e-01,1.076957434415817261e-01,-3.795732185244560242e-02,-9.783139824867248535e-02,9.741795063018798828e-01,2.034782767295837402e-01,5.889098718762397766e-02,-1.984339058399200439e-01,9.783434271812438965e-01,1.808785746106877923e-04,3.292046189308166504e-01,7.765655219554901123e-02,0.000000000000000000e+00,1.000000000000000000e+00,2.511821091175079346e-01,-1.263435482978820801e-01,1.287287354469299316e+00,3.522973656654357910e-01,4.766830801963806152e-01,1.067391932010650635e-01,1.000000000000000000e+00,1.407613515853881836e+00,-4.278774186968803406e-02,1.050353407859802246e+00,3.936168253421783447e-01,1.060408830642700195e+00,-1.351119857281446457e-02,1.000000000000000000e+00,2.258824825286865234e+00,-1.356773972511291504e-01,1.146893024444580078e+00,-6.631984114646911621e-01,1.436948776245117188e-01,1.144940331578254700e-01,1.000000000000000000e+00,1.746043443679809570e+00,-3.338521718978881836e-01,1.050118446350097656e+00,-5.290359258651733398e-01,1.308108717203140259e-01,2.469887286424636841e-01,1.000000000000000000e+00,1.000000000000000000e+00,0.000000000000000000e+00,0.000000000000000000e+00,1.000000000000000000e+00,2.258824825286865234e+00,-1.356773972511291504e-01,1.146893024444580078e+00,-6.631984114646911621e-01,1.436948776245117188e-01,1.144940331578254700e-01,-5.327235538558222627e-02,-2.370311077813735956e-02,1.357092622374388852e-03,1.000000000000000000e+00,1.746043443679809570e+00,-3.338521718978881836e-01,1.050118446350097656e+00,-5.290359258651733398e-01,1.308108717203140259e-01,2.469887286424636841e-01,-1.986479827258501862e-01,8.900187410519344589e-02,-9.657216439616164716e-02,1.000000000000000000e+00,-1.316584795713424683e-01,1.999999880790710449e-01,-1.000000014901161194e-01,3.951361477375030518e-01,-1.959564983844757080e-01,-8.801016025245189667e-03,-1.000000014901161194e-01,3.998583555221557617e-01,-8.960914611816406250e-02,-2.212142944335937500e-02,1.987457275390625000e-03,4.072030484676361084e-01,-2.000000029802322388e-01,2.000000029802322388e-01,-1.000000014901161194e-01,4.036540389060974121e-01
2.000000000000000000e+00,2.585382759571075439e-01,-1.166512072086334229e-01,1.289325594902038574e+00,3.867836594581604004e-01,4.943192005157470703e-01,9.592568874359130859e-02,9.778521060943603516e-01,7.302761822938919067e-02,1.961435973644256592e-01,-9.628685563802719116e-02,9.890567064285278320e-01,1.117846965789794922e-01,-1.858337521553039551e-01,-1.281949430704116821e-01,9.741827249526977539e-01,-2.728701569139957428e-02,1.005589738488197327e-01,5.195556674152612686e-03,1.000000000000000000e+00,0.000000000000000000e+00,2.585382759571075439e-01,-1.166512072086334229e-01,1.289325594902038574e+00,3.867836594581604004e-01,4.943192005157470703e-01,9.592568874359130859e-02,1.000000000000000000e+00,1.415397286415100098e+00,-2.130125276744365692e-02,1.050004243850708008e+00,3.839977681636810303e-01,1.091266274452209473e+00,-2.224564738571643829e-02,1.000000000000000000e+00,2.245563983917236328e+00,-1.327154785394668579e-01,1.149209618568420410e+00,-6.628539562225341797e-01,1.536243706941604614e-01,1.174219250679016113e-01,1.000000000000000000e+00,1.735704302787780762e+00,-3.308941721916198730e-01,1.055103421211242676e+00,-5.017068982124328613e-01,1.685834079980850220e-01,2.514187395572662354e-01,1.000000000000000000e+00,1.000000000000000000e+00,0.000000000000000000e+00,0.000000000000000000e+00,1.000000000000000000e+00,1.415397286415100098e+00,-2.130125276744365692e-02,1.050004243850708008e+00,3.839977681636810303e-01,1.091266274452209473e+00,-2.224564738571643829e-02,9.938515424728393555e-01,1.061552390456199646e-01,-3.146917000412940979e-02,-9.765119105577468872e-02,9.743449687957763672e-01,2.027712315320968628e-01,5.218705162405967712e-02,-1.984514743089675903e-01,9.787204265594482422e-01,1.142309978604316711e-02,3.246668875217437744e-01,7.572567462921142578e-02,0.000000000000000000e+00,1.000000000000000000e+00,2.585382759571075439e-01,-1.166512072086334229e-01,1.289325594902038574e+00,3.867836594581604004e-01,4.943192005157470703e-01,9.592568874359130859e-02,1.000000000000000000e+00,1.415397286415100098e+00,-2.130125276744365692e-02,1.050004243850708008e+00,3.839977681636810303e-01,1.091266274452209473e+00,-2.224564738571643829e-02,1.000000000000000000e+00,2.245563983917236328e+00,-1.327154785394668579e-01,1.149209618568420410e+00,-6.628539562225341797e-01,1.536243706941604614e-01,1.174219250679016113e-01,1.000000000000000000e+00,1.735704302787780762e+00,-3.308941721916198730e-01,1.055103421211242676e+00,-5.017068982124328613e-01,1.685834079980850220e-01,2.514187395572662354e-01,1.000000000000000000e+00,1.000000000000000000e+00,0.000000000000000000e+00,0.000000000000000000e+00,1.000000000000000000e+00,2.245563983917236328e+00,-1.327154785394668579e-01,1.149209618568420410e+00,-6.628539562225341797e-01,1.536243706941604614e-01,1.174219250679016113e-01,-5.781113892456334058e-02,-2.350754672129840017e-02,1.463566943588130720e-03,1.000000000000000000e+00,1.735704302787780762e+00,-3.308941721916198730e-01,1.055103421211242676e+00,-5.017068982124328613e-01,1.685834079980850220e-01,2.514187395572662354e-01,-1.990645837465677692e-01,1.040817903545085965e-01,-9.898366439644708248e-02,1.000000000000000000e+00,-1.195776090025901794e-01,2.000000029802322388e-01,-1.000000014901161194e-01,3.975743949413299561e-01,-1.871287673711776733e-01,-2.877340419217944145e-03,-1.000000014901161194e-01,4.052881300449371338e-01,-9.691619873046875000e-02,-2.178907394409179688e-02,2.118110656738281250e-03,4.065152704715728760e-01,-2.000000029802322388e-01,2.000000029802322388e-01,-1.000000014901161194e-01,3.967033326625823975e-01
2.020000000000000018e+00,2.665847837924957275e-01,-1.066065207123756409e-01,1.291143894195556641e+00,4.213390052318572998e-01,5.118741989135742188e-01,8.478330075740814209e-02,9.774872660636901855e-01,7.298015058040618896e-02,1.979713290929794312e-01,-9.641987085342407227e-02,9.890803098678588867e-01,1.114604026079177856e-01,-1.876751333475112915e-01,-1.280394941568374634e-01,9.738500714302062988e-01,5.373853072524070740e-02,8.664224296808242798e-02,2.416174625977873802e-03,1.000000000000000000e+00,0.000000000000000000e+00,2.665847837924957275e-01,-1.066065207123756409e-01,1.291143894195556641e+00,4.213390052318572998e-01,5.118741989135742188e-01,8.478330075740814209e-02,1.000000000000000000e+00,1.423000097274780273e+00,7.992796599864959717e-04,1.049483299255371094e+00,3.756707310676574707e-01,1.121785759925842285e+00,-3.056967817246913910e-02,1.000000000000000000e+00,2.232310295104980469e+00,-1.295474022626876831e-01,1.151582837104797363e+00,-6.624702215194702148e-01,1.644077748060226440e-01,1.201465725898742676e-01,1.000000000000000000e+00,1.725934743881225586e+00,-3.271907269954681396e-01,1.060148000717163086e+00,-4.718939065933227539e-01,2.052419632673263550e-01,2.525890469551086426e-01,1.000000000000000000e+00,1.000000000000000000e+00,0.000000000000000000e+00,0.000000000000000000e+00,1.000000000000000000e+00,1.423000097274780273e+00,7.992796599864959717e-04,1.049483299255371094e+00,3.756707310676574707e-01,1.121785759925842285e+00,-3.056967817246913910e-02,9.941919445991516113e-01,1.046520769596099854e-01,-2.510610222816467285e-02,-9.749814867973327637e-02,9.745988845825195312e-01,2.016213834285736084e-01,4.556847363710403442e-02,-1.980025470256805420e-01,9.791417121887207031e-01,5.200545489788055420e-02,3.212620019912719727e-01,7.285074889659881592e-02,0.000000000000000000e+00,1.000000000000000000e+00,2.665847837924957275e-01,-1.066065207123756409e-01,1.291143894195556641e+00,4.213390052318572998e-01,5.118741989135742188e-01,8.478330075740814209e-02,1.000000000000000000e+00,1.423000097274780273e+00,7.992796599864959717e-04,1.049483299255371094e+00,3.756707310676574707e-01,1.121785759925842285e+00,-3.056967817246913910e-02,1.000000000000000000e+00,2.232310295104980469e+00,-1.295474022626876831e-01,1.151582837104797363e+00,-6.624702215194702148e-01,1.644077748060226440e-01,1.201465725898742676e-01,1.000000000000000000e+00,1.725934743881225586e+00,-3.271907269954681396e-01,1.060148000717163086e+00,-4.718939065933227539e-01,2.052419632673263550e-01,2.525890469551086426e-01,1.000000000000000000e+00,1.000000000000000000e+00,0.000000000000000000e+00,0.000000000000000000e+00,1.000000000000000000e+00,2.232310295104980469e+00,-1.295474022626876831e-01,1.151582837104797363e+00,-6.624702215194702148e-01,1.644077748060226440e-01,1.201465725898742676e-01,-6.271917240805827132e-02,-2.329650830951979223e-02,1.576846351093487419e-03,1.000000000000000000e+00,1.725934743881225586e+00,-3.271907269954681396e-01,1.060148000717163086e+00,-4.718939065933227539e-01,2.052419632673263550e-01,2.525890469551086426e-01,-1.993381462021826533e-01,1.185314296127319977e-01,-1.002700806751273266e-01,1.000000000000000000e+00,-1.049821376800537109e-01,2.000000029802322388e-01,-1.000000014901161194e-01,4.012877643108367920e-01,-1.755428165197372437e-01,2.887144917622208595e-03,-1.000000014901161194e-01,4.112861454486846924e-01,-1.044993400573730469e-01,-2.140688896179199219e-02,2.244949340820312500e-03,4.057370126247406006e-01,-2.000000029802322388e-01,2.000000029802322388e-01,-1.000000014901161194e-01,3.922752439975738525e-01
2.040000000000000036e+00,2.753230929374694824e-01,-9.621319919824600220e-02,1.292739748954772949e+00,4.559699892997741699e-01,5.291039347648620605e-01,7.377563416957855225e-02,9.771660566329956055e-01,7.333649694919586182e-02,1.994199305772781372e-01,-9.657378494739532471e-02,9.892948865890502930e-01,1.094033196568489075e-01,-1.892618685960769653e-01,-1.261639446020126343e-01,9.737877845764160156e-01,1.508521884679794312e-01,7.505563646554946899e-02,9.403149306308478117e-05,1.000000000000000000e+00,0.000000000000000000e+00,2.753230929374694824e-01,-9.621319919824600220e-02,1.292739748954772949e+00,4.559699892997741699e-01,5.291039347648620605e-01,7.377563416957855225e-02,1.000000000000000000e+00,1.430447816848754883e+00,2.350703999400138855e-02,1.048803448677062988e+00,3.685898184776306152e-01,1.151934862136840820e+00,-3.795732930302619934e-02,1.000000000000000000e+00,2.219064712524414062e+00,-1.261555403470993042e-01,1.154008388519287109e+00,-6.620428562164306641e-01,1.761065274477005005e-01,1.226008608937263489e-01,1.000000000000000000e+00,1.716780781745910645e+00,-3.227639198303222656e-01,1.065186738967895508e+00,-4.399897158145904541e-01,2.408269196748733521e-01,2.505787611007690430e-01,1.000000000000000000e+00,1.000000000000000000e+00,0.000000000000000000e+00,0.000000000000000000e+00,1.000000000000000000e+00,1.430447816848754883e+00,2.350703999400138855e-02,1.048803448677062988e+00,3.685898184776306152e-01,1.151934862136840820e+00,-3.795732930302619934e-02,9.944810271263122559e-01,1.031974330544471741e-01,-1.892161183059215546e-02,-9.738934785127639771e-02,9.750689864158630371e-01,1.993891000747680664e-01,3.902631625533103943e-02,-1.964458823204040527e-01,9.797378182411193848e-01,1.257017403841018677e-01,3.177185654640197754e-01,6.881520897150039673e-02,0.000000000000000000e+00,1.000000000000000000e+00,2.753230929374694824e-01,-9.621319919824600220e-02,1.292739748954772949e+00,4.559699892997741699e-01,5.291039347648620605e-01,7.377563416957855225e-02,1.000000000000000000e+00,1.430447816848754883e+00,2.350703999400138855e-02,1.048803448677062988e+00,3.685898184776306152e-01,1.151934862136840820e+00,-3.795732930302619934e-02,1.000000000000000000e+00,2.219064712524414062e+00,-1.261555403470993042e-01,1.154008388519287109e+00,-6.620428562164306641e-01,1.761065274477005005e-01,1.226008608937263489e-01,1.000000000000000000e+00,1.716780781745910645e+00,-3.227639198303222656e-01,1.065186738967895508e+00,-4.399897158145904541e-01,2.408269196748733521e-01,2.505787611007690430e-01,1.000000000000000000e+00,1.000000000000000000e+00,0.000000000000000000e+00,0.000000000000000000e+00,1.000000000000000000e+00,2.219064712524414062e+00,-1.261555403470993042e-01,1.154008388519287109e+00,-6.620428562164306641e-01,1.761065274477005005e-01,1.226008608937263489e-01,-6.799290007379241163e-02,-2.306575551568945670e-02,1.695959211445566273e-03,1.000000000000000000e+00,1.716780781745910645e+00,-3.227639198303222656e-01,1.065186738967895508e+00,-4.399897158145904541e-01,2.408269196748733521e-01,2.505787611007690430e-01,-1.994673770469059526e-01,1.310152143716221129e-01,-1.006496531793314164e-01,1.000000000000000000e+00,-9.158734232187271118e-02,1.999999731779098511e-01,-1.000000014901161194e-01,4.039552211761474609e-01,-1.617729812860488892e-01,9.462577290832996368e-03,-1.000000014901161194e-01,4.177818894386291504e-01,-1.122503280639648438e-01,-2.095675468444824219e-02,2.362251281738281250e-03,4.049233794212341309e-01,-2.000000029802322388e-01,2.000000029802322388e-01,-1.000000014901161194e-01,3.898227214813232422e-01
2.060000000000000053e+00,2.847546935081481934e-01,-8.548047393560409546e-02,1.294119834899902344e+00,4.906710982322692871e-01,5.456938743591308594e-01,6.327372789382934570e-02,9.768840074539184570e-01,7.413125038146972656e-02,2.005046606063842773e-01,-9.674057364463806152e-02,9.897117614746093750e-01,1.054127886891365051e-01,-1.906274557113647461e-01,-1.223730072379112244e-01,9.740051031112670898e-01,2.468242347240447998e-01,6.444048881530761719e-02,-1.679313485510647297e-03,1.000000000000000000e+00,0.000000000000000000e+00,2.847546935081481934e-01,-8.548047393560409546e-02,1.294119834899902344e+00,4.906710982322692871e-01,5.456938743591308594e-01,6.327372789382934570e-02,1.000000000000000000e+00,1.437764644622802734e+00,4.681329429149627686e-02,1.047987937927246094e+00,3.627082705497741699e-01,1.181542634963989258e+00,-4.393051564693450928e-02,1.000000000000000000e+00,2.205828189849853516e+00,-1.225209906697273254e-01,1.156480073928833008e+00,-6.615670919418334961e-01,1.887792348861694336e-01,1.247240304946899414e-01,1.000000000000000000e+00,1.708280086517333984e+00,-3.176342546939849854e-01,1.070159196853637695e+00,-4.065002799034118652e-01,2.754550278186798096e-01,2.457773983478546143e-01,1.000000000000000000e+00,1.000000000000000000e+00,0.000000000000000000e+00,0.000000000000000000e+00,1.000000000000000000e+00,1.437764644622802734e+00,4.681329429149627686e-02,1.047987937927246094e+00,3.627082705497741699e-01,1.181542634963989258e+00,-4.393051564693450928e-02,9.947194457054138184e-01,1.018089130520820618e-01,-1.297389809042215347e-02,-9.732825309038162231e-02,9.758576750755310059e-01,1.955228894948959351e-01,3.256664797663688660e-02,-1.932276934385299683e-01,9.806134104728698730e-01,2.190904319286346436e-01,3.151166439056396484e-01,6.454594433307647705e-02,0.000000000000000000e+00,1.000000000000000000e+00,2.847546935081481934e-01,-8.548047393560409546e-02,1.294119834899902344e+00,4.906710982322692871e-01,5.456938743591308594e-01,6.327372789382934570e-02,1.000000000000000000e+00,1.437764644622802734e+00,4.681329429149627686e-02,1.047987937927246094e+00,3.627082705497741699e-01,1.181542634963989258e+00,-4.393051564693450928e-02,1.000000000000000000e+00,2.205828189849853516e+00,-1.225209906697273254e-01,1.156480073928833008e+00,-6.615670919418334961e-01,1.887792348861694336e-01,1.247240304946899414e-01,1.000000000000000000e+00,1.708280086517333984e+00,-3.176342546939849854e-01,1.070159196853637695e+00,-4.065002799034118652e-01,2.754550278186798096e-01,2.457773983478546143e-01,1.000000000000000000e+00,1.000000000000000000e+00,0.000000000000000000e+00,0.000000000000000000e+00,1.000000000000000000e+00,2.205828189849853516e+00,-1.225209906697273254e-01,1.156480073928833008e+00,-6.615670919418334961e-01,1.887792348861694336e-01,1.247240304946899414e-01,-7.361721180385212560e-02,-2.281056512106993672e-02,1.819549921753552124e-03,1.000000000000000000e+00,1.708280086517333984e+00,-3.176342546939849854e-01,1.070159196853637695e+00,-4.065002799034118652e-01,2.754550278186798096e-01,2.457773983478546143e-01,-1.995039820537018727e-01,1.411573806236718909e-01,-1.003792077544271855e-01,1.000000000000000000e+00,-7.607222348451614380e-02,2.000000029802322388e-01,-1.000000014901161194e-01,4.014731645584106445e-01,-1.467557251453399658e-01,1.608115620911121368e-02,-1.000000014901161194e-01,4.245952665805816650e-01,-1.200137138366699219e-01,-2.042317390441894531e-02,2.462625503540039062e-03,4.041260480880737305e-01,-2.000000029802322388e-01,2.000000029802322388e-01,-1.000000014901161194e-01,3.889518380165100098e-01
2.080000000000000071e+00,2.948804199695587158e-01,-7.442434877157211304e-02,1.295294880867004395e+00,5.253618359565734863e-01,5.612812638282775879e-01,5.325810611248016357e-02,9.766396880149841309e-01,7.531655579805374146e-02,2.012526988983154297e-01,-9.690884500741958618e-02,9.902898073196411133e-01,9.967469424009323120e-02,-1.917913258075714111e-01,-1.168494150042533875e-01,9.744549989700317383e-01,3.269722759723663330e-01,5.478670448064804077e-02,-2.860761480405926704e-03,1.000000000000000000e+00,0.000000000000000000e+00,2.948804199695587158e-01,-7.442434877157211304e-02,1.295294880867004395e+00,5.253618359565734863e-01,5.612812638282775879e-01,5.325810611248016357e-02,1.000000000000000000e+00,1.444974184036254883e+00,7.070488482713699341e-02,1.047068715095520020e+00,3.579830229282379150e-01,1.210339069366455078e+00,-4.805031791329383850e-02,1.000000000000000000e+00,2.192601442337036133e+00,-1.186238378286361694e-01,1.158990979194641113e+00,-6.610370874404907227e-01,2.024793922901153564e-01,1.264667809009552002e-01,1.000000000000000000e+00,1.700460433959960938e+00,-3.118196129798889160e-01,1.075014233589172363e+00,-3.718487918376922607e-01,3.092691898345947266e-01,2.387028187513351440e-01,1.000000000000000000e+00,1.000000000000000000e+00,0.000000000000000000e+00,0.000000000000000000e+00,1.000000000000000000e+00,1.444974184036254883e+00,7.070488482713699341e-02,1.047068715095520020e+00,3.579830229282379150e-01,1.210339069366455078e+00,-4.805031791329383850e-02,9.949100613594055176e-01,1.005074381828308105e-01,-7.235565222799777985e-03,-9.731641411781311035e-02,9.769867658615112305e-01,1.898067742586135864e-01,2.614604309201240540e-02,-1.881365031003952026e-01,9.817948937416076660e-01,3.119411170482635498e-01,3.157711327075958252e-01,6.011851876974105835e-02,0.000000000000000000e+00,1.000000000000000000e+00,2.948804199695587158e-01,-7.442434877157211304e-02,1.295294880867004395e+00,5.253618359565734863e-01,5.612812638282775879e-01,5.325810611248016357e-02,1.000000000000000000e+00,1.444974184036254883e+00,7.070488482713699341e-02,1.047068715095520020e+00,3.579830229282379150e-01,1.210339069366455078e+00,-4.805031791329383850e-02,1.000000000000000000e+00,2.192601442337036133e+00,-1.186238378286361694e-01,1.158990979194641113e+00,-6.610370874404907227e-01,2.024793922901153564e-01,1.264667809009552002e-01,1.000000000000000000e+00,1.700460433959960938e+00,-3.118196129798889160e-01,1.075014233589172363e+00,-3.718487918376922607e-01,3.092691898345947266e-01,2.387028187513351440e-01,1.000000000000000000e+00,1.000000000000000000e+00,0.000000000000000000e+00,0.000000000000000000e+00,1.000000000000000000e+00,2.192601442337036133e+00,-1.186238378286361694e-01,1.158990979194641113e+00,-6.610370874404907227e-01,2.024793922901153564e-01,1.264667809009552002e-01,-7.956190201594001699e-02,-2.252450957990426161e-02,1.945518082479717747e-03,1.000000000000000000e+00,1.700460433959960938e+00,-3.118196129798889160e-01,1.075014233589172363e+00,-3.718487918376922607e-01,3.092691898345947266e-01,2.387028187513351440e-01,-1.995134451255935470e-01,1.494796325220910660e-01,-9.977671568344449737e-02,1.000000000000000000e+00,-5.761432647705078125e-02,2.000000029802322388e-01,-1.000000014901161194e-01,3.996670544147491455e-01,-1.290657073259353638e-01,2.248405106365680695e-02,-1.000000014901161194e-01,4.263837337493896484e-01,-1.276006698608398438e-01,-1.980566978454589844e-02,2.540826797485351562e-03,4.033495187759399414e-01,-2.000000029802322388e-01,2.000000029802322388e-01,-1.000000014901161194e-01,3.895437717437744141e-01
2.100000000000000089e+00,3.056989312171936035e-01,-6.306802481412887573e-02,1.296271562576293945e+00,5.599181056022644043e-01,5.755315423011779785e-01,4.345606267452239990e-02,9.764294028282165527e-01,7.682587951421737671e-02,2.017014473676681519e-01,-9.707062691450119019e-02,9.909730553627014160e-01,9.246457368135452271e-02,-1.927770227193832397e-01,-1.098644062876701355e-01,9.750727415084838867e-01,3.990716338157653809e-01,4.654295742511749268e-02,-3.574979258701205254e-03,1.000000000000000000e+00,0.000000000000000000e+00,3.056989312171936035e-01,-6.306802481412887573e-02,1.296271562576293945e+00,5.599181056022644043e-01,5.755315423011779785e-01,4.345606267452239990e-02,1.000000000000000000e+00,1.452099680900573730e+00,9.516263753175735474e-02,1.046085596084594727e+00,3.543895781040191650e-01,1.237977862358093262e+00,-5.016892030835151672e-02,1.000000000000000000e+00,2.179385900497436523e+00,-1.144430860877037048e-01,1.161532998085021973e+00,-6.604463458061218262e-01,2.172524780035018921e-01,1.277925372123718262e-01,1.000000000000000000e+00,1.693342208862304688e+00,-3.053349554538726807e-01,1.079711556434631348e+00,-3.362831473350524902e-01,3.424125909805297852e-01,2.299277335405349731e-01,1.000000000000000000e+00,1.000000000000000000e+00,0.000000000000000000e+00,0.000000000000000000e+00,1.000000000000000000e+00,1.452099680900573730e+00,9.516263753175735474e-02,1.046085596084594727e+00,3.543895781040191650e-01,1.237977862358093262e+00,-5.016892030835151672e-02,9.950543045997619629e-01,9.931986033916473389e-02,-1.630740589462220669e-03,-9.735876321792602539e-02,9.784007668495178223e-01,1.823552995920181274e-01,1.970702037215232849e-02,-1.812946349382400513e-01,9.832314252853393555e-01,3.946670293807983398e-01,3.183569312095642090e-01,5.530486255884170532e-02,0.000000000000000000e+00,1.000000000000000000e+00,3.056989312171936035e-01,-6.306802481412887573e-02,1.296271562576293945e+00,5.599181056022644043e-01,5.755315423011779785e-01,4.345606267452239990e-02,1.000000000000000000e+00,1.452099680900573730e+00,9.516263753175735474e-02,1.046085596084594727e+00,3.543895781040191650e-01,1.237977862358093262e+00,-5.016892030835151672e-02,1.000000000000000000e+00,2.179385900497436523e+00,-1.144430860877037048e-01,1.161532998085021973e+00,-6.604463458061218262e-01,2.172524780035018921e-01,1.277925372123718262e-01,1.000000000000000000e+00,1.693342208862304688e+00,-3.053349554538726807e-01,1.079711556434631348e+00,-3.362831473350524902e-01,3.424125909805297852e-01,2.299277335405349731e-01,1.000000000000000000e+00,1.000000000000000000e+00,0.000000000000000000e+00,0.000000000000000000e+00,1.000000000000000000e+00,2.179385900497436523e+00,-1.144430860877037048e-01,1.161532998085021973e+00,-6.604463458061218262e-01,2.172524780035018921e-01,1.277925372123718262e-01,-8.577769787239668264e-02,-2.219945892174424174e-02,2.071082761124554139e-03,1.000000000000000000e+00,1.693342208862304688e+00,-3.053349554538726807e-01,1.079711556434631348e+00,-3.362831473350524902e-01,3.424125909805297852e-01,2.299277335405349731e-01,-1.995307925381837322e-01,1.566365733280810080e-01,-9.910766192672615382e-02,1.000000000000000000e+00,-3.872239217162132263e-02,1.999966353178024292e-01,-1.000000014901161194e-01,3.983285725116729736e-01,-1.032639071345329285e-01,3.026118688285350800e-02,-1.000000014901161194e-01,4.282606244087219238e-01,-1.348168849945068359e-01,-1.911425590515136719e-02,2.592563629150390625e-03,4.025602042675018311e-01,-2.000000029802322388e-01,2.000000029802322388e-01,-1.000000014901161194e-01,3.913314640522003174e-01
2.120000000000000107e+00,3.172067105770111084e-01,-5.144081264734268188e-02,1.297052979469299316e+00,5.942504405975341797e-01,5.881636142730712891e-01,3.372079133987426758e-02,9.762483835220336914e-01,7.864288240671157837e-02,2.018771320581436157e-01,-9.722200781106948853e-02,9.917271137237548828e-01,8.381605148315429688e-02,-1.936155110597610474e-01,-1.014521867036819458e-01,9.758178591728210449e-01,4.738960862159729004e-01,3.979631140828132629e-02,-3.940374124795198441e-03,1.000000000000000000e+00,0.000000000000000000e+00,3.172067105770111084e-01,-5.144081264734268188e-02,1.297052979469299316e+00,5.942504405975341797e-01,5.881636142730712891e-01,3.372079133987426758e-02,1.000000000000000000e+00,1.459163546562194824e+00,1.201599687337875366e-01,1.045076847076416016e+00,3.519171774387359619e-01,1.264082908630371094e+00,-5.042126774787902832e-02,1.000000000000000000e+00,2.166182756423950195e+00,-1.099569648504257202e-01,1.164097547531127930e+00,-6.597867012023925781e-01,2.331316769123077393e-01,1.286730468273162842e-01,1.000000000000000000e+00,1.686942815780639648e+00,-2.981924712657928467e-01,1.084222555160522461e+00,-2.999207973480224609e-01,3.750141561031341553e-01,2.200238257646560669e-01,1.000000000000000000e+00,1.000000000000000000e+00,0.000000000000000000e+00,0.000000000000000000e+00,1.000000000000000000e+00,1.459163546562194824e+00,1.201599687337875366e-01,1.045076847076416016e+00,3.519171774387359619e-01,1.264082908630371094e+00,-5.042126774787902832e-02,9.951521754264831543e-01,9.827092289924621582e-02,3.884490113705396652e-03,-9.745541214942932129e-02,9.800457954406738281e-01,1.732420027256011963e-01,1.321767270565032959e-02,-1.727807223796844482e-01,9.848716855049133301e-01,4.870285391807556152e-01,3.235724270343780518e-01,5.031787976622581482e-02,0.000000000000000000e+00,1.000000000000000000e+00,3.172067105770111084e-01,-5.144081264734268188e-02,1.297052979469299316e+00,5.942504405975341797e-01,5.881636142730712891e-01,3.372079133987426758e-02,1.000000000000000000e+00,1.459163546562194824e+00,1.201599687337875366e-01,1.045076847076416016e+00,3.519171774387359619e-01,1.264082908630371094e+00,-5.042126774787902832e-02,1.000000000000000000e+00,2.166182756423950195e+00,-1.099569648504257202e-01,1.164097547531127930e+00,-6.597867012023925781e-01,2.331316769123077393e-01,1.286730468273162842e-01,1.000000000000000000e+00,1.686942815780639648e+00,-2.981924712657928467e-01,1.084222555160522461e+00,-2.999207973480224609e-01,3.750141561031341553e-01,2.200238257646560669e-01,1.000000000000000000e+00,1.000000000000000000e+00,0.000000000000000000e+00,0.000000000000000000e+00,1.000000000000000000e+00,2.166182756423950195e+00,-1.099569648504257202e-01,1.164097547531127930e+00,-6.597867012023925781e-01,2.331316769123077393e-01,1.286730468273162842e-01,-9.219331977654215970e-02,-2.182737155502390003e-02,2.192811546767085840e-03,1.000000000000000000e+00,1.686942815780639648e+00,-2.981924712657928467e-01,1.084222555160522461e+00,-2.999207973480224609e-01,3.750141561031341553e-01,2.200238257646560669e-01,-1.995400000135789942e-01,1.629695990405310990e-01,-9.850933912848605645e-02,1.000000000000000000e+00,-2.379654161632061005e-02,1.999978870153427124e-01,-1.000000014901161194e-01,3.975742161273956299e-01,-7.281302660703659058e-02,3.854519128799438477e-02,-1.000000014901161194e-01,4.301252663135528564e-01,-1.414687633514404297e-01,-1.836323738098144531e-02,2.615213394165039062e-03,4.017342329025268555e-01,-2.000000029802322388e-01,2.000000029802322388e-01,-1.000000014901161194e-01,3.938046395778656006e-01
2.140000000000000124e+00,3.293986320495605469e-01,-3.957751765847206116e-02,1.297639846801757812e+00,6.282954216003417969e-01,5.989089012145996094e-01,2.400202676653862000e-02,9.760920405387878418e-01,8.075423538684844971e-02,2.018000334501266479e-01,-9.736010432243347168e-02,9.925130009651184082e-01,7.375021278858184814e-02,-1.943335086107254028e-01,-9.163425862789154053e-02,9.766461849212646484e-01,5.362053513526916504e-01,3.410881012678146362e-02,-4.032723139971494675e-03,1.000000000000000000e+00,0.000000000000000000e+00,3.293986320495605469e-01,-3.957751765847206116e-02,1.297639846801757812e+00,6.282954216003417969e-01,5.989089012145996094e-01,2.400202676653862000e-02,1.000000000000000000e+00,1.466187596321105957e+00,1.456627100706100464e-01,1.044079303741455078e+00,3.505598008632659912e-01,1.288250803947448730e+00,-4.891050234436988831e-02,1.000000000000000000e+00,2.152993440628051758e+00,-1.051431670784950256e-01,1.166675567626953125e+00,-6.590489745140075684e-01,2.501335442066192627e-01,1.290831416845321655e-01,1.000000000000000000e+00,1.681277275085449219e+00,-2.904020249843597412e-01,1.088529109954833984e+00,-2.628316581249237061e-01,4.071803987026214600e-01,2.095157653093338013e-01,1.000000000000000000e+00,1.000000000000000000e+00,0.000000000000000000e+00,0.000000000000000000e+00,1.000000000000000000e+00,1.466187596321105957e+00,1.456627100706100464e-01,1.044079303741455078e+00,3.505598008632659912e-01,1.288250803947448730e+00,-4.891050234436988831e-02,9.952030181884765625e-01,9.738442301750183105e-02,9.352579712867736816e-03,-9.761017560958862305e-02,9.819529056549072266e-01,1.619906127452850342e-01,6.591567769646644592e-03,-1.621264219284057617e-01,9.867480993270874023e-01,6.155325770378112793e-01,3.346163034439086914e-01,4.509488493204116821e-02,0.000000000000000000e+00,1.000000000000000000e+00,3.293986320495605469e-01,-3.957751765847206116e-02,1.297639846801757812e+00,6.282954216003417969e-01,5.989089012145996094e-01,2.400202676653862000e-02,1.000000000000000000e+00,1.466187596321105957e+00,1.456627100706100464e-01,1.044079303741455078e+00,3.505598008632659912e-01,1.288250803947448730e+00,-4.891050234436988831e-02,1.000000000000000000e+00,2.152993440628051758e+00,-1.051431670784950256e-01,1.166675567626953125e+00,-6.590489745140075684e-01,2.501335442066192627e-01,1.290831416845321655e-01,1.000000000000000000e+00,1.681277275085449219e+00,-2.904020249843597412e-01,1.088529109954833984e+00,-2.628316581249237061e-01,4.071803987026214600e-01,2.095157653093338013e-01,1.000000000000000000e+00,1.000000000000000000e+00,0.000000000000000000e+00,0.000000000000000000e+00,1.000000000000000000e+00,2.152993440628051758e+00,-1.051431670784950256e-01,1.166675567626953125e+00,-6.590489745140075684e-01,2.501335442066192627e-01,1.290831416845321655e-01,-9.871684486277070014e-02,-2.140336558764532882e-02,2.306796257018045582e-03,1.000000000000000000e+00,1.681277275085449219e+00,-2.904020249843597412e-01,1.088529109954833984e+00,-2.628316581249237061e-01,4.071803987026214600e-01,2.095157653093338013e-01,-1.995072367646809064e-01,1.685375437722418379e-01,-9.801549270646736645e-02,1.000000000000000000e+00,-6.377983372658491135e-03,1.999986469745635986e-01,-1.000000014901161194e-01,3.973028659820556641e-01,-3.376261144876480103e-02,4.572232067584991455e-02,-1.000000014901161194e-01,4.330795109272003174e-01,-1.473500728607177734e-01,-1.756811141967773438e-02,2.607345581054687500e-03,4.008561670780181885e-01,-2.000000029802322388e-01,2.000000029802322388e-01,-1.000000014901161194e-01,3.964735269546508789e-01
2.160000000000000142e+00,3.422684669494628906e-01,-2.751800045371055603e-02,1.298032402992248535e+00,6.620084643363952637e-01,6.075451374053955078e-01,1.430000644177198410e-02,9.759569168090820312e-01,8.307339251041412354e-02,2.015114426612854004e-01,-9.748309850692749023e-02,9.932630062103271484e-01,6.265438348054885864e-02,-1.949489414691925049e-01,-8.079194277524948120e-02,9.774801731109619141e-01,5.780286788940429688e-01,2.923926711082458496e-02,-3.928085789084434509e-03,1.000000000000000000e+00,0.000000000000000000e+00,3.422684669494628906e-01,-2.751800045371055603e-02,1.298032402992248535e+00,6.620084643363952637e-01,6.075451374053955078e-01,1.430000644177198410e-02,1.000000000000000000e+00,1.473194837570190430e+00,1.716276407241821289e-01,1.043127655982971191e+00,3.503175079822540283e-01,1.309955835342407227e+00,-4.565356671810150146e-02,1.000000000000000000e+00,2.139819622039794922e+00,-9.997922927141189575e-02,1.169257402420043945e+00,-6.582232713699340820e-01,2.682542204856872559e-01,1.289986819028854370e-01,1.000000000000000000e+00,1.676359176635742188e+00,-2.819715738296508789e-01,1.092623353004455566e+00,-2.250881344079971313e-01,4.389980733394622803e-01,1.988520622253417969e-01,1.000000000000000000e+00,1.000000000000000000e+00,0.000000000000000000e+00,0.000000000000000000e+00,1.000000000000000000e+00,1.473194837570190430e+00,1.716276407241821289e-01,1.043127655982971191e+00,3.503175079822540283e-01,1.309955835342407227e+00,-4.565356671810150146e-02,9.952024817466735840e-01,9.671489149332046509e-02,1.478290464729070663e-02,-9.783781319856643677e-02,9.841712117195129395e-01,1.477667987346649170e-01,-2.576590050011873245e-04,-1.485041975975036621e-01,9.889118671417236328e-01,7.906559705734252930e-01,3.463594317436218262e-01,3.822663426399230957e-02,0.000000000000000000e+00,1.000000000000000000e+00,3.422684669494628906e-01,-2.751800045371055603e-02,1.298032402992248535e+00,6.620084643363952637e-01,6.075451374053955078e-01,1.430000644177198410e-02,1.000000000000000000e+00,1.473194837570190430e+00,1.716276407241821289e-01,1.043127655982971191e+00,3.503175079822540283e-01,1.309955835342407227e+00,-4.565356671810150146e-02,1.000000000000000000e+00,2.139819622039794922e+00,-9.997922927141189575e-02,1.169257402420043945e+00,-6.582232713699340820e-01,2.682542204856872559e-01,1.289986819028854370e-01,1.000000000000000000e+00,1.676359176635742188e+00,-2.819715738296508789e-01,1.092623353004455566e+00,-2.250881344079971313e-01,4.389980733394622803e-01,1.988520622253417969e-01,1.000000000000000000e+00,1.000000000000000000e+00,0.000000000000000000e+00,0.000000000000000000e+00,1.000000000000000000e+00,2.139819622039794922e+00,-9.997922927141189575e-02,1.169257402420043945e+00,-6.582232713699340820e-01,2.682542204856872559e-01,1.289986819028854370e-01,-1.052400575005622563e-01,-2.092688067630255055e-02,2.409126994916487019e-03,1.000000000000000000e+00,1.676359176635742188e+00,-2.819715738296508789e-01,1.092623353004455566e+00,-2.250881344079971313e-01,4.389980733394622803e-01,1.988520622253417969e-01,-1.994383504269058582e-01,1.733126322121689711e-01,-9.761957368784704436e-02,1.000000000000000000e+00,8.796126581728458405e-03,1.999989748001098633e-01,-1.000000014901161194e-01,3.985182642936706543e-01,2.234980091452598572e-02,5.534875392913818359e-02,-1.000000014901161194e-01,4.389831125736236572e-01,-1.522593498229980469e-01,-1.674890518188476562e-02,2.569913864135742188e-03,3.999159932136535645e-01,-2.000000029802322388e-01,2.000000029802322388e-01,-1.000000014901161194e-01,3.989967703819274902e-01
2.180000000000000160e+00,3.558095395565032959e-01,-1.530581340193748474e-02,1.298231720924377441e+00,6.953792572021484375e-01,6.139335036277770996e-01,4.727309569716453552e-03,9.758406281471252441e-01,8.552861213684082031e-02,2.010475993156433105e-01,-9.759050607681274414e-02,9.939267635345458984e-01,5.085169151425361633e-02,-1.954773068428039551e-01,-6.924347579479217529e-02,9.782607555389404297e-01,6.061450242996215820e-01,2.506268210709095001e-02,-3.701234003528952599e-03,1.000000000000000000e+00,0.000000000000000000e+00,3.558095395565032959e-01,-1.530581340193748474e-02,1.298231720924377441e+00,6.953792572021484375e-01,6.139335036277770996e-01,4.727309569716453552e-03,1.000000000000000000e+00,1.480207204818725586e+00,1.979995816946029663e-01,1.042257785797119141e+00,3.511813580989837646e-01,1.328506827354431152e+00,-4.047007486224174500e-02,1.000000000000000000e+00,2.126663208007812500e+00,-9.444299340248107910e-02,1.171832799911499023e+00,-6.572999358177185059e-01,2.874668538570404053e-01,1.283959597349166870e-01,1.000000000000000000e+00,1.672201514244079590e+00,-2.729073762893676758e-01,1.096505641937255859e+00,-1.867763996124267578e-01,4.705383181571960449e-01,1.883774548768997192e-01,1.000000000000000000e+00,1.000000000000000000e+00,0.000000000000000000e+00,0.000000000000000000e+00,1.000000000000000000e+00,1.480207204818725586e+00,1.979995816946029663e-01,1.042257785797119141e+00,3.511813580989837646e-01,1.328506827354431152e+00,-4.047007486224174500e-02,9.951460361480712891e-01,9.634645283222198486e-02,2.004832029342651367e-02,-9.813867509365081787e-02,9.867119193077087402e-01,1.294933408498764038e-01,-7.305691484361886978e-03,-1.308322995901107788e-01,9.913776516914367676e-01,1.033512115478515625e+00,3.579733371734619141e-01,2.935556694865226746e-02,0.000000000000000000e+00,1.000000000000000000e+00,3.558095395565032959e-01,-1.530581340193748474e-02,1.298231720924377441e+00,6.953792572021484375e-01,6.139335036277770996e-01,4.727309569716453552e-03,1.000000000000000000e+00,1.480207204818725586e+00,1.979995816946029663e-01,1.042257785797119141e+00,3.511813580989837646e-01,1.328506827354431152e+00,-4.047007486224174500e-02,1.000000000000000000e+00,2.126663208007812500e+00,-9.444299340248107910e-02,1.171832799911499023e+00,-6.572999358177185059e-01,2.874668538570404053e-01,1.283959597349166870e-01,1.000000000000000000e+00,1.672201514244079590e+00,-2.729073762893676758e-01,1.096505641937255859e+00,-1.867763996124267578e-01,4.705383181571960449e-01,1.883774548768997192e-01,1.000000000000000000e+00,1.000000000000000000e+00,0.000000000000000000e+00,0.000000000000000000e+00,1.000000000000000000e+00,2.126663208007812500e+00,-9.444299340248107910e-02,1.171832799911499023e+00,-6.572999358177185059e-01,2.874668538570404053e-01,1.283959597349166870e-01,-1.116418322083790465e-01,-2.040070946370620142e-02,2.496230375752958586e-03,1.000000000000000000e+00,1.672201514244079590e+00,-2.729073762893676758e-01,1.096505641937255859e+00,-1.867763996124267578e-01,4.705383181571960449e-01,1.883774548768997192e-01,-1.993763038689320422e-01,1.773254641791834896e-01,-9.731476437003708235e-02,1.000000000000000000e+00,2.286752872169017792e-02,1.999991089105606079e-01,-1.000000014901161194e-01,4.005825817584991455e-01,7.856019586324691772e-02,6.257999688386917114e-02,-1.000000014901161194e-01,4.499559402465820312e-01,-1.560151576995849609e-01,-1.592564582824707031e-02,2.504825592041015625e-03,3.989211022853851318e-01,-2.000000029802322388e-01,2.000000029802322388e-01,-1.000000014901161194e-01,4.012437462806701660e-01
2.200000000000000178e+00,3.700150549411773682e-01,-2.986736595630645752e-03,1.298242211341857910e+00,7.284229397773742676e-01,6.179910302162170410e-01,-4.521579481661319733e-03,9.757405519485473633e-01,8.806212991476058960e-02,2.004389166831970215e-01,-9.768279641866683960e-02,9.944686889648437500e-01,3.860541433095932007e-02,-1.959305107593536377e-01,-5.724829435348510742e-02,9.789454340934753418e-01,6.216436028480529785e-01,2.143631130456924438e-02,-3.403793554753065109e-03,1.000000000000000000e+00,0.000000000000000000e+00,3.700150549411773682e-01,-2.986736595630645752e-03,1.298242211341857910e+00,7.284229397773742676e-01,6.179910302162170410e-01,-4.521579481661319733e-03,1.000000000000000000e+00,1.487246632575988770e+00,2.247076481580734253e-01,1.041512966156005859e+00,3.531270325183868408e-01,1.342989206314086914e+00,-3.275920823216438293e-02,1.000000000000000000e+00,2.113526344299316406e+00,-8.851303905248641968e-02,1.174391508102416992e+00,-6.562700867652893066e-01,3.077193200588226318e-01,1.272522658109664917e-01,1.000000000000000000e+00,1.668814301490783691e+00,-2.632144093513488770e-01,1.100181698799133301e+00,-1.479875892400741577e-01,5.018568038940429688e-01,1.783177852630615234e-01,1.000000000000000000e+00,1.000000000000000000e+00,0.000000000000000000e+00,0.000000000000000000e+00,1.000000000000000000e+00,1.487246632575988770e+00,2.247076481580734253e-01,1.041512966156005859e+00,3.531270325183868408e-01,1.342989206314086914e+00,-3.275920823216438293e-02,9.950285553932189941e-01,9.639538824558258057e-02,2.502759732306003571e-02,-9.852071106433868408e-02,9.894931316375732422e-01,1.058172881603240967e-01,-1.456433441489934921e-02,-1.077569425106048584e-01,9.940707087516784668e-01,1.325022459030151367e+00,3.675989806652069092e-01,1.804825849831104279e-02,0.000000000000000000e+00,1.000000000000000000e+00,3.700150549411773682e-01,-2.986736595630645752e-03,1.298242211341857910e+00,7.284229397773742676e-01,6.179910302162170410e-01,-4.521579481661319733e-03,1.000000000000000000e+00,1.487246632575988770e+00,2.247076481580734253e-01,1.041512966156005859e+00,3.531270325183868408e-01,1.342989206314086914e+00,-3.275920823216438293e-02,1.000000000000000000e+00,2.113526344299316406e+00,-8.851303905248641968e-02,1.174391508102416992e+00,-6.562700867652893066e-01,3.077193200588226318e-01,1.272522658109664917e-01,1.000000000000000000e+00,1.668814301490783691e+00,-2.632144093513488770e-01,1.100181698799133301e+00,-1.479875892400741577e-01,5.018568038940429688e-01,1.783177852630615234e-01,1.000000000000000000e+00,1.000000000000000000e+00,0.000000000000000000e+00,0.000000000000000000e+00,1.000000000000000000e+00,2.113526344299316406e+00,-8.851303905248641968e-02,1.174391508102416992e+00,-6.562700867652893066e-01,3.077193200588226318e-01,1.272522658109664917e-01,-1.177908540102995255e-01,-1.982989811479396458e-02,2.564944813687325409e-03,1.000000000000000000e+00,1.668814301490783691e+00,-2.632144093513488770e-01,1.100181698799133301e+00,-1.479875892400741577e-01,5.018568038940429688e-01,1.783177852630615234e-01,-1.993544047174476974e-01,1.806833239534400004e-01,-9.710925641487237747e-02,1.000000000000000000e+00,3.628329560160636902e-02,1.999991834163665771e-01,-1.000000014901161194e-01,4.027914702892303467e-01,1.091332063078880310e-01,6.451023370027542114e-02,-1.000000014901161194e-01,4.627071917057037354e-01,-1.584494113922119141e-01,-1.511788368225097656e-02,2.415657043457031250e-03,3.978955745697021484e-01,-2.000000029802322388e-01,2.000000029802322388e-01,-1.000000014901161194e-01,4.033135473728179932e-01
2.220000000000000195e+00,3.848786950111389160e-01,9.392175823450088501e-03,1.298072099685668945e+00,7.611591219902038574e-01,6.196754574775695801e-01,-1.326129492372274399e-02,9.756545424461364746e-01,9.062509238719940186e-02,1.997127979993820190e-01,-9.776072204113006592e-02,9.948664903640747070e-01,2.614168450236320496e-02,-1.963184922933578491e-01,-4.502932354807853699e-02,9.795056581497192383e-01,6.277060508728027344e-01,1.830324716866016388e-02,-3.055070526897907257e-03,1.000000000000000000e+00,0.000000000000000000e+00,3.848786950111389160e-01,9.392175823450088501e-03,1.298072099685668945e+00,7.611591219902038574e-01,6.196754574775695801e-01,-1.326129492372274399e-02,1.000000000000000000e+00,1.494334340095520020e+00,2.516603767871856689e-01,1.040950655937194824e+00,3.561127781867980957e-01,1.352255582809448242e+00,-2.175954543054103851e-02,1.000000000000000000e+00,2.100410938262939453e+00,-8.216922730207443237e-02,1.176922321319580078e+00,-6.551262736320495605e-01,3.289339542388916016e-01,1.255497485399246216e-01,1.000000000000000000e+00,1.666206717491149902e+00,-2.528968155384063721e-01,1.103661656379699707e+00,-1.088056564331054688e-01,5.329917669296264648e-01,1.688036471605300903e-01,1.000000000000000000e+00,1.000000000000000000e+00,0.000000000000000000e+00,0.000000000000000000e+00,1.000000000000000000e+00,1.494334340095520020e+00,2.516603767871856689e-01,1.040950655937194824e+00,3.561127781867980957e-01,1.352255582809448242e+00,-2.175954543054103851e-02,9.948537945747375488e-01,9.692392498254776001e-02,2.952316217124462128e-02,-9.893513470888137817e-02,9.921332001686096191e-01,7.670436799526214600e-02,-2.185642160475254059e-02,-7.923051714897155762e-02,9.966166615486145020e-01,1.536136150360107422e+00,3.562346100807189941e-01,7.553645875304937363e-03,0.000000000000000000e+00,1.000000000000000000e+00,3.848786950111389160e-01,9.392175823450088501e-03,1.298072099685668945e+00,7.611591219902038574e-01,6.196754574775695801e-01,-1.326129492372274399e-02,1.000000000000000000e+00,1.494334340095520020e+00,2.516603767871856689e-01,1.040950655937194824e+00,3.561127781867980957e-01,1.352255582809448242e+00,-2.175954543054103851e-02,1.000000000000000000e+00,2.100410938262939453e+00,-8.216922730207443237e-02,1.176922321319580078e+00,-6.551262736320495605e-01,3.289339542388916016e-01,1.255497485399246216e-01,1.000000000000000000e+00,1.666206717491149902e+00,-2.528968155384063721e-01,1.103661656379699707e+00,-1.088056564331054688e-01,5.329917669296264648e-01,1.688036471605300903e-01,1.000000000000000000e+00,1.000000000000000000e+00,0.000000000000000000e+00,0.000000000000000000e+00,1.000000000000000000e+00,2.100410938262939453e+00,-8.216922730207443237e-02,1.176922321319580078e+00,-6.551262736320495605e-01,3.289339542388916016e-01,1.255497485399246216e-01,-1.235485498180309560e-01,-1.922124215153298010e-02,2.612560208521429173e-03,1.000000000000000000e+00,1.666206717491149902e+00,-2.528968155384063721e-01,1.103661656379699707e+00,-1.088056564331054688e-01,5.329917669296264648e-01,1.688036471605300903e-01,-1.993666492206958019e-01,1.835144227726843713e-01,-9.701540472328962217e-02,1.000000000000000000e+00,4.922157898545265198e-02,1.999991387128829956e-01,-1.000000014901161194e-01,4.049652516841888428e-01,1.265874803066253662e-01,6.658264249563217163e-02,-1.000000014901161194e-01,4.713726043701171875e-01,-1.594085693359375000e-01,-1.434826850891113281e-02,2.306699752807617188e-03,3.968673348426818848e-01,-2.000000029802322388e-01,2.000000029802322388e-01,-1.000000014901161194e-01,4.053402841091156006e-01
2.240000000000000213e+00,4.003943800926208496e-01,2.178329788148403168e-02,1.297732830047607422e+00,7.936021089553833008e-01,6.189725995063781738e-01,-2.135966718196868896e-02,9.755812883377075195e-01,9.318495541810989380e-02,1.988915354013442993e-01,-9.782508760690689087e-02,9.951106309890747070e-01,1.361039932817220688e-02,-1.966507881879806519e-01,-3.273463249206542969e-02,9.799270629882812500e-01,6.286111474037170410e-01,1.567067205905914307e-02,-2.665647305548191071e-03,1.000000000000000000e+00,0.000000000000000000e+00,4.003943800926208496e-01,2.178329788148403168e-02,1.297732830047607422e+00,7.936021089553833008e-01,6.189725995063781738e-01,-2.135966718196868896e-02,1.000000000000000000e+00,1.501490473747253418e+00,2.787437736988067627e-01,1.040641427040100098e+00,3.600425124168395996e-01,1.355320572853088379e+00,-7.102353964000940323e-03,1.000000000000000000e+00,2.087319612503051758e+00,-7.539320737123489380e-02,1.179414033889770508e+00,-6.538624167442321777e-01,3.510065376758575439e-01,1.232793331146240234e-01,1.000000000000000000e+00,1.664385795593261719e+00,-2.419579625129699707e-01,1.106956601142883301e+00,-6.929891556501388550e-02,5.639677643775939941e-01,1.599205434322357178e-01,1.000000000000000000e+00,1.000000000000000000e+00,0.000000000000000000e+00,0.000000000000000000e+00,1.000000000000000000e+00,1.501490473747253418e+00,2.787437736988067627e-01,1.040641427040100098e+00,3.600425124168395996e-01,1.355320572853088379e+00,-7.102353964000940323e-03,9.946463704109191895e-01,9.784148633480072021e-02,3.325212001800537109e-02,-9.929031133651733398e-02,9.940341711044311523e-01,4.513895511627197266e-02,-2.863728255033493042e-02,-4.819890856742858887e-02,9.984271526336669922e-01,1.538481473922729492e+00,3.156327605247497559e-01,-1.835034112446010113e-03,0.000000000000000000e+00,1.000000000000000000e+00,4.003943800926208496e-01,2.178329788148403168e-02,1.297732830047607422e+00,7.936021089553833008e-01,6.189725995063781738e-01,-2.135966718196868896e-02,1.000000000000000000e+00,1.501490473747253418e+00,2.787437736988067627e-01,1.040641427040100098e+00,3.600425124168395996e-01,1.355320572853088379e+00,-7.102353964000940323e-03,1.000000000000000000e+00,2.087319612503051758e+00,-7.539320737123489380e-02,1.179414033889770508e+00,-6.538624167442321777e-01,3.510065376758575439e-01,1.232793331146240234e-01,1.000000000000000000e+00,1.664385795593261719e+00,-2.419579625129699707e-01,1.106956601142883301e+00,-6.929891556501388550e-02,5.639677643775939941e-01,1.599205434322357178e-01,1.000000000000000000e+00,1.000000000000000000e+00,0.000000000000000000e+00,0.000000000000000000e+00,1.000000000000000000e+00,2.087319612503051758e+00,-7.539320737123489380e-02,1.179414033889770508e+00,-6.538624167442321777e-01,3.510065376758575439e-01,1.232793331146240234e-01,-1.287719692906288405e-01,-1.858327888737765221e-02,2.637149981024891621e-03,1.000000000000000000e+00,1.664385795593261719e+00,-2.419579625129699707e-01,1.106956601142883301e+00,-6.929891556501388550e-02,5.639677643775939941e-01,1.599205434322357178e-01,-1.993941326856220608e-01,1.859317209113702241e-01,-9.703415691173346291e-02,1.000000000000000000e+00,6.228068470954895020e-02,1.999989598989486694e-01,-1.000000014901161194e-01,4.065589308738708496e-01,1.467326581478118896e-01,6.768500804901123047e-02,-1.000000014901161194e-01,4.748708307743072510e-01,-1.587541103363037109e-01,-1.364398002624511719e-02,2.184391021728515625e-03,3.958605825901031494e-01,-2.000000029802322388e-01,2.000000029802322388e-01,-1.000000014901161194e-01,4.072903990745544434e-01
2.260000000000000231e+00,4.165562987327575684e-01,3.413887694478034973e-02,1.297237992286682129e+00,8.257551789283752441e-01,6.158829331398010254e-01,-2.875564806163311005e-02,9.755184650421142578e-01,9.572674334049224854e-02,1.979907304048538208e-01,-9.787678718566894531e-02,9.951980113983154297e-01,1.078551751561462879e-03,-1.969367116689682007e-01,-2.043084055185317993e-02,9.802033901214599609e-01,6.286215782165527344e-01,1.348372455686330795e-02,-2.258807653561234474e-03,1.000000000000000000e+00,0.000000000000000000e+00,4.165562987327575684e-01,3.413887694478034973e-02,1.297237992286682129e+00,8.257551789283752441e-01,6.158829331398010254e-01,-2.875564806163311005e-02,1.000000000000000000e+00,1.508732795715332031e+00,3.058300614356994629e-01,1.040657162666320801e+00,3.647621870040893555e-01,1.351920723915100098e+00,1.098931394517421722e-02,1.000000000000000000e+00,2.074254512786865234e+00,-6.816894561052322388e-02,1.181855082511901855e+00,-6.524745225906372070e-01,3.738073408603668213e-01,1.204436048865318298e-01,1.000000000000000000e+00,1.663357377052307129e+00,-2.304008752107620239e-01,1.110080242156982422e+00,-2.952212654054164886e-02,5.948003530502319336e-01,1.517291963100433350e-01,1.000000000000000000e+00,1.000000000000000000e+00,0.000000000000000000e+00,0.000000000000000000e+00,1.000000000000000000e+00,1.508732795715332031e+00,3.058300614356994629e-01,1.040657162666320801e+00,3.647621870040893555e-01,1.351920723915100098e+00,1.098931394517421722e-02,9.944321513175964355e-01,9.897800534963607788e-02,3.616707026958465576e-02,-9.958157688379287720e-02,9.949120283126831055e-01,1.528224907815456390e-02,-3.447044640779495239e-02,-1.879873313009738922e-02,9.992288947105407715e-01,1.373880505561828613e+00,2.631450295448303223e-01,-9.897482581436634064e-03,0.000000000000000000e+00,1.000000000000000000e+00,4.165562987327575684e-01,3.413887694478034973e-02,1.297237992286682129e+00,8.257551789283752441e-01,6.158829331398010254e-01,-2.875564806163311005e-02,1.000000000000000000e+00,1.508732795715332031e+00,3.058300614356994629e-01,1.040657162666320801e+00,3.647621870040893555e-01,1.351920723915100098e+00,1.098931394517421722e-02,1.000000000000000000e+00,2.074254512786865234e+00,-6.816894561052322388e-02,1.181855082511901855e+00,-6.524745225906372070e-01,3.738073408603668213e-01,1.204436048865318298e-01,1.000000000000000000e+00,1.663357377052307129e+00,-2.304008752107620239e-01,1.110080242156982422e+00,-2.952212654054164886e-02,5.948003530502319336e-01,1.517291963100433350e-01,1.000000000000000000e+00,1.000000000000000000e+00,0.000000000000000000e+00,0.000000000000000000e+00,1.000000000000000000e+00,2.074254512786865234e+00,-6.816894561052322388e-02,1.181855082511901855e+00,-6.524745225906372070e-01,3.738073408603668213e-01,1.204436048865318298e-01,-1.333167616064408201e-01,-1.792672956932905848e-02,2.637763715810703680e-03,1.000000000000000000e+00,1.663357377052307129e+00,-2.304008752107620239e-01,1.110080242156982422e+00,-2.952212654054164886e-02,5.948003530502319336e-01,1.517291963100433350e-01,-1.994252157851979235e-01,1.880102468411710692e-01,-9.715173966014137297e-02,1.000000000000000000e+00,7.508455961942672729e-02,1.999985575675964355e-01,-1.000000014901161194e-01,4.070827066898345947e-01,1.652853488922119141e-01,6.806392967700958252e-02,-1.000000014901161194e-01,4.738687872886657715e-01,-1.563584804534912109e-01,-1.303648948669433594e-02,2.055168151855468750e-03,3.948912024497985840e-01,-2.000000029802322388e-01,2.000000029802322388e-01,-8.281016349792480469e-02,4.089857339859008789e-01
2.280000000000000249e+00,4.333585500717163086e-01,4.641120508313179016e-02,1.296601295471191406e+00,8.576033711433410645e-01,6.104096770286560059e-01,-3.549021854996681213e-02,9.754644632339477539e-01,9.825117886066436768e-02,1.970173120498657227e-01,-9.791690111160278320e-02,9.951286315917968750e-01,-1.146141812205314636e-02,-1.971836686134338379e-01,-8.111119270324707031e-03,9.803330302238464355e-01,6.299726963043212891e-01,1.162774115800857544e-02,-1.854768372140824795e-03,1.000000000000000000e+00,0.000000000000000000e+00,4.333585500717163086e-01,4.641120508313179016e-02,1.296601295471191406e+00,8.576033711433410645e-01,6.104096770286560059e-01,-3.549021854996681213e-02,1.000000000000000000e+00,1.516075134277343750e+00,3.327932059764862061e-01,1.041060328483581543e+00,3.701034486293792725e-01,1.342528820037841797e+00,3.178581222891807556e-02,1.000000000000000000e+00,2.061218500137329102e+00,-6.048324704170227051e-02,1.184234380722045898e+00,-6.509609818458557129e-01,3.971816599369049072e-01,1.170579791069030762e-01,1.000000000000000000e+00,1.663126707077026367e+00,-2.182284593582153320e-01,1.113045811653137207e+00,1.045489124953746796e-02,6.254851818084716797e-01,1.441777050495147705e-01,1.000000000000000000e+00,1.000000000000000000e+00,0.000000000000000000e+00,0.000000000000000000e+00,1.000000000000000000e+00,1.516075134277343750e+00,3.327932059764862061e-01,1.041060328483581543e+00,3.701034486293792725e-01,1.342528820037841797e+00,3.178581222891807556e-02,9.942268133163452148e-01,1.001943647861480713e-01,3.839740902185440063e-02,-9.985014796257019043e-02,9.949441552162170410e-01,-1.078473683446645737e-02,-3.928384184837341309e-02,6.888486910611391068e-03,9.992044568061828613e-01,1.187514305114746094e+00,2.158003747463226318e-01,-1.604494452476501465e-02,0.000000000000000000e+00,1.000000000000000000e+00,4.333585500717163086e-01,4.641120508313179016e-02,1.296601295471191406e+00,8.576033711433410645e-01,6.104096770286560059e-01,-3.549021854996681213e-02,1.000000000000000000e+00,1.516075134277343750e+00,3.327932059764862061e-01,1.041060328483581543e+00,3.701034486293792725e-01,1.342528820037841797e+00,3.178581222891807556e-02,1.000000000000000000e+00,2.061218500137329102e+00,-6.048324704170227051e-02,1.184234380722045898e+00,-6.509609818458557129e-01,3.971816599369049072e-01,1.170579791069030762e-01,1.000000000000000000e+00,1.663126707077026367e+00,-2.182284593582153320e-01,1.113045811653137207e+00,1.045489124953746796e-02,6.254851818084716797e-01,1.441777050495147705e-01,1.000000000000000000e+00,1.000000000000000000e+00,0.000000000000000000e+00,0.000000000000000000e+00,1.000000000000000000e+00,2.061218500137329102e+00,-6.048324704170227051e-02,1.184234380722045898e+00,-6.509609818458557129e-01,3.971816599369049072e-01,1.170579791069030762e-01,-1.370402714906204800e-01,-1.726504327874001099e-02,2.614595142779257975e-03,1.000000000000000000e+00,1.663126707077026367e+00,-2.182284593582153320e-01,1.113045811653137207e+00,1.045489124953746796e-02,6.254851818084716797e-01,1.441777050495147705e-01,-1.994165579974861435e-01,1.898382118211978664e-01,-9.678888842618876831e-02,1.000000000000000000e+00,8.719576895236968994e-02,1.999979913234710693e-01,-1.000000014901161194e-01,4.076209664344787598e-01,1.786600947380065918e-01,6.700830161571502686e-02,-1.000000014901161194e-01,4.710428416728973389e-01,-1.521027088165283203e-01,-1.256299018859863281e-02,1.925706863403320312e-03,3.939591646194458008e-01,-1.588368415832519531e-01,2.000000029802322388e-01,-5.422616004943847656e-02,4.102195501327514648e-01
2.300000000000000266e+00,4.507948756217956543e-01,5.855262279510498047e-02,1.295835137367248535e+00,8.891220092773437500e-01,6.025539040565490723e-01,-4.165736213326454163e-02,9.754185080528259277e-01,1.007603853940963745e-01,1.959755122661590576e-01,-9.794658422470092773e-02,9.949018359184265137e-01,-2.402227185666561127e-02,-1.973968744277954102e-01,4.236633423715829849e-03,9.803146719932556152e-01,6.304591894149780273e-01,9.998461231589317322e-03,-1.476093311794102192e-03,1.000000000000000000e+00,0.000000000000000000e+00,4.507948756217956543e-01,5.855262279510498047e-02,1.295835137367248535e+00,8.891220092773437500e-01,6.025539040565490723e-01,-4.165736213326454163e-02,1.000000000000000000e+00,1.523528814315795898e+00,3.595199286937713623e-01,1.041897058486938477e+00,3.759104609489440918e-01,1.327860713005065918e+00,5.437086895108222961e-02,1.000000000000000000e+00,2.048213720321655273e+00,-5.232618004083633423e-02,1.186541318893432617e+00,-6.493232250213623047e-01,4.209508597850799561e-01,1.131496876478195190e-01,1.000000000000000000e+00,1.663696289062500000e+00,-2.054437547922134399e-01,1.115864992141723633e+00,5.050259828567504883e-02,6.560016274452209473e-01,1.370524317026138306e-01,1.000000000000000000e+00,1.000000000000000000e+00,0.000000000000000000e+00,0.000000000000000000e+00,1.000000000000000000e+00,1.523528814315795898e+00,3.595199286937713623e-01,1.041897058486938477e+00,3.759104609489440918e-01,1.327860713005065918e+00,5.437086895108222961e-02,9.940349459648132324e-01,1.014352962374687195e-01,4.006915539503097534e-02,-1.001178994774818420e-01,9.944072961807250977e-01,-3.362471982836723328e-02,-4.325579106807708740e-02,2.941250428557395935e-02,9.986310601234436035e-01,1.071517944335937500e+00,1.788183152675628662e-01,-1.956894993782043457e-02,0.000000000000000000e+00,1.000000000000000000e+00,4.507948756217956543e-01,5.855262279510498047e-02,1.295835137367248535e+00,8.891220092773437500e-01,6.025539040565490723e-01,-4.165736213326454163e-02,1.000000000000000000e+00,1.523528814315795898e+00,3.595199286937713623e-01,1.041897058486938477e+00,3.759104609489440918e-01,1.327860713005065918e+00,5.437086895108222961e-02,1.000000000000000000e+00,2.048213720321655273e+00,-5.232618004083633423e-02,1.186541318893432617e+00,-6.493232250213623047e-01,4.209508597850799561e-01,1.131496876478195190e-01,1.000000000000000000e+00,1.663696289062500000e+00,-2.054437547922134399e-01,1.115864992141723633e+00,5.050259828567504883e-02,6.560016274452209473e-01,1.370524317026138306e-01,1.000000000000000000e+00,1.000000000000000000e+00,0.000000000000000000e+00,0.000000000000000000e+00,1.000000000000000000e+00,2.048213720321655273e+00,-5.232618004083633423e-02,1.186541318893432617e+00,-6.493232250213623047e-01,4.209508597850799561e-01,1.131496876478195190e-01,-1.398028083873035787e-01,-1.661464262039658024e-02,2.568981814155477106e-03,1.000000000000000000e+00,1.663696289062500000e+00,-2.054437547922134399e-01,1.115864992141723633e+00,5.050259828567504883e-02,6.560016274452209473e-01,1.370524317026138306e-01,-1.987828321354973005e-01,1.914796595440511062e-01,-9.459079979385036363e-02,1.000000000000000000e+00,9.731092303991317749e-02,1.999969929456710815e-01,-1.000000014901161194e-01,4.077706634998321533e-01,1.874133497476577759e-01,7.426183670759201050e-02,-1.000000014901161194e-01,4.681384861469268799e-01,-1.458702087402343750e-01,-1.226639747619628906e-02,1.801967620849609375e-03,3.930555582046508789e-01,-1.235682964324951172e-01,2.000000029802322388e-01,-3.469491004943847656e-02,4.108678102493286133e-01
2.319999999999999840e+00,4.688583910465240479e-01,7.051552087068557739e-02,1.294949889183044434e+00,9.202867150306701660e-01,5.923227071762084961e-01,-4.735683649778366089e-02,9.753793478012084961e-01,1.032396703958511353e-01,1.948770135641098022e-01,-9.796723723411560059e-02,9.945191740989685059e-01,-3.652872890233993530e-02,-1.975801140069961548e-01,1.653780043125152588e-02,9.801474213600158691e-01,6.227374076843261719e-01,8.556919172406196594e-03,-1.133526675403118134e-03,1.000000000000000000e+00,0.000000000000000000e+00,4.688583910465240479e-01,7.051552087068557739e-02,1.294949889183044434e+00,9.202867150306701660e-01,5.923227071762084961e-01,-4.735683649778366089e-02,1.000000000000000000e+00,1.531101822853088379e+00,3.859099745750427246e-01,1.043195247650146484e+00,3.820453584194183350e-01,1.308450341224670410e+00,7.791655510663986206e-02,1.000000000000000000e+00,2.035242795944213867e+00,-4.369164258241653442e-02,1.188765406608581543e+00,-6.475660800933837891e-01,4.449132382869720459e-01,1.087554320693016052e-01,1.000000000000000000e+00,1.665066361427307129e+00,-1.920518279075622559e-01,1.118544936180114746e+00,9.048383682966232300e-02,6.860694885253906250e-01,1.303481757640838623e-01,1.000000000000000000e+00,1.000000000000000000e+00,0.000000000000000000e+00,0.000000000000000000e+00,1.000000000000000000e+00,1.531101822853088379e+00,3.859099745750427246e-01,1.043195247650146484e+00,3.820453584194183350e-01,1.308450341224670410e+00,7.791655510663986206e-02,9.938523173332214355e-01,1.027056127786636353e-01,4.134031385183334351e-02,-1.003869175910949707e-01,9.934422969818115234e-01,-5.472449213266372681e-02,-4.668973386287689209e-02,5.023803561925888062e-02,9.976453185081481934e-01,1.017663002014160156e+00,1.699364781379699707e-01,-2.299916185438632965e-02,0.000000000000000000e+00,1.000000000000000000e+00,4.688583910465240479e-01,7.051552087068557739e-02,1.294949889183044434e+00,9.202867150306701660e-01,5.923227071762084961e-01,-4.735683649778366089e-02,1.000000000000000000e+00,1.531101822853088379e+00,3.859099745750427246e-01,1.043195247650146484e+00,3.820453584194183350e-01,1.308450341224670410e+00,7.791655510663986206e-02,1.000000000000000000e+00,2.035242795944213867e+00,-4.369164258241653442e-02,1.188765406608581543e+00,-6.475660800933837891e-01,4.449132382869720459e-01,1.087554320693016052e-01,1.000000000000000000e+00,1.665066361427307129e+00,-1.920518279075622559e-01,1.118544936180114746e+00,9.048383682966232300e-02,6.860694885253906250e-01,1.303481757640838623e-01,1.000000000000000000e+00,1.000000000000000000e+00,0.000000000000000000e+00,0.000000000000000000e+00,1.000000000000000000e+00,2.035242795944213867e+00,-4.369164258241653442e-02,1.188765406608581543e+00,-6.475660800933837891e-01,4.449132382869720459e-01,1.087554320693016052e-01,-1.414685662485378470e-01,-1.599512988422113757e-02,2.503320783281942630e-03,1.000000000000000000e+00,1.665066361427307129e+00,-1.920518279075622559e-01,1.118544936180114746e+00,9.048383682966232300e-02,6.860694885253906250e-01,1.303481757640838623e-01,-1.944918633219757109e-01,1.930787866920788964e-01,-8.968859487736480229e-02,1.000000000000000000e+00,1.060405969619750977e-01,1.999949067831039429e-01,-1.000000014901161194e-01,4.078273773193359375e-01,1.969216614961624146e-01,8.253217488527297974e-02,-1.000000014901161194e-01,4.652792513370513916e-01,-1.375443935394287109e-01,-1.219058036804199219e-02,1.687288284301757812e-03,3.921711146831512451e-01,-9.578752517700195312e-02,2.000000029802322388e-01,-2.162837982177734375e-02,4.109662473201751709e-01
2.339999999999999858e+00,4.875418245792388916e-01,8.225265145301818848e-02,1.293954014778137207e+00,9.510746002197265625e-01,5.797546505928039551e-01,-5.270020663738250732e-02,9.753462076187133789e-01,1.056443303823471069e-01,1.937505751848220825e-01,-9.798030555248260498e-02,9.939937591552734375e-01,-4.874872788786888123e-02,-1.977368742227554321e-01,2.856313996016979218e-02,9.798389673233032227e-01,6.006660461425781250e-01,7.301981095224618912e-03,-8.394400938414037228e-04,1.000000000000000000e+00,0.000000000000000000e+00,4.875418245792388916e-01,8.225265145301818848e-02,1.293954014778137207e+00,9.510746002197265625e-01,5.797546505928039551e-01,-5.270020663738250732e-02,1.000000000000000000e+00,1.538799881935119629e+00,4.118714332580566406e-01,1.044967889785766602e+00,3.884572386741638184e-01,1.284592986106872559e+00,1.017749533057212830e-01,1.000000000000000000e+00,2.022308111190795898e+00,-3.457774594426155090e-02,1.190897822380065918e+00,-6.456985473632812500e-01,4.688448011875152588e-01,1.039180159568786621e-01,1.000000000000000000e+00,1.667234539985656738e+00,-1.780681759119033813e-01,1.121096611022949219e+00,1.302697509527206421e-01,7.148880958557128906e-01,1.243634521961212158e-01,1.000000000000000000e+00,1.000000000000000000e+00,0.000000000000000000e+00,0.000000000000000000e+00,1.000000000000000000e+00,1.538799881935119629e+00,4.118714332580566406e-01,1.044967889785766602e+00,3.884572386741638184e-01,1.284592986106872559e+00,1.017749533057212830e-01,9.936475157737731934e-01,1.040480583906173706e-01,4.288185760378837585e-02,-1.006517410278320312e-01,9.920959472656250000e-01,-7.493400573730468750e-02,-5.033965036273002625e-02,7.014185190200805664e-02,9.962661266326904297e-01,9.762264490127563477e-01,2.026579976081848145e-01,-2.771049924194812775e-02,0.000000000000000000e+00,1.000000000000000000e+00,4.875418245792388916e-01,8.225265145301818848e-02,1.293954014778137207e+00,9.510746002197265625e-01,5.797546505928039551e-01,-5.270020663738250732e-02,1.000000000000000000e+00,1.538799881935119629e+00,4.118714332580566406e-01,1.044967889785766602e+00,3.884572386741638184e-01,1.284592986106872559e+00,1.017749533057212830e-01,1.000000000000000000e+00,2.022308111190795898e+00,-3.457774594426155090e-02,1.190897822380065918e+00,-6.456985473632812500e-01,4.688448011875152588e-01,1.039180159568786621e-01,1.000000000000000000e+00,1.667234539985656738e+00,-1.780681759119033813e-01,1.121096611022949219e+00,1.302697509527206421e-01,7.148880958557128906e-01,1.243634521961212158e-01,1.000000000000000000e+00,1.000000000000000000e+00,0.000000000000000000e+00,0.000000000000000000e+00,1.000000000000000000e+00,2.022308111190795898e+00,-3.457774594426155090e-02,1.190897822380065918e+00,-6.456985473632812500e-01,4.688448011875152588e-01,1.039180159568786621e-01,-1.419049605666447555e-01,-1.542961514616325580e-02,2.420922769223413096e-03,1.000000000000000000e+00,1.667234539985656738e+00,-1.780681759119033813e-01,1.121096611022949219e+00,1.302697509527206421e-01,7.148880958557128906e-01,1.243634521961212158e-01,-1.844242443978178492e-01,1.944695828726787923e-01,-8.218255983762791372e-02,1.000000000000000000e+00,1.143365055322647095e-01,2.000000029802322388e-01,-1.000000014901161194e-01,4.079421460628509521e-01,1.999930441379547119e-01,9.345366060733795166e-02,-1.000000014901161194e-01,4.629576802253723145e-01,-1.270227432250976562e-01,-1.237797737121582031e-02,1.580715179443359375e-03,3.912969529628753662e-01,-7.367920875549316406e-02,1.782879829406738281e-01,-1.308965682983398438e-02,4.106647670269012451e-01
2.359999999999999876e+00,5.068375468254089355e-01,9.371804445981979370e-02,1.292853832244873047e+00,9.814730286598205566e-01,5.649420022964477539e-01,-5.777919664978981018e-02,9.753182530403137207e-01,1.079238802194595337e-01,1.926313936710357666e-01,-9.798736870288848877e-02,9.933522939682006836e-01,-6.041366606950759888e-02,-1.978709101676940918e-01,4.004710912704467773e-02,9.794097542762756348e-01,5.682673454284667969e-01,6.255914922803640366e-03,-5.969852209091186523e-04,1.000000000000000000e+00,0.000000000000000000e+00,5.068375468254089355e-01,9.371804445981979370e-02,1.292853832244873047e+00,9.814730286598205566e-01,5.649420022964477539e-01,-5.777919664978981018e-02,1.000000000000000000e+00,1.546629428863525391e+00,4.373173713684082031e-01,1.047216892242431641e+00,3.952634930610656738e-01,1.256517767906188965e+00,1.254149377346038818e-01,1.000000000000000000e+00,2.009411573410034180e+00,-2.498728968203067780e-02,1.192929744720458984e+00,-6.437341570854187012e-01,4.924996793270111084e-01,9.868282824754714966e-02,1.000000000000000000e+00,1.670195341110229492e+00,-1.635268032550811768e-01,1.123536348342895508e+00,1.696738004684448242e-01,7.414663434028625488e-01,1.192632615566253662e-01,1.000000000000000000e+00,1.000000000000000000e+00,0.000000000000000000e+00,0.000000000000000000e+00,1.000000000000000000e+00,1.546629428863525391e+00,4.373173713684082031e-01,1.047216892242431641e+00,3.952634930610656738e-01,1.256517767906188965e+00,1.254149377346038818e-01,9.933792352676391602e-01,1.055134609341621399e-01,4.543767124414443970e-02,-1.008940413594245911e-01,9.904324412345886230e-01,-9.414877742528915405e-02,-5.493690818548202515e-02,8.894104510545730591e-02,9.945207238197326660e-01,8.992482423782348633e-01,2.635687887668609619e-01,-3.493725508451461792e-02,0.000000000000000000e+00,1.000000000000000000e+00,5.068375468254089355e-01,9.371804445981979370e-02,1.292853832244873047e+00,9.814730286598205566e-01,5.649420022964477539e-01,-5.777919664978981018e-02,1.000000000000000000e+00,1.546629428863525391e+00,4.373173713684082031e-01,1.047216892242431641e+00,3.952634930610656738e-01,1.256517767906188965e+00,1.254149377346038818e-01,1.000000000000000000e+00,2.009411573410034180e+00,-2.498728968203067780e-02,1.192929744720458984e+00,-6.437341570854187012e-01,4.924996793270111084e-01,9.868282824754714966e-02,1.000000000000000000e+00,1.670195341110229492e+00,-1.635268032550811768e-01,1.123536348342895508e+00,1.696738004684448242e-01,7.414663434028625488e-01,1.192632615566253662e-01,1.000000000000000000e+00,1.000000000000000000e+00,0.000000000000000000e+00,0.000000000000000000e+00,1.000000000000000000e+00,2.009411573410034180e+00,-2.498728968203067780e-02,1.192929744720458984e+00,-6.437341570854187012e-01,4.924996793270111084e-01,9.868282824754714966e-02,-1.409835474799797650e-01,-1.494428308738848798e-02,2.325383687459187110e-03,1.000000000000000000e+00,1.670195341110229492e+00,-1.635268032550811768e-01,1.123536348342895508e+00,1.696738004684448242e-01,7.414663434028625488e-01,1.192632615566253662e-01,-1.695087626783545742e-01,1.951469443169140394e-01,-7.269370466910071715e-02,1.000000000000000000e+00,1.220348402857780457e-01,2.000000029802322388e-01,-1.000000014901161194e-01,4.079779386520385742e-01,1.998783200979232788e-01,1.099825054407119751e-01,-1.000000014901161194e-01,4.607851207256317139e-01,-1.142268180847167969e-01,-1.286768913269042969e-02,1.476287841796875000e-03,3.904329538345336914e-01,-5.604076385498046875e-02,1.370952129364013672e-01,-7.666826248168945312e-03,4.100958406925201416e-01
2.379999999999999893e+00,5.267376303672790527e-01,1.048679277300834656e-01,1.291653990745544434e+00,1.011477828025817871e+00,5.480188131332397461e-01,-6.266739219427108765e-02,9.752947688102722168e-01,1.100579053163528442e-01,1.915403902530670166e-01,-9.798966348171234131e-02,9.926225543022155762e-01,-7.140612602233886719e-02,-1.979860961437225342e-01,5.087303370237350464e-02,9.788839221000671387e-01,5.352364182472229004e-01,5.403504241257905960e-03,-4.001457418780773878e-04,1.000000000000000000e+00,0.000000000000000000e+00,5.267376303672790527e-01,1.048679277300834656e-01,1.291653990745544434e+00,1.011477828025817871e+00,5.480188131332397461e-01,-6.266739219427108765e-02,1.000000000000000000e+00,1.554600358009338379e+00,4.621662199497222900e-01,1.049933433532714844e+00,4.027270674705505371e-01,1.224582195281982422e+00,1.484250128269195557e-01,1.000000000000000000e+00,1.996555089950561523e+00,-1.492816489189863205e-02,1.194853782653808594e+00,-6.416916847229003906e-01,5.156112313270568848e-01,9.309661388397216797e-02,1.000000000000000000e+00,1.673938512802124023e+00,-1.484794020652770996e-01,1.125881433486938477e+00,2.083435207605361938e-01,7.651356458663940430e-01,1.149468943476676941e-01,1.000000000000000000e+00,1.000000000000000000e+00,0.000000000000000000e+00,0.000000000000000000e+00,1.000000000000000000e+00,1.554600358009338379e+00,4.621662199497222900e-01,1.049933433532714844e+00,4.027270674705505371e-01,1.224582195281982422e+00,1.484250128269195557e-01,9.930104017257690430e-01,1.071276739239692688e-01,4.954013228416442871e-02,-1.010928973555564880e-01,9.886140227317810059e-01,-1.114574372768402100e-01,-6.091623753309249878e-02,1.056702286005020142e-01,9.925337433815002441e-01,7.692930698394775391e-01,3.413627147674560547e-01,-4.615109041333198547e-02,0.000000000000000000e+00,1.000000000000000000e+00,5.267376303672790527e-01,1.048679277300834656e-01,1.291653990745544434e+00,1.011477828025817871e+00,5.480188131332397461e-01,-6.266739219427108765e-02,1.000000000000000000e+00,1.554600358009338379e+00,4.621662199497222900e-01,1.049933433532714844e+00,4.027270674705505371e-01,1.224582195281982422e+00,1.484250128269195557e-01,1.000000000000000000e+00,1.996555089950561523e+00,-1.492816489189863205e-02,1.194853782653808594e+00,-6.416916847229003906e-01,5.156112313270568848e-01,9.309661388397216797e-02,1.000000000000000000e+00,1.673938512802124023e+00,-1.484794020652770996e-01,1.125881433486938477e+00,2.083435207605361938e-01,7.651356458663940430e-01,1.149468943476676941e-01,1.000000000000000000e+00,1.000000000000000000e+00,0.000000000000000000e+00,0.000000000000000000e+00,1.000000000000000000e+00,1.996555089950561523e+00,-1.492816489189863205e-02,1.194853782653808594e+00,-6.416916847229003906e-01,5.156112313270568848e-01,9.309661388397216797e-02,-1.385793227637834302e-01,-1.456756323023955524e-02,2.219860560943046068e-03,1.000000000000000000e+00,1.673938512802124023e+00,-1.484794020652770996e-01,1.125881433486938477e+00,2.083435207605361938e-01,7.651356458663940430e-01,1.149468943476676941e-01,-1.524555427951445885e-01,1.933691845832101741e-01,-6.199085146643362049e-02,1.000000000000000000e+00,1.292728781700134277e-01,2.000000029802322388e-01,-1.000000014901161194e-01,4.077210128307342529e-01,1.999995410442352295e-01,1.327975839376449585e-01,-1.000000014901161194e-01,4.582109153270721436e-01,-9.910154342651367188e-02,-1.369190216064453125e-02,1.361370086669921875e-03,3.895883560180664062e-01,-4.199957847595214844e-02,1.032874584197998047e-01,-4.332780838012695312e-03,4.093805253505706787e-01
2.399999999999999911e+00,5.472342967987060547e-01,1.156614348292350769e-01,1.290357232093811035e+00,1.041085243225097656e+00,5.291284322738647461e-01,-6.744624674320220947e-02,9.752745628356933594e-01,1.120588928461074829e-01,1.904794275760650635e-01,-9.798842668533325195e-02,9.918220043182373047e-01,-8.177708089351654053e-02,-1.980855166912078857e-01,6.109032407402992249e-02,9.782791733741760254e-01,5.076450705528259277e-01,4.670077934861183167e-03,-2.517602988518774509e-04,1.000000000000000000e+00,0.000000000000000000e+00,5.472342967987060547e-01,1.156614348292350769e-01,1.290357232093811035e+00,1.041085243225097656e+00,5.291284322738647461e-01,-6.744624674320220947e-02,1.000000000000000000e+00,1.562729358673095703e+00,4.863457083702087402e-01,1.053102374076843262e+00,4.112142920494079590e-01,1.189357399940490723e+00,1.704971343278884888e-01,1.000000000000000000e+00,1.983740091323852539e+00,-4.413789138197898865e-03,1.196663141250610352e+00,-6.395949721336364746e-01,5.378929972648620605e-01,8.720751106739044189e-02,1.000000000000000000e+00,1.678443551063537598e+00,-1.329861730337142944e-01,1.128147006034851074e+00,2.455738782882690430e-01,7.857542634010314941e-01,1.113991290330886841e-01,1.000000000000000000e+00,1.000000000000000000e+00,0.000000000000000000e+00,0.000000000000000000e+00,1.000000000000000000e+00,1.562729358673095703e+00,4.863457083702087402e-01,1.053102374076843262e+00,4.112142920494079590e-01,1.189357399940490723e+00,1.704971343278884888e-01,9.924894571304321289e-01,1.089444458484649658e-01,5.564066022634506226e-02,-1.012533307075500488e-01,9.868344068527221680e-01,-1.261177211999893188e-01,-6.864794343709945679e-02,1.195366978645324707e-01,9.904537200927734375e-01,6.239780187606811523e-01,4.412662982940673828e-01,-6.300707161426544189e-02,0.000000000000000000e+00,1.000000000000000000e+00,5.472342967987060547e-01,1.156614348292350769e-01,1.290357232093811035e+00,1.041085243225097656e+00,5.291284322738647461e-01,-6.744624674320220947e-02,1.000000000000000000e+00,1.562729358673095703e+00,4.863457083702087402e-01,1.053102374076843262e+00,4.112142920494079590e-01,1.189357399940490723e+00,1.704971343278884888e-01,1.000000000000000000e+00,1.983740091323852539e+00,-4.413789138197898865e-03,1.196663141250610352e+00,-6.395949721336364746e-01,5.378929972648620605e-01,8.720751106739044189e-02,1.000000000000000000e+00,1.678443551063537598e+00,-1.329861730337142944e-01,1.128147006034851074e+00,2.455738782882690430e-01,7.857542634010314941e-01,1.113991290330886841e-01,1.000000000000000000e+00,1.000000000000000000e+00,0.000000000000000000e+00,0.000000000000000000e+00,1.000000000000000000e+00,1.983740091323852539e+00,-4.413789138197898865e-03,1.196663141250610352e+00,-6.395949721336364746e-01,5.378929972648620605e-01,8.720751106739044189e-02,-1.345723909264381901e-01,-1.432960216040868318e-02,2.106654232432170204e-03,1.000000000000000000e+00,1.678443551063537598e+00,-1.329861730337142944e-01,1.128147006034851074e+00,2.455738782882690430e-01,7.857542634010314941e-01,1.113991290330886841e-01,-1.355347364966994483e-01,1.866005535684822636e-01,-5.074958562441302112e-02,1.000000000000000000e+00,1.364566087722778320e-01,2.000000029802322388e-01,-1.000000014901161194e-01,4.070058166980743408e-01,1.999999135732650757e-01,1.621648073196411133e-01,-1.000000014901161194e-01,4.557064771652221680e-01,-8.160281181335449219e-02,-1.487469673156738281e-02,1.216411590576171875e-03,3.887764513492584229e-01,-3.084492683410644531e-02,7.644581794738769531e-02,-2.356529235839843750e-03,4.087058901786804199e-01
2.419999999999999929e+00,5.683194994926452637e-01,1.260603815317153931e-01,1.288965344429016113e+00,1.070285797119140625e+00,5.083999037742614746e-01,-7.222034782171249390e-02,9.752575755119323730e-01,1.139528602361679077e-01,1.894402801990509033e-01,-9.798483550548553467e-02,9.909588694572448730e-01,-9.164969623088836670e-02,-1.981712579727172852e-01,7.081978023052215576e-02,9.776057004928588867e-01,4.865057170391082764e-01,4.015766549855470657e-03,-1.476348261348903179e-04,1.000000000000000000e+00,0.000000000000000000e+00,5.683194994926452637e-01,1.260603815317153931e-01,1.288965344429016113e+00,1.070285797119140625e+00,5.083999037742614746e-01,-7.222034782171249390e-02,1.000000000000000000e+00,1.571040391921997070e+00,5.097959041595458984e-01,1.056702136993408203e+00,4.211869835853576660e-01,1.151494503021240234e+00,1.913525313138961792e-01,1.000000000000000000e+00,1.970967173576354980e+00,6.536528002470731735e-03,1.198352456092834473e+00,-6.374737024307250977e-01,5.590406060218811035e-01,8.106530457735061646e-02,1.000000000000000000e+00,1.683672904968261719e+00,-1.171068251132965088e-01,1.130348801612854004e+00,2.803424596786499023e-01,8.035073280334472656e-01,1.086156815290451050e-01,1.000000000000000000e+00,1.000000000000000000e+00,0.000000000000000000e+00,0.000000000000000000e+00,1.000000000000000000e+00,1.571040391921997070e+00,5.097959041595458984e-01,1.056702136993408203e+00,4.211869835853576660e-01,1.151494503021240234e+00,1.913525313138961792e-01,9.917311072349548340e-01,1.110952720046043396e-01,6.424500793218612671e-02,-1.013996973633766174e-01,9.851803779602050781e-01,-1.383398324251174927e-01,-7.866182178258895874e-02,1.306814700365066528e-01,9.882989525794982910e-01,5.092603564262390137e-01,5.719659328460693359e-01,-8.613646775484085083e-02,0.000000000000000000e+00,1.000000000000000000e+00,5.683194994926452637e-01,1.260603815317153931e-01,1.288965344429016113e+00,1.070285797119140625e+00,5.083999037742614746e-01,-7.222034782171249390e-02,1.000000000000000000e+00,1.571040391921997070e+00,5.097959041595458984e-01,1.056702136993408203e+00,4.211869835853576660e-01,1.151494503021240234e+00,1.913525313138961792e-01,1.000000000000000000e+00,1.970967173576354980e+00,6.536528002470731735e-03,1.198352456092834473e+00,-6.374737024307250977e-01,5.590406060218811035e-01,8.106530457735061646e-02,1.000000000000000000e+00,1.683672904968261719e+00,-1.171068251132965088e-01,1.130348801612854004e+00,2.803424596786499023e-01,8.035073280334472656e-01,1.086156815290451050e-01,1.000000000000000000e+00,1.000000000000000000e+00,0.000000000000000000e+00,0.000000000000000000e+00,1.000000000000000000e+00,1.970967173576354980e+00,6.536528002470731735e-03,1.198352456092834473e+00,-6.374737024307250977e-01,5.590406060218811035e-01,8.106530457735061646e-02,-1.288521179218683199e-01,-1.426113197475453731e-02,1.986417185045663558e-03,1.000000000000000000e+00,1.683672904968261719e+00,-1.171068251132965088e-01,1.130348801612854004e+00,2.803424596786499023e-01,8.035073280334472656e-01,1.086156815290451050e-01,-1.199811516591526434e-01,1.742608162116923154e-01,-3.970556925171143947e-02,1.000000000000000000e+00,1.436936408281326294e-01,1.999999880790710449e-01,-1.000000014901161194e-01,4.058643579483032227e-01,1.999999880790710449e-01,1.970169097185134888e-01,-1.000000014901161194e-01,4.537180364131927490e-01,-6.168699264526367188e-02,-1.643300056457519531e-02,1.014947891235351562e-03,3.880091905593872070e-01,-2.198314666748046875e-02,5.600619316101074219e-02,-1.230716705322265625e-03,4.082131087779998779e-01
2.439999999999999947e+00,5.899848937988281250e-01,1.360290497541427612e-01,1.287477016448974609e+00,1.099062323570251465e+00,4.859432280063629150e-01,-7.712224870920181274e-02,9.752430915832519531e-01,1.157635971903800964e-01,1.884139478206634521e-01,-9.797988086938858032e-02,9.900358915328979492e-01,-1.011385545134544373e-01,-1.982447206974029541e-01,8.017390221357345581e-02,9.768680930137634277e-01,4.700105190277099609e-01,3.438350046053528786e-03,-7.901540084276348352e-05,1.000000000000000000e+00,0.000000000000000000e+00,5.899848937988281250e-01,1.360290497541427612e-01,1.287477016448974609e+00,1.099062323570251465e+00,4.859432280063629150e-01,-7.712224870920181274e-02,1.000000000000000000e+00,1.579568505287170410e+00,5.324692130088806152e-01,1.060706615447998047e+00,4.332176148891448975e-01,1.111510396003723145e+00,2.108067125082015991e-01,1.000000000000000000e+00,1.958236813545227051e+00,1.789724826812744141e-02,1.199916958808898926e+00,-6.353630423545837402e-01,5.787338614463806152e-01,7.472072541713714600e-02,1.000000000000000000e+00,1.689568758010864258e+00,-1.008960306644439697e-01,1.132501721382141113e+00,3.117803931236267090e-01,8.186887502670288086e-01,1.066136211156845093e-01,1.000000000000000000e+00,1.000000000000000000e+00,0.000000000000000000e+00,0.000000000000000000e+00,1.000000000000000000e+00,1.579568505287170410e+00,5.324692130088806152e-01,1.060706615447998047e+00,4.332176148891448975e-01,1.111510396003723145e+00,2.108067125082015991e-01,9.906058907508850098e-01,1.137526705861091614e-01,7.589869946241378784e-02,-1.015374585986137390e-01,9.836172461509704590e-01,-1.489549428224563599e-01,-9.159927815198898315e-02,1.398490518331527710e-01,9.859270453453063965e-01,4.351931512355804443e-01,7.330777645111083984e-01,-1.157465875148773193e-01,0.000000000000000000e+00,1.000000000000000000e+00,5.899848937988281250e-01,1.360290497541427612e-01,1.287477016448974609e+00,1.099062323570251465e+00,4.859432280063629150e-01,-7.712224870920181274e-02,1.000000000000000000e+00,1.579568505287170410e+00,5.324692130088806152e-01,1.060706615447998047e+00,4.332176148891448975e-01,1.111510396003723145e+00,2.108067125082015991e-01,1.000000000000000000e+00,1.958236813545227051e+00,1.789724826812744141e-02,1.199916958808898926e+00,-6.353630423545837402e-01,5.787338614463806152e-01,7.472072541713714600e-02,1.000000000000000000e+00,1.689568758010864258e+00,-1.008960306644439697e-01,1.132501721382141113e+00,3.117803931236267090e-01,8.186887502670288086e-01,1.066136211156845093e-01,1.000000000000000000e+00,1.000000000000000000e+00,0.000000000000000000e+00,0.000000000000000000e+00,1.000000000000000000e+00,1.958236813545227051e+00,1.789724826812744141e-02,1.199916958808898926e+00,-6.353630423545837402e-01,5.787338614463806152e-01,7.472072541713714600e-02,-1.213198268376104172e-01,-1.439165065609615546e-02,1.857201428409151200e-03,1.000000000000000000e+00,1.689568758010864258e+00,-1.008960306644439697e-01,1.132501721382141113e+00,3.117803931236267090e-01,8.186887502670288086e-01,1.066136211156845093e-01,-1.061077165685775925e-01,1.582761631390439128e-01,-2.960480500666373693e-02,1.000000000000000000e+00,1.509306728839874268e-01,2.000000029802322388e-01,-1.000000014901161194e-01,4.044052958488464355e-01,2.000000029802322388e-01,2.000000029802322388e-01,-1.000000014901161194e-01,4.529061913490295410e-01,-3.930711746215820312e-02,-1.837468147277832031e-02,7.226467132568359375e-04,3.872941136360168457e-01,-1.492786407470703125e-02,4.117250442504882812e-02,-6.144046783447265625e-04,4.078738093376159668e-01
2.459999999999999964e+00,6.122218966484069824e-01,1.455337554216384888e-01,1.285888552665710449e+00,1.127393722534179688e+00,4.618544876575469971e-01,-8.230092376470565796e-02,9.752308726310729980e-01,1.175057813525199890e-01,1.873958557844161987e-01,-9.797423332929611206e-02,9.890561103820800781e-01,-1.103135868906974792e-01,-1.983074992895126343e-01,8.922124654054641724e-02,9.760705828666687012e-01,4.557258188724517822e-01,2.945428481325507164e-03,-3.777499296120367944e-05,1.000000000000000000e+00,0.000000000000000000e+00,6.122218966484069824e-01,1.455337554216384888e-01,1.285888552665710449e+00,1.127393722534179688e+00,4.618544876575469971e-01,-8.230092376470565796e-02,1.000000000000000000e+00,1.588360667228698730e+00,5.543260574340820312e-01,1.065086960792541504e+00,4.479578137397766113e-01,1.069719552993774414e+00,2.287651449441909790e-01,1.000000000000000000e+00,1.945548176765441895e+00,2.963629737496376038e-02,1.201353073120117188e+00,-6.333031058311462402e-01,5.966386795043945312e-01,6.822296977043151855e-02,1.000000000000000000e+00,1.696059942245483398e+00,-8.440288901329040527e-02,1.134621858596801758e+00,3.395186364650726318e-01,8.315391540527343750e-01,1.053887233138084412e-01,1.000000000000000000e+00,1.000000000000000000e+00,0.000000000000000000e+00,0.000000000000000000e+00,1.000000000000000000e+00,1.588360667228698730e+00,5.543260574340820312e-01,1.065086960792541504e+00,4.479578137397766113e-01,1.069719552993774414e+00,2.287651449441909790e-01,9.890246987342834473e-01,1.168741434812545776e-01,9.039285778999328613e-02,-1.015566140413284302e-01,9.820995330810546875e-01,-1.586412787437438965e-01,-1.073158383369445801e-01,1.477201282978057861e-01,9.831898808479309082e-01,3.856993019580841064e-01,8.062443733215332031e-01,-1.290791779756546021e-01,0.000000000000000000e+00,1.000000000000000000e+00,6.122218966484069824e-01,1.455337554216384888e-01,1.285888552665710449e+00,1.127393722534179688e+00,4.618544876575469971e-01,-8.230092376470565796e-02,1.000000000000000000e+00,1.588360667228698730e+00,5.543260574340820312e-01,1.065086960792541504e+00,4.479578137397766113e-01,1.069719552993774414e+00,2.287651449441909790e-01,1.000000000000000000e+00,1.945548176765441895e+00,2.963629737496376038e-02,1.201353073120117188e+00,-6.333031058311462402e-01,5.966386795043945312e-01,6.822296977043151855e-02,1.000000000000000000e+00,1.696059942245483398e+00,-8.440288901329040527e-02,1.134621858596801758e+00,3.395186364650726318e-01,8.315391540527343750e-01,1.053887233138084412e-01,1.000000000000000000e+00,1.000000000000000000e+00,0.000000000000000000e+00,0.000000000000000000e+00,1.000000000000000000e+00,1.945548176765441895e+00,2.963629737496376038e-02,1.201353073120117188e+00,-6.333031058311462402e-01,5.966386795043945312e-01,6.822296977043151855e-02,-1.118878371278365785e-01,-1.474817279403906056e-02,1.713571908757899331e-03,1.000000000000000000e+00,1.696059942245483398e+00,-8.440288901329040527e-02,1.134621858596801758e+00,3.395186364650726318e-01,8.315391540527343750e-01,1.053887233138084412e-01,-9.354059918168378118e-02,1.414509754611079639e-01,-2.097534063977933572e-02,1.000000000000000000e+00,1.569615155458450317e-01,2.000000029802322388e-01,-1.000000014901161194e-01,4.028757214546203613e-01,1.999815255403518677e-01,1.999999433755874634e-01,-1.000000014901161194e-01,4.476464390754699707e-01,-1.441669464111328125e-02,-2.069497108459472656e-02,2.982616424560546875e-04,3.866357803344726562e-01,-9.317159652709960938e-03,3.098702430725097656e-02,-2.887248992919921875e-04,4.076021313667297363e-01
2.479999999999999982e+00,6.350212693214416504e-01,1.545426249504089355e-01,1.284192919731140137e+00,1.155259966850280762e+00,4.362230300903320312e-01,-8.789712935686111450e-02,9.752205610275268555e-01,1.191819757223129272e-01,1.863885223865509033e-01,-9.796844422817230225e-02,9.880273342132568359e-01,-1.191822588443756104e-01,-1.983613073825836182e-01,9.796878695487976074e-02,9.752205610275268555e-01,4.386303126811981201e-01,2.530754543840885162e-03,-1.378816068609012291e-05,1.000000000000000000e+00,0.000000000000000000e+00,6.350212693214416504e-01,1.545426249504089355e-01,1.284192919731140137e+00,1.155259966850280762e+00,4.362230300903320312e-01,-8.789712935686111450e-02,1.000000000000000000e+00,1.597474694252014160e+00,5.753328204154968262e-01,1.069811224937438965e+00,4.657062888145446777e-01,1.026386499404907227e+00,2.449326366186141968e-01,1.000000000000000000e+00,1.932899951934814453e+00,4.171480983495712280e-02,1.202658176422119141e+00,-6.313383579254150391e-01,6.124090552330017090e-01,6.161700189113616943e-02,1.000000000000000000e+00,1.703073382377624512e+00,-6.767271459102630615e-02,1.136724114418029785e+00,3.636791110038757324e-01,8.421829342842102051e-01,1.048910766839981079e-01,1.000000000000000000e+00,1.000000000000000000e+00,0.000000000000000000e+00,0.000000000000000000e+00,1.000000000000000000e+00,1.597474694252014160e+00,5.753328204154968262e-01,1.069811224937438965e+00,4.657062888145446777e-01,1.026386499404907227e+00,2.449326366186141968e-01,9.872092604637145996e-01,1.201462894678115845e-01,1.047989055514335632e-01,-1.015828400850296021e-01,9.806504845619201660e-01,-1.673490405082702637e-01,-1.228774562478065491e-01,1.545627415180206299e-01,9.803119897842407227e-01,3.356820046901702881e-01,7.034820318222045898e-01,-1.281372457742691040e-01,0.000000000000000000e+00,1.000000000000000000e+00,6.350212693214416504e-01,1.545426249504089355e-01,1.284192919731140137e+00,1.155259966850280762e+00,4.362230300903320312e-01,-8.789712935686111450e-02,1.000000000000000000e+00,1.597474694252014160e+00,5.753328204154968262e-01,1.069811224937438965e+00,4.657062888145446777e-01,1.026386499404907227e+00,2.449326366186141968e-01,1.000000000000000000e+00,1.932899951934814453e+00,4.171480983495712280e-02,1.202658176422119141e+00,-6.313383579254150391e-01,6.124090552330017090e-01,6.161700189113616943e-02,1.000000000000000000e+00,1.703073382377624512e+00,-6.767271459102630615e-02,1.136724114418029785e+00,3.636791110038757324e-01,8.421829342842102051e-01,1.048910766839981079e-01,1.000000000000000000e+00,1.000000000000000000e+00,0.000000000000000000e+00,0.000000000000000000e+00,1.000000000000000000e+00,1.932899951934814453e+00,4.171480983495712280e-02,1.202658176422119141e+00,-6.313383579254150391e-01,6.124090552330017090e-01,6.161700189113616943e-02,-1.004762665277200429e-01,-1.535428333833444015e-02,1.546054297781554454e-03,1.000000000000000000e+00,1.703073382377624512e+00,-6.767271459102630615e-02,1.136724114418029785e+00,3.636791110038757324e-01,8.421829342842102051e-01,1.048910766839981079e-01,-8.175898085136604210e-02,1.257726797153277953e-01,-1.401679520622380049e-02,1.000000000000000000e+00,1.626321226358413696e-01,1.999999284744262695e-01,-1.000000014901161194e-01,4.013286828994750977e-01,1.999987661838531494e-01,2.000000029802322388e-01,-1.000000014901161194e-01,4.359015822410583496e-01,1.302576065063476562e-02,-2.337145805358886719e-02,-3.044605255126953125e-04,3.860412836074829102e-01,-7.046699523925781250e-03,2.409315109252929688e-02,-1.697540283203125000e-04,4.073388874530792236e-01
2.500000000000000000e+00,6.583738327026367188e-01,1.630256772041320801e-01,1.282380819320678711e+00,1.182647943496704102e+00,4.091458320617675781e-01,-9.402341395616531372e-02,9.752117395401000977e-01,1.207761019468307495e-01,1.854059100151062012e-01,-9.796276688575744629e-02,9.869689941406250000e-01,-1.276541203260421753e-01,-1.984074413776397705e-01,1.063269153237342834e-01,9.743352532386779785e-01,4.163379073143005371e-01,2.171645872294902802e-03,5.065190293862542603e-07,1.000000000000000000e+00,0.000000000000000000e+00,6.583738327026367188e-01,1.630256772041320801e-01,1.282380819320678711e+00,1.182647943496704102e+00,4.091458320617675781e-01,-9.402341395616531372e-02,1.000000000000000000e+00,1.606967926025390625e+00,5.954616665840148926e-01,1.074838757514953613e+00,4.860086739063262939e-01,9.819052815437316895e-01,2.586826384067535400e-01,1.000000000000000000e+00,1.920289993286132812e+00,5.408690869808197021e-02,1.203830480575561523e+00,-6.295170783996582031e-01,6.256878972053527832e-01,5.494105070829391479e-02,1.000000000000000000e+00,1.710540533065795898e+00,-5.074912309646606445e-02,1.138822317123413086e+00,3.846375644207000732e-01,8.506764173507690430e-01,1.050379797816276550e-01,1.000000000000000000e+00,1.000000000000000000e+00,0.000000000000000000e+00,0.000000000000000000e+00,1.000000000000000000e+00,1.606967926025390625e+00,5.954616665840148926e-01,1.074838757514953613e+00,4.860086739063262939e-01,9.819052815437316895e-01,2.586826384067535400e-01,9.855340123176574707e-01,1.232683807611465454e-01,1.163093969225883484e-01,-1.018694192171096802e-01,9.793297052383422852e-01,-1.747460663318634033e-01,-1.354458928108215332e-01,1.603698134422302246e-01,9.777199029922485352e-01,2.862951159477233887e-01,5.220079421997070312e-01,-1.160317137837409973e-01,0.000000000000000000e+00,1.000000000000000000e+00,6.583738327026367188e-01,1.630256772041320801e-01,1.282380819320678711e+00,1.182647943496704102e+00,4.091458320617675781e-01,-9.402341395616531372e-02,1.000000000000000000e+00,1.606967926025390625e+00,5.954616665840148926e-01,1.074838757514953613e+00,4.860086739063262939e-01,9.819052815437316895e-01,2.586826384067535400e-01,1.000000000000000000e+00,1.920289993286132812e+00,5.408690869808197021e-02,1.203830480575561523e+00,-6.295170783996582031e-01,6.256878972053527832e-01,5.494105070829391479e-02,1.000000000000000000e+00,1.710540533065795898e+00,-5.074912309646606445e-02,1.138822317123413086e+00,3.846375644207000732e-01,8.506764173507690430e-01,1.050379797816276550e-01,1.000000000000000000e+00,1.000000000000000000e+00,0.000000000000000000e+00,0.000000000000000000e+00,1.000000000000000000e+00,1.920289993286132812e+00,5.408690869808197021e-02,1.203830480575561523e+00,-6.295170783996582031e-01,6.256878972053527832e-01,5.494105070829391479e-02,-8.701034128504231413e-02,-1.622934776561479886e-02,1.340530375119608486e-03,1.000000000000000000e+00,1.710540533065795898e+00,-5.074912309646606445e-02,1.138822317123413086e+00,3.846375644207000732e-01,8.506764173507690430e-01,1.050379797816276550e-01,-7.061371780690431366e-02,1.118722120950981225e-01,-8.658966836923864124e-03,1.000000000000000000e+00,1.748170107603073120e-01,2.000000029802322388e-01,-1.000000014901161194e-01,3.998372554779052734e-01,1.999999582767486572e-01,2.000000029802322388e-01,-1.000000014901161194e-01,4.236936867237091064e-01,4.304146766662597656e-02,-2.636122703552246094e-02,-1.135110855102539062e-03,3.855266273021697998e-01,-5.942821502685546875e-03,1.989531517028808594e-02,-1.182556152343750000e-04,4.071808457374572754e-01
2.520000000000000018e+00,6.822697520256042480e-01,1.709550023078918457e-01,1.280440807342529297e+00,1.209550380706787109e+00,3.807326853275299072e-01,-1.007693037390708923e-01,9.752042293548583984e-01,1.222976669669151306e-01,1.844452470541000366e-01,-9.795730561017990112e-02,9.858851432800292969e-01,-1.357751190662384033e-01,-1.984467953443527222e-01,1.143407151103019714e-01,9.734193086624145508e-01,4.130522906780242920e-01,1.851640059612691402e-03,8.166111911123152822e-06,1.000000000000000000e+00,0.000000000000000000e+00,6.822697520256042480e-01,1.709550023078918457e-01,1.280440807342529297e+00,1.209550380706787109e+00,3.807326853275299072e-01,-1.007693037390708923e-01,1.000000000000000000e+00,1.616883993148803711e+00,6.146942377090454102e-01,1.080112338066101074e+00,5.079789757728576660e-01,9.367806315422058105e-01,2.690970003604888916e-01,1.000000000000000000e+00,1.907714605331420898e+00,6.669946759939193726e-02,1.204868912696838379e+00,-6.278904080390930176e-01,6.361078023910522461e-01,4.822416976094245911e-02,1.000000000000000000e+00,1.718400955200195312e+00,-3.367436677217483521e-02,1.140928626060485840e+00,4.027881026268005371e-01,8.571189641952514648e-01,1.057427302002906799e-01,1.000000000000000000e+00,1.000000000000000000e+00,0.000000000000000000e+00,0.000000000000000000e+00,1.000000000000000000e+00,1.616883993148803711e+00,6.146942377090454102e-01,1.080112338066101074e+00,5.079789757728576660e-01,9.367806315422058105e-01,2.690970003604888916e-01,9.841648936271667480e-01,1.260596513748168945e-01,1.246140524744987488e-01,-1.023849770426750183e-01,9.781580567359924316e-01,-1.808989793062210083e-01,-1.446962803602218628e-01,1.652757972478866577e-01,9.755753278732299805e-01,2.443402260541915894e-01,3.892431855201721191e-01,-1.001040041446685791e-01,0.000000000000000000e+00,1.000000000000000000e+00,6.822697520256042480e-01,1.709550023078918457e-01,1.280440807342529297e+00,1.209550380706787109e+00,3.807326853275299072e-01,-1.007693037390708923e-01,1.000000000000000000e+00,1.616883993148803711e+00,6.146942377090454102e-01,1.080112338066101074e+00,5.079789757728576660e-01,9.367806315422058105e-01,2.690970003604888916e-01,1.000000000000000000e+00,1.907714605331420898e+00,6.669946759939193726e-02,1.204868912696838379e+00,-6.278904080390930176e-01,6.361078023910522461e-01,4.822416976094245911e-02,1.000000000000000000e+00,1.718400955200195312e+00,-3.367436677217483521e-02,1.140928626060485840e+00,4.027881026268005371e-01,8.571189641952514648e-01,1.057427302002906799e-01,1.000000000000000000e+00,1.000000000000000000e+00,0.000000000000000000e+00,0.000000000000000000e+00,1.000000000000000000e+00,1.907714605331420898e+00,6.669946759939193726e-02,1.204868912696838379e+00,-6.278904080390930176e-01,6.361078023910522461e-01,4.822416976094245911e-02,-7.142000204819562437e-02,-1.738686469667194423e-02,1.077843536860224882e-03,1.000000000000000000e+00,1.718400955200195312e+00,-3.367436677217483521e-02,1.140928626060485840e+00,4.027881026268005371e-01,8.571189641952514648e-01,1.057427302002906799e-01,-6.050337853941897132e-02,9.949490380353842589e-02,-4.690937250957656623e-03,1.000000000000000000e+00,1.935604363679885864e-01,2.000000029802322388e-01,-1.000000014901161194e-01,4.002792835235595703e-01,2.000000029802322388e-01,2.000000029802322388e-01,-1.000000014901161194e-01,4.140629172325134277e-01,7.561874389648437500e-02,-2.959275245666503906e-02,-2.241611480712890625e-03,3.851155638694763184e-01,-5.270719528198242188e-03,1.777338981628417969e-02,-9.369850158691406250e-05,4.072166681289672852e-01
2.540000000000000036e+00,7.066992521286010742e-01,1.783044189214706421e-01,1.278359889984130859e+00,1.235975265502929688e+00,3.510159850120544434e-01,-1.081140190362930298e-01,9.751979112625122070e-01,1.238767728209495544e-01,1.834221333265304565e-01,-9.795231372117996216e-02,9.846830964088439941e-01,-1.442382037639617920e-01,-1.984804123640060425e-01,1.226941645145416260e-01,9.723948836326599121e-01,4.609953463077545166e-01,1.578468130901455879e-03,8.982805411505978554e-06,1.000000000000000000e+00,0.000000000000000000e+00,7.066992521286010742e-01,1.783044189214706421e-01,1.278359889984130859e+00,1.235975265502929688e+00,3.510159850120544434e-01,-1.081140190362930298e-01,1.000000000000000000e+00,1.627248644828796387e+00,6.330217123031616211e-01,1.085560083389282227e+00,5.309112668037414551e-01,8.914123177528381348e-01,2.756487727165222168e-01,1.000000000000000000e+00,1.895169734954833984e+00,7.949192821979522705e-02,1.205772638320922852e+00,-6.265110969543457031e-01,6.432919502258300781e-01,4.148406162858009338e-02,1.000000000000000000e+00,1.726601600646972656e+00,-1.648772507905960083e-02,1.143053293228149414e+00,4.184375405311584473e-01,8.617267012596130371e-01,1.069361716508865356e-01,1.000000000000000000e+00,1.000000000000000000e+00,0.000000000000000000e+00,0.000000000000000000e+00,1.000000000000000000e+00,1.627248644828796387e+00,6.330217123031616211e-01,1.085560083389282227e+00,5.309112668037414551e-01,8.914123177528381348e-01,2.756487727165222168e-01,9.830111265182495117e-01,1.284611970186233521e-01,1.310990154743194580e-01,-1.028746739029884338e-01,9.771317243576049805e-01,-1.860926300287246704e-01,-1.520066857337951660e-01,1.694443374872207642e-01,9.737467169761657715e-01,2.089077979326248169e-01,3.334981203079223633e-01,-8.308282494544982910e-02,0.000000000000000000e+00,1.000000000000000000e+00,7.066992521286010742e-01,1.783044189214706421e-01,1.278359889984130859e+00,1.235975265502929688e+00,3.510159850120544434e-01,-1.081140190362930298e-01,1.000000000000000000e+00,1.627248644828796387e+00,6.330217123031616211e-01,1.085560083389282227e+00,5.309112668037414551e-01,8.914123177528381348e-01,2.756487727165222168e-01,1.000000000000000000e+00,1.895169734954833984e+00,7.949192821979522705e-02,1.205772638320922852e+00,-6.265110969543457031e-01,6.432919502258300781e-01,4.148406162858009338e-02,1.000000000000000000e+00,1.726601600646972656e+00,-1.648772507905960083e-02,1.143053293228149414e+00,4.184375405311584473e-01,8.617267012596130371e-01,1.069361716508865356e-01,1.000000000000000000e+00,1.000000000000000000e+00,0.000000000000000000e+00,0.000000000000000000e+00,1.000000000000000000e+00,1.895169734954833984e+00,7.949192821979522705e-02,1.205772638320922852e+00,-6.265110969543457031e-01,6.432919502258300781e-01,4.148406162858009338e-02,-5.364246492005938366e-02,-1.883192957717882976e-02,7.337835099500769620e-04,1.000000000000000000e+00,1.726601600646972656e+00,-1.648772507905960083e-02,1.143053293228149414e+00,4.184375405311584473e-01,8.617267012596130371e-01,1.069361716508865356e-01,-5.191132436803361228e-02,8.823889927593309146e-02,-1.866501217333952495e-03,1.000000000000000000e+00,0.000000000000000000e+00,0.000000000000000000e+00,0.000000000000000000e+00,0.000000000000000000e+00,0.000000000000000000e+00,0.000000000000000000e+00,0.000000000000000000e+00,0.000000000000000000e+00,0.000000000000000000e+00,0.000000000000000000e+00,0.000000000000000000e+00,0.000000000000000000e+00,0.000000000000000000e+00,0.000000000000000000e+00,0.000000000000000000e+00,0.000000000000000000e+00
