time,agent0_obs0,agent0_obs1,agent0_obs2,agent0_obs3,agent0_obs4,agent0_obs5,agent0_obs6,agent0_obs7,agent0_obs8,agent0_obs9,agent0_obs10,agent0_obs11,agent0_obs12,agent0_obs13,agent0_obs14,agent0_obs15,agent0_obs16,agent0_obs17,agent0_obs18,agent0_obs19,agent0_obs20,agent0_obs21,agent0_obs22,agent0_obs23,agent0_obs24,agent0_obs25,agent0_obs26,agent0_obs27,agent0_obs28,agent0_obs29,agent0_obs30,agent0_obs31,agent0_obs32,agent0_obs33,agent0_obs34,agent0_obs35,agent0_obs36,agent0_obs37,agent0_obs38,agent0_obs39,agent0_obs40,agent0_obs41,agent0_obs42,agent0_obs43,agent0_obs44,agent0_obs45,agent1_obs0,agent1_obs1,agent1_obs2,agent1_obs3,agent1_obs4,agent1_obs5,agent1_obs6,agent1_obs7,agent1_obs8,agent1_obs9,agent1_obs10,agent1_obs11,agent1_obs12,agent1_obs13,agent1_obs14,agent1_obs15,agent1_obs16,agent1_obs17,agent1_obs18,agent1_obs19,agent1_obs20,agent1_obs21,agent1_obs22,agent1_obs23,agent1_obs24,agent1_obs25,agent1_obs26,agent1_obs27,agent1_obs28,agent1_obs29,agent1_obs30,agent1_obs31,agent1_obs32,agent1_obs33,agent1_obs34,agent1_obs35,agent1_obs36,agent1_obs37,agent1_obs38,agent1_obs39,agent1_obs40,agent1_obs41,agent1_obs42,agent1_obs43,agent1_obs44,agent1_obs45
0.000000000000000000e+00,3.000000000000000000e+00,-5.000000000000000000e-01,1.000000000000000000e+00,0.000000000000000000e+00,0.000000000000000000e+00,0.000000000000000000e+00,0.000000000000000000e+00,0.000000000000000000e+00,0.000000000000000000e+00,0.000000000000000000e+00,0.000000000000000000e+00,0.000000000000000000e+00,1.000000000000000000e+00,0.000000000000000000e+00,3.000000000000000000e+00,-5.000000000000000000e-01,1.000000000000000000e+00,0.000000000000000000e+00,0.000000000000000000e+00,0.000000000000000000e+00,1.000000000000000000e+00,3.000000000000000000e+00,5.000000000000000000e-01,1.000000000000000000e+00,0.000000000000000000e+00,0.000000000000000000e+00,0.000000000000000000e+00,1.000000000000000000e+00,-4.442405700683593750e-02,-2.741514146327972412e-01,7.858484983444213867e-01,0.000000000000000000e+00,0.000000000000000000e+00,0.000000000000000000e+00,1.000000000000000000e+00,1.904561072587966919e-01,2.836692929267883301e-01,1.328107357025146484e+00,0.000000000000000000e+00,0.000000000000000000e+00,0.000000000000000000e+00,1.000000000000000000e+00,1.000000000000000000e+00,0.000000000000000000e+00,0.000000000000000000e+00,1.000000000000000000e+00,3.000000000000000000e+00,5.000000000000000000e-01,1.000000000000000000e+00,0.000000000000000000e+00,0.000000000000000000e+00,0.000000000000000000e+00,0.000000000000000000e+00,0.000000000000000000e+00,0.000000000000000000e+00,0.000000000000000000e+00,0.000000000000000000e+00,0.000000000000000000e+00,0.000000000000000000e+00,1.000000000000000000e+00,3.000000000000000000e+00,-5.000000000000000000e-01,1.000000000000000000e+00,0.000000000000000000e+00,0.000000000000000000e+00,0.000000000000000000e+00,1.000000000000000000e+00,3.000000000000000000e+00,5.000000000000000000e-01,1.000000000000000000e+00,0.000000000000000000e+00,0.000000000000000000e+00,0.000000000000000000e+00,1.000000000000000000e+00,-4.442405700683593750e-02,-2.741514146327972412e-01,7.858484983444213867e-01,0.000000000000000000e+00,0.000000000000000000e+00,0.000000000000000000e+00,1.000000000000000000e+00,1.904561072587966919e-01,2.836692929267883301e-01,1.328107357025146484e+00,0.000000000000000000e+00,0.000000000000000000e+00,0.000000000000000000e+00,1.000000000000000000e+00,1.000000000000000000e+00,0.000000000000000000e+00,0.000000000000000000e+00,1.000000000000000000e+00
2.000000000000000042e-02,3.000000000000000000e+00,-4.999997615814208984e-01,1.000063419342041016e+00,2.613094147818628699e-05,1.057553890859708190e-04,2.496960340067744255e-03,-3.014087677001953125e-03,7.748603820800781250e-04,-2.360343933105468750e-04,-5.140810608863830566e-01,1.425883471965789795e-01,-4.726470261812210083e-02,1.000000000000000000e+00,0.000000000000000000e+00,3.000000000000000000e+00,-4.999997615814208984e-01,1.000063419342041016e+00,2.613094147818628699e-05,1.057553890859708190e-04,2.496960340067744255e-03,1.000000000000000000e+00,2.999999761581420898e+00,4.999998211860656738e-01,1.000053405761718750e+00,-1.038792470353655517e-04,-8.444637205684557557e-05,9.219505009241402149e-04,1.000000000000000000e+00,-4.442375898361206055e-02,-2.741514146327972412e-01,7.859688997268676758e-01,1.213444047607481480e-04,-1.025186884362483397e-05,1.312466431409120560e-02,1.000000000000000000e+00,1.904564052820205688e-01,2.836692929267883301e-01,1.328222632408142090e+00,1.230374036822468042e-04,1.106498984881909564e-05,1.220128312706947327e-02,1.000000000000000000e+00,1.000000000000000000e+00,0.000000000000000000e+00,0.000000000000000000e+00,1.000000000000000000e+00,2.999999761581420898e+00,4.999998211860656738e-01,1.000053405761718750e+00,-1.038792470353655517e-04,-8.444637205684557557e-05,9.219505009241402149e-04,2.457857131958007812e-03,-3.023386001586914062e-03,2.940416336059570312e-03,4.249972701072692871e-01,-5.190696716308593750e-01,2.969453632831573486e-01,0.000000000000000000e+00,1.000000000000000000e+00,3.000000000000000000e+00,-4.999997615814208984e-01,1.000063419342041016e+00,2.613094147818628699e-05,1.057553890859708190e-04,2.496960340067744255e-03,1.000000000000000000e+00,2.999999761581420898e+00,4.999998211860656738e-01,1.000053405761718750e+00,-1.038792470353655517e-04,-8.444637205684557557e-05,9.219505009241402149e-04,1.000000000000000000e+00,-4.442375898361206055e-02,-2.741514146327972412e-01,7.859688997268676758e-01,1.213444047607481480e-04,-1.025186884362483397e-05,1.312466431409120560e-02,1.000000000000000000e+00,1.904564052820205688e-01,2.836692929267883301e-01,1.328222632408142090e+00,1.230374036822468042e-04,1.106498984881909564e-05,1.220128312706947327e-02,1.000000000000000000e+00,1.000000000000000000e+00,0.000000000000000000e+00,0.000000000000000000e+00,1.000000000000000000e+00
4.000000000000000083e-02,3.000003576278686523e+00,-4.999871253967285156e-01,9.999654293060302734e-01,5.474212812259793282e-04,1.801493111997842789e-03,-1.754796691238880157e-02,-2.132439613342285156e-02,7.552146911621093750e-03,-1.963138580322265625e-03,-1.350404977798461914e+00,6.330984830856323242e-01,-1.304742395877838135e-01,1.000000000000000000e+00,0.000000000000000000e+00,3.000003576278686523e+00,-4.999871253967285156e-01,9.999654293060302734e-01,5.474212812259793282e-04,1.801493111997842789e-03,-1.754796691238880157e-02,1.000000000000000000e+00,2.999987363815307617e+00,4.999894499778747559e-01,9.999059438705444336e-01,-1.783546176739037037e-03,-1.499584643170237541e-03,-2.101603895425796509e-02,1.000000000000000000e+00,-4.440835490822792053e-02,-2.741526961326599121e-01,7.863481640815734863e-01,2.261437708511948586e-03,-1.895122550195083022e-04,2.613694779574871063e-02,1.000000000000000000e+00,1.904719173908233643e-01,2.836706638336181641e-01,1.328561782836914062e+00,2.270369557663798332e-03,2.027716982411220670e-04,2.250631898641586304e-02,1.000000000000000000e+00,1.000000000000000000e+00,0.000000000000000000e+00,0.000000000000000000e+00,1.000000000000000000e+00,2.999987363815307617e+00,4.999894499778747559e-01,9.999059438705444336e-01,-1.783546176739037037e-03,-1.499584643170237541e-03,-2.101603895425796509e-02,1.828241348266601562e-02,-2.147269248962402344e-02,9.669065475463867188e-03,1.228132843971252441e+00,-1.359109401702880859e+00,3.641485869884490967e-01,0.000000000000000000e+00,1.000000000000000000e+00,3.000003576278686523e+00,-4.999871253967285156e-01,9.999654293060302734e-01,5.474212812259793282e-04,1.801493111997842789e-03,-1.754796691238880157e-02,1.000000000000000000e+00,2.999987363815307617e+00,4.999894499778747559e-01,9.999059438705444336e-01,-1.783546176739037037e-03,-1.499584643170237541e-03,-2.101603895425796509e-02,1.000000000000000000e+00,-4.440835490822792053e-02,-2.741526961326599121e-01,7.863481640815734863e-01,2.261437708511948586e-03,-1.895122550195083022e-04,2.613694779574871063e-02,1.000000000000000000e+00,1.904719173908233643e-01,2.836706638336181641e-01,1.328561782836914062e+00,2.270369557663798332e-03,2.027716982411220670e-04,2.250631898641586304e-02,1.000000000000000000e+00,1.000000000000000000e+00,0.000000000000000000e+00,0.000000000000000000e+00,1.000000000000000000e+00
5.999999999999999778e-02,3.000031471252441406e+00,-4.999093413352966309e-01,9.993054270744323730e-01,2.865863963961601257e-03,7.222002372145652771e-03,-5.451718345284461975e-02,-5.178785324096679688e-02,2.559828758239746094e-02,-4.904508590698242188e-03,-1.601355671882629395e+00,1.225610494613647461e+00,-1.703618913888931274e-01,1.000000000000000000e+00,0.000000000000000000e+00,3.000031471252441406e+00,-4.999093413352966309e-01,9.993054270744323730e-01,2.865863963961601257e-03,7.222002372145652771e-03,-5.451718345284461975e-02,1.000000000000000000e+00,2.999910116195678711e+00,4.999227523803710938e-01,9.991619586944580078e-01,-7.126176264137029648e-03,-6.338117644190788269e-03,-5.959172919392585754e-02,1.000000000000000000e+00,-4.430640488862991333e-02,-2.741611897945404053e-01,7.869851589202880859e-01,9.774931706488132477e-03,-8.141555590555071831e-04,3.868952393531799316e-02,1.000000000000000000e+00,1.905736774206161499e-01,2.836797535419464111e-01,1.329091548919677734e+00,9.712619706988334656e-03,8.656518766656517982e-04,3.099253028631210327e-02,1.000000000000000000e+00,1.000000000000000000e+00,0.000000000000000000e+00,0.000000000000000000e+00,1.000000000000000000e+00,2.999910116195678711e+00,4.999227523803710938e-01,9.991619586944580078e-01,-7.126176264137029648e-03,-6.338117644190788269e-03,-5.959172919392585754e-02,4.723381996154785156e-02,-5.215573310852050781e-02,1.783323287963867188e-02,1.596592068672180176e+00,-1.613237857818603516e+00,4.445529282093048096e-01,0.000000000000000000e+00,1.000000000000000000e+00,3.000031471252441406e+00,-4.999093413352966309e-01,9.993054270744323730e-01,2.865863963961601257e-03,7.222002372145652771e-03,-5.451718345284461975e-02,1.000000000000000000e+00,2.999910116195678711e+00,4.999227523803710938e-01,9.991619586944580078e-01,-7.126176264137029648e-03,-6.338117644190788269e-03,-5.959172919392585754e-02,1.000000000000000000e+00,-4.430640488862991333e-02,-2.741611897945404053e-01,7.869851589202880859e-01,9.774931706488132477e-03,-8.141555590555071831e-04,3.868952393531799316e-02,1.000000000000000000e+00,1.905736774206161499e-01,2.836797535419464111e-01,1.329091548919677734e+00,9.712619706988334656e-03,8.656518766656517982e-04,3.099253028631210327e-02,1.000000000000000000e+00,1.000000000000000000e+00,0.000000000000000000e+00,0.000000000000000000e+00,1.000000000000000000e+00
8.000000000000000167e-02,3.000132083892822266e+00,-4.996856451034545898e-01,9.977883100509643555e-01,8.364132605493068695e-03,1.669119112193584442e-02,-1.038869544863700867e-01,-8.152937889099121094e-02,5.335164070129394531e-02,-8.693695068359375000e-03,-1.277375817298889160e+00,1.490853190422058105e+00,-2.030381560325622559e-01,1.000000000000000000e+00,0.000000000000000000e+00,3.000132083892822266e+00,-4.996856451034545898e-01,9.977883100509643555e-01,8.364132605493068695e-03,1.669119112193584442e-02,-1.038869544863700867e-01,1.000000000000000000e+00,2.999689817428588867e+00,4.997214078903198242e-01,9.975302815437316895e-01,-1.640178263187408447e-02,-1.535497326403856277e-02,-1.103182137012481689e-01,1.000000000000000000e+00,-4.399316385388374329e-02,-2.741872370243072510e-01,7.878676056861877441e-01,2.406087704002857208e-02,-1.996217528358101845e-03,5.078323930501937866e-02,1.000000000000000000e+00,1.908834874629974365e-01,2.837073802947998047e-01,1.329776525497436523e+00,2.370153181254863739e-02,2.113769529387354851e-03,3.808571770787239075e-02,1.000000000000000000e+00,1.000000000000000000e+00,0.000000000000000000e+00,0.000000000000000000e+00,1.000000000000000000e+00,2.999689817428588867e+00,4.997214078903198242e-01,9.975302815437316895e-01,-1.640178263187408447e-02,-1.535497326403856277e-02,-1.103182137012481689e-01,7.782387733459472656e-02,-8.202958106994628906e-02,2.682685852050781250e-02,1.361717939376831055e+00,-1.272389173507690430e+00,4.588661789894104004e-01,0.000000000000000000e+00,1.000000000000000000e+00,3.000132083892822266e+00,-4.996856451034545898e-01,9.977883100509643555e-01,8.364132605493068695e-03,1.669119112193584442e-02,-1.038869544863700867e-01,1.000000000000000000e+00,2.999689817428588867e+00,4.997214078903198242e-01,9.975302815437316895e-01,-1.640178263187408447e-02,-1.535497326403856277e-02,-1.103182137012481689e-01,1.000000000000000000e+00,-4.399316385388374329e-02,-2.741872370243072510e-01,7.878676056861877441e-01,2.406087704002857208e-02,-1.996217528358101845e-03,5.078323930501937866e-02,1.000000000000000000e+00,1.908834874629974365e-01,2.837073802947998047e-01,1.329776525497436523e+00,2.370153181254863739e-02,2.113769529387354851e-03,3.808571770787239075e-02,1.000000000000000000e+00,1.000000000000000000e+00,0.000000000000000000e+00,0.000000000000000000e+00,1.000000000000000000e+00
1.000000000000000056e-01,3.000375747680664062e+00,-4.992443323135375977e-01,9.951968789100646973e-01,1.747846975922584534e-02,2.901331335306167603e-02,-1.623841375112533569e-01,-1.026754379272460938e-01,8.185601234436035156e-02,-1.242136955261230469e-02,-7.970385551452636719e-01,1.273675203323364258e+00,-1.559606790542602539e-01,1.000000000000000000e+00,0.000000000000000000e+00,3.000375747680664062e+00,-4.992443323135375977e-01,9.951968789100646973e-01,1.747846975922584534e-02,2.901331335306167603e-02,-1.623841375112533569e-01,1.000000000000000000e+00,2.999257087707519531e+00,4.993075728416442871e-01,9.948004484176635742e-01,-2.836547978222370148e-02,-2.768912725150585175e-02,-1.698838770389556885e-01,1.000000000000000000e+00,-4.334025457501411438e-02,-2.742413282394409180e-01,7.889947891235351562e-01,4.396877437829971313e-02,-3.639480331912636757e-03,6.327570229768753052e-02,1.000000000000000000e+00,1.915244311094284058e-01,2.837646007537841797e-01,1.330599546432495117e+00,4.303149878978729248e-02,3.843927988782525063e-03,4.488337412476539612e-02,1.000000000000000000e+00,1.000000000000000000e+00,0.000000000000000000e+00,0.000000000000000000e+00,1.000000000000000000e+00,2.999257087707519531e+00,4.993075728416442871e-01,9.948004484176635742e-01,-2.836547978222370148e-02,-2.768912725150585175e-02,-1.698838770389556885e-01,1.007401943206787109e-01,-1.029026508331298828e-01,3.567838668823242188e-02,8.761162757873535156e-01,-7.782163023948669434e-01,4.258304834365844727e-01,0.000000000000000000e+00,1.000000000000000000e+00,3.000375747680664062e+00,-4.992443323135375977e-01,9.951968789100646973e-01,1.747846975922584534e-02,2.901331335306167603e-02,-1.623841375112533569e-01,1.000000000000000000e+00,2.999257087707519531e+00,4.993075728416442871e-01,9.948004484176635742e-01,-2.836547978222370148e-02,-2.768912725150585175e-02,-1.698838770389556885e-01,1.000000000000000000e+00,-4.334025457501411438e-02,-2.742413282394409180e-01,7.889947891235351562e-01,4.396877437829971313e-02,-3.639480331912636757e-03,6.327570229768753052e-02,1.000000000000000000e+00,1.915244311094284058e-01,2.837646007537841797e-01,1.330599546432495117e+00,4.303149878978729248e-02,3.843927988782525063e-03,4.488337412476539612e-02,1.000000000000000000e+00,1.000000000000000000e+00,0.000000000000000000e+00,0.000000000000000000e+00,1.000000000000000000e+00
1.199999999999999956e-01,3.000829458236694336e+00,-4.985417723655700684e-01,9.913716316223144531e-01,2.945275604724884033e-02,4.276726022362709045e-02,-2.276025861501693726e-01,-1.154146194458007812e-01,1.033763885498046875e-01,-1.519012451171875000e-02,-4.854980707168579102e-01,8.219966292381286621e-01,-1.114320233464241028e-01,1.000000000000000000e+00,0.000000000000000000e+00,3.000829458236694336e+00,-4.985417723655700684e-01,9.913716316223144531e-01,2.945275604724884033e-02,4.276726022362709045e-02,-2.276025861501693726e-01,1.000000000000000000e+00,2.998571157455444336e+00,4.986274838447570801e-01,9.908207058906555176e-01,-4.165405407547950745e-02,-4.198572039604187012e-02,-2.352794110774993896e-01,1.000000000000000000e+00,-4.225512966513633728e-02,-2.743310034275054932e-01,7.903747558593750000e-01,6.725908070802688599e-02,-5.549634806811809540e-03,7.597836852073669434e-02,1.000000000000000000e+00,1.925839185714721680e-01,2.838592529296875000e-01,1.331556320190429688e+00,6.553145498037338257e-02,5.852337460964918137e-03,5.137278139591217041e-02,1.000000000000000000e+00,1.000000000000000000e+00,0.000000000000000000e+00,0.000000000000000000e+00,1.000000000000000000e+00,2.998571157455444336e+00,4.986274838447570801e-01,9.908207058906555176e-01,-4.165405407547950745e-02,-4.198572039604187012e-02,-2.352794110774993896e-01,1.145870685577392578e-01,-1.153562068939208984e-01,4.339623451232910156e-02,5.089958906173706055e-01,-4.836542904376983643e-01,3.373328149318695068e-01,0.000000000000000000e+00,1.000000000000000000e+00,3.000829458236694336e+00,-4.985417723655700684e-01,9.913716316223144531e-01,2.945275604724884033e-02,4.276726022362709045e-02,-2.276025861501693726e-01,1.000000000000000000e+00,2.998571157455444336e+00,4.986274838447570801e-01,9.908207058906555176e-01,-4.165405407547950745e-02,-4.198572039604187012e-02,-2.352794110774993896e-01,1.000000000000000000e+00,-4.225512966513633728e-02,-2.743310034275054932e-01,7.903747558593750000e-01,6.725908070802688599e-02,-5.549634806811809540e-03,7.597836852073669434e-02,1.000000000000000000e+00,1.925839185714721680e-01,2.838592529296875000e-01,1.331556320190429688e+00,6.553145498037338257e-02,5.852337460964918137e-03,5.137278139591217041e-02,1.000000000000000000e+00,1.000000000000000000e+00,0.000000000000000000e+00,0.000000000000000000e+00,1.000000000000000000e+00
1.400000000000000133e-01,3.001538991928100586e+00,-4.975580275058746338e-01,9.861951470375061035e-01,4.303573817014694214e-02,5.710454657673835754e-02,-2.977447807788848877e-01,-1.241402626037597656e-01,1.153643131256103516e-01,-1.740407943725585938e-02,-4.113163053989410400e-01,3.204364180564880371e-01,-1.020573079586029053e-01,1.000000000000000000e+00,0.000000000000000000e+00,3.001538991928100586e+00,-4.975580275058746338e-01,9.861951470375061035e-01,4.303573817014694214e-02,5.710454657673835754e-02,-2.977447807788848877e-01,1.000000000000000000e+00,2.997609138488769531e+00,4.976463913917541504e-01,9.855378270149230957e-01,-5.636514723300933838e-02,-5.816796422004699707e-02,-2.972610890865325928e-01,1.000000000000000000e+00,-4.068668931722640991e-02,-2.744600474834442139e-01,7.920072674751281738e-01,9.231880307197570801e-02,-7.563331630080938339e-03,8.849013596773147583e-02,1.000000000000000000e+00,1.941099613904953003e-01,2.839953005313873291e-01,1.332638502120971680e+00,8.971167355775833130e-02,7.970010861754417419e-03,5.735664069652557373e-02,1.000000000000000000e+00,1.000000000000000000e+00,0.000000000000000000e+00,0.000000000000000000e+00,1.000000000000000000e+00,2.997609138488769531e+00,4.976463913917541504e-01,9.855378270149230957e-01,-5.636514723300933838e-02,-5.816796422004699707e-02,-2.972610890865325928e-01,1.231181621551513672e-01,-1.242387294769287109e-01,4.952001571655273438e-02,3.627900481224060059e-01,-4.261423647403717041e-01,2.658761143684387207e-01,0.000000000000000000e+00,1.000000000000000000e+00,3.001538991928100586e+00,-4.975580275058746338e-01,9.861951470375061035e-01,4.303573817014694214e-02,5.710454657673835754e-02,-2.977447807788848877e-01,1.000000000000000000e+00,2.997609138488769531e+00,4.976463913917541504e-01,9.855378270149230957e-01,-5.636514723300933838e-02,-5.816796422004699707e-02,-2.972610890865325928e-01,1.000000000000000000e+00,-4.068668931722640991e-02,-2.744600474834442139e-01,7.920072674751281738e-01,9.231880307197570801e-02,-7.563331630080938339e-03,8.849013596773147583e-02,1.000000000000000000e+00,1.941099613904953003e-01,2.839953005313873291e-01,1.332638502120971680e+00,8.971167355775833130e-02,7.970010861754417419e-03,5.735664069652557373e-02,1.000000000000000000e+00,1.000000000000000000e+00,0.000000000000000000e+00,0.000000000000000000e+00,1.000000000000000000e+00
1.600000000000000033e-01,3.002527952194213867e+00,-4.962817430496215820e-01,9.796003103256225586e-01,5.741661414504051208e-02,7.226524502038955688e-02,-3.680810928344726562e-01,-1.326997280120849609e-01,1.179172992706298828e-01,-1.917099952697753906e-02,-4.568333923816680908e-01,-6.686934828758239746e-02,-7.254252582788467407e-02,1.000000000000000000e+00,0.000000000000000000e+00,3.002527952194213867e+00,-4.962817430496215820e-01,9.796003103256225586e-01,5.741661414504051208e-02,7.226524502038955688e-02,-3.680810928344726562e-01,1.000000000000000000e+00,2.996329784393310547e+00,4.963154196739196777e-01,9.791444540023803711e-01,-7.388459891080856323e-02,-7.751262933015823364e-02,-3.431207835674285889e-01,1.000000000000000000e+00,-3.860476240515708923e-02,-2.746296823024749756e-01,7.938875555992126465e-01,1.187591329216957092e-01,-9.602217935025691986e-03,1.006766483187675476e-01,1.000000000000000000e+00,1.961316168308258057e-01,2.841740250587463379e-01,1.333835840225219727e+00,1.152453348040580750e-01,1.011695899069309235e-02,6.282758712768554688e-02,1.000000000000000000e+00,1.000000000000000000e+00,0.000000000000000000e+00,0.000000000000000000e+00,1.000000000000000000e+00,2.996329784393310547e+00,4.963154196739196777e-01,9.791444540023803711e-01,-7.388459891080856323e-02,-7.751262933015823364e-02,-3.431207835674285889e-01,1.302666664123535156e-01,-1.331455707550048828e-01,5.441427230834960938e-02,3.708751201629638672e-01,-4.748835563659667969e-01,2.169743925333023071e-01,0.000000000000000000e+00,1.000000000000000000e+00,3.002527952194213867e+00,-4.962817430496215820e-01,9.796003103256225586e-01,5.741661414504051208e-02,7.226524502038955688e-02,-3.680810928344726562e-01,1.000000000000000000e+00,2.996329784393310547e+00,4.963154196739196777e-01,9.791444540023803711e-01,-7.388459891080856323e-02,-7.751262933015823364e-02,-3.431207835674285889e-01,1.000000000000000000e+00,-3.860476240515708923e-02,-2.746296823024749756e-01,7.938875555992126465e-01,1.187591329216957092e-01,-9.602217935025691986e-03,1.006766483187675476e-01,1.000000000000000000e+00,1.961316168308258057e-01,2.841740250587463379e-01,1.333835840225219727e+00,1.152453348040580750e-01,1.011695899069309235e-02,6.282758712768554688e-02,1.000000000000000000e+00,1.000000000000000000e+00,0.000000000000000000e+00,0.000000000000000000e+00,1.000000000000000000e+00
1.799999999999999933e-01,3.003812551498413086e+00,-4.946852028369903564e-01,9.716661572456359863e-01,7.277289777994155884e-02,8.966825902462005615e-02,-4.287147521972656250e-01,-1.422731876373291016e-01,1.149017810821533203e-01,-2.053093910217285156e-02,-4.959467351436614990e-01,-2.112478166818618774e-01,-6.542667746543884277e-02,1.000000000000000000e+00,0.000000000000000000e+00,3.003812551498413086e+00,-4.946852028369903564e-01,9.716661572456359863e-01,7.277289777994155884e-02,8.966825902462005615e-02,-4.287147521972656250e-01,1.000000000000000000e+00,2.994664907455444336e+00,4.945594072341918945e-01,9.720373153686523438e-01,-9.553088992834091187e-02,-1.013194099068641663e-01,-3.655116856098175049e-01,1.000000000000000000e+00,-3.598014265298843384e-02,-2.748400270938873291e-01,7.960051894187927246e-01,1.467789709568023682e-01,-1.163261849433183670e-02,1.120020598173141479e-01,1.000000000000000000e+00,1.986776441335678101e-01,2.843956649303436279e-01,1.335135817527770996e+00,1.423382163047790527e-01,1.225998997688293457e-02,6.744500994682312012e-02,1.000000000000000000e+00,1.000000000000000000e+00,0.000000000000000000e+00,0.000000000000000000e+00,1.000000000000000000e+00,2.994664907455444336e+00,4.945594072341918945e-01,9.720373153686523438e-01,-9.553088992834091187e-02,-1.013194099068641663e-01,-3.655116856098175049e-01,1.382286548614501953e-01,-1.430885791778564453e-01,5.859947204589843750e-02,4.338636398315429688e-01,-5.132495164871215820e-01,1.986073404550552368e-01,0.000000000000000000e+00,1.000000000000000000e+00,3.003812551498413086e+00,-4.946852028369903564e-01,9.716661572456359863e-01,7.277289777994155884e-02,8.966825902462005615e-02,-4.287147521972656250e-01,1.000000000000000000e+00,2.994664907455444336e+00,4.945594072341918945e-01,9.720373153686523438e-01,-9.553088992834091187e-02,-1.013194099068641663e-01,-3.655116856098175049e-01,1.000000000000000000e+00,-3.598014265298843384e-02,-2.748400270938873291e-01,7.960051894187927246e-01,1.467789709568023682e-01,-1.163261849433183670e-02,1.120020598173141479e-01,1.000000000000000000e+00,1.986776441335678101e-01,2.843956649303436279e-01,1.335135817527770996e+00,1.423382163047790527e-01,1.225998997688293457e-02,6.744500994682312012e-02,1.000000000000000000e+00,1.000000000000000000e+00,0.000000000000000000e+00,0.000000000000000000e+00,1.000000000000000000e+00
2.000000000000000111e-01,3.005417585372924805e+00,-4.927072525024414062e-01,9.626841545104980469e-01,8.979009836912155151e-02,1.110642552375793457e-01,-4.695581793785095215e-01,-1.520671844482421875e-01,1.107258796691894531e-01,-2.194213867187500000e-02,-4.685596525669097900e-01,-1.901975870132446289e-01,-7.767550647258758545e-02,1.000000000000000000e+00,0.000000000000000000e+00,3.005417585372924805e+00,-4.927072525024414062e-01,9.626841545104980469e-01,8.979009836912155151e-02,1.110642552375793457e-01,-4.695581793785095215e-01,1.000000000000000000e+00,2.992524623870849609e+00,4.922804236412048340e-01,9.647077322006225586e-01,-1.219483241438865662e-01,-1.303689032793045044e-01,-3.635001182556152344e-01,1.000000000000000000e+00,-3.278046473860740662e-02,-2.750906348228454590e-01,7.983364462852478027e-01,1.763864457607269287e-01,-1.361278817057609558e-02,1.218218505382537842e-01,1.000000000000000000e+00,2.017802596092224121e-01,2.846598923206329346e-01,1.336517572402954102e+00,1.710432320833206177e-01,1.435707416385412216e-02,7.083688676357269287e-02,1.000000000000000000e+00,1.000000000000000000e+00,0.000000000000000000e+00,0.000000000000000000e+00,1.000000000000000000e+00,2.992524623870849609e+00,4.922804236412048340e-01,9.647077322006225586e-01,-1.219483241438865662e-01,-1.303689032793045044e-01,-3.635001182556152344e-01,1.472890377044677734e-01,-1.531724929809570312e-01,6.258034706115722656e-02,4.652549028396606445e-01,-4.768594503402709961e-01,1.992438435554504395e-01,0.000000000000000000e+00,1.000000000000000000e+00,3.005417585372924805e+00,-4.927072525024414062e-01,9.626841545104980469e-01,8.979009836912155151e-02,1.110642552375793457e-01,-4.695581793785095215e-01,1.000000000000000000e+00,2.992524623870849609e+00,4.922804236412048340e-01,9.647077322006225586e-01,-1.219483241438865662e-01,-1.303689032793045044e-01,-3.635001182556152344e-01,1.000000000000000000e+00,-3.278046473860740662e-02,-2.750906348228454590e-01,7.983364462852478027e-01,1.763864457607269287e-01,-1.361278817057609558e-02,1.218218505382537842e-01,1.000000000000000000e+00,2.017802596092224121e-01,2.846598923206329346e-01,1.336517572402954102e+00,1.710432320833206177e-01,1.435707416385412216e-02,7.083688676357269287e-02,1.000000000000000000e+00,1.000000000000000000e+00,0.000000000000000000e+00,0.000000000000000000e+00,1.000000000000000000e+00
2.200000000000000011e-01,3.007381677627563477e+00,-4.902563095092773438e-01,9.531078338623046875e-01,1.089496612548828125e-01,1.375834047794342041e-01,-4.852712154388427734e-01,-1.607019901275634766e-01,1.072838306427001953e-01,-2.361440658569335938e-02,-3.782658874988555908e-01,-1.645454317331314087e-01,-8.732230961322784424e-02,1.000000000000000000e+00,0.000000000000000000e+00,3.007381677627563477e+00,-4.902563095092773438e-01,9.531078338623046875e-01,1.089496612548828125e-01,1.375834047794342041e-01,-4.852712154388427734e-01,1.000000000000000000e+00,2.989814519882202148e+00,4.893727004528045654e-01,9.576104879379272461e-01,-1.528599113225936890e-01,-1.646793782711029053e-01,-3.408946394920349121e-01,1.000000000000000000e+00,-2.897734194993972778e-02,-2.753798663616180420e-01,8.008483052253723145e-01,2.071314454078674316e-01,-1.546390820294618607e-02,1.298546791076660156e-01,1.000000000000000000e+00,2.054692059755325317e-01,2.849650084972381592e-01,1.337955713272094727e+00,2.010081708431243896e-01,1.632741093635559082e-02,7.302933931350708008e-02,1.000000000000000000e+00,1.000000000000000000e+00,0.000000000000000000e+00,0.000000000000000000e+00,1.000000000000000000e+00,2.989814519882202148e+00,4.893727004528045654e-01,9.576104879379272461e-01,-1.528599113225936890e-01,-1.646793782711029053e-01,-3.408946394920349121e-01,1.563186645507812500e-01,-1.618406772613525391e-01,6.658339500427246094e-02,4.202833771705627441e-01,-3.719514608383178711e-01,2.008865326642990112e-01,0.000000000000000000e+00,1.000000000000000000e+00,3.007381677627563477e+00,-4.902563095092773438e-01,9.531078338623046875e-01,1.089496612548828125e-01,1.375834047794342041e-01,-4.852712154388427734e-01,1.000000000000000000e+00,2.989814519882202148e+00,4.893727004528045654e-01,9.576104879379272461e-01,-1.528599113225936890e-01,-1.646793782711029053e-01,-3.408946394920349121e-01,1.000000000000000000e+00,-2.897734194993972778e-02,-2.753798663616180420e-01,8.008483052253723145e-01,2.071314454078674316e-01,-1.546390820294618607e-02,1.298546791076660156e-01,1.000000000000000000e+00,2.054692059755325317e-01,2.849650084972381592e-01,1.337955713272094727e+00,2.010081708431243896e-01,1.632741093635559082e-02,7.302933931350708008e-02,1.000000000000000000e+00,1.000000000000000000e+00,0.000000000000000000e+00,0.000000000000000000e+00,1.000000000000000000e+00
2.399999999999999911e-01,3.009748458862304688e+00,-4.872277379035949707e-01,9.434436559677124023e-01,1.300909966230392456e-01,1.692188233137130737e-01,-4.766172170639038086e-01,-1.672575473785400391e-01,1.034429073333740234e-01,-2.529621124267578125e-02,-2.670471072196960449e-01,-2.510539591312408447e-01,-7.446023076772689819e-02,1.000000000000000000e+00,0.000000000000000000e+00,3.009748458862304688e+00,-4.872277379035949707e-01,9.434436559677124023e-01,1.300909966230392456e-01,1.692188233137130737e-01,-4.766172170639038086e-01,1.000000000000000000e+00,2.986451387405395508e+00,4.857349395751953125e-01,9.511177539825439453e-01,-1.874262988567352295e-01,-2.036888897418975830e-01,-3.023197352886199951e-01,1.000000000000000000e+00,-2.455407381057739258e-02,-2.757041156291961670e-01,8.035041689872741699e-01,2.383408844470977783e-01,-1.707340218126773834e-02,1.360442787408828735e-01,1.000000000000000000e+00,2.097641378641128540e-01,2.853076159954071045e-01,1.339428424835205078e+00,2.315887361764907837e-01,1.805467531085014343e-02,7.420618832111358643e-02,1.000000000000000000e+00,1.000000000000000000e+00,0.000000000000000000e+00,0.000000000000000000e+00,1.000000000000000000e+00,2.986451387405395508e+00,4.857349395751953125e-01,9.511177539825439453e-01,-1.874262988567352295e-01,-2.036888897418975830e-01,-3.023197352886199951e-01,1.638436317443847656e-01,-1.681959629058837891e-01,7.049441337585449219e-02,3.158338963985443115e-01,-2.556612193584442139e-01,1.876438558101654053e-01,0.000000000000000000e+00,1.000000000000000000e+00,3.009748458862304688e+00,-4.872277379035949707e-01,9.434436559677124023e-01,1.300909966230392456e-01,1.692188233137130737e-01,-4.766172170639038086e-01,1.000000000000000000e+00,2.986451387405395508e+00,4.857349395751953125e-01,9.511177539825439453e-01,-1.874262988567352295e-01,-2.036888897418975830e-01,-3.023197352886199951e-01,1.000000000000000000e+00,-2.455407381057739258e-02,-2.757041156291961670e-01,8.035041689872741699e-01,2.383408844470977783e-01,-1.707340218126773834e-02,1.360442787408828735e-01,1.000000000000000000e+00,2.097641378641128540e-01,2.853076159954071045e-01,1.339428424835205078e+00,2.315887361764907837e-01,1.805467531085014343e-02,7.420618832111358643e-02,1.000000000000000000e+00,1.000000000000000000e+00,0.000000000000000000e+00,0.000000000000000000e+00,1.000000000000000000e+00
2.600000000000000089e-01,3.012549400329589844e+00,-4.835262298583984375e-01,9.341413378715515137e-01,1.522891819477081299e-01,2.051671445369720459e-01,-4.476815760135650635e-01,-1.717710494995117188e-01,9.682965278625488281e-02,-2.653336524963378906e-02,-1.832935810089111328e-01,-4.394508600234985352e-01,-4.303540661931037903e-02,1.000000000000000000e+00,0.000000000000000000e+00,3.012549400329589844e+00,-4.835262298583984375e-01,9.341413378715515137e-01,1.522891819477081299e-01,2.051671445369720459e-01,-4.476815760135650635e-01,1.000000000000000000e+00,2.982375144958496094e+00,4.812859296798706055e-01,9.454858303070068359e-01,-2.240019291639328003e-01,-2.456753253936767578e-01,-2.559783458709716797e-01,1.000000000000000000e+00,-1.950653828680515289e-02,-2.760575711727142334e-01,8.062686324119567871e-01,2.694865167140960693e-01,-1.832745596766471863e-02,1.406068354845046997e-01,1.000000000000000000e+00,2.146716117858886719e-01,2.856816649436950684e-01,1.340917110443115234e+00,2.621860206127166748e-01,1.941216364502906799e-02,7.459422945976257324e-02,1.000000000000000000e+00,1.000000000000000000e+00,0.000000000000000000e+00,0.000000000000000000e+00,1.000000000000000000e+00,2.982375144958496094e+00,4.812859296798706055e-01,9.454858303070068359e-01,-2.240019291639328003e-01,-2.456753253936767578e-01,-2.559783458709716797e-01,1.691524982452392578e-01,-1.725606918334960938e-01,7.398414611816406250e-02,2.089670747518539429e-01,-1.835754811763763428e-01,1.565404534339904785e-01,0.000000000000000000e+00,1.000000000000000000e+00,3.012549400329589844e+00,-4.835262298583984375e-01,9.341413378715515137e-01,1.522891819477081299e-01,2.051671445369720459e-01,-4.476815760135650635e-01,1.000000000000000000e+00,2.982375144958496094e+00,4.812859296798706055e-01,9.454858303070068359e-01,-2.240019291639328003e-01,-2.456753253936767578e-01,-2.559783458709716797e-01,1.000000000000000000e+00,-1.950653828680515289e-02,-2.760575711727142334e-01,8.062686324119567871e-01,2.694865167140960693e-01,-1.832745596766471863e-02,1.406068354845046997e-01,1.000000000000000000e+00,2.146716117858886719e-01,2.856816649436950684e-01,1.340917110443115234e+00,2.621860206127166748e-01,1.941216364502906799e-02,7.459422945976257324e-02,1.000000000000000000e+00,1.000000000000000000e+00,0.000000000000000000e+00,0.000000000000000000e+00,1.000000000000000000e+00
2.800000000000000266e-01,3.015792608261108398e+00,-4.790743291378021240e-01,9.255654215812683105e-01,1.740009784698486328e-01,2.443743348121643066e-01,-4.035385847091674805e-01,-1.750485897064208984e-01,8.628964424133300781e-02,-2.709984779357910156e-02,-1.489454805850982666e-01,-6.224815249443054199e-01,-1.089883688837289810e-02,1.000000000000000000e+00,0.000000000000000000e+00,3.015792608261108398e+00,-4.790743291378021240e-01,9.255654215812683105e-01,1.740009784698486328e-01,2.443743348121643066e-01,-4.035385847091674805e-01,1.000000000000000000e+00,2.977566480636596680e+00,4.759917557239532471e-01,9.407550692558288574e-01,-2.601410746574401855e-01,-2.876463234424591064e-01,-2.153069227933883667e-01,1.000000000000000000e+00,-1.383896265178918839e-02,-2.764321565628051758e-01,8.091124296188354492e-01,3.002758920192718506e-01,-1.913311891257762909e-02,1.439368426799774170e-01,1.000000000000000000e+00,2.201883196830749512e-01,2.860785722732543945e-01,1.342408299446105957e+00,2.924326956272125244e-01,2.027978375554084778e-02,7.444331049919128418e-02,1.000000000000000000e+00,1.000000000000000000e+00,0.000000000000000000e+00,0.000000000000000000e+00,1.000000000000000000e+00,2.977566480636596680e+00,4.759917557239532471e-01,9.407550692558288574e-01,-2.601410746574401855e-01,-2.876463234424591064e-01,-2.153069227933883667e-01,1.727387905120849609e-01,-1.760408878326416016e-01,7.682752609252929688e-02,1.569434106349945068e-01,-1.707681268453598022e-01,1.233145520091056824e-01,0.000000000000000000e+00,1.000000000000000000e+00,3.015792608261108398e+00,-4.790743291378021240e-01,9.255654215812683105e-01,1.740009784698486328e-01,2.443743348121643066e-01,-4.035385847091674805e-01,1.000000000000000000e+00,2.977566480636596680e+00,4.759917557239532471e-01,9.407550692558288574e-01,-2.601410746574401855e-01,-2.876463234424591064e-01,-2.153069227933883667e-01,1.000000000000000000e+00,-1.383896265178918839e-02,-2.764321565628051758e-01,8.091124296188354492e-01,3.002758920192718506e-01,-1.913311891257762909e-02,1.439368426799774170e-01,1.000000000000000000e+00,2.201883196830749512e-01,2.860785722732543945e-01,1.342408299446105957e+00,2.924326956272125244e-01,2.027978375554084778e-02,7.444331049919128418e-02,1.000000000000000000e+00,1.000000000000000000e+00,0.000000000000000000e+00,0.000000000000000000e+00,1.000000000000000000e+00
2.999999999999999889e-01,3.019452095031738281e+00,-4.738198816776275635e-01,9.179505109786987305e-01,1.933288425207138062e-01,2.852749228477478027e-01,-3.527309894561767578e-01,-1.780111789703369141e-01,7.294106483459472656e-02,-2.716779708862304688e-02,-1.507469564676284790e-01,-6.973227262496948242e-01,3.293315647169947624e-03,1.000000000000000000e+00,0.000000000000000000e+00,3.019452095031738281e+00,-4.738198816776275635e-01,9.179505109786987305e-01,1.933288425207138062e-01,2.852749228477478027e-01,-3.527309894561767578e-01,1.000000000000000000e+00,2.972055673599243164e+00,4.698795378208160400e-01,9.366908073425292969e-01,-2.937098741531372070e-01,-3.268542289733886719e-01,-1.926818192005157471e-01,1.000000000000000000e+00,-7.560084573924541473e-03,-2.768183052539825439e-01,8.120150566101074219e-01,3.305390179157257080e-01,-1.942122913897037506e-02,1.465007811784744263e-01,1.000000000000000000e+00,2.263053059577941895e-01,2.864876389503479004e-01,1.343892812728881836e+00,3.221347928047180176e-01,2.053927630186080933e-02,7.392683625221252441e-02,1.000000000000000000e+00,1.000000000000000000e+00,0.000000000000000000e+00,0.000000000000000000e+00,1.000000000000000000e+00,2.972055673599243164e+00,4.698795378208160400e-01,9.366908073425292969e-01,-2.937098741531372070e-01,-3.268542289733886719e-01,-1.926818192005157471e-01,1.758036613464355469e-01,-1.795260906219482422e-01,7.927536964416503906e-02,1.551588177680969238e-01,-1.748433709144592285e-01,1.191676110029220581e-01,0.000000000000000000e+00,1.000000000000000000e+00,3.019452095031738281e+00,-4.738198816776275635e-01,9.179505109786987305e-01,1.933288425207138062e-01,2.852749228477478027e-01,-3.527309894561767578e-01,1.000000000000000000e+00,2.972055673599243164e+00,4.698795378208160400e-01,9.366908073425292969e-01,-2.937098741531372070e-01,-3.268542289733886719e-01,-1.926818192005157471e-01,1.000000000000000000e+00,-7.560084573924541473e-03,-2.768183052539825439e-01,8.120150566101074219e-01,3.305390179157257080e-01,-1.942122913897037506e-02,1.465007811784744263e-01,1.000000000000000000e+00,2.263053059577941895e-01,2.864876389503479004e-01,1.343892812728881836e+00,3.221347928047180176e-01,2.053927630186080933e-02,7.392683625221252441e-02,1.000000000000000000e+00,1.000000000000000000e+00,0.000000000000000000e+00,0.000000000000000000e+00,1.000000000000000000e+00
3.200000000000000067e-01,3.023465394973754883e+00,-4.677473306655883789e-01,9.113254547119140625e-01,2.088317424058914185e-01,3.257590234279632568e-01,-3.072357475757598877e-01,-1.810786724090576172e-01,5.919432640075683594e-02,-2.715492248535156250e-02,-1.538343131542205811e-01,-6.630822420120239258e-01,-2.594307530671358109e-03,1.000000000000000000e+00,0.000000000000000000e+00,3.023465394973754883e+00,-4.677473306655883789e-01,9.113254547119140625e-01,2.088317424058914185e-01,3.257590234279632568e-01,-3.072357475757598877e-01,1.000000000000000000e+00,2.965904951095581055e+00,4.630182981491088867e-01,9.328717589378356934e-01,-3.237586617469787598e-01,-3.621028363704681396e-01,-1.932342648506164551e-01,1.000000000000000000e+00,-6.818972178734838963e-04,-2.772051990032196045e-01,8.149653673171997070e-01,3.601063191890716553e-01,-1.914224028587341309e-02,1.487353593111038208e-01,1.000000000000000000e+00,2.330103367567062378e-01,2.868954539299011230e-01,1.345364212989807129e+00,3.511393368244171143e-01,2.006100304424762726e-02,7.308495789766311646e-02,1.000000000000000000e+00,1.000000000000000000e+00,0.000000000000000000e+00,0.000000000000000000e+00,1.000000000000000000e+00,2.965904951095581055e+00,4.630182981491088867e-01,9.328717589378356934e-01,-3.237586617469787598e-01,-3.621028363704681396e-01,-1.932342648506164551e-01,1.789641380310058594e-01,-1.829073429107666016e-01,8.169651031494140625e-02,1.597026884555816650e-01,-1.574639379978179932e-01,1.212925091385841370e-01,0.000000000000000000e+00,1.000000000000000000e+00,3.023465394973754883e+00,-4.677473306655883789e-01,9.113254547119140625e-01,2.088317424058914185e-01,3.257590234279632568e-01,-3.072357475757598877e-01,1.000000000000000000e+00,2.965904951095581055e+00,4.630182981491088867e-01,9.328717589378356934e-01,-3.237586617469787598e-01,-3.621028363704681396e-01,-1.932342648506164551e-01,1.000000000000000000e+00,-6.818972178734838963e-04,-2.772051990032196045e-01,8.149653673171997070e-01,3.601063191890716553e-01,-1.914224028587341309e-02,1.487353593111038208e-01,1.000000000000000000e+00,2.330103367567062378e-01,2.868954539299011230e-01,1.345364212989807129e+00,3.511393368244171143e-01,2.006100304424762726e-02,7.308495789766311646e-02,1.000000000000000000e+00,1.000000000000000000e+00,0.000000000000000000e+00,0.000000000000000000e+00,1.000000000000000000e+00
3.400000000000000244e-01,3.027750968933105469e+00,-4.608835875988006592e-01,9.054819345474243164e-01,2.201512455940246582e-01,3.639086484909057617e-01,-2.774173617362976074e-01,-1.840429306030273438e-01,4.627943038940429688e-02,-2.728295326232910156e-02,-1.377371847629547119e-01,-6.386548876762390137e-01,-6.314134690910577774e-03,1.000000000000000000e+00,0.000000000000000000e+00,3.027750968933105469e+00,-4.608835875988006592e-01,9.054819345474243164e-01,2.201512455940246582e-01,3.639086484909057617e-01,-2.774173617362976074e-01,1.000000000000000000e+00,2.959184408187866211e+00,4.554867148399353027e-01,9.288447499275207520e-01,-3.505035042762756348e-01,-3.936885595321655273e-01,-2.145961821079254150e-01,1.000000000000000000e+00,6.779895164072513580e-03,-2.775811553001403809e-01,8.179598450660705566e-01,3.887743353843688965e-01,-1.826072111725807190e-02,1.509513258934020996e-01,1.000000000000000000e+00,2.402878254652023315e-01,2.872859835624694824e-01,1.346815347671508789e+00,3.792583048343658447e-01,1.869797147810459137e-02,7.181468605995178223e-02,1.000000000000000000e+00,1.000000000000000000e+00,0.000000000000000000e+00,0.000000000000000000e+00,1.000000000000000000e+00,2.959184408187866211e+00,4.554867148399353027e-01,9.288447499275207520e-01,-3.505035042762756348e-01,-3.936885595321655273e-01,-2.145961821079254150e-01,1.820640563964843750e-01,-1.857888698577880859e-01,8.412504196166992188e-02,1.458188593387603760e-01,-1.267435401678085327e-01,1.196381971240043640e-01,0.000000000000000000e+00,1.000000000000000000e+00,3.027750968933105469e+00,-4.608835875988006592e-01,9.054819345474243164e-01,2.201512455940246582e-01,3.639086484909057617e-01,-2.774173617362976074e-01,1.000000000000000000e+00,2.959184408187866211e+00,4.554867148399353027e-01,9.288447499275207520e-01,-3.505035042762756348e-01,-3.936885595321655273e-01,-2.145961821079254150e-01,1.000000000000000000e+00,6.779895164072513580e-03,-2.775811553001403809e-01,8.179598450660705566e-01,3.887743353843688965e-01,-1.826072111725807190e-02,1.509513258934020996e-01,1.000000000000000000e+00,2.402878254652023315e-01,2.872859835624694824e-01,1.346815347671508789e+00,3.792583048343658447e-01,1.869797147810459137e-02,7.181468605995178223e-02,1.000000000000000000e+00,1.000000000000000000e+00,0.000000000000000000e+00,0.000000000000000000e+00,1.000000000000000000e+00
3.599999999999999867e-01,3.032227516174316406e+00,-4.532858133316040039e-01,9.000566601753234863e-01,2.276304960250854492e-01,3.987747132778167725e-01,-2.675113081932067871e-01,-1.865551471710205078e-01,3.316712379455566406e-02,-2.733993530273437500e-02,-1.101191341876983643e-01,-6.897964477539062500e-01,5.906990263611078262e-03,1.000000000000000000e+00,0.000000000000000000e+00,3.032227516174316406e+00,-4.532858133316040039e-01,9.000566601753234863e-01,2.276304960250854492e-01,3.987747132778167725e-01,-2.675113081932067871e-01,1.000000000000000000e+00,2.951951503753662109e+00,4.473477602005004883e-01,9.242530465126037598e-01,-3.749889433383941650e-01,-4.228607416152954102e-01,-2.495734244585037231e-01,1.000000000000000000e+00,1.480541750788688660e-02,-2.779338359832763672e-01,8.209995627403259277e-01,4.163368642330169678e-01,-1.674785278737545013e-02,1.532826125621795654e-01,1.000000000000000000e+00,2.481181025505065918e-01,2.876401543617248535e-01,1.348235607147216797e+00,4.062724411487579346e-01,1.629436761140823364e-02,6.987206637859344482e-02,1.000000000000000000e+00,1.000000000000000000e+00,0.000000000000000000e+00,0.000000000000000000e+00,1.000000000000000000e+00,2.951951503753662109e+00,4.473477602005004883e-01,9.242530465126037598e-01,-3.749889433383941650e-01,-4.228607416152954102e-01,-2.495734244585037231e-01,1.847414970397949219e-01,-1.880624294281005859e-01,8.645319938659667969e-02,1.181226074695587158e-01,-9.921647608280181885e-02,1.109184548258781433e-01,0.000000000000000000e+00,1.000000000000000000e+00,3.032227516174316406e+00,-4.532858133316040039e-01,9.000566601753234863e-01,2.276304960250854492e-01,3.987747132778167725e-01,-2.675113081932067871e-01,1.000000000000000000e+00,2.951951503753662109e+00,4.473477602005004883e-01,9.242530465126037598e-01,-3.749889433383941650e-01,-4.228607416152954102e-01,-2.495734244585037231e-01,1.000000000000000000e+00,1.480541750788688660e-02,-2.779338359832763672e-01,8.209995627403259277e-01,4.163368642330169678e-01,-1.674785278737545013e-02,1.532826125621795654e-01,1.000000000000000000e+00,2.481181025505065918e-01,2.876401543617248535e-01,1.348235607147216797e+00,4.062724411487579346e-01,1.629436761140823364e-02,6.987206637859344482e-02,1.000000000000000000e+00,1.000000000000000000e+00,0.000000000000000000e+00,0.000000000000000000e+00,1.000000000000000000e+00
3.800000000000000044e-01,3.036822080612182617e+00,-4.450199007987976074e-01,8.946609497070312500e-01,2.317025363445281982e-01,4.305455982685089111e-01,-2.753957808017730713e-01,-1.885240077972412109e-01,1.855134963989257812e-02,-2.708506584167480469e-02,-8.549752086400985718e-02,-7.857456803321838379e-01,2.430008724331855774e-02,1.000000000000000000e+00,0.000000000000000000e+00,3.036822080612182617e+00,-4.450199007987976074e-01,8.946609497070312500e-01,2.317025363445281982e-01,4.305455982685089111e-01,-2.753957808017730713e-01,1.000000000000000000e+00,2.944238662719726562e+00,4.386349320411682129e-01,9.189054369926452637e-01,-3.986661136150360107e-01,-4.513050019741058350e-01,-2.890752255916595459e-01,1.000000000000000000e+00,2.337097190320491791e-02,-2.782503068447113037e-01,8.240869045257568359e-01,4.426277875900268555e-01,-1.456995029002428055e-02,1.557023674249649048e-01,1.000000000000000000e+00,2.564772069454193115e-01,2.879357933998107910e-01,1.349608421325683594e+00,4.319734275341033936e-01,1.270361151546239853e-02,6.690806150436401367e-02,1.000000000000000000e+00,1.000000000000000000e+00,0.000000000000000000e+00,0.000000000000000000e+00,1.000000000000000000e+00,2.944238662719726562e+00,4.386349320411682129e-01,9.189054369926452637e-01,-3.986661136150360107e-01,-4.513050019741058350e-01,-2.890752255916595459e-01,1.868426799774169922e-01,-1.898748874664306641e-01,8.857512474060058594e-02,9.043104201555252075e-02,-8.166347444057464600e-02,9.908187389373779297e-02,0.000000000000000000e+00,1.000000000000000000e+00,3.036822080612182617e+00,-4.450199007987976074e-01,8.946609497070312500e-01,2.317025363445281982e-01,4.305455982685089111e-01,-2.753957808017730713e-01,1.000000000000000000e+00,2.944238662719726562e+00,4.386349320411682129e-01,9.189054369926452637e-01,-3.986661136150360107e-01,-4.513050019741058350e-01,-2.890752255916595459e-01,1.000000000000000000e+00,2.337097190320491791e-02,-2.782503068447113037e-01,8.240869045257568359e-01,4.426277875900268555e-01,-1.456995029002428055e-02,1.557023674249649048e-01,1.000000000000000000e+00,2.564772069454193115e-01,2.879357933998107910e-01,1.349608421325683594e+00,4.319734275341033936e-01,1.270361151546239853e-02,6.690806150436401367e-02,1.000000000000000000e+00,1.000000000000000000e+00,0.000000000000000000e+00,0.000000000000000000e+00,1.000000000000000000e+00
4.000000000000000222e-01,3.041470050811767578e+00,-4.361389875411987305e-01,8.889930248260498047e-01,2.326658815145492554e-01,4.603203237056732178e-01,-2.944440841674804688e-01,-1.900756359100341797e-01,1.895666122436523438e-03,-2.645993232727050781e-02,-6.928164511919021606e-02,-8.917140364646911621e-01,4.261057451367378235e-02,1.000000000000000000e+00,0.000000000000000000e+00,3.041470050811767578e+00,-4.361389875411987305e-01,8.889930248260498047e-01,2.326658815145492554e-01,4.603203237056732178e-01,-2.944440841674804688e-01,1.000000000000000000e+00,2.936049222946166992e+00,4.293478131294250488e-01,9.127889275550842285e-01,-4.229021668434143066e-01,-4.806006848812103271e-01,-3.249486088752746582e-01,1.000000000000000000e+00,3.245006874203681946e-02,-2.785168886184692383e-01,8.272225260734558105e-01,4.675396680831909180e-01,-1.167548447847366333e-02,1.580609083175659180e-01,1.000000000000000000e+00,2.653372287750244141e-01,2.881480157375335693e-01,1.350909948348999023e+00,4.561959207057952881e-01,7.800554856657981873e-03,6.254351884126663208e-02,1.000000000000000000e+00,1.000000000000000000e+00,0.000000000000000000e+00,0.000000000000000000e+00,1.000000000000000000e+00,2.936049222946166992e+00,4.293478131294250488e-01,9.127889275550842285e-01,-4.229021668434143066e-01,-4.806006848812103271e-01,-3.249486088752746582e-01,1.884610652923583984e-01,-1.914131641387939453e-01,9.046721458435058594e-02,7.137699425220489502e-02,-7.173848897218704224e-02,8.830816298723220825e-02,0.000000000000000000e+00,1.000000000000000000e+00,3.041470050811767578e+00,-4.361389875411987305e-01,8.889930248260498047e-01,2.326658815145492554e-01,4.603203237056732178e-01,-2.944440841674804688e-01,1.000000000000000000e+00,2.936049222946166992e+00,4.293478131294250488e-01,9.127889275550842285e-01,-4.229021668434143066e-01,-4.806006848812103271e-01,-3.249486088752746582e-01,1.000000000000000000e+00,3.245006874203681946e-02,-2.785168886184692383e-01,8.272225260734558105e-01,4.675396680831909180e-01,-1.167548447847366333e-02,1.580609083175659180e-01,1.000000000000000000e+00,2.653372287750244141e-01,2.881480157375335693e-01,1.350909948348999023e+00,4.561959207057952881e-01,7.800554856657981873e-03,6.254351884126663208e-02,1.000000000000000000e+00,1.000000000000000000e+00,0.000000000000000000e+00,0.000000000000000000e+00,1.000000000000000000e+00
4.199999999999999845e-01,3.046109437942504883e+00,-4.266693294048309326e-01,8.829057812690734863e-01,2.305272072553634644e-01,4.896527826786041260e-01,-3.161197900772094727e-01,-1.913616657257080078e-01,-1.686644554138183594e-02,-2.547621726989746094e-02,-5.868647247552871704e-02,-9.978218674659729004e-01,5.996087193489074707e-02,1.000000000000000000e+00,0.000000000000000000e+00,3.046109437942504883e+00,-4.266693294048309326e-01,8.829057812690734863e-01,2.305272072553634644e-01,4.896527826786041260e-01,-3.161197900772094727e-01,1.000000000000000000e+00,2.927362680435180664e+00,4.194582700729370117e-01,9.060316681861877441e-01,-4.486847221851348877e-01,-5.118953585624694824e-01,-3.514866530895233154e-01,1.000000000000000000e+00,4.201452434062957764e-02,-2.787185907363891602e-01,8.304030895233154297e-01,4.910125434398651123e-01,-7.991616614162921906e-03,1.601259857416152954e-01,1.000000000000000000e+00,2.746674716472625732e-01,2.882495224475860596e-01,1.352109193801879883e+00,4.788225889205932617e-01,1.477997051551938057e-03,5.645526945590972900e-02,1.000000000000000000e+00,1.000000000000000000e+00,0.000000000000000000e+00,0.000000000000000000e+00,1.000000000000000000e+00,2.927362680435180664e+00,4.194582700729370117e-01,9.060316681861877441e-01,-4.486847221851348877e-01,-5.118953585624694824e-01,-3.514866530895233154e-01,1.897878646850585938e-01,-1.927824020385742188e-01,9.215784072875976562e-02,6.190031021833419800e-02,-6.434877961874008179e-02,7.923488318920135498e-02,0.000000000000000000e+00,1.000000000000000000e+00,3.046109437942504883e+00,-4.266693294048309326e-01,8.829057812690734863e-01,2.305272072553634644e-01,4.896527826786041260e-01,-3.161197900772094727e-01,1.000000000000000000e+00,2.927362680435180664e+00,4.194582700729370117e-01,9.060316681861877441e-01,-4.486847221851348877e-01,-5.118953585624694824e-01,-3.514866530895233154e-01,1.000000000000000000e+00,4.201452434062957764e-02,-2.787185907363891602e-01,8.304030895233154297e-01,4.910125434398651123e-01,-7.991616614162921906e-03,1.601259857416152954e-01,1.000000000000000000e+00,2.746674716472625732e-01,2.882495224475860596e-01,1.352109193801879883e+00,4.788225889205932617e-01,1.477997051551938057e-03,5.645526945590972900e-02,1.000000000000000000e+00,1.000000000000000000e+00,0.000000000000000000e+00,0.000000000000000000e+00,1.000000000000000000e+00
4.400000000000000022e-01,3.050675630569458008e+00,-4.166059792041778564e-01,8.764194846153259277e-01,2.248758524656295776e-01,5.199963450431823730e-01,-3.327802419662475586e-01,-1.924557685852050781e-01,-3.783535957336425781e-02,-2.413582801818847656e-02,-4.984538629651069641e-02,-1.114026904106140137e+00,7.845674455165863037e-02,1.000000000000000000e+00,0.000000000000000000e+00,3.050675630569458008e+00,-4.166059792041778564e-01,8.764194846153259277e-01,2.248758524656295776e-01,5.199963450431823730e-01,-3.327802419662475586e-01,1.000000000000000000e+00,2.918141841888427734e+00,4.089194834232330322e-01,8.988530635833740234e-01,-4.765677452087402344e-01,-5.458480715751647949e-01,-3.655537068843841553e-01,1.000000000000000000e+00,5.203523859381675720e-02,-2.788389027118682861e-01,8.336204290390014648e-01,5.130134224891662598e-01,-3.434394020587205887e-03,1.616479754447937012e-01,1.000000000000000000e+00,2.844353318214416504e-01,2.882110476493835449e-01,1.353169560432434082e+00,4.997764527797698975e-01,-6.365876644849777222e-03,4.844953492283821106e-02,1.000000000000000000e+00,1.000000000000000000e+00,0.000000000000000000e+00,0.000000000000000000e+00,1.000000000000000000e+00,2.918141841888427734e+00,4.089194834232330322e-01,8.988530635833740234e-01,-4.765677452087402344e-01,-5.458480715751647949e-01,-3.655537068843841553e-01,1.909856796264648438e-01,-1.940014362335205078e-01,9.368491172790527344e-02,5.823482573032379150e-02,-5.630554258823394775e-02,7.226375490427017212e-02,0.000000000000000000e+00,1.000000000000000000e+00,3.050675630569458008e+00,-4.166059792041778564e-01,8.764194846153259277e-01,2.248758524656295776e-01,5.199963450431823730e-01,-3.327802419662475586e-01,1.000000000000000000e+00,2.918141841888427734e+00,4.089194834232330322e-01,8.988530635833740234e-01,-4.765677452087402344e-01,-5.458480715751647949e-01,-3.655537068843841553e-01,1.000000000000000000e+00,5.203523859381675720e-02,-2.788389027118682861e-01,8.336204290390014648e-01,5.130134224891662598e-01,-3.434394020587205887e-03,1.616479754447937012e-01,1.000000000000000000e+00,2.844353318214416504e-01,2.882110476493835449e-01,1.353169560432434082e+00,4.997764527797698975e-01,-6.365876644849777222e-03,4.844953492283821106e-02,1.000000000000000000e+00,1.000000000000000000e+00,0.000000000000000000e+00,0.000000000000000000e+00,1.000000000000000000e+00
4.600000000000000200e-01,3.055091381072998047e+00,-4.059186279773712158e-01,8.696860074996948242e-01,2.148935943841934204e-01,5.523927807807922363e-01,-3.391224443912506104e-01,-1.933798789978027344e-01,-6.083655357360839844e-02,-2.232360839843750000e-02,-4.126986861228942871e-02,-1.174605846405029297e+00,1.025786548852920532e-01,1.000000000000000000e+00,0.000000000000000000e+00,3.055091381072998047e+00,-4.059186279773712158e-01,8.696860074996948242e-01,2.148935943841934204e-01,5.523927807807922363e-01,-3.391224443912506104e-01,1.000000000000000000e+00,2.908343315124511719e+00,3.976765573024749756e-01,8.915107846260070801e-01,-5.066204071044921875e-01,-5.825635790824890137e-01,-3.667455017566680908e-01,1.000000000000000000e+00,6.248259171843528748e-02,-2.788596153259277344e-01,8.368618488311767578e-01,5.335264801979064941e-01,2.077211160212755203e-03,1.624407172203063965e-01,1.000000000000000000e+00,2.946068644523620605e-01,2.880012691020965576e-01,1.354052186012268066e+00,5.190155506134033203e-01,-1.583721674978733063e-02,3.850061818957328796e-02,1.000000000000000000e+00,1.000000000000000000e+00,0.000000000000000000e+00,0.000000000000000000e+00,1.000000000000000000e+00,2.908343315124511719e+00,3.976765573024749756e-01,8.915107846260070801e-01,-5.066204071044921875e-01,-5.825635790824890137e-01,-3.667455017566680908e-01,1.921238899230957031e-01,-1.950478553771972656e-01,9.510302543640136719e-02,5.534407123923301697e-02,-4.702033102512359619e-02,6.862213462591171265e-02,0.000000000000000000e+00,1.000000000000000000e+00,3.055091381072998047e+00,-4.059186279773712158e-01,8.696860074996948242e-01,2.148935943841934204e-01,5.523927807807922363e-01,-3.391224443912506104e-01,1.000000000000000000e+00,2.908343315124511719e+00,3.976765573024749756e-01,8.915107846260070801e-01,-5.066204071044921875e-01,-5.825635790824890137e-01,-3.667455017566680908e-01,1.000000000000000000e+00,6.248259171843528748e-02,-2.788596153259277344e-01,8.368618488311767578e-01,5.335264801979064941e-01,2.077211160212755203e-03,1.624407172203063965e-01,1.000000000000000000e+00,2.946068644523620605e-01,2.880012691020965576e-01,1.354052186012268066e+00,5.190155506134033203e-01,-1.583721674978733063e-02,3.850061818957328796e-02,1.000000000000000000e+00,1.000000000000000000e+00,0.000000000000000000e+00,0.000000000000000000e+00,1.000000000000000000e+00
4.799999999999999822e-01,3.059261560440063477e+00,-3.945602774620056152e-01,8.629412651062011719e-01,1.996985375881195068e-01,5.873981714248657227e-01,-3.323785960674285889e-01,-1.941254138946533203e-01,-8.383226394653320312e-02,-2.018642425537109375e-02,-3.202490508556365967e-02,-1.090182542800903320e+00,1.065362170338630676e-01,1.000000000000000000e+00,0.000000000000000000e+00,3.059261560440063477e+00,-3.945602774620056152e-01,8.629412651062011719e-01,1.996985375881195068e-01,5.873981714248657227e-01,-3.323785960674285889e-01,1.000000000000000000e+00,2.897926807403564453e+00,3.856772780418395996e-01,8.842465877532958984e-01,-5.384380817413330078e-01,-6.215877532958984375e-01,-3.572558760643005371e-01,1.000000000000000000e+00,7.332681119441986084e-02,-2.787609696388244629e-01,8.401119112968444824e-01,5.525539517402648926e-01,8.614146150648593903e-03,1.624300032854080200e-01,1.000000000000000000e+00,3.051477074623107910e-01,2.875865399837493896e-01,1.354719400405883789e+00,5.365327596664428711e-01,-2.704897522926330566e-02,2.675139904022216797e-02,1.000000000000000000e+00,1.000000000000000000e+00,0.000000000000000000e+00,0.000000000000000000e+00,1.000000000000000000e+00,2.897926807403564453e+00,3.856772780418395996e-01,8.842465877532958984e-01,-5.384380817413330078e-01,-6.215877532958984375e-01,-3.572558760643005371e-01,1.931936740875244141e-01,-1.958982944488525391e-01,9.641480445861816406e-02,5.057086050510406494e-02,-3.731468692421913147e-02,6.143583729863166809e-02,0.000000000000000000e+00,1.000000000000000000e+00,3.059261560440063477e+00,-3.945602774620056152e-01,8.629412651062011719e-01,1.996985375881195068e-01,5.873981714248657227e-01,-3.323785960674285889e-01,1.000000000000000000e+00,2.897926807403564453e+00,3.856772780418395996e-01,8.842465877532958984e-01,-5.384380817413330078e-01,-6.215877532958984375e-01,-3.572558760643005371e-01,1.000000000000000000e+00,7.332681119441986084e-02,-2.787609696388244629e-01,8.401119112968444824e-01,5.525539517402648926e-01,8.614146150648593903e-03,1.624300032854080200e-01,1.000000000000000000e+00,3.051477074623107910e-01,2.875865399837493896e-01,1.354719400405883789e+00,5.365327596664428711e-01,-2.704897522926330566e-02,2.675139904022216797e-02,1.000000000000000000e+00,1.000000000000000000e+00,0.000000000000000000e+00,0.000000000000000000e+00,1.000000000000000000e+00
5.000000000000000000e-01,3.063077926635742188e+00,-3.824779689311981201e-01,8.564512729644775391e-01,1.789890378713607788e-01,6.249917745590209961e-01,-3.126060962677001953e-01,-1.946914196014404297e-01,-1.038534641265869141e-01,-1.819562911987304688e-02,-2.395900711417198181e-02,-8.765972256660461426e-01,8.770994096994400024e-02,1.000000000000000000e+00,0.000000000000000000e+00,3.063077926635742188e+00,-3.824779689311981201e-01,8.564512729644775391e-01,1.789890378713607788e-01,6.249917745590209961e-01,-3.126060962677001953e-01,1.000000000000000000e+00,2.886863708496093750e+00,3.728831708431243896e-01,8.772384524345397949e-01,-5.712389349937438965e-01,-6.619923710823059082e-01,-3.413480222225189209e-01,1.000000000000000000e+00,8.453835546970367432e-02,-2.785219252109527588e-01,8.433548212051391602e-01,5.701191425323486328e-01,1.623678766191005707e-02,1.616701930761337280e-01,1.000000000000000000e+00,3.160234689712524414e-01,2.869310677051544189e-01,1.355137109756469727e+00,5.523548722267150879e-01,-4.011848196387290955e-02,1.347730495035648346e-02,1.000000000000000000e+00,1.000000000000000000e+00,0.000000000000000000e+00,0.000000000000000000e+00,1.000000000000000000e+00,2.886863708496093750e+00,3.728831708431243896e-01,8.772384524345397949e-01,-5.712389349937438965e-01,-6.619923710823059082e-01,-3.413480222225189209e-01,1.941368579864501953e-01,-1.965754032135009766e-01,9.756469726562500000e-02,4.258797317743301392e-02,-3.019556030631065369e-02,5.237620696425437927e-02,0.000000000000000000e+00,1.000000000000000000e+00,3.063077926635742188e+00,-3.824779689311981201e-01,8.564512729644775391e-01,1.789890378713607788e-01,6.249917745590209961e-01,-3.126060962677001953e-01,1.000000000000000000e+00,2.886863708496093750e+00,3.728831708431243896e-01,8.772384524345397949e-01,-5.712389349937438965e-01,-6.619923710823059082e-01,-3.413480222225189209e-01,1.000000000000000000e+00,8.453835546970367432e-02,-2.785219252109527588e-01,8.433548212051391602e-01,5.701191425323486328e-01,1.623678766191005707e-02,1.616701930761337280e-01,1.000000000000000000e+00,3.160234689712524414e-01,2.869310677051544189e-01,1.355137109756469727e+00,5.523548722267150879e-01,-4.011848196387290955e-02,1.347730495035648346e-02,1.000000000000000000e+00,1.000000000000000000e+00,0.000000000000000000e+00,0.000000000000000000e+00,1.000000000000000000e+00
5.200000000000000178e-01,3.066434860229492188e+00,-3.696246743202209473e-01,8.504546284675598145e-01,1.534314006567001343e-01,6.645385622978210449e-01,-2.828240394592285156e-01,-1.951291561126708984e-01,-1.191749572753906250e-01,-1.661324501037597656e-02,-1.984535530209541321e-02,-6.374962329864501953e-01,6.911358982324600220e-02,1.000000000000000000e+00,0.000000000000000000e+00,3.066434860229492188e+00,-3.696246743202209473e-01,8.504546284675598145e-01,1.534314006567001343e-01,6.645385622978210449e-01,-2.828240394592285156e-01,1.000000000000000000e+00,2.875143289566040039e+00,3.592775762081146240e-01,8.705657720565795898e-01,-6.040031313896179199e-01,-7.025175690650939941e-01,-3.246430754661560059e-01,1.000000000000000000e+00,9.608834236860275269e-02,-2.781202495098114014e-01,8.465769886970520020e-01,5.862632393836975098e-01,2.499721385538578033e-02,1.603282094001770020e-01,1.000000000000000000e+00,3.272008597850799561e-01,2.859966456890106201e-01,1.355278253555297852e+00,5.665357112884521484e-01,-5.516354739665985107e-02,-9.761735564097762108e-04,1.000000000000000000e+00,1.000000000000000000e+00,0.000000000000000000e+00,0.000000000000000000e+00,1.000000000000000000e+00,2.875143289566040039e+00,3.592775762081146240e-01,8.705657720565795898e-01,-6.040031313896179199e-01,-7.025175690650939941e-01,-3.246430754661560059e-01,1.949102878570556641e-01,-1.971380710601806641e-01,9.851813316345214844e-02,3.411320224404335022e-02,-2.610657550394535065e-02,4.188322275876998901e-02,0.000000000000000000e+00,1.000000000000000000e+00,3.066434860229492188e+00,-3.696246743202209473e-01,8.504546284675598145e-01,1.534314006567001343e-01,6.645385622978210449e-01,-2.828240394592285156e-01,1.000000000000000000e+00,2.875143289566040039e+00,3.592775762081146240e-01,8.705657720565795898e-01,-6.040031313896179199e-01,-7.025175690650939941e-01,-3.246430754661560059e-01,1.000000000000000000e+00,9.608834236860275269e-02,-2.781202495098114014e-01,8.465769886970520020e-01,5.862632393836975098e-01,2.499721385538578033e-02,1.603282094001770020e-01,1.000000000000000000e+00,3.272008597850799561e-01,2.859966456890106201e-01,1.355278253555297852e+00,5.665357112884521484e-01,-5.516354739665985107e-02,-9.761735564097762108e-04,1.000000000000000000e+00,1.000000000000000000e+00,0.000000000000000000e+00,0.000000000000000000e+00,1.000000000000000000e+00
5.400000000000000355e-01,3.069246530532836914e+00,-3.559711873531341553e-01,8.451035618782043457e-01,1.244821846485137939e-01,7.048415541648864746e-01,-2.488085478544235229e-01,-1.955335140228271484e-01,-1.302797794342041016e-01,-1.526594161987304688e-02,-2.166588976979255676e-02,-4.746910035610198975e-01,6.777210533618927002e-02,1.000000000000000000e+00,0.000000000000000000e+00,3.069246530532836914e+00,-3.559711873531341553e-01,8.451035618782043457e-01,1.244821846485137939e-01,7.048415541648864746e-01,-2.488085478544235229e-01,1.000000000000000000e+00,2.862775564193725586e+00,3.448704779148101807e-01,8.641903996467590332e-01,-6.356448531150817871e-01,-7.417994737625122070e-01,-3.131245076656341553e-01,1.000000000000000000e+00,1.079487875103950500e-01,-2.775327563285827637e-01,8.497686982154846191e-01,6.010370254516601562e-01,3.494220227003097534e-02,1.586386412382125854e-01,1.000000000000000000e+00,3.386476039886474609e-01,2.847426831722259521e-01,1.355122089385986328e+00,5.791430473327636719e-01,-7.229745388031005859e-02,-1.627096720039844513e-02,1.000000000000000000e+00,1.000000000000000000e+00,0.000000000000000000e+00,0.000000000000000000e+00,1.000000000000000000e+00,2.862775564193725586e+00,3.448704779148101807e-01,8.641903996467590332e-01,-6.356448531150817871e-01,-7.417994737625122070e-01,-3.131245076656341553e-01,1.955449581146240234e-01,-1.973795890808105469e-01,9.921026229858398438e-02,2.875465340912342072e-02,1.794995181262493134e-02,2.964739128947257996e-02,0.000000000000000000e+00,1.000000000000000000e+00,3.069246530532836914e+00,-3.559711873531341553e-01,8.451035618782043457e-01,1.244821846485137939e-01,7.048415541648864746e-01,-2.488085478544235229e-01,1.000000000000000000e+00,2.862775564193725586e+00,3.448704779148101807e-01,8.641903996467590332e-01,-6.356448531150817871e-01,-7.417994737625122070e-01,-3.131245076656341553e-01,1.000000000000000000e+00,1.079487875103950500e-01,-2.775327563285827637e-01,8.497686982154846191e-01,6.010370254516601562e-01,3.494220227003097534e-02,1.586386412382125854e-01,1.000000000000000000e+00,3.386476039886474609e-01,2.847426831722259521e-01,1.355122089385986328e+00,5.791430473327636719e-01,-7.229745388031005859e-02,-1.627096720039844513e-02,1.000000000000000000e+00,1.000000000000000000e+00,0.000000000000000000e+00,0.000000000000000000e+00,1.000000000000000000e+00
5.600000000000000533e-01,3.071462154388427734e+00,-3.415167331695556641e-01,8.404125571250915527e-01,9.391693025827407837e-02,7.442244887351989746e-01,-2.187619507312774658e-01,-1.959948539733886719e-01,-1.391336917877197266e-01,-1.381874084472656250e-02,-2.392055466771125793e-02,-4.210866093635559082e-01,7.966766506433486938e-02,1.000000000000000000e+00,0.000000000000000000e+00,3.071462154388427734e+00,-3.415167331695556641e-01,8.404125571250915527e-01,9.391693025827407837e-02,7.442244887351989746e-01,-2.187619507312774658e-01,1.000000000000000000e+00,2.849791765213012695e+00,3.296968042850494385e-01,8.579648733139038086e-01,-6.652612686157226562e-01,-7.788427472114562988e-01,-3.110068142414093018e-01,1.000000000000000000e+00,1.200927644968032837e-01,-2.767354249954223633e-01,8.529253602027893066e-01,6.144934892654418945e-01,4.611694440245628357e-02,1.568428277969360352e-01,1.000000000000000000e+00,3.503328561782836914e-01,2.831265032291412354e-01,1.354654550552368164e+00,5.902438163757324219e-01,-9.161565452814102173e-02,-3.215297684073448181e-02,1.000000000000000000e+00,1.000000000000000000e+00,0.000000000000000000e+00,0.000000000000000000e+00,1.000000000000000000e+00,2.849791765213012695e+00,3.296968042850494385e-01,8.579648733139038086e-01,-6.652612686157226562e-01,-7.788427472114562988e-01,-3.110068142414093018e-01,1.960921287536621094e-01,-1.961505413055419922e-01,9.971833229064941406e-02,2.529754117131233215e-02,1.233245059847831726e-01,2.428542636334896088e-02,0.000000000000000000e+00,1.000000000000000000e+00,3.071462154388427734e+00,-3.415167331695556641e-01,8.404125571250915527e-01,9.391693025827407837e-02,7.442244887351989746e-01,-2.187619507312774658e-01,1.000000000000000000e+00,2.849791765213012695e+00,3.296968042850494385e-01,8.579648733139038086e-01,-6.652612686157226562e-01,-7.788427472114562988e-01,-3.110068142414093018e-01,1.000000000000000000e+00,1.200927644968032837e-01,-2.767354249954223633e-01,8.529253602027893066e-01,6.144934892654418945e-01,4.611694440245628357e-02,1.568428277969360352e-01,1.000000000000000000e+00,3.503328561782836914e-01,2.831265032291412354e-01,1.354654550552368164e+00,5.902438163757324219e-01,-9.161565452814102173e-02,-3.215297684073448181e-02,1.000000000000000000e+00,1.000000000000000000e+00,0.000000000000000000e+00,0.000000000000000000e+00,1.000000000000000000e+00
5.799999999999999600e-01,3.073063611984252930e+00,-3.262951374053955078e-01,8.362265229225158691e-01,6.322501599788665771e-02,7.810832858085632324e-01,-2.005221545696258545e-01,-1.964232921600341797e-01,-1.474645137786865234e-01,-1.212573051452636719e-02,-1.568551175296306610e-02,-4.100134074687957764e-01,8.944304287433624268e-02,1.000000000000000000e+00,0.000000000000000000e+00,3.073063611984252930e+00,-3.262951374053955078e-01,8.362265229225158691e-01,6.322501599788665771e-02,7.810832858085632324e-01,-2.005221545696258545e-01,1.000000000000000000e+00,2.836238384246826172e+00,3.138052225112915039e-01,8.516873121261596680e-01,-6.923322677612304688e-01,-8.133544921875000000e-01,-3.192437589168548584e-01,1.000000000000000000e+00,1.324943900108337402e-01,-2.757031321525573730e-01,8.560465574264526367e-01,6.266817450523376465e-01,5.856873095035552979e-02,1.551232933998107910e-01,1.000000000000000000e+00,3.622269630432128906e-01,2.811042368412017822e-01,1.353865027427673340e+00,5.998899340629577637e-01,-1.131037175655364990e-01,-4.851265251636505127e-02,1.000000000000000000e+00,1.000000000000000000e+00,0.000000000000000000e+00,0.000000000000000000e+00,1.000000000000000000e+00,2.836238384246826172e+00,3.138052225112915039e-01,8.516873121261596680e-01,-6.923322677612304688e-01,-8.133544921875000000e-01,-3.192437589168548584e-01,1.965811252593994141e-01,-1.925470829010009766e-01,1.001451015472412109e-01,2.291302941739559174e-02,2.496105283498764038e-01,2.080284059047698975e-02,0.000000000000000000e+00,1.000000000000000000e+00,3.073063611984252930e+00,-3.262951374053955078e-01,8.362265229225158691e-01,6.322501599788665771e-02,7.810832858085632324e-01,-2.005221545696258545e-01,1.000000000000000000e+00,2.836238384246826172e+00,3.138052225112915039e-01,8.516873121261596680e-01,-6.923322677612304688e-01,-8.133544921875000000e-01,-3.192437589168548584e-01,1.000000000000000000e+00,1.324943900108337402e-01,-2.757031321525573730e-01,8.560465574264526367e-01,6.266817450523376465e-01,5.856873095035552979e-02,1.551232933998107910e-01,1.000000000000000000e+00,3.622269630432128906e-01,2.811042368412017822e-01,1.353865027427673340e+00,5.998899340629577637e-01,-1.131037175655364990e-01,-4.851265251636505127e-02,1.000000000000000000e+00,1.000000000000000000e+00,0.000000000000000000e+00,0.000000000000000000e+00,1.000000000000000000e+00
5.999999999999999778e-01,3.074056386947631836e+00,-3.103658854961395264e-01,8.322679996490478516e-01,3.322852775454521179e-02,8.146165609359741211e-01,-1.977179646492004395e-01,-1.963050365447998047e-01,-1.553885936737060547e-01,-1.024341583251953125e-02,4.974704980850219727e-02,-3.733974695205688477e-01,9.684752672910690308e-02,1.000000000000000000e+00,0.000000000000000000e+00,3.074056386947631836e+00,-3.103658854961395264e-01,8.322679996490478516e-01,3.322852775454521179e-02,8.146165609359741211e-01,-1.977179646492004395e-01,1.000000000000000000e+00,2.822167158126831055e+00,2.972439825534820557e-01,8.451642990112304688e-01,-7.168190479278564453e-01,-8.457024097442626953e-01,-3.358214497566223145e-01,1.000000000000000000e+00,1.451286822557449341e-01,-2.744100391864776611e-01,8.591347336769104004e-01,6.376458406448364258e-01,7.234909385442733765e-02,1.535571217536926270e-01,1.000000000000000000e+00,3.743011057376861572e-01,2.786342501640319824e-01,1.352744221687316895e+00,6.081172227859497070e-01,-1.365266144275665283e-01,-6.530866026878356934e-02,1.000000000000000000e+00,1.000000000000000000e+00,0.000000000000000000e+00,0.000000000000000000e+00,1.000000000000000000e+00,2.822167158126831055e+00,2.972439825534820557e-01,8.451642990112304688e-01,-7.168190479278564453e-01,-8.457024097442626953e-01,-3.358214497566223145e-01,1.970338821411132812e-01,-1.864228248596191406e-01,1.004517078399658203e-01,2.146379835903644562e-02,3.764007687568664551e-01,1.294520311057567596e-02,0.000000000000000000e+00,1.000000000000000000e+00,3.074056386947631836e+00,-3.103658854961395264e-01,8.322679996490478516e-01,3.322852775454521179e-02,8.146165609359741211e-01,-1.977179646492004395e-01,1.000000000000000000e+00,2.822167158126831055e+00,2.972439825534820557e-01,8.451642990112304688e-01,-7.168190479278564453e-01,-8.457024097442626953e-01,-3.358214497566223145e-01,1.000000000000000000e+00,1.451286822557449341e-01,-2.744100391864776611e-01,8.591347336769104004e-01,6.376458406448364258e-01,7.234909385442733765e-02,1.535571217536926270e-01,1.000000000000000000e+00,3.743011057376861572e-01,2.786342501640319824e-01,1.352744221687316895e+00,6.081172227859497070e-01,-1.365266144275665283e-01,-6.530866026878356934e-02,1.000000000000000000e+00,1.000000000000000000e+00,0.000000000000000000e+00,0.000000000000000000e+00,1.000000000000000000e+00
6.199999999999999956e-01,3.074457645416259766e+00,-2.937963008880615234e-01,8.282321095466613770e-01,4.112365655601024628e-03,8.448387384414672852e-01,-2.090543657541275024e-01,-1.941332817077636719e-01,-1.623017787933349609e-01,-8.145093917846679688e-03,1.942247152328491211e-01,-3.104202747344970703e-01,1.110602095723152161e-01,1.000000000000000000e+00,0.000000000000000000e+00,3.074457645416259766e+00,-2.937963008880615234e-01,8.282321095466613770e-01,4.112365655601024628e-03,8.448387384414672852e-01,-2.090543657541275024e-01,1.000000000000000000e+00,2.807627201080322266e+00,2.800494134426116943e-01,8.382632136344909668e-01,-7.390474677085876465e-01,-8.767204880714416504e-01,-3.566627502441406250e-01,1.000000000000000000e+00,1.579715460538864136e-01,-2.728289067745208740e-01,8.621927499771118164e-01,6.474264264106750488e-01,8.751157671213150024e-02,1.520974189043045044e-01,1.000000000000000000e+00,3.865271210670471191e-01,2.756814062595367432e-01,1.351283550262451172e+00,6.149377226829528809e-01,-1.614681780338287354e-01,-8.257901668548583984e-02,1.000000000000000000e+00,1.000000000000000000e+00,0.000000000000000000e+00,0.000000000000000000e+00,1.000000000000000000e+00,2.807627201080322266e+00,2.800494134426116943e-01,8.382632136344909668e-01,-7.390474677085876465e-01,-8.767204880714416504e-01,-3.566627502441406250e-01,1.974625587463378906e-01,-1.776239871978759766e-01,1.005580425262451172e-01,2.027398534119129181e-02,5.245724916458129883e-01,2.717330120503902435e-03,0.000000000000000000e+00,1.000000000000000000e+00,3.074457645416259766e+00,-2.937963008880615234e-01,8.282321095466613770e-01,4.112365655601024628e-03,8.448387384414672852e-01,-2.090543657541275024e-01,1.000000000000000000e+00,2.807627201080322266e+00,2.800494134426116943e-01,8.382632136344909668e-01,-7.390474677085876465e-01,-8.767204880714416504e-01,-3.566627502441406250e-01,1.000000000000000000e+00,1.579715460538864136e-01,-2.728289067745208740e-01,8.621927499771118164e-01,6.474264264106750488e-01,8.751157671213150024e-02,1.520974189043045044e-01,1.000000000000000000e+00,3.865271210670471191e-01,2.756814062595367432e-01,1.351283550262451172e+00,6.149377226829528809e-01,-1.614681780338287354e-01,-8.257901668548583984e-02,1.000000000000000000e+00,1.000000000000000000e+00,0.000000000000000000e+00,0.000000000000000000e+00,1.000000000000000000e+00
6.400000000000000133e-01,3.074281215667724609e+00,-2.766487002372741699e-01,8.238761425018310547e-01,-2.451243065297603607e-02,8.722630739212036133e-01,-2.295744121074676514e-01,-1.885771751403808594e-01,-1.679081916809082031e-01,-5.622625350952148438e-03,3.898876309394836426e-01,-2.471496313810348511e-01,1.397674083709716797e-01,1.000000000000000000e+00,0.000000000000000000e+00,3.074281215667724609e+00,-2.766487002372741699e-01,8.238761425018310547e-01,-2.451243065297603607e-02,8.722630739212036133e-01,-2.295744121074676514e-01,1.000000000000000000e+00,2.792660713195800781e+00,2.622393369674682617e-01,8.309414982795715332e-01,-7.593228220939636230e-01,-9.073691368103027344e-01,-3.770853281021118164e-01,1.000000000000000000e+00,1.709996610879898071e-01,-2.709316909313201904e-01,8.652213811874389648e-01,6.560630202293395996e-01,1.041042208671569824e-01,1.505784392356872559e-01,1.000000000000000000e+00,3.988768458366394043e-01,2.722192108631134033e-01,1.349472403526306152e+00,6.203404068946838379e-01,-1.875061243772506714e-01,-1.004432067275047302e-01,1.000000000000000000e+00,1.000000000000000000e+00,0.000000000000000000e+00,0.000000000000000000e+00,1.000000000000000000e+00,2.792660713195800781e+00,2.622393369674682617e-01,8.309414982795715332e-01,-7.593228220939636230e-01,-9.073691368103027344e-01,-3.770853281021118164e-01,1.978583335876464844e-01,-1.655557155609130859e-01,1.004922389984130859e-01,1.813783310353755951e-02,7.082701921463012695e-01,-3.678941167891025543e-03,0.000000000000000000e+00,1.000000000000000000e+00,3.074281215667724609e+00,-2.766487002372741699e-01,8.238761425018310547e-01,-2.451243065297603607e-02,8.722630739212036133e-01,-2.295744121074676514e-01,1.000000000000000000e+00,2.792660713195800781e+00,2.622393369674682617e-01,8.309414982795715332e-01,-7.593228220939636230e-01,-9.073691368103027344e-01,-3.770853281021118164e-01,1.000000000000000000e+00,1.709996610879898071e-01,-2.709316909313201904e-01,8.652213811874389648e-01,6.560630202293395996e-01,1.041042208671569824e-01,1.505784392356872559e-01,1.000000000000000000e+00,3.988768458366394043e-01,2.722192108631134033e-01,1.349472403526306152e+00,6.203404068946838379e-01,-1.875061243772506714e-01,-1.004432067275047302e-01,1.000000000000000000e+00,1.000000000000000000e+00,0.000000000000000000e+00,0.000000000000000000e+00,1.000000000000000000e+00
6.600000000000000311e-01,3.073531627655029297e+00,-2.589728832244873047e-01,8.190753459930419922e-01,-5.345117673277854919e-02,8.975508213043212891e-01,-2.526179254055023193e-01,-1.787567138671875000e-01,-1.723699569702148438e-01,-2.472400665283203125e-03,6.271769404411315918e-01,-1.974266022443771362e-01,1.745084524154663086e-01,1.000000000000000000e+00,0.000000000000000000e+00,3.073531627655029297e+00,-2.589728832244873047e-01,8.190753459930419922e-01,-5.345117673277854919e-02,8.975508213043212891e-01,-2.526179254055023193e-01,1.000000000000000000e+00,2.777306079864501953e+00,2.438136637210845947e-01,8.232454061508178711e-01,-7.775840759277343750e-01,-9.384294748306274414e-01,-3.931077718734741211e-01,1.000000000000000000e+00,1.841904968023300171e-01,-2.686895728111267090e-01,8.682173490524291992e-01,6.635955572128295898e-01,1.221598535776138306e-01,1.487508416175842285e-01,1.000000000000000000e+00,4.113216996192932129e-01,2.682287096977233887e-01,1.347297906875610352e+00,6.243093013763427734e-01,-2.143474966287612915e-01,-1.190024539828300476e-01,1.000000000000000000e+00,1.000000000000000000e+00,0.000000000000000000e+00,0.000000000000000000e+00,1.000000000000000000e+00,2.777306079864501953e+00,2.438136637210845947e-01,8.232454061508178711e-01,-7.775840759277343750e-01,-9.384294748306274414e-01,-3.931077718734741211e-01,1.982190608978271484e-01,-1.493542194366455078e-01,1.003017425537109375e-01,1.689295470714569092e-02,9.470174312591552734e-01,-8.073098026216030121e-03,0.000000000000000000e+00,1.000000000000000000e+00,3.073531627655029297e+00,-2.589728832244873047e-01,8.190753459930419922e-01,-5.345117673277854919e-02,8.975508213043212891e-01,-2.526179254055023193e-01,1.000000000000000000e+00,2.777306079864501953e+00,2.438136637210845947e-01,8.232454061508178711e-01,-7.775840759277343750e-01,-9.384294748306274414e-01,-3.931077718734741211e-01,1.000000000000000000e+00,1.841904968023300171e-01,-2.686895728111267090e-01,8.682173490524291992e-01,6.635955572128295898e-01,1.221598535776138306e-01,1.487508416175842285e-01,1.000000000000000000e+00,4.113216996192932129e-01,2.682287096977233887e-01,1.347297906875610352e+00,6.243093013763427734e-01,-2.143474966287612915e-01,-1.190024539828300476e-01,1.000000000000000000e+00,1.000000000000000000e+00,0.000000000000000000e+00,0.000000000000000000e+00,1.000000000000000000e+00
6.800000000000000488e-01,3.072194099426269531e+00,-2.408076524734497070e-01,8.138382434844970703e-01,-8.360507339239120483e-02,9.210132956504821777e-01,-2.719209790229797363e-01,-1.636779308319091797e-01,-1.759855747222900391e-01,1.418828964233398438e-03,9.266086816787719727e-01,-1.635128408670425415e-01,2.142294198274612427e-01,1.000000000000000000e+00,0.000000000000000000e+00,3.072194099426269531e+00,-2.408076524734497070e-01,8.138382434844970703e-01,-8.360507339239120483e-02,9.210132956504821777e-01,-2.719209790229797363e-01,1.000000000000000000e+00,2.761608362197875977e+00,2.247591614723205566e-01,8.152902722358703613e-01,-7.932364940643310547e-01,-9.704015851020812988e-01,-4.018724560737609863e-01,1.000000000000000000e+00,1.975223422050476074e-01,-2.660730183124542236e-01,8.711719512939453125e-01,6.700643301010131836e-01,1.416901648044586182e-01,1.463511586189270020e-01,1.000000000000000000e+00,4.238330423831939697e-01,2.636953294277191162e-01,1.344745635986328125e+00,6.268390417098999023e-01,-2.418301105499267578e-01,-1.382820010185241699e-01,1.000000000000000000e+00,1.000000000000000000e+00,0.000000000000000000e+00,0.000000000000000000e+00,1.000000000000000000e+00,2.761608362197875977e+00,2.247591614723205566e-01,8.152902722358703613e-01,-7.932364940643310547e-01,-9.704015851020812988e-01,-4.018724560737609863e-01,1.985647678375244141e-01,-1.278135776519775391e-01,1.000447273254394531e-01,1.684680767357349396e-02,1.247357726097106934e+00,-9.260756894946098328e-03,0.000000000000000000e+00,1.000000000000000000e+00,3.072194099426269531e+00,-2.408076524734497070e-01,8.138382434844970703e-01,-8.360507339239120483e-02,9.210132956504821777e-01,-2.719209790229797363e-01,1.000000000000000000e+00,2.761608362197875977e+00,2.247591614723205566e-01,8.152902722358703613e-01,-7.932364940643310547e-01,-9.704015851020812988e-01,-4.018724560737609863e-01,1.000000000000000000e+00,1.975223422050476074e-01,-2.660730183124542236e-01,8.711719512939453125e-01,6.700643301010131836e-01,1.416901648044586182e-01,1.463511586189270020e-01,1.000000000000000000e+00,4.238330423831939697e-01,2.636953294277191162e-01,1.344745635986328125e+00,6.268390417098999023e-01,-2.418301105499267578e-01,-1.382820010185241699e-01,1.000000000000000000e+00,1.000000000000000000e+00,0.000000000000000000e+00,0.000000000000000000e+00,1.000000000000000000e+00
7.000000000000000666e-01,3.070236682891845703e+00,-2.221921980381011963e-01,8.082846999168395996e-01,-1.157260090112686157e-01,9.421988725662231445e-01,-2.827537357807159424e-01,-1.417517662048339844e-01,-1.790006160736083984e-01,6.216049194335937500e-03,1.333830475807189941e+00,-1.364116370677947998e-01,2.650547623634338379e-01,1.000000000000000000e+00,0.000000000000000000e+00,3.070236682891845703e+00,-2.221921980381011963e-01,8.082846999168395996e-01,-1.157260090112686157e-01,9.421988725662231445e-01,-2.827537357807159424e-01,1.000000000000000000e+00,2.745629549026489258e+00,2.050551623106002808e-01,8.072388172149658203e-01,-8.050934672355651855e-01,-1.003504395484924316e+00,-4.016497433185577393e-01,1.000000000000000000e+00,2.109743207693099976e-01,-2.630526423454284668e-01,8.740718364715576172e-01,6.755119562149047852e-01,1.626864820718765259e-01,1.431743204593658447e-01,1.000000000000000000e+00,4.363820254802703857e-01,2.586073577404022217e-01,1.341801881790161133e+00,6.279438734054565430e-01,-2.698585689067840576e-01,-1.581805348396301270e-01,1.000000000000000000e+00,1.000000000000000000e+00,0.000000000000000000e+00,0.000000000000000000e+00,1.000000000000000000e+00,2.745629549026489258e+00,2.050551623106002808e-01,8.072388172149658203e-01,-8.050934672355651855e-01,-1.003504395484924316e+00,-4.016497433185577393e-01,1.989228725433349609e-01,-9.969496726989746094e-02,9.973526000976562500e-02,1.817098259925842285e-02,1.614208817481994629e+00,-1.148909982293844223e-02,0.000000000000000000e+00,1.000000000000000000e+00,3.070236682891845703e+00,-2.221921980381011963e-01,8.082846999168395996e-01,-1.157260090112686157e-01,9.421988725662231445e-01,-2.827537357807159424e-01,1.000000000000000000e+00,2.745629549026489258e+00,2.050551623106002808e-01,8.072388172149658203e-01,-8.050934672355651855e-01,-1.003504395484924316e+00,-4.016497433185577393e-01,1.000000000000000000e+00,2.109743207693099976e-01,-2.630526423454284668e-01,8.740718364715576172e-01,6.755119562149047852e-01,1.626864820718765259e-01,1.431743204593658447e-01,1.000000000000000000e+00,4.363820254802703857e-01,2.586073577404022217e-01,1.341801881790161133e+00,6.279438734054565430e-01,-2.698585689067840576e-01,-1.581805348396301270e-01,1.000000000000000000e+00,1.000000000000000000e+00,0.000000000000000000e+00,0.000000000000000000e+00,1.000000000000000000e+00
7.199999999999999734e-01,3.067615270614624023e+00,-2.031834125518798828e-01,8.026151061058044434e-01,-1.503230482339859009e-01,9.596184492111206055e-01,-2.819891870021820068e-01,-1.103086471557617188e-01,-1.814820766448974609e-01,1.208949089050292969e-02,1.902271628379821777e+00,-1.082565113902091980e-01,3.214662075042724609e-01,1.000000000000000000e+00,0.000000000000000000e+00,3.067615270614624023e+00,-2.031834125518798828e-01,8.026151061058044434e-01,-1.503230482339859009e-01,9.596184492111206055e-01,-2.819891870021820068e-01,1.000000000000000000e+00,2.729460477828979492e+00,1.846791803836822510e-01,7.992777824401855469e-01,-8.113786578178405762e-01,-1.037670493125915527e+00,-3.919133841991424561e-01,1.000000000000000000e+00,2.245263904333114624e-01,-2.595992684364318848e-01,8.769003152847290039e-01,6.799843311309814453e-01,1.851235628128051758e-01,1.391320973634719849e-01,1.000000000000000000e+00,4.489406645298004150e-01,2.529543638229370117e-01,1.338456392288208008e+00,6.276612281799316406e-01,-2.983586788177490234e-01,-1.784373223781585693e-01,1.000000000000000000e+00,1.000000000000000000e+00,0.000000000000000000e+00,0.000000000000000000e+00,1.000000000000000000e+00,2.729460477828979492e+00,1.846791803836822510e-01,7.992777824401855469e-01,-8.113786578178405762e-01,-1.037670493125915527e+00,-3.919133841991424561e-01,1.993091106414794922e-01,-6.403541564941406250e-02,9.946250915527343750e-02,2.025031112134456635e-02,1.977800965309143066e+00,-9.565881453454494476e-03,0.000000000000000000e+00,1.000000000000000000e+00,3.067615270614624023e+00,-2.031834125518798828e-01,8.026151061058044434e-01,-1.503230482339859009e-01,9.596184492111206055e-01,-2.819891870021820068e-01,1.000000000000000000e+00,2.729460477828979492e+00,1.846791803836822510e-01,7.992777824401855469e-01,-8.113786578178405762e-01,-1.037670493125915527e+00,-3.919133841991424561e-01,1.000000000000000000e+00,2.245263904333114624e-01,-2.595992684364318848e-01,8.769003152847290039e-01,6.799843311309814453e-01,1.851235628128051758e-01,1.391320973634719849e-01,1.000000000000000000e+00,4.489406645298004150e-01,2.529543638229370117e-01,1.338456392288208008e+00,6.276612281799316406e-01,-2.983586788177490234e-01,-1.784373223781585693e-01,1.000000000000000000e+00,1.000000000000000000e+00,0.000000000000000000e+00,0.000000000000000000e+00,1.000000000000000000e+00
7.399999999999999911e-01,3.064278364181518555e+00,-1.838796138763427734e-01,7.970758080482482910e-01,-1.874935328960418701e-01,9.704955220222473145e-01,-2.685135602951049805e-01,-6.761956214904785156e-02,-1.834285259246826172e-01,1.904559135437011719e-02,2.347040891647338867e+00,-8.453880250453948975e-02,3.734948635101318359e-01,1.000000000000000000e+00,0.000000000000000000e+00,3.064278364181518555e+00,-1.838796138763427734e-01,7.970758080482482910e-01,-1.874935328960418701e-01,9.704955220222473145e-01,-2.685135602951049805e-01,1.000000000000000000e+00,2.713231086730957031e+00,1.636125147342681885e-01,7.915925383567810059e-01,-8.100676536560058594e-01,-1.072576403617858887e+00,-3.734398186206817627e-01,1.000000000000000000e+00,2.381594926118850708e-01,-2.556845545768737793e-01,8.796404004096984863e-01,6.835314035415649414e-01,2.089577168226242065e-01,1.342817991971969604e-01,1.000000000000000000e+00,4.614815115928649902e-01,2.467276304960250854e-01,1.334705114364624023e+00,6.260532140731811523e-01,-3.272721469402313232e-01,-1.986517757177352905e-01,1.000000000000000000e+00,1.000000000000000000e+00,0.000000000000000000e+00,0.000000000000000000e+00,1.000000000000000000e+00,2.713231086730957031e+00,1.636125147342681885e-01,7.915925383567810059e-01,-8.100676536560058594e-01,-1.072576403617858887e+00,-3.734398186206817627e-01,1.997034549713134766e-01,-2.286314964294433594e-02,9.928846359252929688e-02,1.724599488079547882e-02,2.084454298019409180e+00,-1.533127948641777039e-02,0.000000000000000000e+00,1.000000000000000000e+00,3.064278364181518555e+00,-1.838796138763427734e-01,7.970758080482482910e-01,-1.874935328960418701e-01,9.704955220222473145e-01,-2.685135602951049805e-01,1.000000000000000000e+00,2.713231086730957031e+00,1.636125147342681885e-01,7.915925383567810059e-01,-8.100676536560058594e-01,-1.072576403617858887e+00,-3.734398186206817627e-01,1.000000000000000000e+00,2.381594926118850708e-01,-2.556845545768737793e-01,8.796404004096984863e-01,6.835314035415649414e-01,2.089577168226242065e-01,1.342817991971969604e-01,1.000000000000000000e+00,4.614815115928649902e-01,2.467276304960250854e-01,1.334705114364624023e+00,6.260532140731811523e-01,-3.272721469402313232e-01,-1.986517757177352905e-01,1.000000000000000000e+00,1.000000000000000000e+00,0.000000000000000000e+00,0.000000000000000000e+00,1.000000000000000000e+00
7.600000000000000089e-01,3.060177803039550781e+00,-1.644401401281356812e-01,7.919108867645263672e-01,-2.267517447471618652e-01,9.718592762947082520e-01,-2.439452260732650757e-01,-2.042961120605468750e-02,-1.849989891052246094e-01,2.675557136535644531e-02,2.268514394760131836e+00,-7.067536562681198120e-02,3.948727250099182129e-01,1.000000000000000000e+00,0.000000000000000000e+00,3.060177803039550781e+00,-1.644401401281356812e-01,7.919108867645263672e-01,-2.267517447471618652e-01,9.718592762947082520e-01,-2.439452260732650757e-01,1.000000000000000000e+00,2.697105884552001953e+00,1.418443024158477783e-01,7.843420505523681641e-01,-8.000394105911254883e-01,-1.107774376869201660e+00,-3.481465280055999756e-01,1.000000000000000000e+00,2.518555819988250732e-01,-2.512810528278350830e-01,8.822776079177856445e-01,6.862062811851501465e-01,2.341142594814300537e-01,1.288241297006607056e-01,1.000000000000000000e+00,4.739789068698883057e-01,2.399191558361053467e-01,1.330553531646728516e+00,6.232073307037353516e-01,-3.565678000450134277e-01,-2.183454185724258423e-01,1.000000000000000000e+00,1.000000000000000000e+00,0.000000000000000000e+00,0.000000000000000000e+00,1.000000000000000000e+00,2.697105884552001953e+00,1.418443024158477783e-01,7.843420505523681641e-01,-8.000394105911254883e-01,-1.107774376869201660e+00,-3.481465280055999756e-01,1.999099254608154297e-01,1.681685447692871094e-02,9.859609603881835938e-02,-6.870070355944335461e-04,1.799727559089660645e+00,-6.602500379085540771e-02,0.000000000000000000e+00,1.000000000000000000e+00,3.060177803039550781e+00,-1.644401401281356812e-01,7.919108867645263672e-01,-2.267517447471618652e-01,9.718592762947082520e-01,-2.439452260732650757e-01,1.000000000000000000e+00,2.697105884552001953e+00,1.418443024158477783e-01,7.843420505523681641e-01,-8.000394105911254883e-01,-1.107774376869201660e+00,-3.481465280055999756e-01,1.000000000000000000e+00,2.518555819988250732e-01,-2.512810528278350830e-01,8.822776079177856445e-01,6.862062811851501465e-01,2.341142594814300537e-01,1.288241297006607056e-01,1.000000000000000000e+00,4.739789068698883057e-01,2.399191558361053467e-01,1.330553531646728516e+00,6.232073307037353516e-01,-3.565678000450134277e-01,-2.183454185724258423e-01,1.000000000000000000e+00,1.000000000000000000e+00,0.000000000000000000e+00,0.000000000000000000e+00,1.000000000000000000e+00
7.800000000000000266e-01,3.055279970169067383e+00,-1.450677365064620972e-01,7.873089909553527832e-01,-2.671353816986083984e-01,9.628540873527526855e-01,-2.123868316411972046e-01,2.056288719177246094e-02,-1.863355636596679688e-01,3.457236289978027344e-02,1.726872801780700684e+00,-6.165991723537445068e-02,3.832174241542816162e-01,1.000000000000000000e+00,0.000000000000000000e+00,3.055279970169067383e+00,-1.450677365064620972e-01,7.873089909553527832e-01,-2.671353816986083984e-01,9.628540873527526855e-01,-2.123868316411972046e-01,1.000000000000000000e+00,2.681255340576171875e+00,1.193730980157852173e-01,7.776386141777038574e-01,-7.820437550544738770e-01,-1.142759323120117188e+00,-3.189340531826019287e-01,1.000000000000000000e+00,2.655977010726928711e-01,-2.463634610176086426e-01,8.848023414611816406e-01,6.880634427070617676e-01,2.604625225067138672e-01,1.230519339442253113e-01,1.000000000000000000e+00,4.864090383052825928e-01,2.325212955474853516e-01,1.326016545295715332e+00,6.192352771759033203e-01,-3.862514793872833252e-01,-2.369916439056396484e-01,1.000000000000000000e+00,1.000000000000000000e+00,0.000000000000000000e+00,0.000000000000000000e+00,1.000000000000000000e+00,2.681255340576171875e+00,1.193730980157852173e-01,7.776386141777038574e-01,-7.820437550544738770e-01,-1.142759323120117188e+00,-3.189340531826019287e-01,1.996796131134033203e-01,4.854989051818847656e-02,9.667086601257324219e-02,-2.261953987181186676e-02,1.317699193954467773e+00,-1.310136318206787109e-01,0.000000000000000000e+00,1.000000000000000000e+00,3.055279970169067383e+00,-1.450677365064620972e-01,7.873089909553527832e-01,-2.671353816986083984e-01,9.628540873527526855e-01,-2.123868316411972046e-01,1.000000000000000000e+00,2.681255340576171875e+00,1.193730980157852173e-01,7.776386141777038574e-01,-7.820437550544738770e-01,-1.142759323120117188e+00,-3.189340531826019287e-01,1.000000000000000000e+00,2.655977010726928711e-01,-2.463634610176086426e-01,8.848023414611816406e-01,6.880634427070617676e-01,2.604625225067138672e-01,1.230519339442253113e-01,1.000000000000000000e+00,4.864090383052825928e-01,2.325212955474853516e-01,1.326016545295715332e+00,6.192352771759033203e-01,-3.862514793872833252e-01,-2.369916439056396484e-01,1.000000000000000000e+00,1.000000000000000000e+00,0.000000000000000000e+00,0.000000000000000000e+00,1.000000000000000000e+00
8.000000000000000444e-01,3.049573421478271484e+00,-1.259564310312271118e-01,7.833588123321533203e-01,-3.074077665805816650e-01,9.453963637351989746e-01,-1.798261106014251709e-01,4.939389228820800781e-02,-1.876342296600341797e-01,4.174256324768066406e-02,1.120847702026367188e+00,-7.471254467964172363e-02,3.282777965068817139e-01,1.000000000000000000e+00,0.000000000000000000e+00,3.049573421478271484e+00,-1.259564310312271118e-01,7.833588123321533203e-01,-3.074077665805816650e-01,9.453963637351989746e-01,-1.798261106014251709e-01,1.000000000000000000e+00,2.665821075439453125e+00,9.620909392833709717e-02,7.715236544609069824e-01,-7.582662701606750488e-01,-1.176818728446960449e+00,-2.902394533157348633e-01,1.000000000000000000e+00,2.793700397014617920e-01,-2.409096211194992065e-01,8.872112631797790527e-01,6.891594529151916504e-01,2.877936959266662598e-01,1.172949597239494324e-01,1.000000000000000000e+00,4.987505972385406494e-01,2.245260328054428101e-01,1.321120023727416992e+00,6.142717599868774414e-01,-4.163578152656555176e-01,-2.540630996227264404e-01,1.000000000000000000e+00,1.000000000000000000e+00,0.000000000000000000e+00,0.000000000000000000e+00,1.000000000000000000e+00,2.665821075439453125e+00,9.620909392833709717e-02,7.715236544609069824e-01,-7.582662701606750488e-01,-1.176818728446960449e+00,-2.902394533157348633e-01,1.992216110229492188e-01,7.107567787170410156e-02,9.381675720214843750e-02,-1.668060198426246643e-02,9.326138496398925781e-01,-1.486966460943222046e-01,0.000000000000000000e+00,1.000000000000000000e+00,3.049573421478271484e+00,-1.259564310312271118e-01,7.833588123321533203e-01,-3.074077665805816650e-01,9.453963637351989746e-01,-1.798261106014251709e-01,1.000000000000000000e+00,2.665821075439453125e+00,9.620909392833709717e-02,7.715236544609069824e-01,-7.582662701606750488e-01,-1.176818728446960449e+00,-2.902394533157348633e-01,1.000000000000000000e+00,2.793700397014617920e-01,-2.409096211194992065e-01,8.872112631797790527e-01,6.891594529151916504e-01,2.877936959266662598e-01,1.172949597239494324e-01,1.000000000000000000e+00,4.987505972385406494e-01,2.245260328054428101e-01,1.321120023727416992e+00,6.142717599868774414e-01,-4.163578152656555176e-01,-2.540630996227264404e-01,1.000000000000000000e+00,1.000000000000000000e+00,0.000000000000000000e+00,0.000000000000000000e+00,1.000000000000000000e+00
8.200000000000000622e-01,3.043072223663330078e+00,-1.072467043995857239e-01,7.800153493881225586e-01,-3.462507426738739014e-01,9.226884245872497559e-01,-1.535837054252624512e-01,6.838464736938476562e-02,-1.893680095672607422e-01,4.762387275695800781e-02,8.056664466857910156e-01,-9.606047719717025757e-02,2.542295455932617188e-01,1.000000000000000000e+00,0.000000000000000000e+00,3.043072223663330078e+00,-1.072467043995857239e-01,7.800153493881225586e-01,-3.462507426738739014e-01,9.226884245872497559e-01,-1.535837054252624512e-01,1.000000000000000000e+00,2.650896549224853516e+00,7.237856835126876831e-02,7.659372687339782715e-01,-7.310457825660705566e-01,-1.209080100059509277e+00,-2.676783204078674316e-01,1.000000000000000000e+00,2.931578755378723145e-01,-2.349024116992950439e-01,8.895074129104614258e-01,6.895528435707092285e-01,3.158117830753326416e-01,1.118536368012428284e-01,1.000000000000000000e+00,5.109850764274597168e-01,2.159245163202285767e-01,1.315899968147277832e+00,6.084678769111633301e-01,-4.469280540943145752e-01,-2.691022753715515137e-01,1.000000000000000000e+00,1.000000000000000000e+00,0.000000000000000000e+00,0.000000000000000000e+00,1.000000000000000000e+00,2.650896549224853516e+00,7.237856835126876831e-02,7.659372687339782715e-01,-7.310457825660705566e-01,-1.209080100059509277e+00,-2.676783204078674316e-01,1.990466117858886719e-01,8.798813819885253906e-02,9.109640121459960938e-02,-1.819055178202688694e-03,7.778021693229675293e-01,-1.135538518428802490e-01,0.000000000000000000e+00,1.000000000000000000e+00,3.043072223663330078e+00,-1.072467043995857239e-01,7.800153493881225586e-01,-3.462507426738739014e-01,9.226884245872497559e-01,-1.535837054252624512e-01,1.000000000000000000e+00,2.650896549224853516e+00,7.237856835126876831e-02,7.659372687339782715e-01,-7.310457825660705566e-01,-1.209080100059509277e+00,-2.676783204078674316e-01,1.000000000000000000e+00,2.931578755378723145e-01,-2.349024116992950439e-01,8.895074129104614258e-01,6.895528435707092285e-01,3.158117830753326416e-01,1.118536368012428284e-01,1.000000000000000000e+00,5.109850764274597168e-01,2.159245163202285767e-01,1.315899968147277832e+00,6.084678769111633301e-01,-4.469280540943145752e-01,-2.691022753715515137e-01,1.000000000000000000e+00,1.000000000000000000e+00,0.000000000000000000e+00,0.000000000000000000e+00,1.000000000000000000e+00
8.399999999999999689e-01,3.035814523696899414e+00,-8.901934325695037842e-02,7.770937681198120117e-01,-3.826551735401153564e-01,8.971605896949768066e-01,-1.396245360374450684e-01,8.380270004272460938e-02,-1.912777423858642578e-01,5.242061614990234375e-02,7.602369785308837891e-01,-8.863227069377899170e-02,2.214175760746002197e-01,1.000000000000000000e+00,0.000000000000000000e+00,3.035814523696899414e+00,-8.901934325695037842e-02,7.770937681198120117e-01,-3.826551735401153564e-01,8.971605896949768066e-01,-1.396245360374450684e-01,1.000000000000000000e+00,2.636535406112670898e+00,4.792476817965507507e-02,7.607101202011108398e-01,-7.019069194793701172e-01,-1.238791346549987793e+00,-2.559909522533416748e-01,1.000000000000000000e+00,3.069476783275604248e-01,-2.283313572406768799e-01,8.916993737220764160e-01,6.893026232719421387e-01,3.441476225852966309e-01,1.069350689649581909e-01,1.000000000000000000e+00,5.230970382690429688e-01,2.067072540521621704e-01,1.310399532318115234e+00,6.019764542579650879e-01,-4.779839515686035156e-01,-2.818005979061126709e-01,1.000000000000000000e+00,1.000000000000000000e+00,0.000000000000000000e+00,0.000000000000000000e+00,1.000000000000000000e+00,2.636535406112670898e+00,4.792476817965507507e-02,7.607101202011108398e-01,-7.019069194793701172e-01,-1.238791346549987793e+00,-2.559909522533416748e-01,1.990246772766113281e-01,1.031935214996337891e-01,8.931183815002441406e-02,-2.120440825819969177e-03,7.456089258193969727e-01,-5.945891514420509338e-02,0.000000000000000000e+00,1.000000000000000000e+00,3.035814523696899414e+00,-8.901934325695037842e-02,7.770937681198120117e-01,-3.826551735401153564e-01,8.971605896949768066e-01,-1.396245360374450684e-01,1.000000000000000000e+00,2.636535406112670898e+00,4.792476817965507507e-02,7.607101202011108398e-01,-7.019069194793701172e-01,-1.238791346549987793e+00,-2.559909522533416748e-01,1.000000000000000000e+00,3.069476783275604248e-01,-2.283313572406768799e-01,8.916993737220764160e-01,6.893026232719421387e-01,3.441476225852966309e-01,1.069350689649581909e-01,1.000000000000000000e+00,5.230970382690429688e-01,2.067072540521621704e-01,1.310399532318115234e+00,6.019764542579650879e-01,-4.779839515686035156e-01,-2.818005979061126709e-01,1.000000000000000000e+00,1.000000000000000000e+00,0.000000000000000000e+00,0.000000000000000000e+00,1.000000000000000000e+00
8.599999999999999867e-01,3.027854919433593750e+00,-7.131931185722351074e-02,7.743204832077026367e-01,-4.161663055419921875e-01,8.698602318763732910e-01,-1.401686966419219971e-01,9.914803504943847656e-02,-1.928536891937255859e-01,5.689358711242675781e-02,7.713803052902221680e-01,-6.461125612258911133e-02,2.223998457193374634e-01,1.000000000000000000e+00,0.000000000000000000e+00,3.027854919433593750e+00,-7.131931185722351074e-02,7.743204832077026367e-01,-4.161663055419921875e-01,8.698602318763732910e-01,-1.401686966419219971e-01,1.000000000000000000e+00,2.622768640518188477e+00,2.290247194468975067e-02,7.556024193763732910e-01,-6.715797781944274902e-01,-1.265649557113647461e+00,-2.569808363914489746e-01,1.000000000000000000e+00,3.207270801067352295e-01,-2.211936414241790771e-01,8.937983512878417969e-01,6.884688138961791992e-01,3.724031746387481689e-01,1.026115044951438904e-01,1.000000000000000000e+00,5.350739359855651855e-01,1.968646049499511719e-01,1.304666996002197266e+00,5.949320197105407715e-01,-5.095094442367553711e-01,-2.920565605163574219e-01,1.000000000000000000e+00,1.000000000000000000e+00,0.000000000000000000e+00,0.000000000000000000e+00,1.000000000000000000e+00,2.622768640518188477e+00,2.290247194468975067e-02,7.556024193763732910e-01,-6.715797781944274902e-01,-1.265649557113647461e+00,-2.569808363914489746e-01,1.989340782165527344e-01,1.177535057067871094e-01,8.853960037231445312e-02,-7.201917003840208054e-03,6.965706944465637207e-01,-1.670103520154953003e-02,0.000000000000000000e+00,1.000000000000000000e+00,3.027854919433593750e+00,-7.131931185722351074e-02,7.743204832077026367e-01,-4.161663055419921875e-01,8.698602318763732910e-01,-1.401686966419219971e-01,1.000000000000000000e+00,2.622768640518188477e+00,2.290247194468975067e-02,7.556024193763732910e-01,-6.715797781944274902e-01,-1.265649557113647461e+00,-2.569808363914489746e-01,1.000000000000000000e+00,3.207270801067352295e-01,-2.211936414241790771e-01,8.937983512878417969e-01,6.884688138961791992e-01,3.724031746387481689e-01,1.026115044951438904e-01,1.000000000000000000e+00,5.350739359855651855e-01,1.968646049499511719e-01,1.304666996002197266e+00,5.949320197105407715e-01,-5.095094442367553711e-01,-2.920565605163574219e-01,1.000000000000000000e+00,1.000000000000000000e+00,0.000000000000000000e+00,0.000000000000000000e+00,1.000000000000000000e+00
8.800000000000000044e-01,3.019249916076660156e+00,-5.417905002832412720e-02,7.714174985885620117e-01,-4.470471739768981934e-01,8.410366773605346680e-01,-1.531814932823181152e-01,1.141948699951171875e-01,-1.939499378204345703e-01,6.138825416564941406e-02,7.140015363693237305e-01,-4.415346309542655945e-02,2.233275026082992554e-01,1.000000000000000000e+00,0.000000000000000000e+00,3.019249916076660156e+00,-5.417905002832412720e-02,7.714174985885620117e-01,-4.470471739768981934e-01,8.410366773605346680e-01,-1.531814932823181152e-01,1.000000000000000000e+00,2.609616279602050781e+00,-2.633095951750874519e-03,7.503699064254760742e-01,-6.403674483299255371e-01,-1.289970874786376953e+00,-2.690664231777191162e-01,1.000000000000000000e+00,3.344850838184356689e-01,-2.134943157434463501e-01,8.958155512809753418e-01,6.871100664138793945e-01,4.002080559730529785e-01,9.879986941814422607e-02,1.000000000000000000e+00,5.469058156013488770e-01,1.863875985145568848e-01,1.298750758171081543e+00,5.874313712120056152e-01,-5.414469838142395020e-01,-2.999867796897888184e-01,1.000000000000000000e+00,1.000000000000000000e+00,0.000000000000000000e+00,0.000000000000000000e+00,1.000000000000000000e+00,2.609616279602050781e+00,-2.633095951750874519e-03,7.503699064254760742e-01,-6.403674483299255371e-01,-1.289970874786376953e+00,-2.690664231777191162e-01,1.987707614898681641e-01,1.308407783508300781e-01,8.844518661499023438e-02,-8.351522497832775116e-03,5.953580737113952637e-01,6.823800969868898392e-03,0.000000000000000000e+00,1.000000000000000000e+00,3.019249916076660156e+00,-5.417905002832412720e-02,7.714174985885620117e-01,-4.470471739768981934e-01,8.410366773605346680e-01,-1.531814932823181152e-01,1.000000000000000000e+00,2.609616279602050781e+00,-2.633095951750874519e-03,7.503699064254760742e-01,-6.403674483299255371e-01,-1.289970874786376953e+00,-2.690664231777191162e-01,1.000000000000000000e+00,3.344850838184356689e-01,-2.134943157434463501e-01,8.958155512809753418e-01,6.871100664138793945e-01,4.002080559730529785e-01,9.879986941814422607e-02,1.000000000000000000e+00,5.469058156013488770e-01,1.863875985145568848e-01,1.298750758171081543e+00,5.874313712120056152e-01,-5.414469838142395020e-01,-2.999867796897888184e-01,1.000000000000000000e+00,1.000000000000000000e+00,0.000000000000000000e+00,0.000000000000000000e+00,1.000000000000000000e+00
9.000000000000000222e-01,3.010045289993286133e+00,-3.762922435998916626e-02,7.681764960289001465e-01,-4.761324524879455566e-01,8.106265068054199219e-01,-1.737067401409149170e-01,1.274480819702148438e-01,-1.942796707153320312e-01,6.568908691406250000e-02,5.921736359596252441e-01,4.100881516933441162e-02,2.066858410835266113e-01,1.000000000000000000e+00,0.000000000000000000e+00,3.010045289993286133e+00,-3.762922435998916626e-02,7.681764960289001465e-01,-4.761324524879455566e-01,8.106265068054199219e-01,-1.737067401409149170e-01,1.000000000000000000e+00,2.597096204757690430e+00,-2.863776125013828278e-02,7.448233962059020996e-01,-6.082900762557983398e-01,-1.312545776367187500e+00,-2.882756888866424561e-01,1.000000000000000000e+00,3.482115566730499268e-01,-2.052452713251113892e-01,8.977595567703247070e-01,6.852809190750122070e-01,4.272588789463043213e-01,9.528037160634994507e-02,1.000000000000000000e+00,5.585839748382568359e-01,1.752687692642211914e-01,1.292695045471191406e+00,5.795239806175231934e-01,-5.737072825431823730e-01,-3.058842420578002930e-01,1.000000000000000000e+00,1.000000000000000000e+00,0.000000000000000000e+00,0.000000000000000000e+00,1.000000000000000000e+00,2.597096204757690430e+00,-2.863776125013828278e-02,7.448233962059020996e-01,-6.082900762557983398e-01,-1.312545776367187500e+00,-2.882756888866424561e-01,1.986291408538818359e-01,1.416752338409423828e-01,8.869743347167968750e-02,-4.947323352098464966e-03,4.773951172828674316e-01,1.848720572888851166e-02,0.000000000000000000e+00,1.000000000000000000e+00,3.010045289993286133e+00,-3.762922435998916626e-02,7.681764960289001465e-01,-4.761324524879455566e-01,8.106265068054199219e-01,-1.737067401409149170e-01,1.000000000000000000e+00,2.597096204757690430e+00,-2.863776125013828278e-02,7.448233962059020996e-01,-6.082900762557983398e-01,-1.312545776367187500e+00,-2.882756888866424561e-01,1.000000000000000000e+00,3.482115566730499268e-01,-2.052452713251113892e-01,8.977595567703247070e-01,6.852809190750122070e-01,4.272588789463043213e-01,9.528037160634994507e-02,1.000000000000000000e+00,5.585839748382568359e-01,1.752687692642211914e-01,1.292695045471191406e+00,5.795239806175231934e-01,-5.737072825431823730e-01,-3.058842420578002930e-01,1.000000000000000000e+00,1.000000000000000000e+00,0.000000000000000000e+00,0.000000000000000000e+00,1.000000000000000000e+00
9.200000000000000400e-01,3.000268459320068359e+00,-2.170316874980926514e-02,7.645000815391540527e-01,-5.042498111724853516e-01,7.784441113471984863e-01,-1.959351003170013428e-01,1.380717754364013672e-01,-1.916577816009521484e-01,6.964135169982910156e-02,4.583330750465393066e-01,2.715036869049072266e-01,1.926061809062957764e-01,1.000000000000000000e+00,0.000000000000000000e+00,3.000268459320068359e+00,-2.170316874980926514e-02,7.645000815391540527e-01,-5.042498111724853516e-01,7.784441113471984863e-01,-1.959351003170013428e-01,1.000000000000000000e+00,2.585226774215698242e+00,-5.508532002568244934e-02,7.388643026351928711e-01,-5.751156210899353027e-01,-1.334347963333129883e+00,-3.097210228443145752e-01,1.000000000000000000e+00,3.618975579738616943e-01,-1.964637488126754761e-01,8.996335864067077637e-01,6.830294132232666016e-01,4.533199965953826904e-01,9.173785895109176636e-02,1.000000000000000000e+00,5.701003670692443848e-01,1.635025590658187866e-01,1.286536693572998047e+00,5.712169408798217773e-01,-6.061871051788330078e-01,-3.101391792297363281e-01,1.000000000000000000e+00,1.000000000000000000e+00,0.000000000000000000e+00,0.000000000000000000e+00,1.000000000000000000e+00,2.585226774215698242e+00,-5.508532002568244934e-02,7.388643026351928711e-01,-5.751156210899353027e-01,-1.334347963333129883e+00,-3.097210228443145752e-01,1.985733509063720703e-01,1.502988338470458984e-01,8.914518356323242188e-02,-3.200063656549900770e-04,3.803439140319824219e-01,2.703422121703624725e-02,0.000000000000000000e+00,1.000000000000000000e+00,3.000268459320068359e+00,-2.170316874980926514e-02,7.645000815391540527e-01,-5.042498111724853516e-01,7.784441113471984863e-01,-1.959351003170013428e-01,1.000000000000000000e+00,2.585226774215698242e+00,-5.508532002568244934e-02,7.388643026351928711e-01,-5.751156210899353027e-01,-1.334347963333129883e+00,-3.097210228443145752e-01,1.000000000000000000e+00,3.618975579738616943e-01,-1.964637488126754761e-01,8.996335864067077637e-01,6.830294132232666016e-01,4.533199965953826904e-01,9.173785895109176636e-02,1.000000000000000000e+00,5.701003670692443848e-01,1.635025590658187866e-01,1.286536693572998047e+00,5.712169408798217773e-01,-6.061871051788330078e-01,-3.101391792297363281e-01,1.000000000000000000e+00,1.000000000000000000e+00,0.000000000000000000e+00,0.000000000000000000e+00,1.000000000000000000e+00
9.400000000000000577e-01,2.989936113357543945e+00,-6.438101641833782196e-03,7.604016661643981934e-01,-5.315712094306945801e-01,7.443119883537292480e-01,-2.148905247449874878e-01,1.462850570678710938e-01,-1.830310821533203125e-01,7.326054573059082031e-02,3.591132462024688721e-01,6.538209319114685059e-01,1.748513877391815186e-01,1.000000000000000000e+00,0.000000000000000000e+00,2.989936113357543945e+00,-6.438101641833782196e-03,7.604016661643981934e-01,-5.315712094306945801e-01,7.443119883537292480e-01,-2.148905247449874878e-01,1.000000000000000000e+00,2.574033260345458984e+00,-8.196834474802017212e-02,7.324882149696350098e-01,-5.405139327049255371e-01,-1.356209158897399902e+00,-3.292059600353240967e-01,1.000000000000000000e+00,3.755350708961486816e-01,-1.871713101863861084e-01,9.014341831207275391e-01,6.803988218307495117e-01,4.781989753246307373e-01,8.784162253141403198e-02,1.000000000000000000e+00,5.814468264579772949e-01,1.510855257511138916e-01,1.280305147171020508e+00,5.624938011169433594e-01,-6.387864351272583008e-01,-3.131491839885711670e-01,1.000000000000000000e+00,1.000000000000000000e+00,0.000000000000000000e+00,0.000000000000000000e+00,1.000000000000000000e+00,2.574033260345458984e+00,-8.196834474802017212e-02,7.324882149696350098e-01,-5.405139327049255371e-01,-1.356209158897399902e+00,-3.292059600353240967e-01,1.985993385314941406e-01,1.572735309600830078e-01,8.976197242736816406e-02,3.096085740253329277e-03,3.157111406326293945e-01,3.567442297935485840e-02,0.000000000000000000e+00,1.000000000000000000e+00,2.989936113357543945e+00,-6.438101641833782196e-03,7.604016661643981934e-01,-5.315712094306945801e-01,7.443119883537292480e-01,-2.148905247449874878e-01,1.000000000000000000e+00,2.574033260345458984e+00,-8.196834474802017212e-02,7.324882149696350098e-01,-5.405139327049255371e-01,-1.356209158897399902e+00,-3.292059600353240967e-01,1.000000000000000000e+00,3.755350708961486816e-01,-1.871713101863861084e-01,9.014341831207275391e-01,6.803988218307495117e-01,4.781989753246307373e-01,8.784162253141403198e-02,1.000000000000000000e+00,5.814468264579772949e-01,1.510855257511138916e-01,1.280305147171020508e+00,5.624938011169433594e-01,-6.387864351272583008e-01,-3.131491839885711670e-01,1.000000000000000000e+00,1.000000000000000000e+00,0.000000000000000000e+00,0.000000000000000000e+00,1.000000000000000000e+00
9.599999999999999645e-01,2.979069709777832031e+00,8.126298896968364716e-03,7.559788227081298828e-01,-5.572767853736877441e-01,7.081827521324157715e-01,-2.273508906364440918e-01,1.529409885406494141e-01,-1.652481555938720703e-01,7.631921768188476562e-02,3.047809600830078125e-01,1.216246962547302246e+00,1.412406712770462036e-01,1.000000000000000000e+00,0.000000000000000000e+00,2.979069709777832031e+00,8.126298896968364716e-03,7.559788227081298828e-01,-5.572767853736877441e-01,7.081827521324157715e-01,-2.273508906364440918e-01,1.000000000000000000e+00,2.563546657562255859e+00,-1.092933416366577148e-01,7.257615923881530762e-01,-5.042064785957336426e-01,-1.378673791885375977e+00,-3.439664840698242188e-01,1.000000000000000000e+00,3.891169130802154541e-01,-1.773932427167892456e-01,9.031515717506408691e-01,6.774321198463439941e-01,5.017213821411132812e-01,8.332524448633193970e-02,1.000000000000000000e+00,5.926150679588317871e-01,1.380160748958587646e-01,1.274021983146667480e+00,5.533369183540344238e-01,-6.714216470718383789e-01,-3.152463436126708984e-01,1.000000000000000000e+00,1.000000000000000000e+00,0.000000000000000000e+00,0.000000000000000000e+00,1.000000000000000000e+00,2.563546657562255859e+00,-1.092933416366577148e-01,7.257615923881530762e-01,-5.042064785957336426e-01,-1.378673791885375977e+00,-3.439664840698242188e-01,1.986827850341796875e-01,1.632003784179687500e-01,9.055137634277343750e-02,5.210484843701124191e-03,2.758705914020538330e-01,4.396032541990280151e-02,0.000000000000000000e+00,1.000000000000000000e+00,2.979069709777832031e+00,8.126298896968364716e-03,7.559788227081298828e-01,-5.572767853736877441e-01,7.081827521324157715e-01,-2.273508906364440918e-01,1.000000000000000000e+00,2.563546657562255859e+00,-1.092933416366577148e-01,7.257615923881530762e-01,-5.042064785957336426e-01,-1.378673791885375977e+00,-3.439664840698242188e-01,1.000000000000000000e+00,3.891169130802154541e-01,-1.773932427167892456e-01,9.031515717506408691e-01,6.774321198463439941e-01,5.017213821411132812e-01,8.332524448633193970e-02,1.000000000000000000e+00,5.926150679588317871e-01,1.380160748958587646e-01,1.274021983146667480e+00,5.533369183540344238e-01,-6.714216470718383789e-01,-3.152463436126708984e-01,1.000000000000000000e+00,1.000000000000000000e+00,0.000000000000000000e+00,0.000000000000000000e+00,1.000000000000000000e+00
9.799999999999999822e-01,2.967716693878173828e+00,2.195087447762489319e-02,7.513782382011413574e-01,-5.793915987014770508e-01,6.701830625534057617e-01,-2.317324429750442505e-01,1.588137149810791016e-01,-1.344392299652099609e-01,7.868194580078125000e-02,2.814662754535675049e-01,1.969391942024230957e+00,1.086343005299568176e-01,1.000000000000000000e+00,0.000000000000000000e+00,2.967716693878173828e+00,2.195087447762489319e-02,7.513782382011413574e-01,-5.793915987014770508e-01,6.701830625534057617e-01,-2.317324429750442505e-01,1.000000000000000000e+00,2.553802967071533203e+00,-1.370752155780792236e-01,7.187932729721069336e-01,-4.660469591617584229e-01,-1.402000308036804199e+00,-3.526832163333892822e-01,1.000000000000000000e+00,4.026367068290710449e-01,-1.671581715345382690e-01,9.047719836235046387e-01,6.741757392883300781e-01,5.237211585044860840e-01,7.804714143276214600e-02,1.000000000000000000e+00,6.035962700843811035e-01,1.242940500378608704e-01,1.267703175544738770e+00,5.437465906143188477e-01,-7.040323615074157715e-01,-3.166564702987670898e-01,1.000000000000000000e+00,1.000000000000000000e+00,0.000000000000000000e+00,0.000000000000000000e+00,1.000000000000000000e+00,2.553802967071533203e+00,-1.370752155780792236e-01,7.187932729721069336e-01,-4.660469591617584229e-01,-1.402000308036804199e+00,-3.526832163333892822e-01,1.987969875335693359e-01,1.684463024139404297e-01,9.149003028869628906e-02,6.140343379229307175e-03,2.462989687919616699e-01,4.998056218028068542e-02,0.000000000000000000e+00,1.000000000000000000e+00,2.967716693878173828e+00,2.195087447762489319e-02,7.513782382011413574e-01,-5.793915987014770508e-01,6.701830625534057617e-01,-2.317324429750442505e-01,1.000000000000000000e+00,2.553802967071533203e+00,-1.370752155780792236e-01,7.187932729721069336e-01,-4.660469591617584229e-01,-1.402000308036804199e+00,-3.526832163333892822e-01,1.000000000000000000e+00,4.026367068290710449e-01,-1.671581715345382690e-01,9.047719836235046387e-01,6.741757392883300781e-01,5.237211585044860840e-01,7.804714143276214600e-02,1.000000000000000000e+00,6.035962700843811035e-01,1.242940500378608704e-01,1.267703175544738770e+00,5.437465906143188477e-01,-7.040323615074157715e-01,-3.166564702987670898e-01,1.000000000000000000e+00,1.000000000000000000e+00,0.000000000000000000e+00,0.000000000000000000e+00,1.000000000000000000e+00
1.000000000000000000e+00,2.955976724624633789e+00,3.500107675790786743e-02,7.467637658119201660e-01,-5.947614312171936035e-01,6.306863427162170410e-01,-2.281683087348937988e-01,1.644394397735595703e-01,-8.917140960693359375e-02,8.067035675048828125e-02,2.842909395694732666e-01,2.531661272048950195e+00,8.465762436389923096e-02,1.000000000000000000e+00,0.000000000000000000e+00,2.955976724624633789e+00,3.500107675790786743e-02,7.467637658119201660e-01,-5.947614312171936035e-01,6.306863427162170410e-01,-2.281683087348937988e-01,1.000000000000000000e+00,2.544838666915893555e+00,-1.653314232826232910e-01,7.117050290107727051e-01,-4.261195957660675049e-01,-1.426159143447875977e+00,-3.555343151092529297e-01,1.000000000000000000e+00,4.160890877246856689e-01,-1.564979404211044312e-01,9.062798619270324707e-01,6.706818342208862305e-01,5.440424084663391113e-01,7.200821489095687866e-02,1.000000000000000000e+00,6.143818497657775879e-01,1.099203377962112427e-01,1.261361598968505859e+00,5.337496399879455566e-01,-7.365822792053222656e-01,-3.174915015697479248e-01,1.000000000000000000e+00,1.000000000000000000e+00,0.000000000000000000e+00,0.000000000000000000e+00,1.000000000000000000e+00,2.544838666915893555e+00,-1.653314232826232910e-01,7.117050290107727051e-01,-4.261195957660675049e-01,-1.426159143447875977e+00,-3.555343151092529297e-01,1.989233493804931641e-01,1.731059551239013672e-01,9.251666069030761719e-02,6.416730117052793503e-03,2.161120921373367310e-01,5.220495536923408508e-02,0.000000000000000000e+00,1.000000000000000000e+00,2.955976724624633789e+00,3.500107675790786743e-02,7.467637658119201660e-01,-5.947614312171936035e-01,6.306863427162170410e-01,-2.281683087348937988e-01,1.000000000000000000e+00,2.544838666915893555e+00,-1.653314232826232910e-01,7.117050290107727051e-01,-4.261195957660675049e-01,-1.426159143447875977e+00,-3.555343151092529297e-01,1.000000000000000000e+00,4.160890877246856689e-01,-1.564979404211044312e-01,9.062798619270324707e-01,6.706818342208862305e-01,5.440424084663391113e-01,7.200821489095687866e-02,1.000000000000000000e+00,6.143818497657775879e-01,1.099203377962112427e-01,1.261361598968505859e+00,5.337496399879455566e-01,-7.365822792053222656e-01,-3.174915015697479248e-01,1.000000000000000000e+00,1.000000000000000000e+00,0.000000000000000000e+00,0.000000000000000000e+00,1.000000000000000000e+00
1.020000000000000018e+00,2.944012641906738281e+00,4.725205898284912109e-02,7.422772049903869629e-01,-6.004824638366699219e-01,5.902491807937622070e-01,-2.187805622816085815e-01,1.700801849365234375e-01,-3.816127777099609375e-02,8.185625076293945312e-02,2.693024873733520508e-01,2.446701526641845703e+00,1.545891817659139633e-02,1.000000000000000000e+00,0.000000000000000000e+00,2.944012641906738281e+00,4.725205898284912109e-02,7.422772049903869629e-01,-6.004824638366699219e-01,5.902491807937622070e-01,-2.187805622816085815e-01,1.000000000000000000e+00,2.536686182022094727e+00,-1.940764635801315308e-01,7.046026587486267090e-01,-3.847748935222625732e-01,-1.450876116752624512e+00,-3.540010452270507812e-01,1.000000000000000000e+00,4.294699132442474365e-01,-1.454474925994873047e-01,9.076609611511230469e-01,6.670074462890625000e-01,5.625398755073547363e-01,6.534393131732940674e-02,1.000000000000000000e+00,6.249642968177795410e-01,9.489630162715911865e-02,1.255008220672607422e+00,5.233991742134094238e-01,-7.690562605857849121e-01,-3.177676498889923096e-01,1.000000000000000000e+00,1.000000000000000000e+00,0.000000000000000000e+00,0.000000000000000000e+00,1.000000000000000000e+00,2.536686182022094727e+00,-1.940764635801315308e-01,7.046026587486267090e-01,-3.847748935222625732e-01,-1.450876116752624512e+00,-3.540010452270507812e-01,1.990525722503662109e-01,1.771318912506103516e-01,9.355235099792480469e-02,6.472697947174310684e-03,1.829065084457397461e-01,5.064963921904563904e-02,0.000000000000000000e+00,1.000000000000000000e+00,2.944012641906738281e+00,4.725205898284912109e-02,7.422772049903869629e-01,-6.004824638366699219e-01,5.902491807937622070e-01,-2.187805622816085815e-01,1.000000000000000000e+00,2.536686182022094727e+00,-1.940764635801315308e-01,7.046026587486267090e-01,-3.847748935222625732e-01,-1.450876116752624512e+00,-3.540010452270507812e-01,1.000000000000000000e+00,4.294699132442474365e-01,-1.454474925994873047e-01,9.076609611511230469e-01,6.670074462890625000e-01,5.625398755073547363e-01,6.534393131732940674e-02,1.000000000000000000e+00,6.249642968177795410e-01,9.489630162715911865e-02,1.255008220672607422e+00,5.233991742134094238e-01,-7.690562605857849121e-01,-3.177676498889923096e-01,1.000000000000000000e+00,1.000000000000000000e+00,0.000000000000000000e+00,0.000000000000000000e+00,1.000000000000000000e+00
1.040000000000000036e+00,2.932026624679565430e+00,5.868846923112869263e-02,7.380159497261047363e-01,-5.961890816688537598e-01,5.492102503776550293e-01,-2.055183649063110352e-01,1.748499870300292969e-01,5.849361419677734375e-03,8.161902427673339844e-02,1.926265805959701538e-01,1.850156426429748535e+00,-5.488525331020355225e-02,1.000000000000000000e+00,0.000000000000000000e+00,2.932026624679565430e+00,5.868846923112869263e-02,7.380159497261047363e-01,-5.961890816688537598e-01,5.492102503776550293e-01,-2.055183649063110352e-01,1.000000000000000000e+00,2.529369592666625977e+00,-2.233177423477172852e-01,6.975536346435546875e-01,-3.425836563110351562e-01,-1.475712180137634277e+00,-3.504656553268432617e-01,1.000000000000000000e+00,4.427760839462280273e-01,-1.340445280075073242e-01,9.089047908782958984e-01,6.632143259048461914e-01,5.790752768516540527e-01,5.828967317938804626e-02,1.000000000000000000e+00,6.353369951248168945e-01,7.922347635030746460e-02,1.248654723167419434e+00,5.127688050270080566e-01,-8.014536499977111816e-01,-3.174411356449127197e-01,1.000000000000000000e+00,1.000000000000000000e+00,0.000000000000000000e+00,0.000000000000000000e+00,1.000000000000000000e+00,2.529369592666625977e+00,-2.233177423477172852e-01,6.975536346435546875e-01,-3.425836563110351562e-01,-1.475712180137634277e+00,-3.504656553268432617e-01,1.991820335388183594e-01,1.804945468902587891e-01,9.453177452087402344e-02,6.435036193579435349e-03,1.507533192634582520e-01,4.661297425627708435e-02,0.000000000000000000e+00,1.000000000000000000e+00,2.932026624679565430e+00,5.868846923112869263e-02,7.380159497261047363e-01,-5.961890816688537598e-01,5.492102503776550293e-01,-2.055183649063110352e-01,1.000000000000000000e+00,2.529369592666625977e+00,-2.233177423477172852e-01,6.975536346435546875e-01,-3.425836563110351562e-01,-1.475712180137634277e+00,-3.504656553268432617e-01,1.000000000000000000e+00,4.427760839462280273e-01,-1.340445280075073242e-01,9.089047908782958984e-01,6.632143259048461914e-01,5.790752768516540527e-01,5.828967317938804626e-02,1.000000000000000000e+00,6.353369951248168945e-01,7.922347635030746460e-02,1.248654723167419434e+00,5.127688050270080566e-01,-8.014536499977111816e-01,-3.174411356449127197e-01,1.000000000000000000e+00,1.000000000000000000e+00,0.000000000000000000e+00,0.000000000000000000e+00,1.000000000000000000e+00
1.060000000000000053e+00,2.920202255249023438e+00,6.930115818977355957e-02,7.340411543846130371e-01,-5.839381217956542969e-01,5.079349279403686523e-01,-1.903583854436874390e-01,1.780405044555664062e-01,3.691315650939941406e-02,8.023309707641601562e-02,1.313449442386627197e-01,1.228947877883911133e+00,-8.161180466413497925e-02,1.000000000000000000e+00,0.000000000000000000e+00,2.920202255249023438e+00,6.930115818977355957e-02,7.340411543846130371e-01,-5.839381217956542969e-01,5.079349279403686523e-01,-1.903583854436874390e-01,1.000000000000000000e+00,2.522898912429809570e+00,-2.530528903007507324e-01,6.905719041824340820e-01,-3.002663254737854004e-01,-1.500123500823974609e+00,-3.478940129280090332e-01,1.000000000000000000e+00,4.560057818889617920e-01,-1.223295107483863831e-01,9.100062847137451172e-01,6.593670845031738281e-01,5.935128331184387207e-01,5.113228037953376770e-02,1.000000000000000000e+00,6.454951763153076172e-01,6.290335208177566528e-02,1.242313742637634277e+00,5.019436478614807129e-01,-8.337798118591308594e-01,-3.164502680301666260e-01,1.000000000000000000e+00,1.000000000000000000e+00,0.000000000000000000e+00,0.000000000000000000e+00,1.000000000000000000e+00,2.522898912429809570e+00,-2.530528903007507324e-01,6.905719041824340820e-01,-3.002663254737854004e-01,-1.500123500823974609e+00,-3.478940129280090332e-01,1.993043422698974609e-01,1.832711696624755859e-01,9.539341926574707031e-02,5.741583183407783508e-03,1.258626580238342285e-01,3.913597017526626587e-02,0.000000000000000000e+00,1.000000000000000000e+00,2.920202255249023438e+00,6.930115818977355957e-02,7.340411543846130371e-01,-5.839381217956542969e-01,5.079349279403686523e-01,-1.903583854436874390e-01,1.000000000000000000e+00,2.522898912429809570e+00,-2.530528903007507324e-01,6.905719041824340820e-01,-3.002663254737854004e-01,-1.500123500823974609e+00,-3.478940129280090332e-01,1.000000000000000000e+00,4.560057818889617920e-01,-1.223295107483863831e-01,9.100062847137451172e-01,6.593670845031738281e-01,5.935128331184387207e-01,5.113228037953376770e-02,1.000000000000000000e+00,6.454951763153076172e-01,6.290335208177566528e-02,1.242313742637634277e+00,5.019436478614807129e-01,-8.337798118591308594e-01,-3.164502680301666260e-01,1.000000000000000000e+00,1.000000000000000000e+00,0.000000000000000000e+00,0.000000000000000000e+00,1.000000000000000000e+00
1.080000000000000071e+00,2.908674716949462891e+00,7.908994704484939575e-02,7.303662300109863281e-01,-5.664063692092895508e-01,4.669266343116760254e-01,-1.761190295219421387e-01,1.806001663208007812e-01,5.804514884948730469e-02,7.872915267944335938e-02,1.315889507532119751e-01,9.092419147491455078e-01,-5.906889587640762329e-02,1.000000000000000000e+00,0.000000000000000000e+00,2.908674716949462891e+00,7.908994704484939575e-02,7.303662300109863281e-01,-5.664063692092895508e-01,4.669266343116760254e-01,-1.761190295219421387e-01,1.000000000000000000e+00,2.517270803451538086e+00,-2.832685708999633789e-01,6.836117506027221680e-01,-2.585124373435974121e-01,-1.523599028587341309e+00,-3.490788638591766357e-01,1.000000000000000000e+00,4.691585600376129150e-01,-1.103456020355224609e-01,9.109656810760498047e-01,6.555318236351013184e-01,6.057227849960327148e-01,4.416307806968688965e-02,1.000000000000000000e+00,6.554357409477233887e-01,4.593732208013534546e-02,1.235998988151550293e+00,4.910114109516143799e-01,-8.660376071929931641e-01,-3.147552013397216797e-01,1.000000000000000000e+00,1.000000000000000000e+00,0.000000000000000000e+00,0.000000000000000000e+00,1.000000000000000000e+00,2.517270803451538086e+00,-2.832685708999633789e-01,6.836117506027221680e-01,-2.585124373435974121e-01,-1.523599028587341309e+00,-3.490788638591766357e-01,1.994132995605468750e-01,1.856219768524169922e-01,9.612250328063964844e-02,5.089228972792625427e-03,1.084278449416160583e-01,3.345268219709396362e-02,0.000000000000000000e+00,1.000000000000000000e+00,2.908674716949462891e+00,7.908994704484939575e-02,7.303662300109863281e-01,-5.664063692092895508e-01,4.669266343116760254e-01,-1.761190295219421387e-01,1.000000000000000000e+00,2.517270803451538086e+00,-2.832685708999633789e-01,6.836117506027221680e-01,-2.585124373435974121e-01,-1.523599028587341309e+00,-3.490788638591766357e-01,1.000000000000000000e+00,4.691585600376129150e-01,-1.103456020355224609e-01,9.109656810760498047e-01,6.555318236351013184e-01,6.057227849960327148e-01,4.416307806968688965e-02,1.000000000000000000e+00,6.554357409477233887e-01,4.593732208013534546e-02,1.235998988151550293e+00,4.910114109516143799e-01,-8.660376071929931641e-01,-3.147552013397216797e-01,1.000000000000000000e+00,1.000000000000000000e+00,0.000000000000000000e+00,0.000000000000000000e+00,1.000000000000000000e+00
