time,agent0_obs0,agent0_obs1,agent0_obs2,agent0_obs3,agent0_obs4,agent0_obs5,agent0_obs6,agent0_obs7,agent0_obs8,agent0_obs9,agent0_obs10,agent0_obs11,agent0_obs12,agent0_obs13,agent0_obs14,agent0_obs15,agent0_obs16,agent0_obs17,agent0_obs18,agent0_obs19,agent0_obs20,agent0_obs21,agent0_obs22,agent0_obs23,agent0_obs24,agent0_obs25,agent0_obs26,agent0_obs27,agent0_obs28,agent0_obs29,agent0_obs30,agent0_obs31,agent0_obs32,agent0_obs33,agent0_obs34,agent0_obs35,agent0_obs36,agent0_obs37,agent0_obs38,agent0_obs39,agent0_obs40,agent0_obs41,agent0_obs42,agent0_obs43,agent0_obs44,agent0_obs45,agent1_obs0,agent1_obs1,agent1_obs2,agent1_obs3,agent1_obs4,agent1_obs5,agent1_obs6,agent1_obs7,agent1_obs8,agent1_obs9,agent1_obs10,agent1_obs11,agent1_obs12,agent1_obs13,agent1_obs14,agent1_obs15,agent1_obs16,agent1_obs17,agent1_obs18,agent1_obs19,agent1_obs20,agent1_obs21,agent1_obs22,agent1_obs23,agent1_obs24,agent1_obs25,agent1_obs26,agent1_obs27,agent1_obs28,agent1_obs29,agent1_obs30,agent1_obs31,agent1_obs32,agent1_obs33,agent1_obs34,agent1_obs35,agent1_obs36,agent1_obs37,agent1_obs38,agent1_obs39,agent1_obs40,agent1_obs41,agent1_obs42,agent1_obs43,agent1_obs44,agent1_obs45
0.000000000000000000e+00,3.000999927520751953e+00,-4.990000128746032715e-01,9.539999961853027344e-01,0.000000000000000000e+00,-1.000000047497451305e-03,-1.000000047497451305e-03,0.000000000000000000e+00,0.000000000000000000e+00,0.000000000000000000e+00,0.000000000000000000e+00,-2.000000094994902611e-03,0.000000000000000000e+00,1.000000000000000000e+00,0.000000000000000000e+00,3.000999927520751953e+00,-4.990000128746032715e-01,9.539999961853027344e-01,0.000000000000000000e+00,-1.000000047497451305e-03,-1.000000047497451305e-03,1.000000000000000000e+00,3.000999927520751953e+00,5.000000000000000000e-01,9.539999961853027344e-01,0.000000000000000000e+00,0.000000000000000000e+00,-2.000000094994902611e-03,1.000000000000000000e+00,-4.100000113248825073e-02,-2.689999938011169434e-01,7.440000176429748535e-01,0.000000000000000000e+00,-1.000000047497451305e-03,1.000000047497451305e-03,1.000000000000000000e+00,1.899999976158142090e-01,2.800000011920928955e-01,1.284999966621398926e+00,0.000000000000000000e+00,1.000000047497451305e-03,3.000000026077032089e-03,1.000000000000000000e+00,1.000000000000000000e+00,0.000000000000000000e+00,0.000000000000000000e+00,1.000000000000000000e+00,3.000999927520751953e+00,5.000000000000000000e-01,9.539999961853027344e-01,0.000000000000000000e+00,0.000000000000000000e+00,-2.000000094994902611e-03,0.000000000000000000e+00,0.000000000000000000e+00,0.000000000000000000e+00,0.000000000000000000e+00,-0.000000000000000000e+00,0.000000000000000000e+00,0.000000000000000000e+00,1.000000000000000000e+00,3.000999927520751953e+00,-4.990000128746032715e-01,9.539999961853027344e-01,0.000000000000000000e+00,-1.000000047497451305e-03,-1.000000047497451305e-03,1.000000000000000000e+00,3.000999927520751953e+00,5.000000000000000000e-01,9.539999961853027344e-01,0.000000000000000000e+00,0.000000000000000000e+00,-2.000000094994902611e-03,1.000000000000000000e+00,-4.100000113248825073e-02,-2.689999938011169434e-01,7.440000176429748535e-01,0.000000000000000000e+00,-1.000000047497451305e-03,1.000000047497451305e-03,1.000000000000000000e+00,1.899999976158142090e-01,2.800000011920928955e-01,1.284999966621398926e+00,0.000000000000000000e+00,1.000000047497451305e-03,3.000000026077032089e-03,1.000000000000000000e+00,1.000000000000000000e+00,0.000000000000000000e+00,0.000000000000000000e+00,1.000000000000000000e+00
2.000903799999999982e-02,3.000999927520751953e+00,-4.990000128746032715e-01,9.539999961853027344e-01,0.000000000000000000e+00,-1.000000047497451305e-03,0.000000000000000000e+00,0.000000000000000000e+00,0.000000000000000000e+00,0.000000000000000000e+00,1.000000047497451305e-03,-2.000000094994902611e-03,0.000000000000000000e+00,1.000000000000000000e+00,0.000000000000000000e+00,3.000999927520751953e+00,-4.990000128746032715e-01,9.539999961853027344e-01,0.000000000000000000e+00,-1.000000047497451305e-03,0.000000000000000000e+00,1.000000000000000000e+00,3.000999927520751953e+00,5.000000000000000000e-01,9.539999961853027344e-01,0.000000000000000000e+00,0.000000000000000000e+00,-2.000000094994902611e-03,1.000000000000000000e+00,-4.100000113248825073e-02,-2.689999938011169434e-01,7.440000176429748535e-01,0.000000000000000000e+00,-1.000000047497451305e-03,1.000000047497451305e-03,1.000000000000000000e+00,1.899999976158142090e-01,2.800000011920928955e-01,1.284999966621398926e+00,0.000000000000000000e+00,1.000000047497451305e-03,1.000000047497451305e-03,1.000000000000000000e+00,1.000000000000000000e+00,0.000000000000000000e+00,0.000000000000000000e+00,1.000000000000000000e+00,3.000999927520751953e+00,5.000000000000000000e-01,9.539999961853027344e-01,0.000000000000000000e+00,0.000000000000000000e+00,-2.000000094994902611e-03,0.000000000000000000e+00,0.000000000000000000e+00,0.000000000000000000e+00,0.000000000000000000e+00,-1.000000047497451305e-03,0.000000000000000000e+00,0.000000000000000000e+00,1.000000000000000000e+00,3.000999927520751953e+00,-4.990000128746032715e-01,9.539999961853027344e-01,0.000000000000000000e+00,-1.000000047497451305e-03,0.000000000000000000e+00,1.000000000000000000e+00,3.000999927520751953e+00,5.000000000000000000e-01,9.539999961853027344e-01,0.000000000000000000e+00,0.000000000000000000e+00,-2.000000094994902611e-03,1.000000000000000000e+00,-4.100000113248825073e-02,-2.689999938011169434e-01,7.440000176429748535e-01,0.000000000000000000e+00,-1.000000047497451305e-03,1.000000047497451305e-03,1.000000000000000000e+00,1.899999976158142090e-01,2.800000011920928955e-01,1.284999966621398926e+00,0.000000000000000000e+00,1.000000047497451305e-03,1.000000047497451305e-03,1.000000000000000000e+00,1.000000000000000000e+00,0.000000000000000000e+00,0.000000000000000000e+00,1.000000000000000000e+00
3.995032800000000023e-02,3.000999927520751953e+00,-4.990000128746032715e-01,9.539999961853027344e-01,0.000000000000000000e+00,-1.000000047497451305e-03,0.000000000000000000e+00,0.000000000000000000e+00,0.000000000000000000e+00,0.000000000000000000e+00,-1.000000047497451305e-03,-1.000000047497451305e-03,0.000000000000000000e+00,1.000000000000000000e+00,0.000000000000000000e+00,3.000999927520751953e+00,-4.990000128746032715e-01,9.539999961853027344e-01,0.000000000000000000e+00,-1.000000047497451305e-03,0.000000000000000000e+00,1.000000000000000000e+00,3.000999927520751953e+00,5.000000000000000000e-01,9.539999961853027344e-01,0.000000000000000000e+00,0.000000000000000000e+00,-4.999999888241291046e-03,1.000000000000000000e+00,-4.100000113248825073e-02,-2.689999938011169434e-01,7.440000176429748535e-01,0.000000000000000000e+00,-1.000000047497451305e-03,0.000000000000000000e+00,1.000000000000000000e+00,1.899999976158142090e-01,2.800000011920928955e-01,1.284999966621398926e+00,0.000000000000000000e+00,1.000000047497451305e-03,0.000000000000000000e+00,1.000000000000000000e+00,1.000000000000000000e+00,0.000000000000000000e+00,0.000000000000000000e+00,1.000000000000000000e+00,3.000999927520751953e+00,5.000000000000000000e-01,9.539999961853027344e-01,0.000000000000000000e+00,0.000000000000000000e+00,-4.999999888241291046e-03,0.000000000000000000e+00,-2.767542085844620914e-03,0.000000000000000000e+00,1.250000000000000000e-01,-1.500000059604644775e-01,0.000000000000000000e+00,0.000000000000000000e+00,1.000000000000000000e+00,3.000999927520751953e+00,-4.990000128746032715e-01,9.539999961853027344e-01,0.000000000000000000e+00,-1.000000047497451305e-03,0.000000000000000000e+00,1.000000000000000000e+00,3.000999927520751953e+00,5.000000000000000000e-01,9.539999961853027344e-01,0.000000000000000000e+00,0.000000000000000000e+00,-4.999999888241291046e-03,1.000000000000000000e+00,-4.100000113248825073e-02,-2.689999938011169434e-01,7.440000176429748535e-01,0.000000000000000000e+00,-1.000000047497451305e-03,0.000000000000000000e+00,1.000000000000000000e+00,1.899999976158142090e-01,2.800000011920928955e-01,1.284999966621398926e+00,0.000000000000000000e+00,1.000000047497451305e-03,0.000000000000000000e+00,1.000000000000000000e+00,1.000000000000000000e+00,0.000000000000000000e+00,0.000000000000000000e+00,1.000000000000000000e+00
6.003607999999999861e-02,3.000999927520751953e+00,-4.990000128746032715e-01,9.539999961853027344e-01,0.000000000000000000e+00,-1.000000047497451305e-03,-1.700000092387199402e-02,-5.535105616271724857e-03,2.767531610646800644e-03,-7.659314324435107652e-06,-4.580024246210686045e-01,1.579975869236942276e-01,-8.745456111603500940e-04,1.000000000000000000e+00,0.000000000000000000e+00,3.000999927520751953e+00,-4.990000128746032715e-01,9.539999961853027344e-01,0.000000000000000000e+00,-1.000000047497451305e-03,-1.700000092387199402e-02,1.000000000000000000e+00,3.000999927520751953e+00,5.000000000000000000e-01,9.530000090599060059e-01,0.000000000000000000e+00,0.000000000000000000e+00,-3.599999845027923584e-02,1.000000000000000000e+00,-4.100000113248825073e-02,-2.689999938011169434e-01,7.440000176429748535e-01,1.000000047497451305e-03,-1.000000047497451305e-03,-3.000000026077032089e-03,1.000000000000000000e+00,1.899999976158142090e-01,2.800000011920928955e-01,1.284999966621398926e+00,0.000000000000000000e+00,1.000000047497451305e-03,-6.000000052154064178e-03,1.000000000000000000e+00,1.000000000000000000e+00,0.000000000000000000e+00,0.000000000000000000e+00,1.000000000000000000e+00,3.000999927520751953e+00,5.000000000000000000e-01,9.530000090599060059e-01,0.000000000000000000e+00,0.000000000000000000e+00,-3.599999845027923584e-02,1.107073013443236539e-02,-1.107005177654452055e-02,-6.127802951321967284e-05,7.250911657676560873e-01,-8.339599544795628372e-01,-8.233365947909306037e-03,0.000000000000000000e+00,1.000000000000000000e+00,3.000999927520751953e+00,-4.990000128746032715e-01,9.539999961853027344e-01,0.000000000000000000e+00,-1.000000047497451305e-03,-1.700000092387199402e-02,1.000000000000000000e+00,3.000999927520751953e+00,5.000000000000000000e-01,9.530000090599060059e-01,0.000000000000000000e+00,0.000000000000000000e+00,-3.599999845027923584e-02,1.000000000000000000e+00,-4.100000113248825073e-02,-2.689999938011169434e-01,7.440000176429748535e-01,1.000000047497451305e-03,-1.000000047497451305e-03,-3.000000026077032089e-03,1.000000000000000000e+00,1.899999976158142090e-01,2.800000011920928955e-01,1.284999966621398926e+00,0.000000000000000000e+00,1.000000047497451305e-03,-6.000000052154064178e-03,1.000000000000000000e+00,1.000000000000000000e+00,0.000000000000000000e+00,0.000000000000000000e+00,1.000000000000000000e+00
8.022564699999999716e-02,3.000999927520751953e+00,-4.990000128746032715e-01,9.520000219345092773e-01,1.000000047497451305e-03,0.000000000000000000e+00,-6.400000303983688354e-02,-2.767701143384226209e-02,8.301852316680013999e-03,-1.148932247285010255e-04,-1.272092514988087508e+00,4.388595539755807406e-01,-1.114942430596862349e-02,1.000000000000000000e+00,0.000000000000000000e+00,3.000999927520751953e+00,-4.990000128746032715e-01,9.520000219345092773e-01,1.000000047497451305e-03,0.000000000000000000e+00,-6.400000303983688354e-02,1.000000000000000000e+00,3.000999927520751953e+00,5.000000000000000000e-01,9.520000219345092773e-01,0.000000000000000000e+00,0.000000000000000000e+00,-6.599999964237213135e-02,1.000000000000000000e+00,-4.100000113248825073e-02,-2.689999938011169434e-01,7.440000176429748535e-01,6.000000052154064178e-03,-1.000000047497451305e-03,-1.099999994039535522e-02,1.000000000000000000e+00,1.899999976158142090e-01,2.800000011920928955e-01,1.284000039100646973e+00,2.000000094994902611e-03,2.000000094994902611e-03,-1.799999922513961792e-02,1.000000000000000000e+00,1.000000000000000000e+00,0.000000000000000000e+00,0.000000000000000000e+00,1.000000000000000000e+00,3.000999927520751953e+00,5.000000000000000000e-01,9.520000219345092773e-01,0.000000000000000000e+00,0.000000000000000000e+00,-6.599999964237213135e-02,1.937760018942397133e-02,-2.490734473321754017e-02,-2.413423113659350638e-04,1.292602773196206867e+00,-1.454804387023139300e+00,-2.420090188913760765e-02,0.000000000000000000e+00,1.000000000000000000e+00,3.000999927520751953e+00,-4.990000128746032715e-01,9.520000219345092773e-01,1.000000047497451305e-03,0.000000000000000000e+00,-6.400000303983688354e-02,1.000000000000000000e+00,3.000999927520751953e+00,5.000000000000000000e-01,9.520000219345092773e-01,0.000000000000000000e+00,0.000000000000000000e+00,-6.599999964237213135e-02,1.000000000000000000e+00,-4.100000113248825073e-02,-2.689999938011169434e-01,7.440000176429748535e-01,6.000000052154064178e-03,-1.000000047497451305e-03,-1.099999994039535522e-02,1.000000000000000000e+00,1.899999976158142090e-01,2.800000011920928955e-01,1.284000039100646973e+00,2.000000094994902611e-03,2.000000094994902611e-03,-1.799999922513961792e-02,1.000000000000000000e+00,1.000000000000000000e+00,0.000000000000000000e+00,0.000000000000000000e+00,1.000000000000000000e+00
9.996666099999999833e-02,3.000999927520751953e+00,-4.990000128746032715e-01,9.490000009536743164e-01,2.000000094994902611e-03,3.000000026077032089e-03,-1.330000013113021851e-01,-6.090388544395851367e-02,1.936411133412074825e-02,-5.898755645088425703e-04,-1.800707451227766320e+00,6.319481233603259085e-01,-3.653888971261922552e-02,1.000000000000000000e+00,0.000000000000000000e+00,3.000999927520751953e+00,-4.990000128746032715e-01,9.490000009536743164e-01,2.000000094994902611e-03,3.000000026077032089e-03,-1.330000013113021851e-01,1.000000000000000000e+00,3.000999927520751953e+00,5.000000000000000000e-01,9.490000009536743164e-01,-4.000000189989805222e-03,-4.000000189989805222e-03,-1.379999965429306030e-01,1.000000000000000000e+00,-3.999999910593032837e-02,-2.689999938011169434e-01,7.429999709129333496e-01,1.700000092387199402e-02,-2.000000094994902611e-03,-2.300000004470348358e-02,1.000000000000000000e+00,1.899999976158142090e-01,2.800000011920928955e-01,1.284000039100646973e+00,9.999999776482582092e-03,3.000000026077032089e-03,-3.400000184774398804e-02,1.000000000000000000e+00,1.000000000000000000e+00,0.000000000000000000e+00,0.000000000000000000e+00,1.000000000000000000e+00,3.000999927520751953e+00,5.000000000000000000e-01,9.490000009536743164e-01,-4.000000189989805222e-03,-4.000000189989805222e-03,-1.379999965429306030e-01,4.988408947273736960e-02,-5.810848093852150065e-02,-1.450052743438175890e-03,1.673884550250701153e+00,-1.762005178275245720e+00,-8.410597786973698919e-02,0.000000000000000000e+00,1.000000000000000000e+00,3.000999927520751953e+00,-4.990000128746032715e-01,9.490000009536743164e-01,2.000000094994902611e-03,3.000000026077032089e-03,-1.330000013113021851e-01,1.000000000000000000e+00,3.000999927520751953e+00,5.000000000000000000e-01,9.490000009536743164e-01,-4.000000189989805222e-03,-4.000000189989805222e-03,-1.379999965429306030e-01,1.000000000000000000e+00,-3.999999910593032837e-02,-2.689999938011169434e-01,7.429999709129333496e-01,1.700000092387199402e-02,-2.000000094994902611e-03,-2.300000004470348358e-02,1.000000000000000000e+00,1.899999976158142090e-01,2.800000011920928955e-01,1.284000039100646973e+00,9.999999776482582092e-03,3.000000026077032089e-03,-3.400000184774398804e-02,1.000000000000000000e+00,1.000000000000000000e+00,0.000000000000000000e+00,0.000000000000000000e+00,1.000000000000000000e+00
1.199421559999999942e-01,3.000999927520751953e+00,-4.990000128746032715e-01,9.449999928474426270e-01,4.999999888241291046e-03,1.099999994039535522e-02,-2.189999967813491821e-01,-9.694887582610521581e-02,3.593771916412658030e-02,-1.743613723036316343e-03,-1.800597695547358157e+00,7.635918871075174641e-01,-7.229943340215419512e-02,1.000000000000000000e+00,0.000000000000000000e+00,3.000999927520751953e+00,-4.990000128746032715e-01,9.449999928474426270e-01,4.999999888241291046e-03,1.099999994039535522e-02,-2.189999967813491821e-01,1.000000000000000000e+00,3.000999927520751953e+00,5.000000000000000000e-01,9.440000057220458984e-01,-1.099999994039535522e-02,-9.999999776482582092e-03,-2.230000048875808716e-01,1.000000000000000000e+00,-3.999999910593032837e-02,-2.689999938011169434e-01,7.429999709129333496e-01,3.500000014901161194e-02,-3.000000026077032089e-03,-3.700000047683715820e-02,1.000000000000000000e+00,1.909999996423721313e-01,2.800000011920928955e-01,1.282999992370605469e+00,2.500000037252902985e-02,4.999999888241291046e-03,-5.600000172853469849e-02,1.000000000000000000e+00,1.000000000000000000e+00,0.000000000000000000e+00,0.000000000000000000e+00,1.000000000000000000e+00,3.000999927520751953e+00,5.000000000000000000e-01,9.440000057220458984e-01,-1.099999994039535522e-02,-9.999999776482582092e-03,-2.230000048875808716e-01,8.331076255217385873e-02,-9.128148745582631562e-02,-3.807205281432454735e-03,1.635977181777281686e+00,-1.496210148095866499e+00,-1.204235505920067395e-01,0.000000000000000000e+00,1.000000000000000000e+00,3.000999927520751953e+00,-4.990000128746032715e-01,9.449999928474426270e-01,4.999999888241291046e-03,1.099999994039535522e-02,-2.189999967813491821e-01,1.000000000000000000e+00,3.000999927520751953e+00,5.000000000000000000e-01,9.440000057220458984e-01,-1.099999994039535522e-02,-9.999999776482582092e-03,-2.230000048875808716e-01,1.000000000000000000e+00,-3.999999910593032837e-02,-2.689999938011169434e-01,7.429999709129333496e-01,3.500000014901161194e-02,-3.000000026077032089e-03,-3.700000047683715820e-02,1.000000000000000000e+00,1.909999996423721313e-01,2.800000011920928955e-01,1.282999992370605469e+00,2.500000037252902985e-02,4.999999888241291046e-03,-5.600000172853469849e-02,1.000000000000000000e+00,1.000000000000000000e+00,0.000000000000000000e+00,0.000000000000000000e+00,1.000000000000000000e+00
1.399928219999999890e-01,3.000999927520751953e+00,-4.990000128746032715e-01,9.380000233650207520e-01,8.000000379979610443e-03,2.099999971687793732e-02,-3.160000145435333252e-01,-1.275251101463906744e-01,5.248252606472258996e-02,-3.351728721204066952e-03,-1.365195800070293064e+00,9.355969227020574097e-01,-1.181093630683442280e-01,1.000000000000000000e+00,0.000000000000000000e+00,3.000999927520751953e+00,-4.990000128746032715e-01,9.380000233650207520e-01,8.000000379979610443e-03,2.099999971687793732e-02,-3.160000145435333252e-01,1.000000000000000000e+00,3.000000000000000000e+00,5.000000000000000000e-01,9.380000233650207520e-01,-2.099999971687793732e-02,-1.899999938905239105e-02,-3.240000009536743164e-01,1.000000000000000000e+00,-3.900000080466270447e-02,-2.689999938011169434e-01,7.419999837875366211e-01,5.700000002980232239e-02,-4.000000189989805222e-03,-5.200000107288360596e-02,1.000000000000000000e+00,1.909999996423721313e-01,2.800000011920928955e-01,1.281000018119812012e+00,4.399999976158142090e-02,8.000000379979610443e-03,-7.900000363588333130e-02,1.000000000000000000e+00,1.000000000000000000e+00,0.000000000000000000e+00,0.000000000000000000e+00,1.000000000000000000e+00,3.000000000000000000e+00,5.000000000000000000e-01,9.380000233650207520e-01,-2.099999971687793732e-02,-1.899999938905239105e-02,-3.240000009536743164e-01,1.169234251002171932e-01,-1.188716598911210287e-01,-6.965544855406201330e-03,1.243088705179919540e+00,-8.761512980450859578e-01,-9.350310889556907867e-02,0.000000000000000000e+00,1.000000000000000000e+00,3.000999927520751953e+00,-4.990000128746032715e-01,9.380000233650207520e-01,8.000000379979610443e-03,2.099999971687793732e-02,-3.160000145435333252e-01,1.000000000000000000e+00,3.000000000000000000e+00,5.000000000000000000e-01,9.380000233650207520e-01,-2.099999971687793732e-02,-1.899999938905239105e-02,-3.240000009536743164e-01,1.000000000000000000e+00,-3.900000080466270447e-02,-2.689999938011169434e-01,7.419999837875366211e-01,5.700000002980232239e-02,-4.000000189989805222e-03,-5.200000107288360596e-02,1.000000000000000000e+00,1.909999996423721313e-01,2.800000011920928955e-01,1.281000018119812012e+00,4.399999976158142090e-02,8.000000379979610443e-03,-7.900000363588333130e-02,1.000000000000000000e+00,1.000000000000000000e+00,0.000000000000000000e+00,0.000000000000000000e+00,1.000000000000000000e+00
1.600110969999999910e-01,3.000999927520751953e+00,-4.979999959468841553e-01,9.300000071525573730e-01,1.300000026822090149e-02,3.299999982118606567e-02,-4.169999957084655762e-01,-1.471191712655572637e-01,7.453907376345192404e-02,-5.495505337445388827e-03,-7.432096943193040595e-01,1.040232906727830420e+00,-1.505262606785379431e-01,1.000000000000000000e+00,0.000000000000000000e+00,3.000999927520751953e+00,-4.979999959468841553e-01,9.300000071525573730e-01,1.300000026822090149e-02,3.299999982118606567e-02,-4.169999957084655762e-01,1.000000000000000000e+00,3.000000000000000000e+00,4.990000128746032715e-01,9.290000200271606445e-01,-3.200000151991844177e-02,-2.999999932944774628e-02,-4.320000112056732178e-01,1.000000000000000000e+00,-3.700000047683715820e-02,-2.689999938011169434e-01,7.400000095367431641e-01,8.100000023841857910e-02,-4.000000189989805222e-03,-6.800000369548797607e-02,1.000000000000000000e+00,1.930000036954879761e-01,2.800000011920928955e-01,1.279000043869018555e+00,6.599999964237213135e-02,1.099999994039535522e-02,-1.040000021457672119e-01,1.000000000000000000e+00,1.000000000000000000e+00,0.000000000000000000e+00,0.000000000000000000e+00,1.000000000000000000e+00,3.000000000000000000e+00,4.990000128746032715e-01,9.290000200271606445e-01,-3.200000151991844177e-02,-2.999999932944774628e-02,-4.320000112056732178e-01,1.392266662508184205e-01,-1.328110124764538824e-01,-6.493590586339234583e-03,6.755650999171776139e-01,-2.205079625111171782e-01,-1.181894164446463044e-02,0.000000000000000000e+00,1.000000000000000000e+00,3.000999927520751953e+00,-4.979999959468841553e-01,9.300000071525573730e-01,1.300000026822090149e-02,3.299999982118606567e-02,-4.169999957084655762e-01,1.000000000000000000e+00,3.000000000000000000e+00,4.990000128746032715e-01,9.290000200271606445e-01,-3.200000151991844177e-02,-2.999999932944774628e-02,-4.320000112056732178e-01,1.000000000000000000e+00,-3.700000047683715820e-02,-2.689999938011169434e-01,7.400000095367431641e-01,8.100000023841857910e-02,-4.000000189989805222e-03,-6.800000369548797607e-02,1.000000000000000000e+00,1.930000036954879761e-01,2.800000011920928955e-01,1.279000043869018555e+00,6.599999964237213135e-02,1.099999994039535522e-02,-1.040000021457672119e-01,1.000000000000000000e+00,1.000000000000000000e+00,0.000000000000000000e+00,0.000000000000000000e+00,1.000000000000000000e+00
1.802361610000000058e-01,3.002000093460083008e+00,-4.970000088214874268e-01,9.190000295639038086e-01,1.999999955296516418e-02,4.699999839067459106e-02,-5.260000228881835938e-01,-1.529982554298666697e-01,9.364506814655904066e-02,-9.961679660160746574e-03,-1.876069772198699637e-01,9.985850105805478272e-01,-1.455163669688805672e-01,1.000000000000000000e+00,0.000000000000000000e+00,3.002000093460083008e+00,-4.970000088214874268e-01,9.190000295639038086e-01,1.999999955296516418e-02,4.699999839067459106e-02,-5.260000228881835938e-01,1.000000000000000000e+00,2.999000072479248047e+00,4.979999959468841553e-01,9.179999828338623047e-01,-4.600000008940696716e-02,-4.399999976158142090e-02,-5.310000181198120117e-01,1.000000000000000000e+00,-3.500000014901161194e-02,-2.700000107288360596e-01,7.390000224113464355e-01,1.040000021457672119e-01,-4.999999888241291046e-03,-8.399999886751174927e-02,1.000000000000000000e+00,1.949999928474426270e-01,2.809999883174896240e-01,1.276000022888183594e+00,8.900000154972076416e-02,1.400000043213367462e-02,-1.299999952316284180e-01,1.000000000000000000e+00,1.000000000000000000e+00,0.000000000000000000e+00,0.000000000000000000e+00,1.000000000000000000e+00,2.999000072479248047e+00,4.979999959468841553e-01,9.179999828338623047e-01,-4.600000008940696716e-02,-4.399999976158142090e-02,-5.310000181198120117e-01,1.504380239080249093e-01,-1.355387099680440688e-01,-7.448196801424167290e-03,1.421067234701816062e-01,2.500507962347606750e-01,6.581556971566127068e-02,0.000000000000000000e+00,1.000000000000000000e+00,3.002000093460083008e+00,-4.970000088214874268e-01,9.190000295639038086e-01,1.999999955296516418e-02,4.699999839067459106e-02,-5.260000228881835938e-01,1.000000000000000000e+00,2.999000072479248047e+00,4.979999959468841553e-01,9.179999828338623047e-01,-4.600000008940696716e-02,-4.399999976158142090e-02,-5.310000181198120117e-01,1.000000000000000000e+00,-3.500000014901161194e-02,-2.700000107288360596e-01,7.390000224113464355e-01,1.040000021457672119e-01,-4.999999888241291046e-03,-8.399999886751174927e-02,1.000000000000000000e+00,1.949999928474426270e-01,2.809999883174896240e-01,1.276000022888183594e+00,8.900000154972076416e-02,1.400000043213367462e-02,-1.299999952316284180e-01,1.000000000000000000e+00,1.000000000000000000e+00,0.000000000000000000e+00,0.000000000000000000e+00,1.000000000000000000e+00
2.000033139999999876e-01,3.002000093460083008e+00,-4.959999918937683105e-01,9.100000262260437012e-01,2.999999932944774628e-02,6.199999898672103882e-02,-6.019999980926513672e-01,-1.532172107245150239e-01,1.102226800292476216e-01,-1.124896786229853674e-02,9.345553902844799810e-02,8.065282493913846773e-01,-1.049499662255475863e-01,1.000000000000000000e+00,0.000000000000000000e+00,3.002000093460083008e+00,-4.959999918937683105e-01,9.100000262260437012e-01,2.999999932944774628e-02,6.199999898672103882e-02,-6.019999980926513672e-01,1.000000000000000000e+00,2.996999979019165039e+00,4.970000088214874268e-01,9.070000052452087402e-01,-6.300000101327896118e-02,-6.199999898672103882e-02,-5.989999771118164062e-01,1.000000000000000000e+00,-3.299999982118606567e-02,-2.700000107288360596e-01,7.369999885559082031e-01,1.270000040531158447e-01,-6.000000052154064178e-03,-1.019999980926513672e-01,1.000000000000000000e+00,1.969999969005584717e-01,2.809999883174896240e-01,1.273000001907348633e+00,1.099999994039535522e-01,1.700000092387199402e-02,-1.580000072717666626e-01,1.000000000000000000e+00,1.000000000000000000e+00,0.000000000000000000e+00,0.000000000000000000e+00,1.000000000000000000e+00,2.996999979019165039e+00,4.970000088214874268e-01,9.070000052452087402e-01,-6.300000101327896118e-02,-6.199999898672103882e-02,-5.989999771118164062e-01,1.503254126403109625e-01,-1.272418338059921883e-01,-6.813794418399271580e-03,-1.897647471630277138e-01,5.118296785237493873e-01,1.005899982001556420e-01,0.000000000000000000e+00,1.000000000000000000e+00,3.002000093460083008e+00,-4.959999918937683105e-01,9.100000262260437012e-01,2.999999932944774628e-02,6.199999898672103882e-02,-6.019999980926513672e-01,1.000000000000000000e+00,2.996999979019165039e+00,4.970000088214874268e-01,9.070000052452087402e-01,-6.300000101327896118e-02,-6.199999898672103882e-02,-5.989999771118164062e-01,1.000000000000000000e+00,-3.299999982118606567e-02,-2.700000107288360596e-01,7.369999885559082031e-01,1.270000040531158447e-01,-6.000000052154064178e-03,-1.019999980926513672e-01,1.000000000000000000e+00,1.969999969005584717e-01,2.809999883174896240e-01,1.273000001907348633e+00,1.099999994039535522e-01,1.700000092387199402e-02,-1.580000072717666626e-01,1.000000000000000000e+00,1.000000000000000000e+00,0.000000000000000000e+00,0.000000000000000000e+00,1.000000000000000000e+00
2.199973739999999955e-01,3.003000020980834961e+00,-4.939999878406524658e-01,8.960000276565551758e-01,4.500000178813934326e-02,8.299999684095382690e-02,-6.639999747276306152e-01,-1.505904925176597131e-01,1.212951073161729898e-01,-1.194190318032095632e-02,1.071067271571302659e-01,3.549173062074825746e-01,-7.382571452601245643e-03,1.000000000000000000e+00,0.000000000000000000e+00,3.003000020980834961e+00,-4.939999878406524658e-01,8.960000276565551758e-01,4.500000178813934326e-02,8.299999684095382690e-02,-6.639999747276306152e-01,1.000000000000000000e+00,2.996000051498413086e+00,4.950000047683715820e-01,8.930000066757202148e-01,-8.200000226497650146e-02,-8.600000292062759399e-02,-6.439999938011169434e-01,1.000000000000000000e+00,-2.999999932944774628e-02,-2.700000107288360596e-01,7.340000271797180176e-01,1.500000059604644775e-01,-6.000000052154064178e-03,-1.209999993443489075e-01,1.000000000000000000e+00,1.990000009536743164e-01,2.809999883174896240e-01,1.269999980926513672e+00,1.319999992847442627e-01,2.099999971687793732e-02,-1.850000023841857910e-01,1.000000000000000000e+00,1.000000000000000000e+00,0.000000000000000000e+00,0.000000000000000000e+00,1.000000000000000000e+00,2.996000051498413086e+00,4.950000047683715820e-01,8.930000066757202148e-01,-8.200000226497650146e-02,-8.600000292062759399e-02,-6.439999938011169434e-01,1.444488142221206917e-01,-1.163989383137427058e-01,-2.872043758844838868e-03,-1.882473746313661767e-01,4.848968543260213648e-01,7.101456949857631873e-02,0.000000000000000000e+00,1.000000000000000000e+00,3.003000020980834961e+00,-4.939999878406524658e-01,8.960000276565551758e-01,4.500000178813934326e-02,8.299999684095382690e-02,-6.639999747276306152e-01,1.000000000000000000e+00,2.996000051498413086e+00,4.950000047683715820e-01,8.930000066757202148e-01,-8.200000226497650146e-02,-8.600000292062759399e-02,-6.439999938011169434e-01,1.000000000000000000e+00,-2.999999932944774628e-02,-2.700000107288360596e-01,7.340000271797180176e-01,1.500000059604644775e-01,-6.000000052154064178e-03,-1.209999993443489075e-01,1.000000000000000000e+00,1.990000009536743164e-01,2.809999883174896240e-01,1.269999980926513672e+00,1.319999992847442627e-01,2.099999971687793732e-02,-1.850000023841857910e-01,1.000000000000000000e+00,1.000000000000000000e+00,0.000000000000000000e+00,0.000000000000000000e+00,1.000000000000000000e+00
2.399958919999999885e-01,3.005000114440917969e+00,-4.920000135898590088e-01,8.820000290870666504e-01,6.499999761581420898e-02,1.070000007748603821e-01,-6.949999928474426270e-01,-1.505487932380366045e-01,1.185305607168802844e-01,-1.172988246124648248e-02,-1.151293189136969874e-01,-3.871319158568988783e-01,1.426657328109866563e-01,1.000000000000000000e+00,0.000000000000000000e+00,3.005000114440917969e+00,-4.920000135898590088e-01,8.820000290870666504e-01,6.499999761581420898e-02,1.070000007748603821e-01,-6.949999928474426270e-01,1.000000000000000000e+00,2.993999958038330078e+00,4.930000007152557373e-01,8.809999823570251465e-01,-1.019999980926513672e-01,-1.110000014305114746e-01,-6.570000052452087402e-01,1.000000000000000000e+00,-2.600000053644180298e-02,-2.700000107288360596e-01,7.310000061988830566e-01,1.759999990463256836e-01,-6.000000052154064178e-03,-1.430000066757202148e-01,1.000000000000000000e+00,2.020000070333480835e-01,2.820000052452087402e-01,1.264999985694885254e+00,1.550000011920928955e-01,2.400000020861625671e-02,-2.160000056028366089e-01,1.000000000000000000e+00,1.000000000000000000e+00,0.000000000000000000e+00,0.000000000000000000e+00,1.000000000000000000e+00,2.993999958038330078e+00,4.930000007152557373e-01,8.809999823570251465e-01,-1.019999980926513672e-01,-1.110000014305114746e-01,-6.570000052452087402e-01,1.443956902433628509e-01,-1.108693890509766522e-01,-2.468608791632798116e-03,1.373509716357720900e-01,1.806259581039669493e-01,-1.221018633565662537e-02,0.000000000000000000e+00,1.000000000000000000e+00,3.005000114440917969e+00,-4.920000135898590088e-01,8.820000290870666504e-01,6.499999761581420898e-02,1.070000007748603821e-01,-6.949999928474426270e-01,1.000000000000000000e+00,2.993999958038330078e+00,4.930000007152557373e-01,8.809999823570251465e-01,-1.019999980926513672e-01,-1.110000014305114746e-01,-6.570000052452087402e-01,1.000000000000000000e+00,-2.600000053644180298e-02,-2.700000107288360596e-01,7.310000061988830566e-01,1.759999990463256836e-01,-6.000000052154064178e-03,-1.430000066757202148e-01,1.000000000000000000e+00,2.020000070333480835e-01,2.820000052452087402e-01,1.264999985694885254e+00,1.550000011920928955e-01,2.400000020861625671e-02,-2.160000056028366089e-01,1.000000000000000000e+00,1.000000000000000000e+00,0.000000000000000000e+00,0.000000000000000000e+00,1.000000000000000000e+00
2.600076350000000147e-01,3.006000041961669922e+00,-4.900000095367431641e-01,8.679999709129333496e-01,8.699999749660491943e-02,1.360000073909759521e-01,-6.980000138282775879e-01,-1.583376944161281608e-01,9.681751561057061473e-02,-4.907479432261760421e-03,-4.379897543935135640e-01,-1.218520908649981971e+00,3.104518397252946094e-01,1.000000000000000000e+00,0.000000000000000000e+00,3.006000041961669922e+00,-4.900000095367431641e-01,8.679999709129333496e-01,8.699999749660491943e-02,1.360000073909759521e-01,-6.980000138282775879e-01,1.000000000000000000e+00,2.990999937057495117e+00,4.900000095367431641e-01,8.650000095367431641e-01,-1.270000040531158447e-01,-1.439999938011169434e-01,-6.499999761581420898e-01,1.000000000000000000e+00,-2.199999988079071045e-02,-2.700000107288360596e-01,7.279999852180480957e-01,2.039999961853027344e-01,-6.000000052154064178e-03,-1.669999957084655762e-01,1.000000000000000000e+00,2.060000002384185791e-01,2.829999923706054688e-01,1.259999990463256836e+00,1.800000071525573730e-01,2.899999916553497314e-02,-2.479999959468841553e-01,1.000000000000000000e+00,1.000000000000000000e+00,0.000000000000000000e+00,0.000000000000000000e+00,1.000000000000000000e+00,2.990999937057495117e+00,4.900000095367431641e-01,8.650000095367431641e-01,-1.270000040531158447e-01,-1.439999938011169434e-01,-6.499999761581420898e-01,1.499449134142856743e-01,-1.080982076751815235e-01,-2.568724325099178141e-03,5.599429556821591270e-01,-1.378600456242188854e-01,-9.216003353401029663e-02,0.000000000000000000e+00,1.000000000000000000e+00,3.006000041961669922e+00,-4.900000095367431641e-01,8.679999709129333496e-01,8.699999749660491943e-02,1.360000073909759521e-01,-6.980000138282775879e-01,1.000000000000000000e+00,2.990999937057495117e+00,4.900000095367431641e-01,8.650000095367431641e-01,-1.270000040531158447e-01,-1.439999938011169434e-01,-6.499999761581420898e-01,1.000000000000000000e+00,-2.199999988079071045e-02,-2.700000107288360596e-01,7.279999852180480957e-01,2.039999961853027344e-01,-6.000000052154064178e-03,-1.669999957084655762e-01,1.000000000000000000e+00,2.060000002384185791e-01,2.829999923706054688e-01,1.259999990463256836e+00,1.800000071525573730e-01,2.899999916553497314e-02,-2.479999959468841553e-01,1.000000000000000000e+00,1.000000000000000000e+00,0.000000000000000000e+00,0.000000000000000000e+00,1.000000000000000000e+00
2.801583280000000120e-01,3.009000062942504883e+00,-4.860000014305114746e-01,8.539999723434448242e-01,1.049999967217445374e-01,1.689999997615814209e-01,-6.819999814033508301e-01,-1.718091250138893411e-01,6.690094495080889381e-02,2.574597600417741217e-03,-7.390725671332903923e-01,-1.657590948746150428e+00,4.327148059852748974e-01,1.000000000000000000e+00,0.000000000000000000e+00,3.009000062942504883e+00,-4.860000014305114746e-01,8.539999723434448242e-01,1.049999967217445374e-01,1.689999997615814209e-01,-6.819999814033508301e-01,1.000000000000000000e+00,2.986999988555908203e+00,4.860000014305114746e-01,8.510000109672546387e-01,-1.529999971389770508e-01,-1.809999942779541016e-01,-6.259999871253967285e-01,1.000000000000000000e+00,-1.700000092387199402e-02,-2.700000107288360596e-01,7.239999771118164062e-01,2.339999973773956299e-01,-4.999999888241291046e-03,-1.940000057220458984e-01,1.000000000000000000e+00,2.099999934434890747e-01,2.829999923706054688e-01,1.253999948501586914e+00,2.080000042915344238e-01,3.400000184774398804e-02,-2.840000092983245850e-01,1.000000000000000000e+00,1.000000000000000000e+00,0.000000000000000000e+00,0.000000000000000000e+00,1.000000000000000000e+00,2.986999988555908203e+00,4.860000014305114746e-01,8.510000109672546387e-01,-1.529999971389770508e-01,-1.809999942779541016e-01,-6.259999871253967285e-01,1.668936157916784402e-01,-1.133663605794672513e-01,-6.710535156381272626e-03,1.018428940789858128e+00,-3.910030820551925745e-01,-1.540693598634095829e-01,0.000000000000000000e+00,1.000000000000000000e+00,3.009000062942504883e+00,-4.860000014305114746e-01,8.539999723434448242e-01,1.049999967217445374e-01,1.689999997615814209e-01,-6.819999814033508301e-01,1.000000000000000000e+00,2.986999988555908203e+00,4.860000014305114746e-01,8.510000109672546387e-01,-1.529999971389770508e-01,-1.809999942779541016e-01,-6.259999871253967285e-01,1.000000000000000000e+00,-1.700000092387199402e-02,-2.700000107288360596e-01,7.239999771118164062e-01,2.339999973773956299e-01,-4.999999888241291046e-03,-1.940000057220458984e-01,1.000000000000000000e+00,2.099999934434890747e-01,2.829999923706054688e-01,1.253999948501586914e+00,2.080000042915344238e-01,3.400000184774398804e-02,-2.840000092983245850e-01,1.000000000000000000e+00,1.000000000000000000e+00,0.000000000000000000e+00,0.000000000000000000e+00,1.000000000000000000e+00
3.000142789999999948e-01,3.010999917984008789e+00,-4.819999933242797852e-01,8.399999737739562988e-01,1.159999966621398926e-01,2.070000022649765015e-01,-6.620000004768371582e-01,-1.883095088516489324e-01,3.987807908912310850e-02,1.013578055811800716e-02,-8.969503168979970908e-01,-1.186676427570994452e+00,4.025751922283350437e-01,1.000000000000000000e+00,0.000000000000000000e+00,3.010999917984008789e+00,-4.819999933242797852e-01,8.399999737739562988e-01,1.159999966621398926e-01,2.070000022649765015e-01,-6.620000004768371582e-01,1.000000000000000000e+00,2.984999895095825195e+00,4.830000102519989014e-01,8.450000286102294922e-01,-1.669999957084655762e-01,-2.029999941587448120e-01,-5.950000286102294922e-01,1.000000000000000000e+00,-1.200000010430812836e-02,-2.700000107288360596e-01,7.200000286102294922e-01,2.639999985694885254e-01,-3.000000026077032089e-03,-2.220000028610229492e-01,1.000000000000000000e+00,2.140000015497207642e-01,2.840000092983245850e-01,1.248000025749206543e+00,2.349999994039535522e-01,3.900000080466270447e-02,-3.179999887943267822e-01,1.000000000000000000e+00,1.000000000000000000e+00,0.000000000000000000e+00,0.000000000000000000e+00,1.000000000000000000e+00,2.984999895095825195e+00,4.830000102519989014e-01,8.450000286102294922e-01,-1.669999957084655762e-01,-2.029999941587448120e-01,-5.950000286102294922e-01,1.781374003684657870e-01,-1.188495640986435564e-01,-7.842839548594160437e-03,1.297458739159212060e+00,-4.944657876677122643e-01,-1.725461304026724152e-01,0.000000000000000000e+00,1.000000000000000000e+00,3.010999917984008789e+00,-4.819999933242797852e-01,8.399999737739562988e-01,1.159999966621398926e-01,2.070000022649765015e-01,-6.620000004768371582e-01,1.000000000000000000e+00,2.984999895095825195e+00,4.830000102519989014e-01,8.450000286102294922e-01,-1.669999957084655762e-01,-2.029999941587448120e-01,-5.950000286102294922e-01,1.000000000000000000e+00,-1.200000010430812836e-02,-2.700000107288360596e-01,7.200000286102294922e-01,2.639999985694885254e-01,-3.000000026077032089e-03,-2.220000028610229492e-01,1.000000000000000000e+00,2.140000015497207642e-01,2.840000092983245850e-01,1.248000025749206543e+00,2.349999994039535522e-01,3.900000080466270447e-02,-3.179999887943267822e-01,1.000000000000000000e+00,1.000000000000000000e+00,0.000000000000000000e+00,0.000000000000000000e+00,1.000000000000000000e+00
3.199350109999999914e-01,3.013000011444091797e+00,-4.769999980926513672e-01,8.270000219345092773e-01,1.230000033974647522e-01,2.489999979734420776e-01,-6.389999985694885254e-01,-2.049443595646668892e-01,2.951400389838765292e-02,1.644214169658335389e-02,-8.449332917361300765e-01,-1.688189383165602520e-01,2.394704705381691112e-01,1.000000000000000000e+00,0.000000000000000000e+00,3.013000011444091797e+00,-4.769999980926513672e-01,8.270000219345092773e-01,1.230000033974647522e-01,2.489999979734420776e-01,-6.389999985694885254e-01,1.000000000000000000e+00,2.980000019073486328e+00,4.760000109672546387e-01,8.299999833106994629e-01,-2.140000015497207642e-01,-2.770000100135803223e-01,-5.080000162124633789e-01,1.000000000000000000e+00,-6.000000052154064178e-03,-2.700000107288360596e-01,7.149999737739562988e-01,2.930000126361846924e-01,-1.000000047497451305e-03,-2.509999871253967285e-01,1.000000000000000000e+00,2.199999988079071045e-01,2.849999964237213135e-01,1.241000056266784668e+00,2.619999945163726807e-01,4.399999976158142090e-02,-3.540000021457672119e-01,1.000000000000000000e+00,1.000000000000000000e+00,0.000000000000000000e+00,0.000000000000000000e+00,1.000000000000000000e+00,2.980000019073486328e+00,4.760000109672546387e-01,8.299999833106994629e-01,-2.140000015497207642e-01,-2.770000100135803223e-01,-5.080000162124633789e-01,2.205297188483179294e-01,-1.321348731979063995e-01,-1.465023031247178475e-02,1.227253520453066127e+00,-4.253207263246776559e-01,-1.613164050734138544e-01,0.000000000000000000e+00,1.000000000000000000e+00,3.013000011444091797e+00,-4.769999980926513672e-01,8.270000219345092773e-01,1.230000033974647522e-01,2.489999979734420776e-01,-6.389999985694885254e-01,1.000000000000000000e+00,2.980000019073486328e+00,4.760000109672546387e-01,8.299999833106994629e-01,-2.140000015497207642e-01,-2.770000100135803223e-01,-5.080000162124633789e-01,1.000000000000000000e+00,-6.000000052154064178e-03,-2.700000107288360596e-01,7.149999737739562988e-01,2.930000126361846924e-01,-1.000000047497451305e-03,-2.509999871253967285e-01,1.000000000000000000e+00,2.199999988079071045e-01,2.849999964237213135e-01,1.241000056266784668e+00,2.619999945163726807e-01,4.399999976158142090e-02,-3.540000021457672119e-01,1.000000000000000000e+00,1.000000000000000000e+00,0.000000000000000000e+00,0.000000000000000000e+00,1.000000000000000000e+00
3.399986810000000248e-01,3.016000032424926758e+00,-4.720000028610229492e-01,8.149999976158142090e-01,1.289999932050704956e-01,2.960000038146972656e-01,-6.060000061988830566e-01,-2.187643303444811171e-01,4.093543257095766386e-02,1.778234329997518959e-02,-5.912972859605635234e-01,7.215169979284988822e-01,6.604183026035584381e-02,1.000000000000000000e+00,0.000000000000000000e+00,3.016000032424926758e+00,-4.720000028610229492e-01,8.149999976158142090e-01,1.289999932050704956e-01,2.960000038146972656e-01,-6.060000061988830566e-01,1.000000000000000000e+00,2.976000070571899414e+00,4.720000028610229492e-01,8.230000138282775879e-01,-2.329999953508377075e-01,-3.070000112056732178e-01,-4.839999973773956299e-01,1.000000000000000000e+00,0.000000000000000000e+00,-2.700000107288360596e-01,7.089999914169311523e-01,3.199999928474426270e-01,1.000000047497451305e-03,-2.809999883174896240e-01,1.000000000000000000e+00,2.259999960660934448e-01,2.860000133514404297e-01,1.233000040054321289e+00,2.890000045299530029e-01,4.899999871850013733e-02,-3.930000066757202148e-01,1.000000000000000000e+00,1.000000000000000000e+00,0.000000000000000000e+00,0.000000000000000000e+00,1.000000000000000000e+00,2.976000070571899414e+00,4.720000028610229492e-01,8.230000138282775879e-01,-2.329999953508377075e-01,-3.070000112056732178e-01,-4.839999973773956299e-01,2.318747874596176484e-01,-1.375609552419634340e-01,-1.604526823673609048e-02,8.772496157054254784e-01,-2.442011276245947826e-01,-8.933003451003465600e-02,0.000000000000000000e+00,1.000000000000000000e+00,3.016000032424926758e+00,-4.720000028610229492e-01,8.149999976158142090e-01,1.289999932050704956e-01,2.960000038146972656e-01,-6.060000061988830566e-01,1.000000000000000000e+00,2.976000070571899414e+00,4.720000028610229492e-01,8.230000138282775879e-01,-2.329999953508377075e-01,-3.070000112056732178e-01,-4.839999973773956299e-01,1.000000000000000000e+00,0.000000000000000000e+00,-2.700000107288360596e-01,7.089999914169311523e-01,3.199999928474426270e-01,1.000000047497451305e-03,-2.809999883174896240e-01,1.000000000000000000e+00,2.259999960660934448e-01,2.860000133514404297e-01,1.233000040054321289e+00,2.890000045299530029e-01,4.899999871850013733e-02,-3.930000066757202148e-01,1.000000000000000000e+00,1.000000000000000000e+00,0.000000000000000000e+00,0.000000000000000000e+00,1.000000000000000000e+00
3.600061860000000058e-01,3.019000053405761719e+00,-4.650000035762786865e-01,8.029999732971191406e-01,1.379999965429306030e-01,3.490000069141387939e-01,-5.600000023841857910e-01,-2.242100936439089254e-01,5.780036532010091044e-02,1.856742050582113612e-02,-2.420139386197556752e-01,8.787847206686163481e-01,1.706929284970176708e-02,1.000000000000000000e+00,0.000000000000000000e+00,3.019000053405761719e+00,-4.650000035762786865e-01,8.029999732971191406e-01,1.379999965429306030e-01,3.490000069141387939e-01,-5.600000023841857910e-01,1.000000000000000000e+00,2.970999956130981445e+00,4.639999866485595703e-01,8.130000233650207520e-01,-2.700000107288360596e-01,-3.709999918937683105e-01,-4.189999997615814209e-01,1.000000000000000000e+00,6.000000052154064178e-03,-2.700000107288360596e-01,7.030000090599060059e-01,3.470000028610229492e-01,4.000000189989805222e-03,-3.109999895095825195e-01,1.000000000000000000e+00,2.329999953508377075e-01,2.870000004768371582e-01,1.222000002861022949e+00,3.160000145435333252e-01,5.400000140070915222e-02,-4.350000023841857910e-01,1.000000000000000000e+00,1.000000000000000000e+00,0.000000000000000000e+00,0.000000000000000000e+00,1.000000000000000000e+00,2.970999956130981445e+00,4.639999866485595703e-01,8.130000233650207520e-01,-2.700000107288360596e-01,-3.709999918937683105e-01,-4.189999997615814209e-01,2.459817576972558872e-01,-1.401984900524317901e-01,-1.735861605675360908e-02,3.394509634762612471e-01,2.930738245058855940e-02,3.970980990550199846e-02,0.000000000000000000e+00,1.000000000000000000e+00,3.019000053405761719e+00,-4.650000035762786865e-01,8.029999732971191406e-01,1.379999965429306030e-01,3.490000069141387939e-01,-5.600000023841857910e-01,1.000000000000000000e+00,2.970999956130981445e+00,4.639999866485595703e-01,8.130000233650207520e-01,-2.700000107288360596e-01,-3.709999918937683105e-01,-4.189999997615814209e-01,1.000000000000000000e+00,6.000000052154064178e-03,-2.700000107288360596e-01,7.030000090599060059e-01,3.470000028610229492e-01,4.000000189989805222e-03,-3.109999895095825195e-01,1.000000000000000000e+00,2.329999953508377075e-01,2.870000004768371582e-01,1.222000002861022949e+00,3.160000145435333252e-01,5.400000140070915222e-02,-4.350000023841857910e-01,1.000000000000000000e+00,1.000000000000000000e+00,0.000000000000000000e+00,0.000000000000000000e+00,1.000000000000000000e+00
3.802222219999999986e-01,3.022000074386596680e+00,-4.569999873638153076e-01,7.919999957084655762e-01,1.519999951124191284e-01,4.050000011920928955e-01,-5.040000081062316895e-01,-2.240945651307668096e-01,6.911619028158133560e-02,2.008747004756970822e-02,1.910015342717949482e-01,3.073712962887938938e-01,1.158615670260039338e-01,1.000000000000000000e+00,0.000000000000000000e+00,3.022000074386596680e+00,-4.569999873638153076e-01,7.919999957084655762e-01,1.519999951124191284e-01,4.050000011920928955e-01,-5.040000081062316895e-01,1.000000000000000000e+00,2.964999914169311523e+00,4.550000131130218506e-01,8.059999942779541016e-01,-3.079999983310699463e-01,-4.379999935626983643e-01,-3.459999859333038330e-01,1.000000000000000000e+00,1.300000026822090149e-02,-2.700000107288360596e-01,6.959999799728393555e-01,3.729999959468841553e-01,7.000000216066837311e-03,-3.409999907016754150e-01,1.000000000000000000e+00,2.399999946355819702e-01,2.879999876022338867e-01,1.213000059127807617e+00,3.389999866485595703e-01,5.799999833106994629e-02,-4.699999988079071045e-01,1.000000000000000000e+00,1.000000000000000000e+00,0.000000000000000000e+00,0.000000000000000000e+00,1.000000000000000000e+00,2.964999914169311523e+00,4.550000131130218506e-01,8.059999942779541016e-01,-3.079999983310699463e-01,-4.379999935626983643e-01,-3.459999859333038330e-01,2.513398347046934544e-01,-1.377452451079588247e-01,-1.463320315761920676e-02,-7.871529876680571913e-02,2.521699325181284701e-01,1.654306742266314356e-01,0.000000000000000000e+00,1.000000000000000000e+00,3.022000074386596680e+00,-4.569999873638153076e-01,7.919999957084655762e-01,1.519999951124191284e-01,4.050000011920928955e-01,-5.040000081062316895e-01,1.000000000000000000e+00,2.964999914169311523e+00,4.550000131130218506e-01,8.059999942779541016e-01,-3.079999983310699463e-01,-4.379999935626983643e-01,-3.459999859333038330e-01,1.000000000000000000e+00,1.300000026822090149e-02,-2.700000107288360596e-01,6.959999799728393555e-01,3.729999959468841553e-01,7.000000216066837311e-03,-3.409999907016754150e-01,1.000000000000000000e+00,2.399999946355819702e-01,2.879999876022338867e-01,1.213000059127807617e+00,3.389999866485595703e-01,5.799999833106994629e-02,-4.699999988079071045e-01,1.000000000000000000e+00,1.000000000000000000e+00,0.000000000000000000e+00,0.000000000000000000e+00,1.000000000000000000e+00
3.999941550000000179e-01,3.025000095367431641e+00,-4.480000138282775879e-01,7.820000052452087402e-01,1.669999957084655762e-01,4.620000123977661133e-01,-4.379999935626983643e-01,-2.128220119078023387e-01,5.857881464277681083e-02,2.715629868796937130e-02,5.580605006301713189e-01,-7.386175267510594056e-01,3.084871628198745386e-01,1.000000000000000000e+00,0.000000000000000000e+00,3.025000095367431641e+00,-4.480000138282775879e-01,7.820000052452087402e-01,1.669999957084655762e-01,4.620000123977661133e-01,-4.379999935626983643e-01,1.000000000000000000e+00,2.957000017166137695e+00,4.440000057220458984e-01,7.990000247955322266e-01,-3.459999859333038330e-01,-5.090000033378601074e-01,-2.700000107288360596e-01,1.000000000000000000e+00,2.099999971687793732e-02,-2.700000107288360596e-01,6.880000233650207520e-01,3.989999890327453613e-01,1.200000010430812836e-02,-3.700000047683715820e-01,1.000000000000000000e+00,2.440000027418136597e-01,2.890000045299530029e-01,1.207000017166137695e+00,3.519999980926513672e-01,5.999999865889549255e-02,-4.900000095367431641e-01,1.000000000000000000e+00,1.000000000000000000e+00,0.000000000000000000e+00,0.000000000000000000e+00,1.000000000000000000e+00,2.957000017166137695e+00,4.440000057220458984e-01,7.990000247955322266e-01,-3.459999859333038330e-01,-5.090000033378601074e-01,-2.700000107288360596e-01,2.482172029578309236e-01,-1.326045285738466362e-01,-1.097620310723121384e-02,-3.606830895894601596e-01,4.349238824191408170e-01,2.850109225786502387e-01,0.000000000000000000e+00,1.000000000000000000e+00,3.025000095367431641e+00,-4.480000138282775879e-01,7.820000052452087402e-01,1.669999957084655762e-01,4.620000123977661133e-01,-4.379999935626983643e-01,1.000000000000000000e+00,2.957000017166137695e+00,4.440000057220458984e-01,7.990000247955322266e-01,-3.459999859333038330e-01,-5.090000033378601074e-01,-2.700000107288360596e-01,1.000000000000000000e+00,2.099999971687793732e-02,-2.700000107288360596e-01,6.880000233650207520e-01,3.989999890327453613e-01,1.200000010430812836e-02,-3.700000047683715820e-01,1.000000000000000000e+00,2.440000027418136597e-01,2.890000045299530029e-01,1.207000017166137695e+00,3.519999980926513672e-01,5.999999865889549255e-02,-4.900000095367431641e-01,1.000000000000000000e+00,1.000000000000000000e+00,0.000000000000000000e+00,0.000000000000000000e+00,1.000000000000000000e+00
4.200217880000000070e-01,3.029000043869018555e+00,-4.379999935626983643e-01,7.739999890327453613e-01,1.780000030994415283e-01,5.170000195503234863e-01,-3.630000054836273193e-01,-2.019123910329713167e-01,2.869165307054255543e-02,3.604362007111189259e-02,5.870681380929116955e-01,-1.770655082108583800e+00,4.555307514556638515e-01,1.000000000000000000e+00,0.000000000000000000e+00,3.029000043869018555e+00,-4.379999935626983643e-01,7.739999890327453613e-01,1.780000030994415283e-01,5.170000195503234863e-01,-3.630000054836273193e-01,1.000000000000000000e+00,2.950000047683715820e+00,4.339999854564666748e-01,7.950000166893005371e-01,-3.779999911785125732e-01,-5.730000138282775879e-01,-1.889999955892562866e-01,1.000000000000000000e+00,2.999999932944774628e-02,-2.689999938011169434e-01,6.800000071525573730e-01,4.250000119209289551e-01,1.700000092387199402e-02,-4.000000059604644775e-01,1.000000000000000000e+00,2.560000121593475342e-01,2.910000085830688477e-01,1.190999984741210938e+00,3.880000114440917969e-01,6.499999761581420898e-02,-5.440000295639038086e-01,1.000000000000000000e+00,1.000000000000000000e+00,0.000000000000000000e+00,0.000000000000000000e+00,1.000000000000000000e+00,2.950000047683715820e+00,4.339999854564666748e-01,7.950000166893005371e-01,-3.779999911785125732e-01,-5.730000138282775879e-01,-1.889999955892562866e-01,2.392403726141549281e-01,-1.222990907651506642e-01,-3.547227400955393906e-03,-2.711559142147889068e-01,4.029885880305507651e-01,3.209647828766605815e-01,0.000000000000000000e+00,1.000000000000000000e+00,3.029000043869018555e+00,-4.379999935626983643e-01,7.739999890327453613e-01,1.780000030994415283e-01,5.170000195503234863e-01,-3.630000054836273193e-01,1.000000000000000000e+00,2.950000047683715820e+00,4.339999854564666748e-01,7.950000166893005371e-01,-3.779999911785125732e-01,-5.730000138282775879e-01,-1.889999955892562866e-01,1.000000000000000000e+00,2.999999932944774628e-02,-2.689999938011169434e-01,6.800000071525573730e-01,4.250000119209289551e-01,1.700000092387199402e-02,-4.000000059604644775e-01,1.000000000000000000e+00,2.560000121593475342e-01,2.910000085830688477e-01,1.190999984741210938e+00,3.880000114440917969e-01,6.499999761581420898e-02,-5.440000295639038086e-01,1.000000000000000000e+00,1.000000000000000000e+00,0.000000000000000000e+00,0.000000000000000000e+00,1.000000000000000000e+00
4.399918620000000113e-01,3.032000064849853516e+00,-4.259999990463256836e-01,7.680000066757202148e-01,1.770000010728836060e-01,5.690000057220458984e-01,-2.870000004768371582e-01,-1.944334366218000987e-01,-1.498736874944217590e-02,4.595730320763977139e-02,2.138494340793906934e-01,-2.345011131893340206e+00,4.771240753782253208e-01,1.000000000000000000e+00,0.000000000000000000e+00,3.032000064849853516e+00,-4.259999990463256836e-01,7.680000066757202148e-01,1.770000010728836060e-01,5.690000057220458984e-01,-2.870000004768371582e-01,1.000000000000000000e+00,2.941999912261962891e+00,4.210000038146972656e-01,7.919999957084655762e-01,-4.079999923706054688e-01,-6.349999904632568359e-01,-1.199999973177909851e-01,1.000000000000000000e+00,3.999999910593032837e-02,-2.689999938011169434e-01,6.700000166893005371e-01,4.519999921321868896e-01,2.400000020861625671e-02,-4.300000071525573730e-01,1.000000000000000000e+00,2.639999985694885254e-01,2.919999957084655762e-01,1.179000020027160645e+00,4.110000133514404297e-01,6.800000369548797607e-02,-5.770000219345092773e-01,1.000000000000000000e+00,1.000000000000000000e+00,0.000000000000000000e+00,0.000000000000000000e+00,1.000000000000000000e+00,2.941999912261962891e+00,4.210000038146972656e-01,7.919999957084655762e-01,-4.079999923706054688e-01,-6.349999904632568359e-01,-1.199999973177909851e-01,2.360309852978017819e-01,-1.174509575953879281e-01,2.808672793799982248e-03,5.523829779840905285e-02,5.763310839985267414e-02,2.625141985425394342e-01,0.000000000000000000e+00,1.000000000000000000e+00,3.032000064849853516e+00,-4.259999990463256836e-01,7.680000066757202148e-01,1.770000010728836060e-01,5.690000057220458984e-01,-2.870000004768371582e-01,1.000000000000000000e+00,2.941999912261962891e+00,4.210000038146972656e-01,7.919999957084655762e-01,-4.079999923706054688e-01,-6.349999904632568359e-01,-1.199999973177909851e-01,1.000000000000000000e+00,3.999999910593032837e-02,-2.689999938011169434e-01,6.700000166893005371e-01,4.519999921321868896e-01,2.400000020861625671e-02,-4.300000071525573730e-01,1.000000000000000000e+00,2.639999985694885254e-01,2.919999957084655762e-01,1.179000020027160645e+00,4.110000133514404297e-01,6.800000369548797607e-02,-5.770000219345092773e-01,1.000000000000000000e+00,1.000000000000000000e+00,0.000000000000000000e+00,0.000000000000000000e+00,1.000000000000000000e+00
4.599297459999999726e-01,3.036000013351440430e+00,-4.140000045299530029e-01,7.620000243186950684e-01,1.630000025033950806e-01,6.179999709129333496e-01,-2.169999927282333374e-01,-1.957453496271173154e-01,-5.878058735532820656e-02,5.307217762343098555e-02,-2.959278731869195989e-01,-1.855175493689894095e+00,3.051722508606705686e-01,1.000000000000000000e+00,0.000000000000000000e+00,3.036000013351440430e+00,-4.140000045299530029e-01,7.620000243186950684e-01,1.630000025033950806e-01,6.179999709129333496e-01,-2.169999927282333374e-01,1.000000000000000000e+00,2.933000087738037109e+00,4.079999923706054688e-01,7.900000214576721191e-01,-4.329999983310699463e-01,-6.890000104904174805e-01,-7.999999821186065674e-02,1.000000000000000000e+00,5.000000074505805969e-02,-2.680000066757202148e-01,6.600000262260437012e-01,4.760000109672546387e-01,3.200000151991844177e-02,-4.569999873638153076e-01,1.000000000000000000e+00,2.720000147819519043e-01,2.939999997615814209e-01,1.166000008583068848e+00,4.329999983310699463e-01,7.000000029802322388e-02,-6.079999804496765137e-01,1.000000000000000000e+00,1.000000000000000000e+00,0.000000000000000000e+00,0.000000000000000000e+00,1.000000000000000000e+00,2.933000087738037109e+00,4.079999923706054688e-01,7.900000214576721191e-01,-4.329999983310699463e-01,-6.890000104904174805e-01,-7.999999821186065674e-02,2.385116106257395563e-01,-1.181148935942162304e-01,8.168268728377045540e-03,1.991796951404051219e-01,-1.733311392929870187e-01,2.021403567434775783e-01,0.000000000000000000e+00,1.000000000000000000e+00,3.036000013351440430e+00,-4.140000045299530029e-01,7.620000243186950684e-01,1.630000025033950806e-01,6.179999709129333496e-01,-2.169999927282333374e-01,1.000000000000000000e+00,2.933000087738037109e+00,4.079999923706054688e-01,7.900000214576721191e-01,-4.329999983310699463e-01,-6.890000104904174805e-01,-7.999999821186065674e-02,1.000000000000000000e+00,5.000000074505805969e-02,-2.680000066757202148e-01,6.600000262260437012e-01,4.760000109672546387e-01,3.200000151991844177e-02,-4.569999873638153076e-01,1.000000000000000000e+00,2.720000147819519043e-01,2.939999997615814209e-01,1.166000008583068848e+00,4.329999983310699463e-01,7.000000029802322388e-02,-6.079999804496765137e-01,1.000000000000000000e+00,1.000000000000000000e+00,0.000000000000000000e+00,0.000000000000000000e+00,1.000000000000000000e+00
4.802241999999999900e-01,3.039000034332275391e+00,-4.009999930858612061e-01,7.580000162124633789e-01,1.420000046491622925e-01,6.650000214576721191e-01,-1.620000004768371582e-01,-2.076500062263332003e-01,-8.050876299910703082e-02,5.573875440849043739e-02,-6.762887581494763101e-01,-7.160899804027412996e-01,1.602483303257537517e-02,1.000000000000000000e+00,0.000000000000000000e+00,3.039000034332275391e+00,-4.009999930858612061e-01,7.580000162124633789e-01,1.420000046491622925e-01,6.650000214576721191e-01,-1.620000004768371582e-01,1.000000000000000000e+00,2.924000024795532227e+00,3.930000066757202148e-01,7.870000004768371582e-01,-4.530000090599060059e-01,-7.329999804496765137e-01,-8.399999886751174927e-02,1.000000000000000000e+00,5.999999865889549255e-02,-2.669999897480010986e-01,6.499999761581420898e-01,4.979999959468841553e-01,3.999999910593032837e-02,-4.830000102519989014e-01,1.000000000000000000e+00,2.820000052452087402e-01,2.949999868869781494e-01,1.152999997138977051e+00,4.539999961853027344e-01,7.100000232458114624e-02,-6.359999775886535645e-01,1.000000000000000000e+00,1.000000000000000000e+00,0.000000000000000000e+00,0.000000000000000000e+00,1.000000000000000000e+00,2.924000024795532227e+00,3.930000066757202148e-01,7.870000004768371582e-01,-4.530000090599060059e-01,-7.329999804496765137e-01,-8.399999886751174927e-02,2.411780099552243428e-01,-1.212122388287710795e-01,1.043033385822686454e-02,9.509185644265524817e-02,-1.730043952053377521e-01,1.729151016592903323e-01,0.000000000000000000e+00,1.000000000000000000e+00,3.039000034332275391e+00,-4.009999930858612061e-01,7.580000162124633789e-01,1.420000046491622925e-01,6.650000214576721191e-01,-1.620000004768371582e-01,1.000000000000000000e+00,2.924000024795532227e+00,3.930000066757202148e-01,7.870000004768371582e-01,-4.530000090599060059e-01,-7.329999804496765137e-01,-8.399999886751174927e-02,1.000000000000000000e+00,5.999999865889549255e-02,-2.669999897480010986e-01,6.499999761581420898e-01,4.979999959468841553e-01,3.999999910593032837e-02,-4.830000102519989014e-01,1.000000000000000000e+00,2.820000052452087402e-01,2.949999868869781494e-01,1.152999997138977051e+00,4.539999961853027344e-01,7.100000232458114624e-02,-6.359999775886535645e-01,1.000000000000000000e+00,1.000000000000000000e+00,0.000000000000000000e+00,0.000000000000000000e+00,1.000000000000000000e+00
5.000003299999999928e-01,3.042000055313110352e+00,-3.869999945163726807e-01,7.549999952316284180e-01,1.190000027418136597e-01,7.110000252723693848e-01,-1.209999993443489075e-01,-2.186811326984139936e-01,-8.355386207064907644e-02,5.097927166372397123e-02,-4.968679198428148647e-01,-3.829071952513158489e-02,-2.052811016826632529e-01,1.000000000000000000e+00,0.000000000000000000e+00,3.042000055313110352e+00,-3.869999945163726807e-01,7.549999952316284180e-01,1.190000027418136597e-01,7.110000252723693848e-01,-1.209999993443489075e-01,1.000000000000000000e+00,2.914999961853027344e+00,3.779999911785125732e-01,7.839999794960021973e-01,-4.699999988079071045e-01,-7.699999809265136719e-01,-1.220000013709068298e-01,1.000000000000000000e+00,6.899999827146530151e-02,-2.669999897480010986e-01,6.420000195503234863e-01,5.120000243186950684e-01,4.800000041723251343e-02,-4.979999959468841553e-01,1.000000000000000000e+00,2.910000085830688477e-01,2.969999909400939941e-01,1.139000058174133301e+00,4.740000069141387939e-01,6.899999827146530151e-02,-6.589999794960021973e-01,1.000000000000000000e+00,1.000000000000000000e+00,0.000000000000000000e+00,0.000000000000000000e+00,1.000000000000000000e+00,2.914999961853027344e+00,3.779999911785125732e-01,7.839999794960021973e-01,-4.699999988079071045e-01,-7.699999809265136719e-01,-1.220000013709068298e-01,2.410354378431188715e-01,-1.242984225028862522e-01,1.285942432160787352e-02,-9.892009463163611849e-02,-8.356338970730642357e-02,1.526077608666037144e-01,0.000000000000000000e+00,1.000000000000000000e+00,3.042000055313110352e+00,-3.869999945163726807e-01,7.549999952316284180e-01,1.190000027418136597e-01,7.110000252723693848e-01,-1.209999993443489075e-01,1.000000000000000000e+00,2.914999961853027344e+00,3.779999911785125732e-01,7.839999794960021973e-01,-4.699999988079071045e-01,-7.699999809265136719e-01,-1.220000013709068298e-01,1.000000000000000000e+00,6.899999827146530151e-02,-2.669999897480010986e-01,6.420000195503234863e-01,5.120000243186950684e-01,4.800000041723251343e-02,-4.979999959468841553e-01,1.000000000000000000e+00,2.910000085830688477e-01,2.969999909400939941e-01,1.139000058174133301e+00,4.740000069141387939e-01,6.899999827146530151e-02,-6.589999794960021973e-01,1.000000000000000000e+00,1.000000000000000000e+00,0.000000000000000000e+00,0.000000000000000000e+00,1.000000000000000000e+00
5.199501370000000344e-01,3.043999910354614258e+00,-3.720000088214874268e-01,7.519999742507934570e-01,9.799999743700027466e-02,7.540000081062316895e-01,-1.080000028014183044e-01,-2.213333566275901276e-01,-8.684687225438669778e-02,4.589167311282858763e-02,5.106909872771714376e-02,-2.747846268736652275e-01,-2.198477490620378005e-01,1.000000000000000000e+00,0.000000000000000000e+00,3.043999910354614258e+00,-3.720000088214874268e-01,7.519999742507934570e-01,9.799999743700027466e-02,7.540000081062316895e-01,-1.080000028014183044e-01,1.000000000000000000e+00,2.904999971389770508e+00,3.619999885559082031e-01,7.799999713897705078e-01,-4.839999973773956299e-01,-7.990000247955322266e-01,-1.840000003576278687e-01,1.000000000000000000e+00,8.100000023841857910e-02,-2.649999856948852539e-01,6.290000081062316895e-01,5.350000262260437012e-01,5.799999833106994629e-02,-5.230000019073486328e-01,1.000000000000000000e+00,3.019999861717224121e-01,2.980000078678131104e-01,1.123999953269958496e+00,4.950000047683715820e-01,6.400000303983688354e-02,-6.779999732971191406e-01,1.000000000000000000e+00,1.000000000000000000e+00,0.000000000000000000e+00,0.000000000000000000e+00,1.000000000000000000e+00,2.904999971389770508e+00,3.619999885559082031e-01,7.799999713897705078e-01,-4.839999973773956299e-01,-7.990000247955322266e-01,-1.840000003576278687e-01,2.380618428766158590e-01,-1.246097690636953637e-01,1.579795358202484845e-02,-2.267993799521724752e-01,-1.795495805773685005e-03,1.271196193708933053e-01,0.000000000000000000e+00,1.000000000000000000e+00,3.043999910354614258e+00,-3.720000088214874268e-01,7.519999742507934570e-01,9.799999743700027466e-02,7.540000081062316895e-01,-1.080000028014183044e-01,1.000000000000000000e+00,2.904999971389770508e+00,3.619999885559082031e-01,7.799999713897705078e-01,-4.839999973773956299e-01,-7.990000247955322266e-01,-1.840000003576278687e-01,1.000000000000000000e+00,8.100000023841857910e-02,-2.649999856948852539e-01,6.290000081062316895e-01,5.350000262260437012e-01,5.799999833106994629e-02,-5.230000019073486328e-01,1.000000000000000000e+00,3.019999861717224121e-01,2.980000078678131104e-01,1.123999953269958496e+00,4.950000047683715820e-01,6.400000303983688354e-02,-6.779999732971191406e-01,1.000000000000000000e+00,1.000000000000000000e+00,0.000000000000000000e+00,0.000000000000000000e+00,1.000000000000000000e+00
5.399976669999999590e-01,3.046000003814697266e+00,-3.560000061988830566e-01,7.480000257492065430e-01,7.999999821186065674e-02,7.889999747276306152e-01,-1.299999952316284180e-01,-2.104927176849634429e-01,-1.011635711093115120e-01,4.413473161208739115e-02,6.601234107785312055e-01,-8.294363027191384852e-01,-1.497501147939550858e-01,1.000000000000000000e+00,0.000000000000000000e+00,3.046000003814697266e+00,-3.560000061988830566e-01,7.480000257492065430e-01,7.999999821186065674e-02,7.889999747276306152e-01,-1.299999952316284180e-01,1.000000000000000000e+00,2.894999980926513672e+00,3.449999988079071045e-01,7.730000019073486328e-01,-4.950000047683715820e-01,-8.230000138282775879e-01,-2.669999897480010986e-01,1.000000000000000000e+00,9.200000017881393433e-02,-2.639999985694885254e-01,6.179999709129333496e-01,5.540000200271606445e-01,7.000000029802322388e-02,-5.429999828338623047e-01,1.000000000000000000e+00,3.059999942779541016e-01,2.989999949932098389e-01,1.118000030517578125e+00,5.019999742507934570e-01,5.900000035762786865e-02,-6.800000071525573730e-01,1.000000000000000000e+00,1.000000000000000000e+00,0.000000000000000000e+00,0.000000000000000000e+00,1.000000000000000000e+00,2.894999980926513672e+00,3.449999988079071045e-01,7.730000019073486328e-01,-4.950000047683715820e-01,-8.230000138282775879e-01,-2.669999897480010986e-01,2.322720570598741929e-01,-1.221324384735649193e-01,1.923328974920333889e-02,-2.347253104433214277e-01,1.255056812280273548e-01,1.044521725942992862e-01,0.000000000000000000e+00,1.000000000000000000e+00,3.046000003814697266e+00,-3.560000061988830566e-01,7.480000257492065430e-01,7.999999821186065674e-02,7.889999747276306152e-01,-1.299999952316284180e-01,1.000000000000000000e+00,2.894999980926513672e+00,3.449999988079071045e-01,7.730000019073486328e-01,-4.950000047683715820e-01,-8.230000138282775879e-01,-2.669999897480010986e-01,1.000000000000000000e+00,9.200000017881393433e-02,-2.639999985694885254e-01,6.179999709129333496e-01,5.540000200271606445e-01,7.000000029802322388e-02,-5.429999828338623047e-01,1.000000000000000000e+00,3.059999942779541016e-01,2.989999949932098389e-01,1.118000030517578125e+00,5.019999742507934570e-01,5.900000035762786865e-02,-6.800000071525573730e-01,1.000000000000000000e+00,1.000000000000000000e+00,0.000000000000000000e+00,0.000000000000000000e+00,1.000000000000000000e+00
5.599832909999999941e-01,3.046999931335449219e+00,-3.400000035762786865e-01,7.440000176429748535e-01,6.300000101327896118e-02,8.149999976158142090e-01,-1.800000071525573730e-01,-1.913481076028965555e-01,-1.241852476594977883e-01,3.978953837218257572e-02,1.032092408963398267e+00,-1.220750933417000805e+00,-1.137710794671314418e-01,1.000000000000000000e+00,0.000000000000000000e+00,3.046999931335449219e+00,-3.400000035762786865e-01,7.440000176429748535e-01,6.300000101327896118e-02,8.149999976158142090e-01,-1.800000071525573730e-01,1.000000000000000000e+00,2.884999990463256836e+00,3.280000090599060059e-01,7.659999728202819824e-01,-5.040000081062316895e-01,-8.439999818801879883e-01,-3.600000143051147461e-01,1.000000000000000000e+00,1.040000021457672119e-01,-2.619999945163726807e-01,6.060000061988830566e-01,5.720000267028808594e-01,8.299999684095382690e-02,-5.590000152587890625e-01,1.000000000000000000e+00,3.170000016689300537e-01,3.000000119209289551e-01,1.103000044822692871e+00,5.210000276565551758e-01,5.000000074505805969e-02,-6.930000185966491699e-01,1.000000000000000000e+00,1.000000000000000000e+00,0.000000000000000000e+00,0.000000000000000000e+00,1.000000000000000000e+00,2.884999990463256836e+00,3.280000090599060059e-01,7.659999728202819824e-01,-5.040000081062316895e-01,-8.439999818801879883e-01,-3.600000143051147461e-01,2.292960375052912059e-01,-1.196683838866936522e-01,2.248541790009779551e-02,-1.356920734392999539e-01,3.378511967792530157e-01,1.063139081616816667e-01,0.000000000000000000e+00,1.000000000000000000e+00,3.046999931335449219e+00,-3.400000035762786865e-01,7.440000176429748535e-01,6.300000101327896118e-02,8.149999976158142090e-01,-1.800000071525573730e-01,1.000000000000000000e+00,2.884999990463256836e+00,3.280000090599060059e-01,7.659999728202819824e-01,-5.040000081062316895e-01,-8.439999818801879883e-01,-3.600000143051147461e-01,1.000000000000000000e+00,1.040000021457672119e-01,-2.619999945163726807e-01,6.060000061988830566e-01,5.720000267028808594e-01,8.299999684095382690e-02,-5.590000152587890625e-01,1.000000000000000000e+00,3.170000016689300537e-01,3.000000119209289551e-01,1.103000044822692871e+00,5.210000276565551758e-01,5.000000074505805969e-02,-6.930000185966491699e-01,1.000000000000000000e+00,1.000000000000000000e+00,0.000000000000000000e+00,0.000000000000000000e+00,1.000000000000000000e+00
5.801415090000000552e-01,3.048000097274780273e+00,-3.230000138282775879e-01,7.379999756813049316e-01,4.500000178813934326e-02,8.339999914169311523e-01,-2.540000081062316895e-01,-1.695783166966341460e-01,-1.497251140566375760e-01,3.781726387601259953e-02,1.101236049062754629e+00,-1.251712176872458837e+00,-1.423646106644949061e-01,1.000000000000000000e+00,0.000000000000000000e+00,3.048000097274780273e+00,-3.230000138282775879e-01,7.379999756813049316e-01,4.500000178813934326e-02,8.339999914169311523e-01,-2.540000081062316895e-01,1.000000000000000000e+00,2.874000072479248047e+00,3.109999895095825195e-01,7.559999823570251465e-01,-5.130000114440917969e-01,-8.619999885559082031e-01,-4.620000123977661133e-01,1.000000000000000000e+00,1.169999986886978149e-01,-2.599999904632568359e-01,5.929999947547912598e-01,5.920000076293945312e-01,1.000000014901161194e-01,-5.749999880790710449e-01,1.000000000000000000e+00,3.280000090599060059e-01,3.009999990463256836e-01,1.088999986648559570e+00,5.400000214576721191e-01,3.700000047683715820e-02,-7.020000219345092773e-01,1.000000000000000000e+00,1.000000000000000000e+00,0.000000000000000000e+00,0.000000000000000000e+00,1.000000000000000000e+00,2.874000072479248047e+00,3.109999895095825195e-01,7.559999823570251465e-01,-5.130000114440917969e-01,-8.619999885559082031e-01,-4.620000123977661133e-01,2.264824250917125137e-01,-1.086196162333055160e-01,2.389964949023172525e-02,-2.269673548806589412e-03,5.948668757132635765e-01,1.224070108256389566e-01,0.000000000000000000e+00,1.000000000000000000e+00,3.048000097274780273e+00,-3.230000138282775879e-01,7.379999756813049316e-01,4.500000178813934326e-02,8.339999914169311523e-01,-2.540000081062316895e-01,1.000000000000000000e+00,2.874000072479248047e+00,3.109999895095825195e-01,7.559999823570251465e-01,-5.130000114440917969e-01,-8.619999885559082031e-01,-4.620000123977661133e-01,1.000000000000000000e+00,1.169999986886978149e-01,-2.599999904632568359e-01,5.929999947547912598e-01,5.920000076293945312e-01,1.000000014901161194e-01,-5.749999880790710449e-01,1.000000000000000000e+00,3.280000090599060059e-01,3.009999990463256836e-01,1.088999986648559570e+00,5.400000214576721191e-01,3.700000047683715820e-02,-7.020000219345092773e-01,1.000000000000000000e+00,1.000000000000000000e+00,0.000000000000000000e+00,0.000000000000000000e+00,1.000000000000000000e+00
5.998986739999999651e-01,3.049000024795532227e+00,-3.039999902248382568e-01,7.310000061988830566e-01,2.700000070035457611e-02,8.529999852180480957e-01,-3.400000035762786865e-01,-1.476294380873116319e-01,-1.724877477077508825e-01,3.507046576127522547e-02,9.532635251578355229e-01,-9.957601049914029945e-01,-1.996315044530422300e-01,1.000000000000000000e+00,0.000000000000000000e+00,3.049000024795532227e+00,-3.039999902248382568e-01,7.310000061988830566e-01,2.700000070035457611e-02,8.529999852180480957e-01,-3.400000035762786865e-01,1.000000000000000000e+00,2.864000082015991211e+00,2.930000126361846924e-01,7.440000176429748535e-01,-5.199999809265136719e-01,-8.790000081062316895e-01,-5.680000185966491699e-01,1.000000000000000000e+00,1.289999932050704956e-01,-2.579999864101409912e-01,5.809999704360961914e-01,6.069999933242797852e-01,1.169999986886978149e-01,-5.860000252723693848e-01,1.000000000000000000e+00,3.389999866485595703e-01,3.009999990463256836e-01,1.074000000953674316e+00,5.590000152587890625e-01,2.199999988079071045e-02,-7.089999914169311523e-01,1.000000000000000000e+00,1.000000000000000000e+00,0.000000000000000000e+00,0.000000000000000000e+00,1.000000000000000000e+00,2.864000082015991211e+00,2.930000126361846924e-01,7.440000176429748535e-01,-5.199999809265136719e-01,-8.790000081062316895e-01,-5.680000185966491699e-01,2.264955319909336962e-01,-9.485279892192566287e-02,2.545618480091638158e-02,1.026513114482832251e-01,8.126066918916350357e-01,1.303833645922737872e-01,0.000000000000000000e+00,1.000000000000000000e+00,3.049000024795532227e+00,-3.039999902248382568e-01,7.310000061988830566e-01,2.700000070035457611e-02,8.529999852180480957e-01,-3.400000035762786865e-01,1.000000000000000000e+00,2.864000082015991211e+00,2.930000126361846924e-01,7.440000176429748535e-01,-5.199999809265136719e-01,-8.790000081062316895e-01,-5.680000185966491699e-01,1.000000000000000000e+00,1.289999932050704956e-01,-2.579999864101409912e-01,5.809999704360961914e-01,6.069999933242797852e-01,1.169999986886978149e-01,-5.860000252723693848e-01,1.000000000000000000e+00,3.389999866485595703e-01,3.009999990463256836e-01,1.074000000953674316e+00,5.590000152587890625e-01,2.199999988079071045e-02,-7.089999914169311523e-01,1.000000000000000000e+00,1.000000000000000000e+00,0.000000000000000000e+00,0.000000000000000000e+00,1.000000000000000000e+00
6.199398720000000029e-01,3.049999952316284180e+00,-2.879999876022338867e-01,7.220000028610229492e-01,8.000000379979610443e-03,8.579999804496765137e-01,-4.309999942779541016e-01,-1.334180473354535101e-01,-1.841855695811553950e-01,2.905280824737085932e-02,6.978158732844955692e-01,-5.657418698465045415e-01,-2.501604098558862788e-01,1.000000000000000000e+00,0.000000000000000000e+00,3.049999952316284180e+00,-2.879999876022338867e-01,7.220000028610229492e-01,8.000000379979610443e-03,8.579999804496765137e-01,-4.309999942779541016e-01,1.000000000000000000e+00,2.852999925613403320e+00,2.750000059604644775e-01,7.310000061988830566e-01,-5.270000100135803223e-01,-8.980000019073486328e-01,-6.639999747276306152e-01,1.000000000000000000e+00,1.420000046491622925e-01,-2.549999952316284180e-01,5.680000185966491699e-01,6.209999918937683105e-01,1.350000053644180298e-01,-5.960000157356262207e-01,1.000000000000000000e+00,3.510000109672546387e-01,3.009999990463256836e-01,1.059000015258789062e+00,5.759999752044677734e-01,4.999999888241291046e-03,-7.160000205039978027e-01,1.000000000000000000e+00,1.000000000000000000e+00,0.000000000000000000e+00,0.000000000000000000e+00,1.000000000000000000e+00,2.852999925613403320e+00,2.750000059604644775e-01,7.310000061988830566e-01,-5.270000100135803223e-01,-8.980000019073486328e-01,-6.639999747276306152e-01,2.292391047734031739e-01,-7.869372022686960122e-02,2.996961583871857182e-02,1.370034670840881430e-01,9.613426459770535448e-01,1.271620888906424551e-01,0.000000000000000000e+00,1.000000000000000000e+00,3.049999952316284180e+00,-2.879999876022338867e-01,7.220000028610229492e-01,8.000000379979610443e-03,8.579999804496765137e-01,-4.309999942779541016e-01,1.000000000000000000e+00,2.852999925613403320e+00,2.750000059604644775e-01,7.310000061988830566e-01,-5.270000100135803223e-01,-8.980000019073486328e-01,-6.639999747276306152e-01,1.000000000000000000e+00,1.420000046491622925e-01,-2.549999952316284180e-01,5.680000185966491699e-01,6.209999918937683105e-01,1.350000053644180298e-01,-5.960000157356262207e-01,1.000000000000000000e+00,3.510000109672546387e-01,3.009999990463256836e-01,1.059000015258789062e+00,5.759999752044677734e-01,4.999999888241291046e-03,-7.160000205039978027e-01,1.000000000000000000e+00,1.000000000000000000e+00,0.000000000000000000e+00,0.000000000000000000e+00,1.000000000000000000e+00
6.399293830000000183e-01,3.049000024795532227e+00,-2.709999978542327881e-01,7.110000252723693848e-01,-1.300000026822090149e-02,8.690000176429748535e-01,-5.109999775886535645e-01,-1.220625928722669645e-01,-1.900622673160419218e-01,2.557535865486164350e-02,5.207185763254003064e-01,-1.820873807659667276e-01,-2.737590160659528760e-01,1.000000000000000000e+00,0.000000000000000000e+00,3.049000024795532227e+00,-2.709999978542327881e-01,7.110000252723693848e-01,-1.300000026822090149e-02,8.690000176429748535e-01,-5.109999775886535645e-01,1.000000000000000000e+00,2.842000007629394531e+00,2.560000121593475342e-01,7.149999737739562988e-01,-5.329999923706054688e-01,-9.229999780654907227e-01,-7.350000143051147461e-01,1.000000000000000000e+00,1.550000011920928955e-01,-2.520000040531158447e-01,5.559999942779541016e-01,6.330000162124633789e-01,1.550000011920928955e-01,-6.050000190734863281e-01,1.000000000000000000e+00,3.630000054836273193e-01,3.009999990463256836e-01,1.042999982833862305e+00,5.920000076293945312e-01,-1.300000026822090149e-02,-7.250000238418579102e-01,1.000000000000000000e+00,1.000000000000000000e+00,0.000000000000000000e+00,0.000000000000000000e+00,1.000000000000000000e+00,2.842000007629394531e+00,2.560000121593475342e-01,7.149999737739562988e-01,-5.329999923706054688e-01,-9.229999780654907227e-01,-7.350000143051147461e-01,2.322054606440677182e-01,-5.673269761832444580e-02,3.240782807832749690e-02,2.261717169185741005e-01,1.244579420170530248e+00,1.733314142093130561e-01,0.000000000000000000e+00,1.000000000000000000e+00,3.049000024795532227e+00,-2.709999978542327881e-01,7.110000252723693848e-01,-1.300000026822090149e-02,8.690000176429748535e-01,-5.109999775886535645e-01,1.000000000000000000e+00,2.842000007629394531e+00,2.560000121593475342e-01,7.149999737739562988e-01,-5.329999923706054688e-01,-9.229999780654907227e-01,-7.350000143051147461e-01,1.000000000000000000e+00,1.550000011920928955e-01,-2.520000040531158447e-01,5.559999942779541016e-01,6.330000162124633789e-01,1.550000011920928955e-01,-6.050000190734863281e-01,1.000000000000000000e+00,3.630000054836273193e-01,3.009999990463256836e-01,1.042999982833862305e+00,5.920000076293945312e-01,-1.300000026822090149e-02,-7.250000238418579102e-01,1.000000000000000000e+00,1.000000000000000000e+00,0.000000000000000000e+00,0.000000000000000000e+00,1.000000000000000000e+00
6.599404949999999603e-01,3.049000024795532227e+00,-2.529999911785125732e-01,6.990000009536743164e-01,-4.100000113248825073e-02,8.820000290870666504e-01,-5.630000233650207520e-01,-1.102895474076379945e-01,-1.905089206306835869e-01,1.890109608956611065e-02,6.263465200090581053e-01,-6.340786027668310343e-02,-2.500362573681975120e-01,1.000000000000000000e+00,0.000000000000000000e+00,3.049000024795532227e+00,-2.529999911785125732e-01,6.990000009536743164e-01,-4.100000113248825073e-02,8.820000290870666504e-01,-5.630000233650207520e-01,1.000000000000000000e+00,2.831000089645385742e+00,2.360000014305114746e-01,6.990000009536743164e-01,-5.350000262260437012e-01,-9.539999961853027344e-01,-7.760000228881835938e-01,1.000000000000000000e+00,1.679999977350234985e-01,-2.479999959468841553e-01,5.429999828338623047e-01,6.439999938011169434e-01,1.759999990463256836e-01,-6.140000224113464355e-01,1.000000000000000000e+00,3.740000128746032715e-01,3.009999990463256836e-01,1.029000043869018555e+00,6.039999723434448242e-01,-3.500000014901161194e-02,-7.289999723434448242e-01,1.000000000000000000e+00,1.000000000000000000e+00,0.000000000000000000e+00,0.000000000000000000e+00,1.000000000000000000e+00,2.831000089645385742e+00,2.360000014305114746e-01,6.990000009536743164e-01,-5.350000262260437012e-01,-9.539999961853027344e-01,-7.760000228881835938e-01,2.381988535749581803e-01,-2.384369209100101195e-02,3.617381141879154327e-02,3.429528132737014734e-01,1.557135850042382419e+00,2.536422064495479356e-01,0.000000000000000000e+00,1.000000000000000000e+00,3.049000024795532227e+00,-2.529999911785125732e-01,6.990000009536743164e-01,-4.100000113248825073e-02,8.820000290870666504e-01,-5.630000233650207520e-01,1.000000000000000000e+00,2.831000089645385742e+00,2.360000014305114746e-01,6.990000009536743164e-01,-5.350000262260437012e-01,-9.539999961853027344e-01,-7.760000228881835938e-01,1.000000000000000000e+00,1.679999977350234985e-01,-2.479999959468841553e-01,5.429999828338623047e-01,6.439999938011169434e-01,1.759999990463256836e-01,-6.140000224113464355e-01,1.000000000000000000e+00,3.740000128746032715e-01,3.009999990463256836e-01,1.029000043869018555e+00,6.039999723434448242e-01,-3.500000014901161194e-02,-7.289999723434448242e-01,1.000000000000000000e+00,1.000000000000000000e+00,0.000000000000000000e+00,0.000000000000000000e+00,1.000000000000000000e+00
6.801247310000000379e-01,3.048000097274780273e+00,-2.349999994039535522e-01,6.869999766349792480e-01,-7.400000095367431641e-02,8.960000276565551758e-01,-5.870000123977661133e-01,-9.044814380211971261e-02,-1.963647614068604330e-01,1.448259193943075146e-02,1.065445013495422533e+00,-2.495682578228690940e-01,-1.867964578562885114e-01,1.000000000000000000e+00,0.000000000000000000e+00,3.048000097274780273e+00,-2.349999994039535522e-01,6.869999766349792480e-01,-7.400000095367431641e-02,8.960000276565551758e-01,-5.870000123977661133e-01,1.000000000000000000e+00,2.819999933242797852e+00,2.160000056028366089e-01,6.830000281333923340e-01,-5.329999923706054688e-01,-9.909999966621398926e-01,-7.979999780654907227e-01,1.000000000000000000e+00,1.819999963045120239e-01,-2.440000027418136597e-01,5.299999713897705078e-01,6.539999842643737793e-01,1.969999969005584717e-01,-6.250000000000000000e-01,1.000000000000000000e+00,3.880000114440917969e-01,2.989999949932098389e-01,1.011999964714050293e+00,6.200000047683715820e-01,-5.700000002980232239e-02,-7.490000128746032715e-01,1.000000000000000000e+00,1.000000000000000000e+00,0.000000000000000000e+00,0.000000000000000000e+00,1.000000000000000000e+00,2.819999933242797852e+00,2.160000056028366089e-01,6.830000281333923340e-01,-5.329999923706054688e-01,-9.909999966621398926e-01,-7.979999780654907227e-01,2.443944286390024034e-01,8.676371524014570014e-03,4.289397942307605904e-02,3.978173543265718370e-01,1.744263708975162697e+00,3.247185690755866050e-01,0.000000000000000000e+00,1.000000000000000000e+00,3.048000097274780273e+00,-2.349999994039535522e-01,6.869999766349792480e-01,-7.400000095367431641e-02,8.960000276565551758e-01,-5.870000123977661133e-01,1.000000000000000000e+00,2.819999933242797852e+00,2.160000056028366089e-01,6.830000281333923340e-01,-5.329999923706054688e-01,-9.909999966621398926e-01,-7.979999780654907227e-01,1.000000000000000000e+00,1.819999963045120239e-01,-2.440000027418136597e-01,5.299999713897705078e-01,6.539999842643737793e-01,1.969999969005584717e-01,-6.250000000000000000e-01,1.000000000000000000e+00,3.880000114440917969e-01,2.989999949932098389e-01,1.011999964714050293e+00,6.200000047683715820e-01,-5.700000002980232239e-02,-7.490000128746032715e-01,1.000000000000000000e+00,1.000000000000000000e+00,0.000000000000000000e+00,0.000000000000000000e+00,1.000000000000000000e+00
6.999282430000000055e-01,3.046000003814697266e+00,-2.160000056028366089e-01,6.750000119209289551e-01,-1.129999980330467224e-01,9.070000052452087402e-01,-5.860000252723693848e-01,-5.711268222770897462e-02,-2.048405974785376671e-01,1.422137113339880590e-02,1.800038398293580588e+00,-6.216182309942841488e-01,-1.181763251278854232e-01,1.000000000000000000e+00,0.000000000000000000e+00,3.046000003814697266e+00,-2.160000056028366089e-01,6.750000119209289551e-01,-1.129999980330467224e-01,9.070000052452087402e-01,-5.860000252723693848e-01,1.000000000000000000e+00,2.809000015258789062e+00,1.949999928474426270e-01,6.660000085830688477e-01,-5.249999761581420898e-01,-1.031999945640563965e+00,-8.090000152587890625e-01,1.000000000000000000e+00,1.940000057220458984e-01,-2.399999946355819702e-01,5.170000195503234863e-01,6.560000181198120117e-01,2.169999927282333374e-01,-6.280000209808349609e-01,1.000000000000000000e+00,4.009999930858612061e-01,2.980000078678131104e-01,9.950000047683715820e-01,6.320000290870666504e-01,-7.999999821186065674e-02,-7.670000195503234863e-01,1.000000000000000000e+00,1.000000000000000000e+00,0.000000000000000000e+00,0.000000000000000000e+00,1.000000000000000000e+00,2.809000015258789062e+00,1.949999928474426270e-01,6.660000085830688477e-01,-5.249999761581420898e-01,-1.031999945640563965e+00,-8.090000152587890625e-01,2.509685676887811745e-01,4.389943445606059313e-02,5.018454105599537418e-02,3.165507965305250915e-01,1.799815169388048863e+00,3.771370181150491829e-01,0.000000000000000000e+00,1.000000000000000000e+00,3.046000003814697266e+00,-2.160000056028366089e-01,6.750000119209289551e-01,-1.129999980330467224e-01,9.070000052452087402e-01,-5.860000252723693848e-01,1.000000000000000000e+00,2.809000015258789062e+00,1.949999928474426270e-01,6.660000085830688477e-01,-5.249999761581420898e-01,-1.031999945640563965e+00,-8.090000152587890625e-01,1.000000000000000000e+00,1.940000057220458984e-01,-2.399999946355819702e-01,5.170000195503234863e-01,6.560000181198120117e-01,2.169999927282333374e-01,-6.280000209808349609e-01,1.000000000000000000e+00,4.009999930858612061e-01,2.980000078678131104e-01,9.950000047683715820e-01,6.320000290870666504e-01,-7.999999821186065674e-02,-7.670000195503234863e-01,1.000000000000000000e+00,1.000000000000000000e+00,0.000000000000000000e+00,0.000000000000000000e+00,1.000000000000000000e+00
7.199750419999999540e-01,3.042999982833862305e+00,-1.969999969005584717e-01,6.629999876022338867e-01,-1.599999964237213135e-01,9.089999794960021973e-01,-5.649999976158142090e-01,-4.093713699083859937e-03,-2.246234220406890802e-01,1.160214893190095534e-02,2.605466679315000533e+00,-8.644635585218067853e-01,-1.143343816867217894e-01,1.000000000000000000e+00,0.000000000000000000e+00,3.042999982833862305e+00,-1.969999969005584717e-01,6.629999876022338867e-01,-1.599999964237213135e-01,9.089999794960021973e-01,-5.649999976158142090e-01,1.000000000000000000e+00,2.799000024795532227e+00,1.729999929666519165e-01,6.489999890327453613e-01,-5.099999904632568359e-01,-1.077000021934509277e+00,-8.100000023841857910e-01,1.000000000000000000e+00,2.080000042915344238e-01,-2.360000014305114746e-01,5.030000209808349609e-01,6.600000262260437012e-01,2.380000054836273193e-01,-6.380000114440917969e-01,1.000000000000000000e+00,4.140000045299530029e-01,2.960000038146972656e-01,9.789999723434448242e-01,6.430000066757202148e-01,-1.030000001192092896e-01,-7.870000004768371582e-01,1.000000000000000000e+00,1.000000000000000000e+00,0.000000000000000000e+00,0.000000000000000000e+00,1.000000000000000000e+00,2.799000024795532227e+00,1.729999929666519165e-01,6.489999890327453613e-01,-5.099999904632568359e-01,-1.077000021934509277e+00,-8.100000023841857910e-01,2.552134855299577065e-01,8.191118763347837728e-02,5.799279262922499290e-02,9.684275668339718812e-02,1.844601848456352000e+00,4.258484317653244977e-01,0.000000000000000000e+00,1.000000000000000000e+00,3.042999982833862305e+00,-1.969999969005584717e-01,6.629999876022338867e-01,-1.599999964237213135e-01,9.089999794960021973e-01,-5.649999976158142090e-01,1.000000000000000000e+00,2.799000024795532227e+00,1.729999929666519165e-01,6.489999890327453613e-01,-5.099999904632568359e-01,-1.077000021934509277e+00,-8.100000023841857910e-01,1.000000000000000000e+00,2.080000042915344238e-01,-2.360000014305114746e-01,5.030000209808349609e-01,6.600000262260437012e-01,2.380000054836273193e-01,-6.380000114440917969e-01,1.000000000000000000e+00,4.140000045299530029e-01,2.960000038146972656e-01,9.789999723434448242e-01,6.430000066757202148e-01,-1.030000001192092896e-01,-7.870000004768371582e-01,1.000000000000000000e+00,1.000000000000000000e+00,0.000000000000000000e+00,0.000000000000000000e+00,1.000000000000000000e+00
7.400119219999999887e-01,3.039000034332275391e+00,-1.790000051259994507e-01,6.510000228881835938e-01,-2.080000042915344238e-01,9.010000228881835938e-01,-5.429999828338623047e-01,5.486493666690611670e-02,-2.360815485058647134e-01,7.431800599276800617e-03,2.959358482455584305e+00,-6.283414126675821443e-01,-1.426213095005824660e-01,1.000000000000000000e+00,0.000000000000000000e+00,3.039000034332275391e+00,-1.790000051259994507e-01,6.510000228881835938e-01,-2.080000042915344238e-01,9.010000228881835938e-01,-5.429999828338623047e-01,1.000000000000000000e+00,2.788000106811523438e+00,1.500000059604644775e-01,6.330000162124633789e-01,-4.860000014305114746e-01,-1.123999953269958496e+00,-8.050000071525573730e-01,1.000000000000000000e+00,2.230000048875808716e-01,-2.300000041723251343e-01,4.880000054836273193e-01,6.690000295639038086e-01,2.619999945163726807e-01,-6.560000181198120117e-01,1.000000000000000000e+00,4.269999861717224121e-01,2.939999997615814209e-01,9.610000252723693848e-01,6.529999971389770508e-01,-1.260000020265579224e-01,-8.109999895095825195e-01,1.000000000000000000e+00,1.000000000000000000e+00,0.000000000000000000e+00,0.000000000000000000e+00,1.000000000000000000e+00,2.788000106811523438e+00,1.500000059604644775e-01,6.330000162124633789e-01,-4.860000014305114746e-01,-1.123999953269958496e+00,-8.050000071525573730e-01,2.542913766609220527e-01,1.170007857161534659e-01,6.808042752495395422e-02,-1.547238454844759303e-01,1.703457156764059066e+00,4.135567812809954336e-01,0.000000000000000000e+00,1.000000000000000000e+00,3.039000034332275391e+00,-1.790000051259994507e-01,6.510000228881835938e-01,-2.080000042915344238e-01,9.010000228881835938e-01,-5.429999828338623047e-01,1.000000000000000000e+00,2.788000106811523438e+00,1.500000059604644775e-01,6.330000162124633789e-01,-4.860000014305114746e-01,-1.123999953269958496e+00,-8.050000071525573730e-01,1.000000000000000000e+00,2.230000048875808716e-01,-2.300000041723251343e-01,4.880000054836273193e-01,6.690000295639038086e-01,2.619999945163726807e-01,-6.560000181198120117e-01,1.000000000000000000e+00,4.269999861717224121e-01,2.939999997615814209e-01,9.610000252723693848e-01,6.529999971389770508e-01,-1.260000020265579224e-01,-8.109999895095825195e-01,1.000000000000000000e+00,1.000000000000000000e+00,0.000000000000000000e+00,0.000000000000000000e+00,1.000000000000000000e+00
7.599677999999999711e-01,3.033999919891357422e+00,-1.599999964237213135e-01,6.399999856948852539e-01,-2.590000033378601074e-01,8.799999952316284180e-01,-5.230000019073486328e-01,1.079782427943757894e-01,-2.392788501634937059e-01,6.547747784801868920e-03,2.484585943314155720e+00,-7.883101259170621766e-02,-1.206143554994825035e-01,1.000000000000000000e+00,0.000000000000000000e+00,3.033999919891357422e+00,-1.599999964237213135e-01,6.399999856948852539e-01,-2.590000033378601074e-01,8.799999952316284180e-01,-5.230000019073486328e-01,1.000000000000000000e+00,2.779000043869018555e+00,1.260000020265579224e-01,6.159999966621398926e-01,-4.539999961853027344e-01,-1.171000003814697266e+00,-7.940000295639038086e-01,1.000000000000000000e+00,2.370000034570693970e-01,-2.240000069141387939e-01,4.740000069141387939e-01,6.740000247955322266e-01,2.849999964237213135e-01,-6.719999909400939941e-01,1.000000000000000000e+00,4.410000145435333252e-01,2.910000085830688477e-01,9.440000057220458984e-01,6.610000133514404297e-01,-1.490000039339065552e-01,-8.370000123977661133e-01,1.000000000000000000e+00,1.000000000000000000e+00,0.000000000000000000e+00,0.000000000000000000e+00,1.000000000000000000e+00,2.779000043869018555e+00,1.260000020265579224e-01,6.159999966621398926e-01,-4.539999961853027344e-01,-1.171000003814697266e+00,-7.940000295639038086e-01,2.478231247153065975e-01,1.499440385087500438e-01,7.465046709553734006e-02,-3.145367480193235754e-01,1.381266009132206651e+00,3.378117280531778843e-01,0.000000000000000000e+00,1.000000000000000000e+00,3.033999919891357422e+00,-1.599999964237213135e-01,6.399999856948852539e-01,-2.590000033378601074e-01,8.799999952316284180e-01,-5.230000019073486328e-01,1.000000000000000000e+00,2.779000043869018555e+00,1.260000020265579224e-01,6.159999966621398926e-01,-4.539999961853027344e-01,-1.171000003814697266e+00,-7.940000295639038086e-01,1.000000000000000000e+00,2.370000034570693970e-01,-2.240000069141387939e-01,4.740000069141387939e-01,6.740000247955322266e-01,2.849999964237213135e-01,-6.719999909400939941e-01,1.000000000000000000e+00,4.410000145435333252e-01,2.910000085830688477e-01,9.440000057220458984e-01,6.610000133514404297e-01,-1.490000039339065552e-01,-8.370000123977661133e-01,1.000000000000000000e+00,1.000000000000000000e+00,0.000000000000000000e+00,0.000000000000000000e+00,1.000000000000000000e+00
7.802565430000000246e-01,3.028000116348266602e+00,-1.430000066757202148e-01,6.290000081062316895e-01,-3.109999895095825195e-01,8.479999899864196777e-01,-4.970000088214874268e-01,1.418982185458987355e-01,-2.337942729026030175e-01,2.863644100758330757e-03,1.481109016157981184e+00,3.597760001559914267e-01,-7.385079013022155525e-02,1.000000000000000000e+00,0.000000000000000000e+00,3.028000116348266602e+00,-1.430000066757202148e-01,6.290000081062316895e-01,-3.109999895095825195e-01,8.479999899864196777e-01,-4.970000088214874268e-01,1.000000000000000000e+00,2.769999980926513672e+00,1.019999980926513672e-01,6.000000238418579102e-01,-4.140000045299530029e-01,-1.217000007629394531e+00,-7.779999971389770508e-01,1.000000000000000000e+00,2.509999871253967285e-01,-2.179999947547912598e-01,4.589999914169311523e-01,6.779999732971191406e-01,3.079999983310699463e-01,-6.869999766349792480e-01,1.000000000000000000e+00,4.539999961853027344e-01,2.879999876022338867e-01,9.250000119209289551e-01,6.679999828338623047e-01,-1.739999949932098389e-01,-8.640000224113464355e-01,1.000000000000000000e+00,1.000000000000000000e+00,0.000000000000000000e+00,0.000000000000000000e+00,1.000000000000000000e+00,2.769999980926513672e+00,1.019999980926513672e-01,6.000000238418579102e-01,-4.140000045299530029e-01,-1.217000007629394531e+00,-7.779999971389770508e-01,2.410913232667067085e-01,1.747048638825232647e-01,7.998813912381139146e-02,-3.108013816069284951e-01,1.014250940430573955e+00,2.427753431682866114e-01,0.000000000000000000e+00,1.000000000000000000e+00,3.028000116348266602e+00,-1.430000066757202148e-01,6.290000081062316895e-01,-3.109999895095825195e-01,8.479999899864196777e-01,-4.970000088214874268e-01,1.000000000000000000e+00,2.769999980926513672e+00,1.019999980926513672e-01,6.000000238418579102e-01,-4.140000045299530029e-01,-1.217000007629394531e+00,-7.779999971389770508e-01,1.000000000000000000e+00,2.509999871253967285e-01,-2.179999947547912598e-01,4.589999914169311523e-01,6.779999732971191406e-01,3.079999983310699463e-01,-6.869999766349792480e-01,1.000000000000000000e+00,4.539999961853027344e-01,2.879999876022338867e-01,9.250000119209289551e-01,6.679999828338623047e-01,-1.739999949932098389e-01,-8.640000224113464355e-01,1.000000000000000000e+00,1.000000000000000000e+00,0.000000000000000000e+00,0.000000000000000000e+00,1.000000000000000000e+00
7.999965850000000378e-01,3.022000074386596680e+00,-1.260000020265579224e-01,6.190000176429748535e-01,-3.639999926090240479e-01,8.090000152587890625e-01,-4.589999914169311523e-01,1.559196610132721483e-01,-2.254761592060823272e-01,1.867177131393268907e-03,5.662540370148195779e-01,4.720534509241528509e-01,-6.822920902881844663e-02,1.000000000000000000e+00,0.000000000000000000e+00,3.022000074386596680e+00,-1.260000020265579224e-01,6.190000176429748535e-01,-3.639999926090240479e-01,8.090000152587890625e-01,-4.589999914169311523e-01,1.000000000000000000e+00,2.759000062942504883e+00,6.800000369548797607e-02,5.789999961853027344e-01,-3.709999918937683105e-01,-1.276000022888183594e+00,-7.630000114440917969e-01,1.000000000000000000e+00,2.649999856948852539e-01,-2.119999974966049194e-01,4.440000057220458984e-01,6.809999942779541016e-01,3.319999873638153076e-01,-7.020000219345092773e-01,1.000000000000000000e+00,4.679999947547912598e-01,2.840000092983245850e-01,9.060000181198120117e-01,6.740000247955322266e-01,-1.990000009536743164e-01,-8.920000195503234863e-01,1.000000000000000000e+00,1.000000000000000000e+00,0.000000000000000000e+00,0.000000000000000000e+00,1.000000000000000000e+00,2.759000062942504883e+00,6.800000369548797607e-02,5.789999961853027344e-01,-3.709999918937683105e-01,-1.276000022888183594e+00,-7.630000114440917969e-01,2.367738202835806549e-01,1.911376967131228621e-01,8.440489106557960697e-02,-1.615464193759959255e-01,7.333308774219678972e-01,1.655660981617789462e-01,0.000000000000000000e+00,1.000000000000000000e+00,3.022000074386596680e+00,-1.260000020265579224e-01,6.190000176429748535e-01,-3.639999926090240479e-01,8.090000152587890625e-01,-4.589999914169311523e-01,1.000000000000000000e+00,2.759000062942504883e+00,6.800000369548797607e-02,5.789999961853027344e-01,-3.709999918937683105e-01,-1.276000022888183594e+00,-7.630000114440917969e-01,1.000000000000000000e+00,2.649999856948852539e-01,-2.119999974966049194e-01,4.440000057220458984e-01,6.809999942779541016e-01,3.319999873638153076e-01,-7.020000219345092773e-01,1.000000000000000000e+00,4.679999947547912598e-01,2.840000092983245850e-01,9.060000181198120117e-01,6.740000247955322266e-01,-1.990000009536743164e-01,-8.920000195503234863e-01,1.000000000000000000e+00,1.000000000000000000e+00,0.000000000000000000e+00,0.000000000000000000e+00,1.000000000000000000e+00
8.200079479999999865e-01,3.013999938964843750e+00,-1.099999994039535522e-01,6.110000014305114746e-01,-4.169999957084655762e-01,7.649999856948852539e-01,-4.050000011920928955e-01,1.617393483979239210e-01,-2.169292206750044194e-01,-8.924359444586332790e-04,1.291873300310983075e-01,2.866836170507829906e-01,-1.077318858558739545e-01,1.000000000000000000e+00,0.000000000000000000e+00,3.013999938964843750e+00,-1.099999994039535522e-01,6.110000014305114746e-01,-4.169999957084655762e-01,7.649999856948852539e-01,-4.050000011920928955e-01,1.000000000000000000e+00,2.753999948501586914e+00,4.600000008940696716e-02,5.669999718666076660e-01,-3.100000023841857910e-01,-1.299000024795532227e+00,-7.149999737739562988e-01,1.000000000000000000e+00,2.779999971389770508e-01,-2.049999982118606567e-01,4.300000071525573730e-01,6.769999861717224121e-01,3.529999852180480957e-01,-7.070000171661376953e-01,1.000000000000000000e+00,4.819999933242797852e-01,2.800000011920928955e-01,8.870000243186950684e-01,6.790000200271606445e-01,-2.240000069141387939e-01,-9.190000295639038086e-01,1.000000000000000000e+00,1.000000000000000000e+00,0.000000000000000000e+00,0.000000000000000000e+00,1.000000000000000000e+00,2.753999948501586914e+00,4.600000008940696716e-02,5.669999718666076660e-01,-3.100000023841857910e-01,-1.299000024795532227e+00,-7.149999737739562988e-01,2.323418704058480277e-01,2.048440043769386154e-01,8.841686318796415645e-02,-3.254466058773751447e-02,6.337075543017731682e-01,1.300563583614058327e-01,0.000000000000000000e+00,1.000000000000000000e+00,3.013999938964843750e+00,-1.099999994039535522e-01,6.110000014305114746e-01,-4.169999957084655762e-01,7.649999856948852539e-01,-4.050000011920928955e-01,1.000000000000000000e+00,2.753999948501586914e+00,4.600000008940696716e-02,5.669999718666076660e-01,-3.100000023841857910e-01,-1.299000024795532227e+00,-7.149999737739562988e-01,1.000000000000000000e+00,2.779999971389770508e-01,-2.049999982118606567e-01,4.300000071525573730e-01,6.769999861717224121e-01,3.529999852180480957e-01,-7.070000171661376953e-01,1.000000000000000000e+00,4.819999933242797852e-01,2.800000011920928955e-01,8.870000243186950684e-01,6.790000200271606445e-01,-2.240000069141387939e-01,-9.190000295639038086e-01,1.000000000000000000e+00,1.000000000000000000e+00,0.000000000000000000e+00,0.000000000000000000e+00,1.000000000000000000e+00
8.401207400000000325e-01,3.007999897003173828e+00,-1.000000014901161194e-01,6.060000061988830566e-01,-4.469999969005584717e-01,7.400000095367431641e-01,-3.720000088214874268e-01,1.617393483979239210e-01,-2.169292206750044194e-01,-8.924359444586332790e-04,2.514815821577675581e-01,2.202033262422680576e-02,-1.509144112149933825e-01,1.000000000000000000e+00,0.000000000000000000e+00,3.007999897003173828e+00,-1.000000014901161194e-01,6.060000061988830566e-01,-4.469999969005584717e-01,7.400000095367431641e-01,-3.720000088214874268e-01,1.000000000000000000e+00,2.750000000000000000e+00,2.600000053644180298e-02,5.559999942779541016e-01,-2.860000133514404297e-01,-1.332999944686889648e+00,-7.080000042915344238e-01,1.000000000000000000e+00,2.919999957084655762e-01,-1.969999969005584717e-01,4.140000045299530029e-01,6.750000119209289551e-01,3.750000000000000000e-01,-7.139999866485595703e-01,1.000000000000000000e+00,4.959999918937683105e-01,2.750000059604644775e-01,8.659999966621398926e-01,6.819999814033508301e-01,-2.520000040531158447e-01,-9.430000185966491699e-01,1.000000000000000000e+00,1.000000000000000000e+00,0.000000000000000000e+00,0.000000000000000000e+00,1.000000000000000000e+00,2.750000000000000000e+00,2.600000053644180298e-02,5.559999942779541016e-01,-2.860000133514404297e-01,-1.332999944686889648e+00,-7.080000042915344238e-01,2.329292325951836662e-01,2.131228210872317952e-01,8.948691449527305941e-02,-1.809983677812862859e-02,6.366334242557296630e-01,1.177239867840230991e-01,0.000000000000000000e+00,1.000000000000000000e+00,3.007999897003173828e+00,-1.000000014901161194e-01,6.060000061988830566e-01,-4.469999969005584717e-01,7.400000095367431641e-01,-3.720000088214874268e-01,1.000000000000000000e+00,2.750000000000000000e+00,2.600000053644180298e-02,5.559999942779541016e-01,-2.860000133514404297e-01,-1.332999944686889648e+00,-7.080000042915344238e-01,1.000000000000000000e+00,2.919999957084655762e-01,-1.969999969005584717e-01,4.140000045299530029e-01,6.750000119209289551e-01,3.750000000000000000e-01,-7.139999866485595703e-01,1.000000000000000000e+00,4.959999918937683105e-01,2.750000059604644775e-01,8.659999966621398926e-01,6.819999814033508301e-01,-2.520000040531158447e-01,-9.430000185966491699e-01,1.000000000000000000e+00,1.000000000000000000e+00,0.000000000000000000e+00,0.000000000000000000e+00,1.000000000000000000e+00
8.599786640000000038e-01,2.996999979019165039e+00,-8.299999684095382690e-02,5.979999899864196777e-01,-5.040000081062316895e-01,6.959999799728393555e-01,-3.079999983310699463e-01,1.705236850618227495e-01,-2.166866907754101401e-01,-4.622698326423105297e-03,7.451744555460954045e-01,1.962522799625759651e-01,-1.170930912228086151e-01,1.000000000000000000e+00,0.000000000000000000e+00,2.996999979019165039e+00,-8.299999684095382690e-02,5.979999899864196777e-01,-5.040000081062316895e-01,6.959999799728393555e-01,-3.079999983310699463e-01,1.000000000000000000e+00,2.743999958038330078e+00,-2.000000094994902611e-03,5.410000085830688477e-01,-2.269999980926513672e-01,-1.378000020980834961e+00,-6.740000247955322266e-01,1.000000000000000000e+00,3.079999983310699463e-01,-1.889999955892562866e-01,3.970000147819519043e-01,6.790000200271606445e-01,4.009999930858612061e-01,-7.289999723434448242e-01,1.000000000000000000e+00,5.109999775886535645e-01,2.689999938011169434e-01,8.460000157356262207e-01,6.830000281333923340e-01,-2.790000140666961670e-01,-9.629999995231628418e-01,1.000000000000000000e+00,1.000000000000000000e+00,0.000000000000000000e+00,0.000000000000000000e+00,1.000000000000000000e+00,2.743999958038330078e+00,-2.000000094994902611e-03,5.410000085830688477e-01,-2.269999980926513672e-01,-1.378000020980834961e+00,-6.740000247955322266e-01,2.339405350326889121e-01,2.269274134625647310e-01,9.129049005895883973e-02,-1.389882536448645012e-01,6.650083516800218142e-01,1.067261042671819038e-01,0.000000000000000000e+00,1.000000000000000000e+00,2.996999979019165039e+00,-8.299999684095382690e-02,5.979999899864196777e-01,-5.040000081062316895e-01,6.959999799728393555e-01,-3.079999983310699463e-01,1.000000000000000000e+00,2.743999958038330078e+00,-2.000000094994902611e-03,5.410000085830688477e-01,-2.269999980926513672e-01,-1.378000020980834961e+00,-6.740000247955322266e-01,1.000000000000000000e+00,3.079999983310699463e-01,-1.889999955892562866e-01,3.970000147819519043e-01,6.790000200271606445e-01,4.009999930858612061e-01,-7.289999723434448242e-01,1.000000000000000000e+00,5.109999775886535645e-01,2.689999938011169434e-01,8.460000157356262207e-01,6.830000281333923340e-01,-2.790000140666961670e-01,-9.629999995231628418e-01,1.000000000000000000e+00,1.000000000000000000e+00,0.000000000000000000e+00,0.000000000000000000e+00,1.000000000000000000e+00
8.802237750000000416e-01,2.987999916076660156e+00,-7.100000232458114624e-02,5.929999947547912598e-01,-5.509999990463256836e-01,6.389999985694885254e-01,-2.419999986886978149e-01,1.900617746123301477e-01,-2.055495180328099636e-01,-5.687608980055589014e-03,1.201825838628935994e+00,1.033294169286180120e+00,4.494804492653220462e-02,1.000000000000000000e+00,0.000000000000000000e+00,2.987999916076660156e+00,-7.100000232458114624e-02,5.929999947547912598e-01,-5.509999990463256836e-01,6.389999985694885254e-01,-2.419999986886978149e-01,1.000000000000000000e+00,2.740000009536743164e+00,-3.099999949336051941e-02,5.279999971389770508e-01,-1.689999997615814209e-01,-1.422000050544738770e+00,-6.430000066757202148e-01,1.000000000000000000e+00,3.179999887943267822e-01,-1.819999963045120239e-01,3.849999904632568359e-01,6.669999957084655762e-01,4.169999957084655762e-01,-7.200000286102294922e-01,1.000000000000000000e+00,5.249999761581420898e-01,2.630000114440917969e-01,8.249999880790710449e-01,6.869999766349792480e-01,-3.070000112056732178e-01,-9.829999804496765137e-01,1.000000000000000000e+00,1.000000000000000000e+00,0.000000000000000000e+00,0.000000000000000000e+00,1.000000000000000000e+00,2.740000009536743164e+00,-3.099999949336051941e-02,5.279999971389770508e-01,-1.689999997615814209e-01,-1.422000050544738770e+00,-6.430000066757202148e-01,2.290954147755001058e-01,2.382363648638665676e-01,9.207375675225633327e-02,-2.973695173343072207e-01,6.372272552962003900e-01,7.894640700068919492e-02,0.000000000000000000e+00,1.000000000000000000e+00,2.987999916076660156e+00,-7.100000232458114624e-02,5.929999947547912598e-01,-5.509999990463256836e-01,6.389999985694885254e-01,-2.419999986886978149e-01,1.000000000000000000e+00,2.740000009536743164e+00,-3.099999949336051941e-02,5.279999971389770508e-01,-1.689999997615814209e-01,-1.422000050544738770e+00,-6.430000066757202148e-01,1.000000000000000000e+00,3.179999887943267822e-01,-1.819999963045120239e-01,3.849999904632568359e-01,6.669999957084655762e-01,4.169999957084655762e-01,-7.200000286102294922e-01,1.000000000000000000e+00,5.249999761581420898e-01,2.630000114440917969e-01,8.249999880790710449e-01,6.869999766349792480e-01,-3.070000112056732178e-01,-9.829999804496765137e-01,1.000000000000000000e+00,1.000000000000000000e+00,0.000000000000000000e+00,0.000000000000000000e+00,1.000000000000000000e+00
9.000209249999999717e-01,2.974999904632568359e+00,-5.700000002980232239e-02,5.879999995231628418e-01,-6.000000238418579102e-01,5.809999704360961914e-01,-1.800000071525573730e-01,2.173389896716057534e-01,-1.753522542003995710e-01,-2.411777717891291917e-03,1.216463916274078683e+00,1.838481163427104548e+00,2.438223453230612958e-01,1.000000000000000000e+00,0.000000000000000000e+00,2.974999904632568359e+00,-5.700000002980232239e-02,5.879999995231628418e-01,-6.000000238418579102e-01,5.809999704360961914e-01,-1.800000071525573730e-01,1.000000000000000000e+00,2.737999916076660156e+00,-6.100000068545341492e-02,5.149999856948852539e-01,-1.070000007748603821e-01,-1.465000033378601074e+00,-6.119999885559082031e-01,1.000000000000000000e+00,3.319999873638153076e-01,-1.739999949932098389e-01,3.700000047683715820e-01,6.650000214576721191e-01,4.379999935626983643e-01,-7.229999899864196777e-01,1.000000000000000000e+00,5.389999747276306152e-01,2.569999992847442627e-01,8.029999732971191406e-01,6.899999976158142090e-01,-3.359999954700469971e-01,-9.990000128746032715e-01,1.000000000000000000e+00,1.000000000000000000e+00,0.000000000000000000e+00,0.000000000000000000e+00,1.000000000000000000e+00,2.737999916076660156e+00,-6.100000068545341492e-02,5.149999856948852539e-01,-1.070000007748603821e-01,-1.465000033378601074e+00,-6.119999885559082031e-01,2.219751471496873019e-01,2.521462262471954041e-01,9.562141666037950183e-02,-4.179197547342924368e-01,5.558792851209474195e-01,3.639620866904140495e-02,0.000000000000000000e+00,1.000000000000000000e+00,2.974999904632568359e+00,-5.700000002980232239e-02,5.879999995231628418e-01,-6.000000238418579102e-01,5.809999704360961914e-01,-1.800000071525573730e-01,1.000000000000000000e+00,2.737999916076660156e+00,-6.100000068545341492e-02,5.149999856948852539e-01,-1.070000007748603821e-01,-1.465000033378601074e+00,-6.119999885559082031e-01,1.000000000000000000e+00,3.319999873638153076e-01,-1.739999949932098389e-01,3.700000047683715820e-01,6.650000214576721191e-01,4.379999935626983643e-01,-7.229999899864196777e-01,1.000000000000000000e+00,5.389999747276306152e-01,2.569999992847442627e-01,8.029999732971191406e-01,6.899999976158142090e-01,-3.359999954700469971e-01,-9.990000128746032715e-01,1.000000000000000000e+00,1.000000000000000000e+00,0.000000000000000000e+00,0.000000000000000000e+00,1.000000000000000000e+00
9.199888160000000425e-01,2.961999893188476562e+00,-4.500000178813934326e-02,5.849999785423278809e-01,-6.370000243186950684e-01,5.189999938011169434e-01,-1.199999973177909851e-01,2.388862544783572628e-01,-1.343050580045233033e-01,3.413095876655350414e-03,8.673385773448857305e-01,2.272307495602199356e+00,3.932844409547523457e-01,1.000000000000000000e+00,0.000000000000000000e+00,2.961999893188476562e+00,-4.500000178813934326e-02,5.849999785423278809e-01,-6.370000243186950684e-01,5.189999938011169434e-01,-1.199999973177909851e-01,1.000000000000000000e+00,2.736000061035156250e+00,-9.200000017881393433e-02,5.019999742507934570e-01,-4.300000146031379700e-02,-1.506000041961669922e+00,-5.799999833106994629e-01,1.000000000000000000e+00,3.459999859333038330e-01,-1.650000065565109253e-01,3.540000021457672119e-01,6.639999747276306152e-01,4.600000083446502686e-01,-7.250000238418579102e-01,1.000000000000000000e+00,5.519999861717224121e-01,2.500000000000000000e-01,7.839999794960021973e-01,6.899999976158142090e-01,-3.639999926090240479e-01,-1.006999969482421875e+00,1.000000000000000000e+00,1.000000000000000000e+00,0.000000000000000000e+00,0.000000000000000000e+00,1.000000000000000000e+00,2.736000061035156250e+00,-9.200000017881393433e-02,5.019999742507934570e-01,-4.300000146031379700e-02,-1.506000041961669922e+00,-5.799999833106994629e-01,2.112308919209235358e-01,2.609884331261880241e-01,9.519584506334842489e-02,-4.897912868761918337e-01,4.933720941289537198e-01,-6.941992223670409579e-03,0.000000000000000000e+00,1.000000000000000000e+00,2.961999893188476562e+00,-4.500000178813934326e-02,5.849999785423278809e-01,-6.370000243186950684e-01,5.189999938011169434e-01,-1.199999973177909851e-01,1.000000000000000000e+00,2.736000061035156250e+00,-9.200000017881393433e-02,5.019999742507934570e-01,-4.300000146031379700e-02,-1.506000041961669922e+00,-5.799999833106994629e-01,1.000000000000000000e+00,3.459999859333038330e-01,-1.650000065565109253e-01,3.540000021457672119e-01,6.639999747276306152e-01,4.600000083446502686e-01,-7.250000238418579102e-01,1.000000000000000000e+00,5.519999861717224121e-01,2.500000000000000000e-01,7.839999794960021973e-01,6.899999976158142090e-01,-3.639999926090240479e-01,-1.006999969482421875e+00,1.000000000000000000e+00,1.000000000000000000e+00,0.000000000000000000e+00,0.000000000000000000e+00,1.000000000000000000e+00
9.399403849999999894e-01,2.948999881744384766e+00,-3.500000014901161194e-02,5.830000042915344238e-01,-6.610000133514404297e-01,4.539999961853027344e-01,-5.999999865889549255e-02,2.521441836463848563e-01,-8.552741546559872177e-02,1.428378177520212011e-02,1.165314276265027593e-01,2.547990943466754032e+00,4.971550535820435934e-01,1.000000000000000000e+00,0.000000000000000000e+00,2.948999881744384766e+00,-3.500000014901161194e-02,5.830000042915344238e-01,-6.610000133514404297e-01,4.539999961853027344e-01,-5.999999865889549255e-02,1.000000000000000000e+00,2.736000061035156250e+00,-1.250000000000000000e-01,4.900000095367431641e-01,2.899999916553497314e-02,-1.539000034332275391e+00,-5.379999876022338867e-01,1.000000000000000000e+00,3.600000143051147461e-01,-1.550000011920928955e-01,3.379999995231628418e-01,6.639999747276306152e-01,4.810000061988830566e-01,-7.229999899864196777e-01,1.000000000000000000e+00,5.699999928474426270e-01,2.409999966621398926e-01,7.570000290870666504e-01,6.970000267028808594e-01,-3.980000019073486328e-01,-1.023000001907348633e+00,1.000000000000000000e+00,1.000000000000000000e+00,0.000000000000000000e+00,0.000000000000000000e+00,1.000000000000000000e+00,2.736000061035156250e+00,-1.250000000000000000e-01,4.900000095367431641e-01,2.899999916553497314e-02,-1.539000034332275391e+00,-5.379999876022338867e-01,2.006838371382683173e-01,2.726119796317005850e-01,9.500417256848459058e-02,-5.294959888127294123e-01,4.825952635957889147e-01,-4.641065157347469550e-02,0.000000000000000000e+00,1.000000000000000000e+00,2.948999881744384766e+00,-3.500000014901161194e-02,5.830000042915344238e-01,-6.610000133514404297e-01,4.539999961853027344e-01,-5.999999865889549255e-02,1.000000000000000000e+00,2.736000061035156250e+00,-1.250000000000000000e-01,4.900000095367431641e-01,2.899999916553497314e-02,-1.539000034332275391e+00,-5.379999876022338867e-01,1.000000000000000000e+00,3.600000143051147461e-01,-1.550000011920928955e-01,3.379999995231628418e-01,6.639999747276306152e-01,4.810000061988830566e-01,-7.229999899864196777e-01,1.000000000000000000e+00,5.699999928474426270e-01,2.409999966621398926e-01,7.570000290870666504e-01,6.970000267028808594e-01,-3.980000019073486328e-01,-1.023000001907348633e+00,1.000000000000000000e+00,1.000000000000000000e+00,0.000000000000000000e+00,0.000000000000000000e+00,1.000000000000000000e+00
9.599520580000000525e-01,2.934999942779541016e+00,-2.600000053644180298e-02,5.820000171661376953e-01,-6.710000038146972656e-01,3.910000026226043701e-01,-1.600000075995922089e-02,2.465917527672250031e-01,-3.361942488959202002e-02,2.372524020121202781e-02,-5.423793246373331822e-01,2.468035813177221094e+00,4.575394188048278465e-01,1.000000000000000000e+00,0.000000000000000000e+00,2.934999942779541016e+00,-2.600000053644180298e-02,5.820000171661376953e-01,-6.710000038146972656e-01,3.910000026226043701e-01,-1.600000075995922089e-02,1.000000000000000000e+00,2.736999988555908203e+00,-1.620000004768371582e-01,4.769999980926513672e-01,1.040000021457672119e-01,-1.575000047683715820e+00,-4.979999959468841553e-01,1.000000000000000000e+00,3.750000000000000000e-01,-1.449999958276748657e-01,3.219999969005584717e-01,6.629999876022338867e-01,5.009999871253967285e-01,-7.149999737739562988e-01,1.000000000000000000e+00,5.830000042915344238e-01,2.339999973773956299e-01,7.379999756813049316e-01,6.919999718666076660e-01,-4.269999861717224121e-01,-1.011000037193298340e+00,1.000000000000000000e+00,1.000000000000000000e+00,0.000000000000000000e+00,0.000000000000000000e+00,1.000000000000000000e+00,2.736999988555908203e+00,-1.620000004768371582e-01,4.769999980926513672e-01,1.040000021457672119e-01,-1.575000047683715820e+00,-4.979999959468841553e-01,1.868476279349921831e-01,2.846428712401247729e-01,9.144063420712869594e-02,-5.549222130455427893e-01,5.076589475549374564e-01,-8.874977241319684240e-02,0.000000000000000000e+00,1.000000000000000000e+00,2.934999942779541016e+00,-2.600000053644180298e-02,5.820000171661376953e-01,-6.710000038146972656e-01,3.910000026226043701e-01,-1.600000075995922089e-02,1.000000000000000000e+00,2.736999988555908203e+00,-1.620000004768371582e-01,4.769999980926513672e-01,1.040000021457672119e-01,-1.575000047683715820e+00,-4.979999959468841553e-01,1.000000000000000000e+00,3.750000000000000000e-01,-1.449999958276748657e-01,3.219999969005584717e-01,6.629999876022338867e-01,5.009999871253967285e-01,-7.149999737739562988e-01,1.000000000000000000e+00,5.830000042915344238e-01,2.339999973773956299e-01,7.379999756813049316e-01,6.919999718666076660e-01,-4.269999861717224121e-01,-1.011000037193298340e+00,1.000000000000000000e+00,1.000000000000000000e+00,0.000000000000000000e+00,0.000000000000000000e+00,1.000000000000000000e+00
9.811276869999999706e-01,2.921999931335449219e+00,-1.799999922513961792e-02,5.809999704360961914e-01,-6.679999828338623047e-01,3.389999866485595703e-01,-3.000000026077032089e-03,2.332933682011522625e-01,1.570035204622977076e-02,3.249315820896363227e-02,-7.012166442236482666e-01,2.034691900444719703e+00,3.046761448303996200e-01,1.000000000000000000e+00,0.000000000000000000e+00,2.921999931335449219e+00,-1.799999922513961792e-02,5.809999704360961914e-01,-6.679999828338623047e-01,3.389999866485595703e-01,-3.000000026077032089e-03,1.000000000000000000e+00,2.740000009536743164e+00,-1.959999948740005493e-01,4.670000076293945312e-01,1.780000030994415283e-01,-1.605000019073486328e+00,-4.580000042915344238e-01,0.000000000000000000e+00,3.889999985694885254e-01,-1.340000033378601074e-01,3.059999942779541016e-01,6.620000004768371582e-01,5.189999938011169434e-01,-7.020000219345092773e-01,1.000000000000000000e+00,5.960000157356262207e-01,2.249999940395355225e-01,7.179999947547912598e-01,6.930000185966491699e-01,-4.589999914169311523e-01,-1.003999948501586914e+00,1.000000000000000000e+00,1.000000000000000000e+00,0.000000000000000000e+00,1.000000000000000000e+00,0.000000000000000000e+00,2.740000009536743164e+00,-1.959999948740005493e-01,4.670000076293945312e-01,1.780000030994415283e-01,-1.605000019073486328e+00,-4.580000042915344238e-01,1.731504291784561334e-01,2.936225841632331690e-01,9.026086422593143643e-02,-5.991784322704064580e-01,5.288009498982864098e-01,-1.388231170000883141e-01,0.000000000000000000e+00,0.000000000000000000e+00,2.921999931335449219e+00,-1.799999922513961792e-02,5.809999704360961914e-01,-6.679999828338623047e-01,3.389999866485595703e-01,-3.000000026077032089e-03,1.000000000000000000e+00,2.740000009536743164e+00,-1.959999948740005493e-01,4.670000076293945312e-01,1.780000030994415283e-01,-1.605000019073486328e+00,-4.580000042915344238e-01,0.000000000000000000e+00,3.889999985694885254e-01,-1.340000033378601074e-01,3.059999942779541016e-01,6.620000004768371582e-01,5.189999938011169434e-01,-7.020000219345092773e-01,1.000000000000000000e+00,5.960000157356262207e-01,2.249999940395355225e-01,7.179999947547912598e-01,6.930000185966491699e-01,-4.589999914169311523e-01,-1.003999948501586914e+00,1.000000000000000000e+00,1.000000000000000000e+00,0.000000000000000000e+00,1.000000000000000000e+00,0.000000000000000000e+00
1.000000189999999956e+00,2.908999919891357422e+00,-1.099999994039535522e-02,5.789999961853027344e-01,-6.520000100135803223e-01,2.969999909400939941e-01,-2.700000070035457611e-02,2.201231562109054463e-01,5.168636771102441685e-02,3.635260061572476165e-02,-4.012848018603838440e-01,1.564178788150395683e+00,1.493361600339422057e-01,1.000000000000000000e+00,0.000000000000000000e+00,2.908999919891357422e+00,-1.099999994039535522e-02,5.789999961853027344e-01,-6.520000100135803223e-01,2.969999909400939941e-01,-2.700000070035457611e-02,1.000000000000000000e+00,2.743000030517578125e+00,-2.249999940395355225e-01,4.580000042915344238e-01,2.479999959468841553e-01,-1.616000056266784668e+00,-4.189999997615814209e-01,0.000000000000000000e+00,4.029999971389770508e-01,-1.230000033974647522e-01,2.910000085830688477e-01,6.600000262260437012e-01,5.360000133514404297e-01,-6.819999814033508301e-01,1.000000000000000000e+00,6.110000014305114746e-01,2.160000056028366089e-01,6.959999799728393555e-01,6.959999799728393555e-01,-4.930000007152557373e-01,-9.990000128746032715e-01,1.000000000000000000e+00,1.000000000000000000e+00,0.000000000000000000e+00,1.000000000000000000e+00,0.000000000000000000e+00,2.743000030517578125e+00,-2.249999940395355225e-01,4.580000042915344238e-01,2.479999959468841553e-01,-1.616000056266784668e+00,-4.189999997615814209e-01,1.589838177130978580e-01,3.028274173452554230e-01,8.609896812015643830e-02,-7.161293335758855960e-01,3.990340242137814797e-01,-2.183933889297949849e-01,0.000000000000000000e+00,0.000000000000000000e+00,2.908999919891357422e+00,-1.099999994039535522e-02,5.789999961853027344e-01,-6.520000100135803223e-01,2.969999909400939941e-01,-2.700000070035457611e-02,1.000000000000000000e+00,2.743000030517578125e+00,-2.249999940395355225e-01,4.580000042915344238e-01,2.479999959468841553e-01,-1.616000056266784668e+00,-4.189999997615814209e-01,0.000000000000000000e+00,4.029999971389770508e-01,-1.230000033974647522e-01,2.910000085830688477e-01,6.600000262260437012e-01,5.360000133514404297e-01,-6.819999814033508301e-01,1.000000000000000000e+00,6.110000014305114746e-01,2.160000056028366089e-01,6.959999799728393555e-01,6.959999799728393555e-01,-4.930000007152557373e-01,-9.990000128746032715e-01,1.000000000000000000e+00,1.000000000000000000e+00,0.000000000000000000e+00,1.000000000000000000e+00,0.000000000000000000e+00
1.019981526000000027e+00,2.895999908447265625e+00,-4.000000189989805222e-03,5.770000219345092773e-01,-6.380000114440917969e-01,2.669999897480010986e-01,-8.100000023841857910e-02,2.153511491284397505e-01,8.206431566758309870e-02,3.952253475784658909e-02,2.476821127445135926e-02,1.229612106124855719e+00,4.596936425336448084e-02,1.000000000000000000e+00,0.000000000000000000e+00,2.895999908447265625e+00,-4.000000189989805222e-03,5.770000219345092773e-01,-6.380000114440917969e-01,2.669999897480010986e-01,-8.100000023841857910e-02,1.000000000000000000e+00,2.750000000000000000e+00,-2.639999985694885254e-01,4.480000138282775879e-01,3.199999928474426270e-01,-1.648000001907348633e+00,-3.919999897480010986e-01,0.000000000000000000e+00,4.169999957084655762e-01,-1.120000034570693970e-01,2.759999930858612061e-01,6.579999923706054688e-01,5.500000119209289551e-01,-6.560000181198120117e-01,1.000000000000000000e+00,6.250000000000000000e-01,2.049999982118606567e-01,6.740000247955322266e-01,6.990000009536743164e-01,-5.279999971389770508e-01,-9.879999756813049316e-01,1.000000000000000000e+00,1.000000000000000000e+00,0.000000000000000000e+00,1.000000000000000000e+00,0.000000000000000000e+00,2.750000000000000000e+00,-2.639999985694885254e-01,4.480000138282775879e-01,3.199999928474426270e-01,-1.648000001907348633e+00,-3.919999897480010986e-01,1.416881977186017494e-01,3.093187147555449545e-01,8.109923644576144675e-02,-1.260353128744932993e+00,-1.144774212503730793e-01,-3.395199445638938940e-01,0.000000000000000000e+00,0.000000000000000000e+00,2.895999908447265625e+00,-4.000000189989805222e-03,5.770000219345092773e-01,-6.380000114440917969e-01,2.669999897480010986e-01,-8.100000023841857910e-02,1.000000000000000000e+00,2.750000000000000000e+00,-2.639999985694885254e-01,4.480000138282775879e-01,3.199999928474426270e-01,-1.648000001907348633e+00,-3.919999897480010986e-01,0.000000000000000000e+00,4.169999957084655762e-01,-1.120000034570693970e-01,2.759999930858612061e-01,6.579999923706054688e-01,5.500000119209289551e-01,-6.560000181198120117e-01,1.000000000000000000e+00,6.250000000000000000e-01,2.049999982118606567e-01,6.740000247955322266e-01,6.990000009536743164e-01,-5.279999971389770508e-01,-9.879999756813049316e-01,1.000000000000000000e+00,1.000000000000000000e+00,0.000000000000000000e+00,1.000000000000000000e+00,0.000000000000000000e+00
1.040171213000000039e+00,2.884000062942504883e+00,1.000000047497451305e-03,5.730000138282775879e-01,-6.159999966621398926e-01,2.399999946355819702e-01,-1.550000011920928955e-01,2.186819957831099837e-01,1.043370131906462550e-01,3.934432338171957311e-02,2.738310856277910155e-01,1.075975045243436456e+00,-1.621766260073681520e-03,1.000000000000000000e+00,0.000000000000000000e+00,2.884000062942504883e+00,1.000000047497451305e-03,5.730000138282775879e-01,-6.159999966621398926e-01,2.399999946355819702e-01,-1.550000011920928955e-01,1.000000000000000000e+00,2.756999969482421875e+00,-2.989999949932098389e-01,4.399999976158142090e-01,3.869999945163726807e-01,-1.667999982833862305e+00,-3.740000128746032715e-01,0.000000000000000000e+00,4.320000112056732178e-01,-1.010000035166740417e-01,2.619999945163726807e-01,6.560000181198120117e-01,5.600000023841857910e-01,-6.269999742507934570e-01,1.000000000000000000e+00,6.399999856948852539e-01,1.940000057220458984e-01,6.529999971389770508e-01,7.009999752044677734e-01,-5.630000233650207520e-01,-9.729999899864196777e-01,1.000000000000000000e+00,1.000000000000000000e+00,0.000000000000000000e+00,1.000000000000000000e+00,0.000000000000000000e+00,2.756999969482421875e+00,-2.989999949932098389e-01,4.399999976158142090e-01,3.869999945163726807e-01,-1.667999982833862305e+00,-3.740000128746032715e-01,1.061456938573295539e-01,2.996143480185897712e-01,7.209838738829785210e-02,-2.593372211773214975e+00,-9.878466811869486275e-01,-4.417122697992978964e-01,0.000000000000000000e+00,0.000000000000000000e+00,2.884000062942504883e+00,1.000000047497451305e-03,5.730000138282775879e-01,-6.159999966621398926e-01,2.399999946355819702e-01,-1.550000011920928955e-01,1.000000000000000000e+00,2.756999969482421875e+00,-2.989999949932098389e-01,4.399999976158142090e-01,3.869999945163726807e-01,-1.667999982833862305e+00,-3.740000128746032715e-01,0.000000000000000000e+00,4.320000112056732178e-01,-1.010000035166740417e-01,2.619999945163726807e-01,6.560000181198120117e-01,5.600000023841857910e-01,-6.269999742507934570e-01,1.000000000000000000e+00,6.399999856948852539e-01,1.940000057220458984e-01,6.529999971389770508e-01,7.009999752044677734e-01,-5.630000233650207520e-01,-9.729999899864196777e-01,1.000000000000000000e+00,1.000000000000000000e+00,0.000000000000000000e+00,1.000000000000000000e+00,0.000000000000000000e+00
1.059959987000000048e+00,2.871000051498413086e+00,7.000000216066837311e-03,5.669999718666076660e-01,-6.000000238418579102e-01,2.169999927282333374e-01,-2.489999979734420776e-01,2.248466729300313549e-01,1.265679911295758409e-01,3.942471328373488293e-02,2.701962209895112377e-01,1.041373607326438133e+00,-1.428970119742289935e-02,1.000000000000000000e+00,0.000000000000000000e+00,2.871000051498413086e+00,7.000000216066837311e-03,5.669999718666076660e-01,-6.000000238418579102e-01,2.169999927282333374e-01,-2.489999979734420776e-01,1.000000000000000000e+00,2.765000104904174805e+00,-3.350000083446502686e-01,4.309999942779541016e-01,4.480000138282775879e-01,-1.677999973297119141e+00,-3.569999933242797852e-01,0.000000000000000000e+00,4.460000097751617432e-01,-8.900000154972076416e-02,2.489999979734420776e-01,6.539999842643737793e-01,5.680000185966491699e-01,-5.939999818801879883e-01,1.000000000000000000e+00,6.549999713897705078e-01,1.819999963045120239e-01,6.320000290870666504e-01,7.059999704360961914e-01,-5.950000286102294922e-01,-9.490000009536743164e-01,1.000000000000000000e+00,1.000000000000000000e+00,0.000000000000000000e+00,1.000000000000000000e+00,0.000000000000000000e+00,2.765000104904174805e+00,-3.350000083446502686e-01,4.309999942779541016e-01,4.480000138282775879e-01,-1.677999973297119141e+00,-3.569999933242797852e-01,4.221231668672301152e-02,2.681057806160107582e-01,6.435939737712027819e-02,-3.799985715915603635e+00,-2.059478892694251773e+00,-4.265133677437379367e-01,0.000000000000000000e+00,0.000000000000000000e+00,2.871000051498413086e+00,7.000000216066837311e-03,5.669999718666076660e-01,-6.000000238418579102e-01,2.169999927282333374e-01,-2.489999979734420776e-01,1.000000000000000000e+00,2.765000104904174805e+00,-3.350000083446502686e-01,4.309999942779541016e-01,4.480000138282775879e-01,-1.677999973297119141e+00,-3.569999933242797852e-01,0.000000000000000000e+00,4.460000097751617432e-01,-8.900000154972076416e-02,2.489999979734420776e-01,6.539999842643737793e-01,5.680000185966491699e-01,-5.939999818801879883e-01,1.000000000000000000e+00,6.549999713897705078e-01,1.819999963045120239e-01,6.320000290870666504e-01,7.059999704360961914e-01,-5.950000286102294922e-01,-9.490000009536743164e-01,1.000000000000000000e+00,1.000000000000000000e+00,0.000000000000000000e+00,1.000000000000000000e+00,0.000000000000000000e+00
1.080226699000000012e+00,2.858000040054321289e+00,1.200000010430812836e-02,5.590000152587890625e-01,-5.830000042915344238e-01,1.969999969005584717e-01,-3.499999940395355225e-01,2.282547605216389552e-01,1.488695581385788280e-01,3.944224748820608639e-02,6.607823311783500575e-02,1.034233301886142042e+00,-1.969902548818078247e-02,1.000000000000000000e+00,0.000000000000000000e+00,2.858000040054321289e+00,1.200000010430812836e-02,5.590000152587890625e-01,-5.830000042915344238e-01,1.969999969005584717e-01,-3.499999940395355225e-01,1.000000000000000000e+00,2.773999929428100586e+00,-3.700000047683715820e-01,4.230000078678131104e-01,5.000000000000000000e-01,-1.674000024795532227e+00,-3.389999866485595703e-01,0.000000000000000000e+00,4.600000083446502686e-01,-7.699999958276748657e-02,2.360000014305114746e-01,6.520000100135803223e-01,5.720000267028808594e-01,-5.619999766349792480e-01,1.000000000000000000e+00,6.700000166893005371e-01,1.700000017881393433e-01,6.110000014305114746e-01,7.110000252723693848e-01,-6.140000224113464355e-01,-9.200000166893005371e-01,1.000000000000000000e+00,1.000000000000000000e+00,0.000000000000000000e+00,1.000000000000000000e+00,0.000000000000000000e+00,2.773999929428100586e+00,-3.700000047683715820e-01,4.230000078678131104e-01,5.000000000000000000e-01,-1.674000024795532227e+00,-3.389999866485595703e-01,-3.826156408448945501e-02,2.202950790013069593e-01,5.704573874282453660e-02,-3.990695750940814079e+00,-2.660607333321601153e+00,-2.319982384152968202e-01,0.000000000000000000e+00,0.000000000000000000e+00,2.858000040054321289e+00,1.200000010430812836e-02,5.590000152587890625e-01,-5.830000042915344238e-01,1.969999969005584717e-01,-3.499999940395355225e-01,1.000000000000000000e+00,2.773999929428100586e+00,-3.700000047683715820e-01,4.230000078678131104e-01,5.000000000000000000e-01,-1.674000024795532227e+00,-3.389999866485595703e-01,0.000000000000000000e+00,4.600000083446502686e-01,-7.699999958276748657e-02,2.360000014305114746e-01,6.520000100135803223e-01,5.720000267028808594e-01,-5.619999766349792480e-01,1.000000000000000000e+00,6.700000166893005371e-01,1.700000017881393433e-01,6.110000014305114746e-01,7.110000252723693848e-01,-6.140000224113464355e-01,-9.200000166893005371e-01,1.000000000000000000e+00,1.000000000000000000e+00,0.000000000000000000e+00,1.000000000000000000e+00,0.000000000000000000e+00
1.099950189999999939e+00,2.846999883651733398e+00,1.700000092387199402e-02,5.490000247955322266e-01,-5.649999976158142090e-01,1.770000010728836060e-01,-4.510000050067901611e-01,2.259653375402536635e-01,1.685403862056502611e-01,3.873433965972257476e-02,-2.376817072594190061e-01,9.807298480543714669e-01,-3.983282349020417223e-02,1.000000000000000000e+00,0.000000000000000000e+00,2.846999883651733398e+00,1.700000092387199402e-02,5.490000247955322266e-01,-5.649999976158142090e-01,1.770000010728836060e-01,-4.510000050067901611e-01,1.000000000000000000e+00,2.783999919891357422e+00,-4.050000011920928955e-01,4.160000085830688477e-01,5.389999747276306152e-01,-1.652999997138977051e+00,-3.230000138282775879e-01,0.000000000000000000e+00,4.740000069141387939e-01,-6.599999964237213135e-02,2.240000069141387939e-01,6.510000228881835938e-01,5.740000009536743164e-01,-5.320000052452087402e-01,1.000000000000000000e+00,6.859999895095825195e-01,1.580000072717666626e-01,5.920000076293945312e-01,7.189999818801879883e-01,-6.159999966621398926e-01,-8.920000195503234863e-01,1.000000000000000000e+00,1.000000000000000000e+00,0.000000000000000000e+00,1.000000000000000000e+00,0.000000000000000000e+00,2.783999919891357422e+00,-4.050000011920928955e-01,4.160000085830688477e-01,5.389999747276306152e-01,-1.652999997138977051e+00,-3.230000138282775879e-01,-1.121854465052033456e-01,1.668523116705007414e-01,5.459567792116457041e-02,-3.085834043970044682e+00,-2.402640362033763299e+00,-5.921312616875140655e-02,0.000000000000000000e+00,0.000000000000000000e+00,2.846999883651733398e+00,1.700000092387199402e-02,5.490000247955322266e-01,-5.649999976158142090e-01,1.770000010728836060e-01,-4.510000050067901611e-01,1.000000000000000000e+00,2.783999919891357422e+00,-4.050000011920928955e-01,4.160000085830688477e-01,5.389999747276306152e-01,-1.652999997138977051e+00,-3.230000138282775879e-01,0.000000000000000000e+00,4.740000069141387939e-01,-6.599999964237213135e-02,2.240000069141387939e-01,6.510000228881835938e-01,5.740000009536743164e-01,-5.320000052452087402e-01,1.000000000000000000e+00,6.859999895095825195e-01,1.580000072717666626e-01,5.920000076293945312e-01,7.189999818801879883e-01,-6.159999966621398926e-01,-8.920000195503234863e-01,1.000000000000000000e+00,1.000000000000000000e+00,0.000000000000000000e+00,1.000000000000000000e+00,0.000000000000000000e+00
1.119943689000000075e+00,2.835000038146972656e+00,2.199999988079071045e-02,5.379999876022338867e-01,-5.419999957084655762e-01,1.539999991655349731e-01,-5.339999794960021973e-01,2.180346527482698860e-01,1.883312061567983253e-01,3.745154492987583239e-02,-4.945859769424829633e-01,8.467363588653733508e-01,-8.324957593938242528e-02,1.000000000000000000e+00,0.000000000000000000e+00,2.835000038146972656e+00,2.199999988079071045e-02,5.379999876022338867e-01,-5.419999957084655762e-01,1.539999991655349731e-01,-5.339999794960021973e-01,1.000000000000000000e+00,2.796000003814697266e+00,-4.429999887943267822e-01,4.079999923706054688e-01,5.709999799728393555e-01,-1.625000000000000000e+00,-3.059999942779541016e-01,0.000000000000000000e+00,4.880000054836273193e-01,-5.400000140070915222e-02,2.119999974966049194e-01,6.499999761581420898e-01,5.720000267028808594e-01,-5.059999823570251465e-01,1.000000000000000000e+00,7.009999752044677734e-01,1.449999958276748657e-01,5.720000267028808594e-01,7.279999852180480957e-01,-6.010000109672546387e-01,-8.659999966621398926e-01,1.000000000000000000e+00,1.000000000000000000e+00,0.000000000000000000e+00,1.000000000000000000e+00,0.000000000000000000e+00,2.796000003814697266e+00,-4.429999887943267822e-01,4.079999923706054688e-01,5.709999799728393555e-01,-1.625000000000000000e+00,-3.059999942779541016e-01,-1.632830314753733192e-01,1.239230438874918683e-01,5.384635235515264351e-02,-1.716619836209377192e+00,-1.683334452792325742e+00,-6.164618333940136141e-02,0.000000000000000000e+00,0.000000000000000000e+00,2.835000038146972656e+00,2.199999988079071045e-02,5.379999876022338867e-01,-5.419999957084655762e-01,1.539999991655349731e-01,-5.339999794960021973e-01,1.000000000000000000e+00,2.796000003814697266e+00,-4.429999887943267822e-01,4.079999923706054688e-01,5.709999799728393555e-01,-1.625000000000000000e+00,-3.059999942779541016e-01,0.000000000000000000e+00,4.880000054836273193e-01,-5.400000140070915222e-02,2.119999974966049194e-01,6.499999761581420898e-01,5.720000267028808594e-01,-5.059999823570251465e-01,1.000000000000000000e+00,7.009999752044677734e-01,1.449999958276748657e-01,5.720000267028808594e-01,7.279999852180480957e-01,-6.010000109672546387e-01,-8.659999966621398926e-01,1.000000000000000000e+00,1.000000000000000000e+00,0.000000000000000000e+00,1.000000000000000000e+00,0.000000000000000000e+00
1.139983905000000020e+00,2.825000047683715820e+00,2.600000053644180298e-02,5.260000228881835938e-01,-5.099999904632568359e-01,1.250000000000000000e-01,-5.870000123977661133e-01,2.070235106525977753e-01,2.026497844152477246e-01,3.510666194230344095e-02,-5.969991203093540921e-01,6.928027341095599478e-01,-1.341467596754863656e-01,1.000000000000000000e+00,0.000000000000000000e+00,2.825000047683715820e+00,2.600000053644180298e-02,5.260000228881835938e-01,-5.099999904632568359e-01,1.250000000000000000e-01,-5.870000123977661133e-01,1.000000000000000000e+00,2.806999921798706055e+00,-4.749999940395355225e-01,4.009999930858612061e-01,5.860000252723693848e-01,-1.572999954223632812e+00,-2.849999964237213135e-01,0.000000000000000000e+00,5.019999742507934570e-01,-4.199999943375587463e-02,2.010000050067901611e-01,6.499999761581420898e-01,5.690000057220458984e-01,-4.850000143051147461e-01,1.000000000000000000e+00,7.179999947547912598e-01,1.330000013113021851e-01,5.509999990463256836e-01,7.390000224113464355e-01,-5.720000267028808594e-01,-8.429999947547912598e-01,1.000000000000000000e+00,1.000000000000000000e+00,0.000000000000000000e+00,1.000000000000000000e+00,0.000000000000000000e+00,2.806999921798706055e+00,-4.749999940395355225e-01,4.009999930858612061e-01,5.860000252723693848e-01,-1.572999954223632812e+00,-2.849999964237213135e-01,-1.834430495536073513e-01,9.659227879934206840e-02,5.233187680527146002e-02,-3.129842585384687292e-01,-9.182650353256511799e-01,-1.864773053655076618e-01,0.000000000000000000e+00,0.000000000000000000e+00,2.825000047683715820e+00,2.600000053644180298e-02,5.260000228881835938e-01,-5.099999904632568359e-01,1.250000000000000000e-01,-5.870000123977661133e-01,1.000000000000000000e+00,2.806999921798706055e+00,-4.749999940395355225e-01,4.009999930858612061e-01,5.860000252723693848e-01,-1.572999954223632812e+00,-2.849999964237213135e-01,0.000000000000000000e+00,5.019999742507934570e-01,-4.199999943375587463e-02,2.010000050067901611e-01,6.499999761581420898e-01,5.690000057220458984e-01,-4.850000143051147461e-01,1.000000000000000000e+00,7.179999947547912598e-01,1.330000013113021851e-01,5.509999990463256836e-01,7.390000224113464355e-01,-5.720000267028808594e-01,-8.429999947547912598e-01,1.000000000000000000e+00,1.000000000000000000e+00,0.000000000000000000e+00,1.000000000000000000e+00,0.000000000000000000e+00
1.160006949000000009e+00,2.815000057220458984e+00,2.899999916553497314e-02,5.130000114440917969e-01,-4.699999988079071045e-01,9.200000017881393433e-02,-6.100000143051147461e-01,1.931319525895523748e-01,2.170035749659691149e-01,3.228984420470545902e-02,-5.099411587806506052e-01,5.736956353160783673e-01,-1.762209603145236114e-01,1.000000000000000000e+00,0.000000000000000000e+00,2.815000057220458984e+00,2.899999916553497314e-02,5.130000114440917969e-01,-4.699999988079071045e-01,9.200000017881393433e-02,-6.100000143051147461e-01,1.000000000000000000e+00,2.819000005722045898e+00,-5.099999904632568359e-01,3.950000107288360596e-01,5.989999771118164062e-01,-1.514000058174133301e+00,-2.549999952316284180e-01,0.000000000000000000e+00,5.159999728202819824e-01,-2.999999932944774628e-02,1.899999976158142090e-01,6.510000228881835938e-01,5.619999766349792480e-01,-4.709999859333038330e-01,1.000000000000000000e+00,7.360000014305114746e-01,1.199999973177909851e-01,5.310000181198120117e-01,7.519999742507934570e-01,-5.419999957084655762e-01,-8.249999880790710449e-01,1.000000000000000000e+00,1.000000000000000000e+00,0.000000000000000000e+00,1.000000000000000000e+00,0.000000000000000000e+00,2.819000005722045898e+00,-5.099999904632568359e-01,3.950000107288360596e-01,5.989999771118164062e-01,-1.514000058174133301e+00,-2.549999952316284180e-01,-1.840803669580243218e-01,7.928157061176599463e-02,4.553254590621401421e-02,3.600754996366883343e-01,-6.109221734441242502e-01,-2.389502135682259332e-01,0.000000000000000000e+00,0.000000000000000000e+00,2.815000057220458984e+00,2.899999916553497314e-02,5.130000114440917969e-01,-4.699999988079071045e-01,9.200000017881393433e-02,-6.100000143051147461e-01,1.000000000000000000e+00,2.819000005722045898e+00,-5.099999904632568359e-01,3.950000107288360596e-01,5.989999771118164062e-01,-1.514000058174133301e+00,-2.549999952316284180e-01,0.000000000000000000e+00,5.159999728202819824e-01,-2.999999932944774628e-02,1.899999976158142090e-01,6.510000228881835938e-01,5.619999766349792480e-01,-4.709999859333038330e-01,1.000000000000000000e+00,7.360000014305114746e-01,1.199999973177909851e-01,5.310000181198120117e-01,7.519999742507934570e-01,-5.419999957084655762e-01,-8.249999880790710449e-01,1.000000000000000000e+00,1.000000000000000000e+00,0.000000000000000000e+00,1.000000000000000000e+00,0.000000000000000000e+00
1.180209870999999966e+00,2.806999921798706055e+00,3.099999949336051941e-02,5.019999742507934570e-01,-4.180000126361846924e-01,5.600000172853469849e-02,-5.970000028610229492e-01,1.844208016450163412e-01,2.287392674800805548e-01,2.683898011225850644e-02,-2.945608494779951014e-01,5.105437332873096201e-01,-2.009300539039943767e-01,1.000000000000000000e+00,0.000000000000000000e+00,2.806999921798706055e+00,3.099999949336051941e-02,5.019999742507934570e-01,-4.180000126361846924e-01,5.600000172853469849e-02,-5.970000028610229492e-01,1.000000000000000000e+00,2.828000068664550781e+00,-5.360000133514404297e-01,3.899999856948852539e-01,5.970000028610229492e-01,-1.447000026702880859e+00,-2.249999940395355225e-01,0.000000000000000000e+00,5.310000181198120117e-01,-1.899999938905239105e-02,1.790000051259994507e-01,6.520000100135803223e-01,5.540000200271606445e-01,-4.639999866485595703e-01,1.000000000000000000e+00,7.530000209808349609e-01,1.089999973773956299e-01,5.120000243186950684e-01,7.570000290870666504e-01,-5.070000290870666504e-01,-7.990000247955322266e-01,1.000000000000000000e+00,1.000000000000000000e+00,0.000000000000000000e+00,1.000000000000000000e+00,0.000000000000000000e+00,2.828000068664550781e+00,-5.360000133514404297e-01,3.899999856948852539e-01,5.970000028610229492e-01,-1.447000026702880859e+00,-2.249999940395355225e-01,-1.761400460409531521e-01,6.481343139583195523e-02,4.153535456332421716e-02,3.053307215473397007e-01,-8.397991204829403644e-01,-1.647307714233705311e-01,0.000000000000000000e+00,0.000000000000000000e+00,2.806999921798706055e+00,3.099999949336051941e-02,5.019999742507934570e-01,-4.180000126361846924e-01,5.600000172853469849e-02,-5.970000028610229492e-01,1.000000000000000000e+00,2.828000068664550781e+00,-5.360000133514404297e-01,3.899999856948852539e-01,5.970000028610229492e-01,-1.447000026702880859e+00,-2.249999940395355225e-01,0.000000000000000000e+00,5.310000181198120117e-01,-1.899999938905239105e-02,1.790000051259994507e-01,6.520000100135803223e-01,5.540000200271606445e-01,-4.639999866485595703e-01,1.000000000000000000e+00,7.530000209808349609e-01,1.089999973773956299e-01,5.120000243186950684e-01,7.570000290870666504e-01,-5.070000290870666504e-01,-7.990000247955322266e-01,1.000000000000000000e+00,1.000000000000000000e+00,0.000000000000000000e+00,1.000000000000000000e+00,0.000000000000000000e+00
1.199960423999999914e+00,2.798000097274780273e+00,3.299999982118606567e-02,4.880000054836273193e-01,-3.659999966621398926e-01,1.799999922513961792e-02,-5.770000219345092773e-01,1.812167531665829223e-01,2.376046689128468170e-01,2.168937526490254120e-02,-8.579344687032783301e-02,4.872907130290585198e-01,-2.073006490954236170e-01,1.000000000000000000e+00,0.000000000000000000e+00,2.798000097274780273e+00,3.299999982118606567e-02,4.880000054836273193e-01,-3.659999966621398926e-01,1.799999922513961792e-02,-5.770000219345092773e-01,1.000000000000000000e+00,2.836999893188476562e+00,-5.590000152587890625e-01,3.860000073909759521e-01,6.029999852180480957e-01,-1.424999952316284180e+00,-2.099999934434890747e-01,0.000000000000000000e+00,5.450000166893005371e-01,-7.000000216066837311e-03,1.679999977350234985e-01,6.549999713897705078e-01,5.440000295639038086e-01,-4.629999995231628418e-01,1.000000000000000000e+00,7.659999728202819824e-01,1.019999980926513672e-01,4.979999959468841553e-01,7.490000128746032715e-01,-4.720000028610229492e-01,-7.659999728202819824e-01,1.000000000000000000e+00,1.000000000000000000e+00,0.000000000000000000e+00,1.000000000000000000e+00,0.000000000000000000e+00,2.836999893188476562e+00,-5.590000152587890625e-01,3.860000073909759521e-01,6.029999852180480957e-01,-1.424999952316284180e+00,-2.099999934434890747e-01,-1.764323847391390809e-01,5.078205832380211504e-02,3.997898846402898887e-02,-2.744862014889855595e-01,-1.410576615571136783e+00,-9.578609270937538112e-03,0.000000000000000000e+00,0.000000000000000000e+00,2.798000097274780273e+00,3.299999982118606567e-02,4.880000054836273193e-01,-3.659999966621398926e-01,1.799999922513961792e-02,-5.770000219345092773e-01,1.000000000000000000e+00,2.836999893188476562e+00,-5.590000152587890625e-01,3.860000073909759521e-01,6.029999852180480957e-01,-1.424999952316284180e+00,-2.099999934434890747e-01,0.000000000000000000e+00,5.450000166893005371e-01,-7.000000216066837311e-03,1.679999977350234985e-01,6.549999713897705078e-01,5.440000295639038086e-01,-4.629999995231628418e-01,1.000000000000000000e+00,7.659999728202819824e-01,1.019999980926513672e-01,4.979999959468841553e-01,7.490000128746032715e-01,-4.720000028610229492e-01,-7.659999728202819824e-01,1.000000000000000000e+00,1.000000000000000000e+00,0.000000000000000000e+00,1.000000000000000000e+00,0.000000000000000000e+00
1.219931941000000020e+00,2.790999889373779297e+00,3.299999982118606567e-02,4.769999980926513672e-01,-3.030000030994415283e-01,-2.199999988079071045e-02,-5.299999713897705078e-01,1.811531972835518089e-01,2.461848962724952905e-01,1.967250066666287323e-02,3.293255666898420309e-03,4.736726295873828763e-01,-1.998588959211207716e-01,1.000000000000000000e+00,0.000000000000000000e+00,2.790999889373779297e+00,3.299999982118606567e-02,4.769999980926513672e-01,-3.030000030994415283e-01,-2.199999988079071045e-02,-5.299999713897705078e-01,1.000000000000000000e+00,2.848999977111816406e+00,-5.899999737739562988e-01,3.810000121593475342e-01,6.039999723434448242e-01,-1.375000000000000000e+00,-1.749999970197677612e-01,0.000000000000000000e+00,5.590000152587890625e-01,3.000000026077032089e-03,1.570000052452087402e-01,6.579999923706054688e-01,5.320000052452087402e-01,-4.670000076293945312e-01,1.000000000000000000e+00,7.820000052452087402e-01,9.200000017881393433e-02,4.810000061988830566e-01,7.469999790191650391e-01,-4.460000097751617432e-01,-7.509999871253967285e-01,1.000000000000000000e+00,1.000000000000000000e+00,0.000000000000000000e+00,1.000000000000000000e+00,0.000000000000000000e+00,2.848999977111816406e+00,-5.899999737739562988e-01,3.810000121593475342e-01,6.039999723434448242e-01,-1.375000000000000000e+00,-1.749999970197677612e-01,-1.853592005614309590e-01,1.788069595293628744e-02,4.281496476284886443e-02,-8.486158395370049234e-01,-1.910149117363131088e+00,1.333448365505285338e-01,0.000000000000000000e+00,0.000000000000000000e+00,2.790999889373779297e+00,3.299999982118606567e-02,4.769999980926513672e-01,-3.030000030994415283e-01,-2.199999988079071045e-02,-5.299999713897705078e-01,1.000000000000000000e+00,2.848999977111816406e+00,-5.899999737739562988e-01,3.810000121593475342e-01,6.039999723434448242e-01,-1.375000000000000000e+00,-1.749999970197677612e-01,0.000000000000000000e+00,5.590000152587890625e-01,3.000000026077032089e-03,1.570000052452087402e-01,6.579999923706054688e-01,5.320000052452087402e-01,-4.670000076293945312e-01,1.000000000000000000e+00,7.820000052452087402e-01,9.200000017881393433e-02,4.810000061988830566e-01,7.469999790191650391e-01,-4.460000097751617432e-01,-7.509999871253967285e-01,1.000000000000000000e+00,1.000000000000000000e+00,0.000000000000000000e+00,1.000000000000000000e+00,0.000000000000000000e+00
1.240052418000000101e+00,2.786000013351440430e+00,3.299999982118606567e-02,4.670000076293945312e-01,-2.380000054836273193e-01,-6.400000303983688354e-02,-4.769999980926513672e-01,1.808039765163555468e-01,2.578005259940374660e-01,1.509273992685644661e-02,-7.310164692639217754e-02,4.463997278188445716e-01,-1.847453885516264216e-01,1.000000000000000000e+00,0.000000000000000000e+00,2.786000013351440430e+00,3.299999982118606567e-02,4.670000076293945312e-01,-2.380000054836273193e-01,-6.400000303983688354e-02,-4.769999980926513672e-01,1.000000000000000000e+00,2.861000061035156250e+00,-6.190000176429748535e-01,3.770000040531158447e-01,5.950000286102294922e-01,-1.320999979972839355e+00,-1.369999945163726807e-01,0.000000000000000000e+00,5.730000138282775879e-01,1.400000043213367462e-02,1.459999978542327881e-01,6.620000004768371582e-01,5.189999938011169434e-01,-4.749999940395355225e-01,1.000000000000000000e+00,8.029999732971191406e-01,8.100000023841857910e-02,4.589999914169311523e-01,7.570000290870666504e-01,-4.250000119209289551e-01,-7.559999823570251465e-01,1.000000000000000000e+00,1.000000000000000000e+00,0.000000000000000000e+00,1.000000000000000000e+00,0.000000000000000000e+00,2.861000061035156250e+00,-6.190000176429748535e-01,3.770000040531158447e-01,5.950000286102294922e-01,-1.320999979972839355e+00,-1.369999945163726807e-01,-2.058041240488756585e-01,-2.602482200770306342e-02,4.442805679906368377e-02,-1.094342132259652711e+00,-2.082151211625470566e+00,2.437207482826909133e-01,0.000000000000000000e+00,0.000000000000000000e+00,2.786000013351440430e+00,3.299999982118606567e-02,4.670000076293945312e-01,-2.380000054836273193e-01,-6.400000303983688354e-02,-4.769999980926513672e-01,1.000000000000000000e+00,2.861000061035156250e+00,-6.190000176429748535e-01,3.770000040531158447e-01,5.950000286102294922e-01,-1.320999979972839355e+00,-1.369999945163726807e-01,0.000000000000000000e+00,5.730000138282775879e-01,1.400000043213367462e-02,1.459999978542327881e-01,6.620000004768371582e-01,5.189999938011169434e-01,-4.749999940395355225e-01,1.000000000000000000e+00,8.029999732971191406e-01,8.100000023841857910e-02,4.589999914169311523e-01,7.570000290870666504e-01,-4.250000119209289551e-01,-7.559999823570251465e-01,1.000000000000000000e+00,1.000000000000000000e+00,0.000000000000000000e+00,1.000000000000000000e+00,0.000000000000000000e+00
1.259987275999999934e+00,2.782000064849853516e+00,3.200000151991844177e-02,4.580000042915344238e-01,-1.679999977350234985e-01,-1.089999973773956299e-01,-4.120000004768371582e-01,1.749894935835278054e-01,2.664273134328694059e-01,1.229751353225630450e-02,-2.820068612360515647e-01,3.998165502462883159e-01,-1.709425261910658134e-01,1.000000000000000000e+00,0.000000000000000000e+00,2.782000064849853516e+00,3.200000151991844177e-02,4.580000042915344238e-01,-1.679999977350234985e-01,-1.089999973773956299e-01,-4.120000004768371582e-01,1.000000000000000000e+00,2.871999979019165039e+00,-6.470000147819519043e-01,3.740000128746032715e-01,5.770000219345092773e-01,-1.268000006675720215e+00,-1.000000014901161194e-01,0.000000000000000000e+00,5.879999995231628418e-01,2.500000037252902985e-02,1.350000053644180298e-01,6.669999957084655762e-01,5.040000081062316895e-01,-4.850000143051147461e-01,1.000000000000000000e+00,8.180000185966491699e-01,7.299999892711639404e-02,4.420000016689300537e-01,7.480000257492065430e-01,-3.860000073909759521e-01,-7.400000095367431641e-01,1.000000000000000000e+00,1.000000000000000000e+00,0.000000000000000000e+00,1.000000000000000000e+00,0.000000000000000000e+00,2.871999979019165039e+00,-6.470000147819519043e-01,3.740000128746032715e-01,5.770000219345092773e-01,-1.268000006675720215e+00,-1.000000014901161194e-01,-2.264899516527787704e-01,-6.683688565502254875e-02,4.941108162414334370e-02,-6.565727453714762518e-01,-1.628045510878913804e+00,2.032238504022436942e-01,0.000000000000000000e+00,0.000000000000000000e+00,2.782000064849853516e+00,3.200000151991844177e-02,4.580000042915344238e-01,-1.679999977350234985e-01,-1.089999973773956299e-01,-4.120000004768371582e-01,1.000000000000000000e+00,2.871999979019165039e+00,-6.470000147819519043e-01,3.740000128746032715e-01,5.770000219345092773e-01,-1.268000006675720215e+00,-1.000000014901161194e-01,0.000000000000000000e+00,5.879999995231628418e-01,2.500000037252902985e-02,1.350000053644180298e-01,6.669999957084655762e-01,5.040000081062316895e-01,-4.850000143051147461e-01,1.000000000000000000e+00,8.180000185966491699e-01,7.299999892711639404e-02,4.420000016689300537e-01,7.480000257492065430e-01,-3.860000073909759521e-01,-7.400000095367431641e-01,1.000000000000000000e+00,1.000000000000000000e+00,0.000000000000000000e+00,1.000000000000000000e+00,0.000000000000000000e+00
